classifier,configuration_id,scenario_id,attack_type,attack_rate,attack_severity,metric,count,mean,std,min,max,ci95_low,ci95_high
decision_tree,none_natural,mixed__r0p01__medium,mixed,0.01,MEDIUM,precision,5,0.08367657087177718,0.11454386773198394,0.012283894449499545,0.2857142857142857,-0.05854842590615414,0.2259015676497085
decision_tree,none_natural,mixed__r0p01__medium,mixed,0.01,MEDIUM,recall,5,0.31333333333333335,0.18272626764887662,0.1,0.55,0.08644870526739779,0.5402179613992689
decision_tree,none_natural,mixed__r0p01__medium,mixed,0.01,MEDIUM,f1,5,0.074959189664254,0.05003646518619981,0.023914968999114262,0.14814814814814814,0.01283071224512431,0.13708766708338369
decision_tree,none_natural,mixed__r0p01__medium,mixed,0.01,MEDIUM,average_precision,5,0.17556065494328219,0.039168715112355305,0.11023076442411844,0.20686394314981388,0.12692627153233224,0.22419503835423213
decision_tree,none_natural,mixed__r0p01__medium,mixed,0.01,MEDIUM,pr_auc_trapezoidal,5,0.2013510394775715,0.026977904940273,0.15586685336049216,0.2282203094255607,0.16785354616624443,0.23484853278889856
decision_tree,none_natural,mixed__r0p01__medium,mixed,0.01,MEDIUM,roc_auc,5,0.6001164421997756,0.03876695460458936,0.5632379349046015,0.6479868125701459,0.5519809103472191,0.648251974052332
decision_tree,none_natural,mixed__r0p01__medium,mixed,0.01,MEDIUM,TP,5,18.8,10.963576058932597,6.0,33.0,5.186922316043866,32.41307768395613
decision_tree,none_natural,mixed__r0p01__medium,mixed,0.01,MEDIUM,TN,5,5045.6,991.3217439358425,3769.0,5925.0,3814.711479917316,6276.488520082685
decision_tree,none_natural,mixed__r0p01__medium,mixed,0.01,MEDIUM,FP,5,894.4,991.3217439358425,15.0,2171.0,-336.48852008268466,2125.2885200826845
decision_tree,none_natural,mixed__r0p01__medium,mixed,0.01,MEDIUM,FN,5,41.2,10.963576058932597,27.0,54.0,27.586922316043868,54.81307768395614
decision_tree,none_natural,mixed__r0p01__medium,mixed,0.01,MEDIUM,attack_prevalence,5,0.01,0.0,0.01,0.01,0.01,0.01
decision_tree,none_natural,mixed__r0p01__medium,mixed,0.01,MEDIUM,visible_feature_attack_count,5,34.0,0.0,34.0,34.0,34.0,34.0
decision_tree,none_natural,mixed__r0p01__medium,mixed,0.01,MEDIUM,invisible_feature_attack_count,5,26.0,0.0,26.0,26.0,26.0,26.0
decision_tree,none_natural,mixed__r0p01__medium,mixed,0.01,MEDIUM,selected_feature_visibility_rate,5,0.5666666666666667,0.0,0.5666666666666667,0.5666666666666667,0.5666666666666667,0.5666666666666667
decision_tree,none_natural,mixed__r0p01__medium,mixed,0.01,MEDIUM,visible_attack_recall,5,0.4352941176470589,0.22914766095038183,0.17647058823529413,0.7647058823529411,0.15076971677214107,0.7198185185219768
decision_tree,none_natural,mixed__r0p01__medium,mixed,0.01,MEDIUM,invisible_attack_recall,5,0.15384615384615385,0.13598207330510528,0.0,0.3076923076923077,-0.014997890978034695,0.32269019867034243
decision_tree,none_natural,mixed__r0p01__medium,mixed,0.01,MEDIUM,visible_attack_f1,5,0.08247363121416273,0.08025819906614752,0.0170863309352518,0.21818181818181817,-0.017180085127022807,0.18212734755534826
decision_tree,none_natural,mixed__r0p01__medium,mixed,0.01,MEDIUM,paired_induced_attack_induced_detection_rate,5,0.13999999999999999,0.046547466812563124,0.08333333333333333,0.18333333333333332,0.08220368625120991,0.19779631374879006
decision_tree,none_natural,mixed__r0p01__medium,mixed,0.01,MEDIUM,paired_induced_mean_anomaly_score_delta,5,0.08847425503377014,0.018576216703839337,0.058585181693948656,0.1057263762066169,0.0654088355297631,0.11153967453777718
decision_tree,none_natural,mixed__r0p01__medium,mixed,0.01,MEDIUM,paired_induced_median_anomaly_score_delta,5,0.0,0.0,0.0,0.0,0.0,0.0
decision_tree,none_natural,mixed__r0p01__medium,mixed,0.01,MEDIUM,selected_feature_count,5,43.0,0.0,43.0,43.0,43.0,43.0
decision_tree,none_natural,mixed__r0p01__medium,mixed,0.01,MEDIUM,source_block_count,5,10.0,0.0,10.0,10.0,10.0,10.0
decision_tree,none_natural,mixed__r0p01__medium,mixed,0.01,MEDIUM,selected_input_bytes,5,2064132.0,0.0,2064132.0,2064132.0,2064132.0,2064132.0
decision_tree,none_natural,mixed__r0p01__medium,mixed,0.01,MEDIUM,model_fit_wall_time_sec,0,,,,,,
decision_tree,none_natural,mixed__r0p01__medium,mixed,0.01,MEDIUM,model_fit_cpu_time_sec,0,,,,,,
decision_tree,none_natural,mixed__r0p01__medium,mixed,0.01,MEDIUM,model_fit_peak_rss_mib,0,,,,,,
decision_tree,none_natural,mixed__r0p01__medium,mixed,0.01,MEDIUM,combined_fit_wall_time_sec,0,,,,,,
decision_tree,none_natural,mixed__r0p01__medium,mixed,0.01,MEDIUM,inference_wall_time_sec,5,0.003623711640102556,0.0006888704922435553,0.0025911281001754103,0.004300751600385411,0.002768365950458148,0.004479057329746964
decision_tree,none_natural,mixed__r0p01__medium,mixed,0.01,MEDIUM,per_record_inference_sec,5,6.039519400170927e-07,1.1481174870725923e-07,4.3185468336256836e-07,7.167919333975685e-07,4.6139432507635806e-07,7.465095549578273e-07
decision_tree,none_natural,mixed__r0p01__medium,mixed,0.01,MEDIUM,inference_cpu_time_sec,5,0.003691263619998608,0.000722901579713798,0.002614387500000248,0.004429767800002082,0.0027936627542226432,0.004588864485774573
decision_tree,none_natural,mixed__r0p01__medium,mixed,0.01,MEDIUM,inference_peak_rss_mib,5,804.52734375,0.3317783963685324,803.96484375,804.78515625,804.1153864598471,804.9393010401529
decision_tree,none_natural,mixed__r0p01__medium,mixed,0.01,MEDIUM,peak_rss_mib,5,804.52734375,0.3317783963685324,803.96484375,804.78515625,804.1153864598471,804.9393010401529
decision_tree,none_natural,mixed__r0p01__medium,mixed,0.01,MEDIUM,serialized_model_bytes,5,4132.0,327.90242451070714,3780.0,4420.0,3724.8553645610036,4539.144635438996
decision_tree,none_natural,mixed__r0p01__medium,mixed,0.01,MEDIUM,serialized_model_kib,5,4.03515625,0.32021721143623744,3.69140625,4.31640625,3.637554066954105,4.432758433045895
logistic_regression,none_natural,mixed__r0p01__medium,mixed,0.01,MEDIUM,precision,5,0.01001828184692936,0.0016195572654263207,0.007308160779537149,0.011450381679389313,0.008007335897418562,0.012029227796440159
logistic_regression,none_natural,mixed__r0p01__medium,mixed,0.01,MEDIUM,recall,5,0.43666666666666665,0.11808659722612234,0.3,0.5333333333333333,0.2900427902204855,0.5832905431128478
logistic_regression,none_natural,mixed__r0p01__medium,mixed,0.01,MEDIUM,f1,5,0.01957588735482304,0.0031923758470879396,0.014268727705112961,0.022388059701492536,0.015612029196755549,0.02353974551289053
logistic_regression,none_natural,mixed__r0p01__medium,mixed,0.01,MEDIUM,average_precision,5,0.012662535379033748,0.001079467718886025,0.01145109101430531,0.01441931479898153,0.011322199175268765,0.014002871582798731
logistic_regression,none_natural,mixed__r0p01__medium,mixed,0.01,MEDIUM,pr_auc_trapezoidal,5,0.011427301156146047,0.00039210018858886684,0.010926973088772683,0.011927630407693512,0.010940444468285957,0.011914157844006136
logistic_regression,none_natural,mixed__r0p01__medium,mixed,0.01,MEDIUM,roc_auc,5,0.5029500561167228,0.019607642537353056,0.47748877665544337,0.5194556677890011,0.4786039522884235,0.5272961599450222
logistic_regression,none_natural,mixed__r0p01__medium,mixed,0.01,MEDIUM,TP,5,26.2,7.085195833567341,18.0,32.0,17.402567413229132,34.99743258677087
logistic_regression,none_natural,mixed__r0p01__medium,mixed,0.01,MEDIUM,TN,5,3371.8,431.4443185394843,2952.0,4032.0,2836.09112243954,3907.5088775604604
logistic_regression,none_natural,mixed__r0p01__medium,mixed,0.01,MEDIUM,FP,5,2568.2,431.4443185394843,1908.0,2988.0,2032.4911224395396,3103.90887756046
logistic_regression,none_natural,mixed__r0p01__medium,mixed,0.01,MEDIUM,FN,5,33.8,7.08519583356734,28.0,42.0,25.00256741322913,42.597432586770864
logistic_regression,none_natural,mixed__r0p01__medium,mixed,0.01,MEDIUM,attack_prevalence,5,0.01,0.0,0.01,0.01,0.01,0.01
logistic_regression,none_natural,mixed__r0p01__medium,mixed,0.01,MEDIUM,visible_feature_attack_count,5,34.0,0.0,34.0,34.0,34.0,34.0
logistic_regression,none_natural,mixed__r0p01__medium,mixed,0.01,MEDIUM,invisible_feature_attack_count,5,26.0,0.0,26.0,26.0,26.0,26.0
logistic_regression,none_natural,mixed__r0p01__medium,mixed,0.01,MEDIUM,selected_feature_visibility_rate,5,0.5666666666666667,0.0,0.5666666666666667,0.5666666666666667,0.5666666666666667,0.5666666666666667
logistic_regression,none_natural,mixed__r0p01__medium,mixed,0.01,MEDIUM,visible_attack_recall,5,0.4470588235294118,0.14318425228985984,0.29411764705882354,0.5882352941176471,0.2692720923512266,0.624845554707597
logistic_regression,none_natural,mixed__r0p01__medium,mixed,0.01,MEDIUM,invisible_attack_recall,5,0.4230769230769231,0.10533126105868577,0.3076923076923077,0.5769230769230769,0.2922908883348469,0.5538629578189993
logistic_regression,none_natural,mixed__r0p01__medium,mixed,0.01,MEDIUM,visible_attack_f1,5,0.011468405164256418,0.002546107933053235,0.008035355564483728,0.014377601210745366,0.008306994608240704,0.014629815720272133
logistic_regression,none_natural,mixed__r0p01__medium,mixed,0.01,MEDIUM,paired_induced_attack_induced_detection_rate,5,0.023333333333333334,0.02788866755113585,0.0,0.06666666666666667,-0.011295021122813106,0.05796168778947977
logistic_regression,none_natural,mixed__r0p01__medium,mixed,0.01,MEDIUM,paired_induced_mean_anomaly_score_delta,5,-0.0002576109223786298,0.0021604788321851935,-0.00397931274191452,0.0016371273129122945,-0.0029401997071864285,0.002424977862429169
logistic_regression,none_natural,mixed__r0p01__medium,mixed,0.01,MEDIUM,paired_induced_median_anomaly_score_delta,5,0.0,0.0,0.0,0.0,0.0,0.0
logistic_regression,none_natural,mixed__r0p01__medium,mixed,0.01,MEDIUM,selected_feature_count,5,43.0,0.0,43.0,43.0,43.0,43.0
logistic_regression,none_natural,mixed__r0p01__medium,mixed,0.01,MEDIUM,source_block_count,5,10.0,0.0,10.0,10.0,10.0,10.0
logistic_regression,none_natural,mixed__r0p01__medium,mixed,0.01,MEDIUM,selected_input_bytes,5,2064132.0,0.0,2064132.0,2064132.0,2064132.0,2064132.0
logistic_regression,none_natural,mixed__r0p01__medium,mixed,0.01,MEDIUM,model_fit_wall_time_sec,5,0.49001829079934395,0.09719446902817075,0.4144513709979947,0.6605000540002948,0.3693354177824376,0.6107011638162503
logistic_regression,none_natural,mixed__r0p01__medium,mixed,0.01,MEDIUM,model_fit_cpu_time_sec,5,0.29261962500000005,0.07522294968955433,0.21856836799999968,0.4180874179999998,0.19921799653171318,0.3860212534682869
logistic_regression,none_natural,mixed__r0p01__medium,mixed,0.01,MEDIUM,model_fit_peak_rss_mib,5,182.0546875,0.12530480415894876,181.8984375,182.19140625,181.89910103587374,182.21027396412626
logistic_regression,none_natural,mixed__r0p01__medium,mixed,0.01,MEDIUM,combined_fit_wall_time_sec,5,0.49001829079934395,0.09719446902817075,0.4144513709979947,0.6605000540002948,0.3693354177824376,0.6107011638162503
logistic_regression,none_natural,mixed__r0p01__medium,mixed,0.01,MEDIUM,inference_wall_time_sec,5,0.0027963215998897794,0.0002587448364146089,0.002401481999550015,0.0030552791999070906,0.002475047451792382,0.003117595747987177
logistic_regression,none_natural,mixed__r0p01__medium,mixed,0.01,MEDIUM,per_record_inference_sec,5,4.6605359998162987e-07,4.3124139402434834e-08,4.0024699992500246e-07,5.092131999845151e-07,4.1250790863206357e-07,5.195992913311962e-07
logistic_regression,none_natural,mixed__r0p01__medium,mixed,0.01,MEDIUM,inference_cpu_time_sec,5,0.002840417160001607,0.00027241071404835484,0.0024320939999995517,0.0031135384000094747,0.0025021745836425156,0.0031786597363606985
logistic_regression,none_natural,mixed__r0p01__medium,mixed,0.01,MEDIUM,inference_peak_rss_mib,5,804.62890625,0.1786442199574863,804.40625,804.78515625,804.4070901535914,804.8507223464086
logistic_regression,none_natural,mixed__r0p01__medium,mixed,0.01,MEDIUM,peak_rss_mib,5,804.62890625,0.1786442199574863,804.40625,804.78515625,804.4070901535914,804.8507223464086
logistic_regression,none_natural,mixed__r0p01__medium,mixed,0.01,MEDIUM,serialized_model_bytes,5,2342.0,0.0,2342.0,2342.0,2342.0,2342.0
logistic_regression,none_natural,mixed__r0p01__medium,mixed,0.01,MEDIUM,serialized_model_kib,5,2.287109375,0.0,2.287109375,2.287109375,2.287109375,2.287109375
decision_tree,pairwise_correlation_filter_natural,mixed__r0p01__medium,mixed,0.01,MEDIUM,precision,5,0.08367657087177718,0.11454386773198394,0.012283894449499545,0.2857142857142857,-0.05854842590615414,0.2259015676497085
decision_tree,pairwise_correlation_filter_natural,mixed__r0p01__medium,mixed,0.01,MEDIUM,recall,5,0.31333333333333335,0.18272626764887662,0.1,0.55,0.08644870526739779,0.5402179613992689
decision_tree,pairwise_correlation_filter_natural,mixed__r0p01__medium,mixed,0.01,MEDIUM,f1,5,0.074959189664254,0.05003646518619981,0.023914968999114262,0.14814814814814814,0.01283071224512431,0.13708766708338369
decision_tree,pairwise_correlation_filter_natural,mixed__r0p01__medium,mixed,0.01,MEDIUM,average_precision,5,0.17556065494328219,0.039168715112355305,0.11023076442411844,0.20686394314981388,0.12692627153233224,0.22419503835423213
decision_tree,pairwise_correlation_filter_natural,mixed__r0p01__medium,mixed,0.01,MEDIUM,pr_auc_trapezoidal,5,0.2013510394775715,0.026977904940273,0.15586685336049216,0.2282203094255607,0.16785354616624443,0.23484853278889856
decision_tree,pairwise_correlation_filter_natural,mixed__r0p01__medium,mixed,0.01,MEDIUM,roc_auc,5,0.6001164421997756,0.03876695460458936,0.5632379349046015,0.6479868125701459,0.5519809103472191,0.648251974052332
decision_tree,pairwise_correlation_filter_natural,mixed__r0p01__medium,mixed,0.01,MEDIUM,TP,5,18.8,10.963576058932597,6.0,33.0,5.186922316043866,32.41307768395613
decision_tree,pairwise_correlation_filter_natural,mixed__r0p01__medium,mixed,0.01,MEDIUM,TN,5,5045.6,991.3217439358425,3769.0,5925.0,3814.711479917316,6276.488520082685
decision_tree,pairwise_correlation_filter_natural,mixed__r0p01__medium,mixed,0.01,MEDIUM,FP,5,894.4,991.3217439358425,15.0,2171.0,-336.48852008268466,2125.2885200826845
decision_tree,pairwise_correlation_filter_natural,mixed__r0p01__medium,mixed,0.01,MEDIUM,FN,5,41.2,10.963576058932597,27.0,54.0,27.586922316043868,54.81307768395614
decision_tree,pairwise_correlation_filter_natural,mixed__r0p01__medium,mixed,0.01,MEDIUM,attack_prevalence,5,0.01,0.0,0.01,0.01,0.01,0.01
decision_tree,pairwise_correlation_filter_natural,mixed__r0p01__medium,mixed,0.01,MEDIUM,visible_feature_attack_count,5,34.0,0.0,34.0,34.0,34.0,34.0
decision_tree,pairwise_correlation_filter_natural,mixed__r0p01__medium,mixed,0.01,MEDIUM,invisible_feature_attack_count,5,26.0,0.0,26.0,26.0,26.0,26.0
decision_tree,pairwise_correlation_filter_natural,mixed__r0p01__medium,mixed,0.01,MEDIUM,selected_feature_visibility_rate,5,0.5666666666666667,0.0,0.5666666666666667,0.5666666666666667,0.5666666666666667,0.5666666666666667
decision_tree,pairwise_correlation_filter_natural,mixed__r0p01__medium,mixed,0.01,MEDIUM,visible_attack_recall,5,0.4352941176470589,0.22914766095038183,0.17647058823529413,0.7647058823529411,0.15076971677214107,0.7198185185219768
decision_tree,pairwise_correlation_filter_natural,mixed__r0p01__medium,mixed,0.01,MEDIUM,invisible_attack_recall,5,0.15384615384615385,0.13598207330510528,0.0,0.3076923076923077,-0.014997890978034695,0.32269019867034243
decision_tree,pairwise_correlation_filter_natural,mixed__r0p01__medium,mixed,0.01,MEDIUM,visible_attack_f1,5,0.08247363121416273,0.08025819906614752,0.0170863309352518,0.21818181818181817,-0.017180085127022807,0.18212734755534826
decision_tree,pairwise_correlation_filter_natural,mixed__r0p01__medium,mixed,0.01,MEDIUM,paired_induced_attack_induced_detection_rate,5,0.13999999999999999,0.046547466812563124,0.08333333333333333,0.18333333333333332,0.08220368625120991,0.19779631374879006
decision_tree,pairwise_correlation_filter_natural,mixed__r0p01__medium,mixed,0.01,MEDIUM,paired_induced_mean_anomaly_score_delta,5,0.08847425503377036,0.018576216703839504,0.05858518169394871,0.10572637620661725,0.06540883552976312,0.1115396745377776
decision_tree,pairwise_correlation_filter_natural,mixed__r0p01__medium,mixed,0.01,MEDIUM,paired_induced_median_anomaly_score_delta,5,0.0,0.0,0.0,0.0,0.0,0.0
decision_tree,pairwise_correlation_filter_natural,mixed__r0p01__medium,mixed,0.01,MEDIUM,selected_feature_count,5,42.0,0.0,42.0,42.0,42.0,42.0
decision_tree,pairwise_correlation_filter_natural,mixed__r0p01__medium,mixed,0.01,MEDIUM,source_block_count,5,9.0,0.0,9.0,9.0,9.0,9.0
decision_tree,pairwise_correlation_filter_natural,mixed__r0p01__medium,mixed,0.01,MEDIUM,selected_input_bytes,5,2016132.0,0.0,2016132.0,2016132.0,2016132.0,2016132.0
decision_tree,pairwise_correlation_filter_natural,mixed__r0p01__medium,mixed,0.01,MEDIUM,model_fit_wall_time_sec,0,,,,,,
decision_tree,pairwise_correlation_filter_natural,mixed__r0p01__medium,mixed,0.01,MEDIUM,model_fit_cpu_time_sec,0,,,,,,
decision_tree,pairwise_correlation_filter_natural,mixed__r0p01__medium,mixed,0.01,MEDIUM,model_fit_peak_rss_mib,0,,,,,,
decision_tree,pairwise_correlation_filter_natural,mixed__r0p01__medium,mixed,0.01,MEDIUM,combined_fit_wall_time_sec,0,,,,,,
decision_tree,pairwise_correlation_filter_natural,mixed__r0p01__medium,mixed,0.01,MEDIUM,inference_wall_time_sec,5,0.003739202259894228,0.0010550155065502966,0.002645984300033888,0.005221470600372413,0.0024292274878629765,0.00504917703192548
decision_tree,pairwise_correlation_filter_natural,mixed__r0p01__medium,mixed,0.01,MEDIUM,per_record_inference_sec,5,6.232003766490378e-07,1.7583591775838277e-07,4.4099738333898134e-07,8.702451000620688e-07,4.0487124797716254e-07,8.415295053209131e-07
decision_tree,pairwise_correlation_filter_natural,mixed__r0p01__medium,mixed,0.01,MEDIUM,inference_cpu_time_sec,5,0.0038174810799989694,0.0010867317063084235,0.002669325299996217,0.005343456499997501,0.002468125444568181,0.005166836715429758
decision_tree,pairwise_correlation_filter_natural,mixed__r0p01__medium,mixed,0.01,MEDIUM,inference_peak_rss_mib,5,804.6296875,0.17239357139125358,804.40625,804.765625,804.4156326088815,804.8437423911186
decision_tree,pairwise_correlation_filter_natural,mixed__r0p01__medium,mixed,0.01,MEDIUM,peak_rss_mib,5,804.6296875,0.17239357139125358,804.40625,804.765625,804.4156326088815,804.8437423911186
decision_tree,pairwise_correlation_filter_natural,mixed__r0p01__medium,mixed,0.01,MEDIUM,serialized_model_bytes,5,4116.0,327.90242451070714,3764.0,4404.0,3708.8553645610036,4523.144635438996
decision_tree,pairwise_correlation_filter_natural,mixed__r0p01__medium,mixed,0.01,MEDIUM,serialized_model_kib,5,4.01953125,0.32021721143623744,3.67578125,4.30078125,3.621929066954105,4.417133433045895
logistic_regression,pairwise_correlation_filter_natural,mixed__r0p01__medium,mixed,0.01,MEDIUM,precision,5,0.01001828184692936,0.0016195572654263207,0.007308160779537149,0.011450381679389313,0.008007335897418562,0.012029227796440159
logistic_regression,pairwise_correlation_filter_natural,mixed__r0p01__medium,mixed,0.01,MEDIUM,recall,5,0.43666666666666665,0.11808659722612234,0.3,0.5333333333333333,0.2900427902204855,0.5832905431128478
logistic_regression,pairwise_correlation_filter_natural,mixed__r0p01__medium,mixed,0.01,MEDIUM,f1,5,0.01957588735482304,0.0031923758470879396,0.014268727705112961,0.022388059701492536,0.015612029196755549,0.02353974551289053
logistic_regression,pairwise_correlation_filter_natural,mixed__r0p01__medium,mixed,0.01,MEDIUM,average_precision,5,0.012662477648312655,0.001079877282483754,0.01145105730691199,0.014420156145238085,0.011321632904173396,0.014003322392451915
logistic_regression,pairwise_correlation_filter_natural,mixed__r0p01__medium,mixed,0.01,MEDIUM,pr_auc_trapezoidal,5,0.011427250341706541,0.0003922618792642606,0.010926939785138923,0.011928401042849916,0.01094019288835597,0.011914307795057113
logistic_regression,pairwise_correlation_filter_natural,mixed__r0p01__medium,mixed,0.01,MEDIUM,roc_auc,5,0.5029483726150393,0.01960742891138596,0.47748597081930416,0.5194584736251403,0.4786025340384124,0.5272942111916662
logistic_regression,pairwise_correlation_filter_natural,mixed__r0p01__medium,mixed,0.01,MEDIUM,TP,5,26.2,7.085195833567341,18.0,32.0,17.402567413229132,34.99743258677087
logistic_regression,pairwise_correlation_filter_natural,mixed__r0p01__medium,mixed,0.01,MEDIUM,TN,5,3371.8,431.4443185394843,2952.0,4032.0,2836.09112243954,3907.5088775604604
logistic_regression,pairwise_correlation_filter_natural,mixed__r0p01__medium,mixed,0.01,MEDIUM,FP,5,2568.2,431.4443185394843,1908.0,2988.0,2032.4911224395396,3103.90887756046
logistic_regression,pairwise_correlation_filter_natural,mixed__r0p01__medium,mixed,0.01,MEDIUM,FN,5,33.8,7.08519583356734,28.0,42.0,25.00256741322913,42.597432586770864
logistic_regression,pairwise_correlation_filter_natural,mixed__r0p01__medium,mixed,0.01,MEDIUM,attack_prevalence,5,0.01,0.0,0.01,0.01,0.01,0.01
logistic_regression,pairwise_correlation_filter_natural,mixed__r0p01__medium,mixed,0.01,MEDIUM,visible_feature_attack_count,5,34.0,0.0,34.0,34.0,34.0,34.0
logistic_regression,pairwise_correlation_filter_natural,mixed__r0p01__medium,mixed,0.01,MEDIUM,invisible_feature_attack_count,5,26.0,0.0,26.0,26.0,26.0,26.0
logistic_regression,pairwise_correlation_filter_natural,mixed__r0p01__medium,mixed,0.01,MEDIUM,selected_feature_visibility_rate,5,0.5666666666666667,0.0,0.5666666666666667,0.5666666666666667,0.5666666666666667,0.5666666666666667
logistic_regression,pairwise_correlation_filter_natural,mixed__r0p01__medium,mixed,0.01,MEDIUM,visible_attack_recall,5,0.4470588235294118,0.14318425228985984,0.29411764705882354,0.5882352941176471,0.2692720923512266,0.624845554707597
logistic_regression,pairwise_correlation_filter_natural,mixed__r0p01__medium,mixed,0.01,MEDIUM,invisible_attack_recall,5,0.4230769230769231,0.10533126105868577,0.3076923076923077,0.5769230769230769,0.2922908883348469,0.5538629578189993
logistic_regression,pairwise_correlation_filter_natural,mixed__r0p01__medium,mixed,0.01,MEDIUM,visible_attack_f1,5,0.011468405164256418,0.002546107933053235,0.008035355564483728,0.014377601210745366,0.008306994608240704,0.014629815720272133
logistic_regression,pairwise_correlation_filter_natural,mixed__r0p01__medium,mixed,0.01,MEDIUM,paired_induced_attack_induced_detection_rate,5,0.023333333333333334,0.02788866755113585,0.0,0.06666666666666667,-0.011295021122813106,0.05796168778947977
logistic_regression,pairwise_correlation_filter_natural,mixed__r0p01__medium,mixed,0.01,MEDIUM,paired_induced_mean_anomaly_score_delta,5,-0.0002575710629678875,0.0021606041773350043,-0.003979544890981893,0.0016371088316802572,-0.002940315484335556,0.0024251733583997804
logistic_regression,pairwise_correlation_filter_natural,mixed__r0p01__medium,mixed,0.01,MEDIUM,paired_induced_median_anomaly_score_delta,5,0.0,0.0,0.0,0.0,0.0,0.0
logistic_regression,pairwise_correlation_filter_natural,mixed__r0p01__medium,mixed,0.01,MEDIUM,selected_feature_count,5,42.0,0.0,42.0,42.0,42.0,42.0
logistic_regression,pairwise_correlation_filter_natural,mixed__r0p01__medium,mixed,0.01,MEDIUM,source_block_count,5,9.0,0.0,9.0,9.0,9.0,9.0
logistic_regression,pairwise_correlation_filter_natural,mixed__r0p01__medium,mixed,0.01,MEDIUM,selected_input_bytes,5,2016132.0,0.0,2016132.0,2016132.0,2016132.0,2016132.0
logistic_regression,pairwise_correlation_filter_natural,mixed__r0p01__medium,mixed,0.01,MEDIUM,model_fit_wall_time_sec,5,0.5226187851993018,0.1320858923339655,0.33173528499901295,0.6544766820006771,0.358612488017468,0.6866250823811357
logistic_regression,pairwise_correlation_filter_natural,mixed__r0p01__medium,mixed,0.01,MEDIUM,model_fit_cpu_time_sec,5,0.32897909459999986,0.11776488132572177,0.18253484599999936,0.47190246899999977,0.18275468120499616,0.47520350799500355
logistic_regression,pairwise_correlation_filter_natural,mixed__r0p01__medium,mixed,0.01,MEDIUM,model_fit_peak_rss_mib,5,181.35625,0.274181465592076,181.0546875,181.63671875,181.01580874519928,181.6966912548007
logistic_regression,pairwise_correlation_filter_natural,mixed__r0p01__medium,mixed,0.01,MEDIUM,combined_fit_wall_time_sec,5,0.5226187851993018,0.1320858923339655,0.33173528499901295,0.6544766820006771,0.358612488017468,0.6866250823811357
logistic_regression,pairwise_correlation_filter_natural,mixed__r0p01__medium,mixed,0.01,MEDIUM,inference_wall_time_sec,5,0.0031864807198871857,0.0010278879985050704,0.0020115717998123728,0.004651655699854018,0.0019101891979567008,0.00446277224181767
logistic_regression,pairwise_correlation_filter_natural,mixed__r0p01__medium,mixed,0.01,MEDIUM,per_record_inference_sec,5,5.310801199811975e-07,1.7131466641751175e-07,3.3526196663539545e-07,7.752759499756696e-07,3.183648663261167e-07,7.437953736362784e-07
logistic_regression,pairwise_correlation_filter_natural,mixed__r0p01__medium,mixed,0.01,MEDIUM,inference_cpu_time_sec,5,0.0032413857999995348,0.0010736189774798747,0.001981066500002271,0.004761745399991924,0.001908311767873377,0.0045744598321256925
logistic_regression,pairwise_correlation_filter_natural,mixed__r0p01__medium,mixed,0.01,MEDIUM,inference_peak_rss_mib,5,804.665625,0.144995032916002,804.49609375,804.79296875,804.4855898877097,804.8456601122903
logistic_regression,pairwise_correlation_filter_natural,mixed__r0p01__medium,mixed,0.01,MEDIUM,peak_rss_mib,5,804.665625,0.144995032916002,804.49609375,804.79296875,804.4855898877097,804.8456601122903
logistic_regression,pairwise_correlation_filter_natural,mixed__r0p01__medium,mixed,0.01,MEDIUM,serialized_model_bytes,5,2310.0,0.0,2310.0,2310.0,2310.0,2310.0
logistic_regression,pairwise_correlation_filter_natural,mixed__r0p01__medium,mixed,0.01,MEDIUM,serialized_model_kib,5,2.255859375,0.0,2.255859375,2.255859375,2.255859375,2.255859375
decision_tree,mutual_information_select_k_best_k11,mixed__r0p01__medium,mixed,0.01,MEDIUM,precision,5,0.12337760002815219,0.21099525205446784,0.012356979405034324,0.5,-0.13860760824001755,0.3853628082963219
decision_tree,mutual_information_select_k_best_k11,mixed__r0p01__medium,mixed,0.01,MEDIUM,recall,5,0.2966666666666667,0.19343388189938873,0.1,0.55,0.05648677947920605,0.5368465538541274
decision_tree,mutual_information_select_k_best_k11,mixed__r0p01__medium,mixed,0.01,MEDIUM,f1,5,0.08833768197933814,0.0922797371734403,0.024053452115812918,0.25,-0.02624274543271933,0.2029181093913956
decision_tree,mutual_information_select_k_best_k11,mixed__r0p01__medium,mixed,0.01,MEDIUM,average_precision,5,0.1734112916888873,0.03789111290190609,0.10999421152939542,0.20256217397535697,0.12636326094667896,0.22045932243109564
decision_tree,mutual_information_select_k_best_k11,mixed__r0p01__medium,mixed,0.01,MEDIUM,pr_auc_trapezoidal,5,0.1901451195653663,0.04281299092388259,0.11555243994076231,0.22362312391388367,0.13698577007971452,0.2433044690510181
decision_tree,mutual_information_select_k_best_k11,mixed__r0p01__medium,mixed,0.01,MEDIUM,roc_auc,5,0.6002578563411898,0.03603383656207653,0.5632673961840629,0.6479335016835017,0.5555159387648653,0.6449997739175143
decision_tree,mutual_information_select_k_best_k11,mixed__r0p01__medium,mixed,0.01,MEDIUM,TP,5,17.8,11.606032913963324,6.0,33.0,3.3892067687523646,32.210793231247635
decision_tree,mutual_information_select_k_best_k11,mixed__r0p01__medium,mixed,0.01,MEDIUM,TN,5,5075.0,1002.0179639108273,3782.0,5930.0,3830.830368657498,6319.169631342502
decision_tree,mutual_information_select_k_best_k11,mixed__r0p01__medium,mixed,0.01,MEDIUM,FP,5,865.0,1002.0179639108273,10.0,2158.0,-379.1696313425016,2109.169631342502
decision_tree,mutual_information_select_k_best_k11,mixed__r0p01__medium,mixed,0.01,MEDIUM,FN,5,42.2,11.606032913963325,27.0,54.0,27.789206768752365,56.61079323124764
decision_tree,mutual_information_select_k_best_k11,mixed__r0p01__medium,mixed,0.01,MEDIUM,attack_prevalence,5,0.01,0.0,0.01,0.01,0.01,0.01
decision_tree,mutual_information_select_k_best_k11,mixed__r0p01__medium,mixed,0.01,MEDIUM,visible_feature_attack_count,5,34.0,0.0,34.0,34.0,34.0,34.0
decision_tree,mutual_information_select_k_best_k11,mixed__r0p01__medium,mixed,0.01,MEDIUM,invisible_feature_attack_count,5,26.0,0.0,26.0,26.0,26.0,26.0
decision_tree,mutual_information_select_k_best_k11,mixed__r0p01__medium,mixed,0.01,MEDIUM,selected_feature_visibility_rate,5,0.5666666666666667,0.0,0.5666666666666667,0.5666666666666667,0.5666666666666667,0.5666666666666667
decision_tree,mutual_information_select_k_best_k11,mixed__r0p01__medium,mixed,0.01,MEDIUM,visible_attack_recall,5,0.4235294117647059,0.2376718100098461,0.17647058823529413,0.7647058823529411,0.12842088188732043,0.7186379416420914
decision_tree,mutual_information_select_k_best_k11,mixed__r0p01__medium,mixed,0.01,MEDIUM,invisible_attack_recall,5,0.13076923076923078,0.1454436184706849,0.0,0.3076923076923077,-0.049822874054446215,0.3113613355929078
decision_tree,mutual_information_select_k_best_k11,mixed__r0p01__medium,mixed,0.01,MEDIUM,visible_attack_f1,5,0.1052398342310052,0.1331868822778603,0.017186793306196293,0.33962264150943394,-0.060133522526548314,0.27061319098855874
decision_tree,mutual_information_select_k_best_k11,mixed__r0p01__medium,mixed,0.01,MEDIUM,paired_induced_attack_induced_detection_rate,5,0.1433333333333333,0.04183300132670377,0.1,0.18333333333333332,0.09139080164911366,0.19527586501755295
decision_tree,mutual_information_select_k_best_k11,mixed__r0p01__medium,mixed,0.01,MEDIUM,paired_induced_mean_anomaly_score_delta,5,0.08997483778547151,0.018437462228592265,0.05994758470021684,0.10572637620661686,0.06708170471796857,0.11286797085297445
decision_tree,mutual_information_select_k_best_k11,mixed__r0p01__medium,mixed,0.01,MEDIUM,paired_induced_median_anomaly_score_delta,5,0.0,0.0,0.0,0.0,0.0,0.0
decision_tree,mutual_information_select_k_best_k11,mixed__r0p01__medium,mixed,0.01,MEDIUM,selected_feature_count,5,11.0,0.0,11.0,11.0,11.0,11.0
decision_tree,mutual_information_select_k_best_k11,mixed__r0p01__medium,mixed,0.01,MEDIUM,source_block_count,5,5.0,0.7071067811865476,4.0,6.0,4.122010966914219,5.877989033085781
decision_tree,mutual_information_select_k_best_k11,mixed__r0p01__medium,mixed,0.01,MEDIUM,selected_input_bytes,5,528132.0,0.0,528132.0,528132.0,528132.0,528132.0
decision_tree,mutual_information_select_k_best_k11,mixed__r0p01__medium,mixed,0.01,MEDIUM,model_fit_wall_time_sec,0,,,,,,
decision_tree,mutual_information_select_k_best_k11,mixed__r0p01__medium,mixed,0.01,MEDIUM,model_fit_cpu_time_sec,0,,,,,,
decision_tree,mutual_information_select_k_best_k11,mixed__r0p01__medium,mixed,0.01,MEDIUM,model_fit_peak_rss_mib,0,,,,,,
decision_tree,mutual_information_select_k_best_k11,mixed__r0p01__medium,mixed,0.01,MEDIUM,combined_fit_wall_time_sec,0,,,,,,
decision_tree,mutual_information_select_k_best_k11,mixed__r0p01__medium,mixed,0.01,MEDIUM,inference_wall_time_sec,5,0.002503864239843097,0.0008007940351810819,0.001856686099927174,0.003639926199684851,0.0015095471163816389,0.0034981813633045552
decision_tree,mutual_information_select_k_best_k11,mixed__r0p01__medium,mixed,0.01,MEDIUM,per_record_inference_sec,5,4.1731070664051614e-07,1.3346567253018033e-07,3.0944768332119566e-07,6.066543666141419e-07,2.515911860636064e-07,5.830302272174259e-07
decision_tree,mutual_information_select_k_best_k11,mixed__r0p01__medium,mixed,0.01,MEDIUM,inference_cpu_time_sec,5,0.0025323715000001813,0.0008219560575434474,0.0018550068000024566,0.003681556599997293,0.00151177825524217,0.0035529647447581927
decision_tree,mutual_information_select_k_best_k11,mixed__r0p01__medium,mixed,0.01,MEDIUM,inference_peak_rss_mib,5,804.675,0.14648177081018476,804.51171875,804.80859375,804.4931188587917,804.8568811412082
decision_tree,mutual_information_select_k_best_k11,mixed__r0p01__medium,mixed,0.01,MEDIUM,peak_rss_mib,5,804.675,0.14648177081018476,804.51171875,804.80859375,804.4931188587917,804.8568811412082
decision_tree,mutual_information_select_k_best_k11,mixed__r0p01__medium,mixed,0.01,MEDIUM,serialized_model_bytes,5,3402.4,341.02903102228703,3028.0,3716.0,2978.9565298369753,3825.843470163025
decision_tree,mutual_information_select_k_best_k11,mixed__r0p01__medium,mixed,0.01,MEDIUM,serialized_model_kib,5,3.32265625,0.3330361631077022,2.95703125,3.62890625,2.909137236168921,3.736175263831079
logistic_regression,mutual_information_select_k_best_k11,mixed__r0p01__medium,mixed,0.01,MEDIUM,precision,5,0.010465551239345023,0.0013096860097960112,0.008355488036460312,0.011635027556644213,0.00883936127202888,0.012091741206661165
logistic_regression,mutual_information_select_k_best_k11,mixed__r0p01__medium,mixed,0.01,MEDIUM,recall,5,0.53,0.12494443209327541,0.36666666666666664,0.65,0.3748609968936417,0.6851390031063583
logistic_regression,mutual_information_select_k_best_k11,mixed__r0p01__medium,mixed,0.01,MEDIUM,f1,5,0.020519881217517754,0.0026051287682976485,0.016338655774229483,0.022850270595309682,0.01728518661523508,0.02375457581980043
logistic_regression,mutual_information_select_k_best_k11,mixed__r0p01__medium,mixed,0.01,MEDIUM,average_precision,5,0.011845168290626363,0.002147488647183346,0.010173749921821594,0.014260485620468586,0.009178708950865377,0.014511627630387349
logistic_regression,mutual_information_select_k_best_k11,mixed__r0p01__medium,mixed,0.01,MEDIUM,pr_auc_trapezoidal,5,0.011094918587005096,0.0016538145771196457,0.009780437238775112,0.013060039174038918,0.009041436566889417,0.013148400607120775
logistic_regression,mutual_information_select_k_best_k11,mixed__r0p01__medium,mixed,0.01,MEDIUM,roc_auc,5,0.5140375982042649,0.01919282676000081,0.49283950617283945,0.5354517396184063,0.4902065561925911,0.5378686402159386
logistic_regression,mutual_information_select_k_best_k11,mixed__r0p01__medium,mixed,0.01,MEDIUM,TP,5,31.8,7.496665925596525,22.0,39.0,22.491659813618497,41.108340186381504
logistic_regression,mutual_information_select_k_best_k11,mixed__r0p01__medium,mixed,0.01,MEDIUM,TN,5,2962.2,413.6286982306716,2413.0,3393.0,2448.6121367826777,3475.787863217322
logistic_regression,mutual_information_select_k_best_k11,mixed__r0p01__medium,mixed,0.01,MEDIUM,FP,5,2977.8,413.6286982306716,2547.0,3527.0,2464.212136782678,3491.3878632173223
logistic_regression,mutual_information_select_k_best_k11,mixed__r0p01__medium,mixed,0.01,MEDIUM,FN,5,28.2,7.496665925596525,21.0,38.0,18.891659813618496,37.5083401863815
logistic_regression,mutual_information_select_k_best_k11,mixed__r0p01__medium,mixed,0.01,MEDIUM,attack_prevalence,5,0.01,0.0,0.01,0.01,0.01,0.01
logistic_regression,mutual_information_select_k_best_k11,mixed__r0p01__medium,mixed,0.01,MEDIUM,visible_feature_attack_count,5,34.0,0.0,34.0,34.0,34.0,34.0
logistic_regression,mutual_information_select_k_best_k11,mixed__r0p01__medium,mixed,0.01,MEDIUM,invisible_feature_attack_count,5,26.0,0.0,26.0,26.0,26.0,26.0
logistic_regression,mutual_information_select_k_best_k11,mixed__r0p01__medium,mixed,0.01,MEDIUM,selected_feature_visibility_rate,5,0.5666666666666667,0.0,0.5666666666666667,0.5666666666666667,0.5666666666666667,0.5666666666666667
logistic_regression,mutual_information_select_k_best_k11,mixed__r0p01__medium,mixed,0.01,MEDIUM,visible_attack_recall,5,0.5411764705882354,0.1388908112131482,0.38235294117647056,0.7058823529411765,0.3687207506234165,0.7136321905530543
logistic_regression,mutual_information_select_k_best_k11,mixed__r0p01__medium,mixed,0.01,MEDIUM,invisible_attack_recall,5,0.5153846153846153,0.12929027933824314,0.3076923076923077,0.6538461538461539,0.3548495302124833,0.6759197005567474
logistic_regression,mutual_information_select_k_best_k11,mixed__r0p01__medium,mixed,0.01,MEDIUM,visible_attack_f1,5,0.011987404656640237,0.001586605762914185,0.010023130300693909,0.013389121338912133,0.010017373401485511,0.013957435911794963
logistic_regression,mutual_information_select_k_best_k11,mixed__r0p01__medium,mixed,0.01,MEDIUM,paired_induced_attack_induced_detection_rate,5,0.02,0.01825741858350554,0.0,0.05,-0.0026695793552932064,0.04266957935529321
logistic_regression,mutual_information_select_k_best_k11,mixed__r0p01__medium,mixed,0.01,MEDIUM,paired_induced_mean_anomaly_score_delta,5,-0.0001922333324438565,0.0009221423480345923,-0.0016031977823283343,0.0009253340258562486,-0.0013372242872184054,0.0009527576223306924
logistic_regression,mutual_information_select_k_best_k11,mixed__r0p01__medium,mixed,0.01,MEDIUM,paired_induced_median_anomaly_score_delta,5,0.0,0.0,0.0,0.0,0.0,0.0
logistic_regression,mutual_information_select_k_best_k11,mixed__r0p01__medium,mixed,0.01,MEDIUM,selected_feature_count,5,11.0,0.0,11.0,11.0,11.0,11.0
logistic_regression,mutual_information_select_k_best_k11,mixed__r0p01__medium,mixed,0.01,MEDIUM,source_block_count,5,5.0,0.7071067811865476,4.0,6.0,4.122010966914219,5.877989033085781
logistic_regression,mutual_information_select_k_best_k11,mixed__r0p01__medium,mixed,0.01,MEDIUM,selected_input_bytes,5,528132.0,0.0,528132.0,528132.0,528132.0,528132.0
logistic_regression,mutual_information_select_k_best_k11,mixed__r0p01__medium,mixed,0.01,MEDIUM,model_fit_wall_time_sec,5,0.27497685859998455,0.02091021720342391,0.24763035999785643,0.29918557299970416,0.24901339470385145,0.30094032249611763
logistic_regression,mutual_information_select_k_best_k11,mixed__r0p01__medium,mixed,0.01,MEDIUM,model_fit_cpu_time_sec,5,0.09213092119999988,0.014315567471356337,0.07548344399999962,0.10902960499999992,0.07435579645694569,0.10990604594305407
logistic_regression,mutual_information_select_k_best_k11,mixed__r0p01__medium,mixed,0.01,MEDIUM,model_fit_peak_rss_mib,5,163.92734375,0.3541635550567968,163.37890625,164.25390625,163.48759161420978,164.36709588579023
logistic_regression,mutual_information_select_k_best_k11,mixed__r0p01__medium,mixed,0.01,MEDIUM,combined_fit_wall_time_sec,5,0.27497685859998455,0.02091021720342391,0.24763035999785643,0.29918557299970416,0.24901339470385145,0.30094032249611763
logistic_regression,mutual_information_select_k_best_k11,mixed__r0p01__medium,mixed,0.01,MEDIUM,inference_wall_time_sec,5,0.002705611539859092,0.0005756247521991588,0.0018177250000007915,0.0032126095997227822,0.0019908790085778655,0.0034203440711403185
logistic_regression,mutual_information_select_k_best_k11,mixed__r0p01__medium,mixed,0.01,MEDIUM,per_record_inference_sec,5,4.5093525664318196e-07,9.59374586998598e-08,3.029541666667986e-07,5.354349332871304e-07,3.318131680963109e-07,5.70057345190053e-07
logistic_regression,mutual_information_select_k_best_k11,mixed__r0p01__medium,mixed,0.01,MEDIUM,inference_cpu_time_sec,5,0.002754800999999816,0.0005938269942790937,0.0018459903000007216,0.00330485580000186,0.0020174674000413267,0.0034921345999583053
logistic_regression,mutual_information_select_k_best_k11,mixed__r0p01__medium,mixed,0.01,MEDIUM,inference_peak_rss_mib,5,804.671875,0.14660151566246254,804.51171875,804.828125,804.4898451759196,804.8539048240804
logistic_regression,mutual_information_select_k_best_k11,mixed__r0p01__medium,mixed,0.01,MEDIUM,peak_rss_mib,5,804.671875,0.14660151566246254,804.51171875,804.828125,804.4898451759196,804.8539048240804
logistic_regression,mutual_information_select_k_best_k11,mixed__r0p01__medium,mixed,0.01,MEDIUM,serialized_model_bytes,5,1353.2,13.386560424545209,1334.0,1366.0,1336.5783898610498,1369.8216101389503
logistic_regression,mutual_information_select_k_best_k11,mixed__r0p01__medium,mixed,0.01,MEDIUM,serialized_model_kib,5,1.321484375,0.01307281291459493,1.302734375,1.333984375,1.3052523338486814,1.3377164161513186
decision_tree,none_natural,mixed__r0p03__medium,mixed,0.03,MEDIUM,precision,5,0.20550316111846384,0.2628033339976339,0.03742110009017133,0.6666666666666666,-0.12081027731457683,0.5318165995515045
decision_tree,none_natural,mixed__r0p03__medium,mixed,0.03,MEDIUM,recall,5,0.30666666666666664,0.13616212196051486,0.16666666666666666,0.46111111111111114,0.13759906190913082,0.47573427142420244
decision_tree,none_natural,mixed__r0p03__medium,mixed,0.03,MEDIUM,f1,5,0.15272041353575808,0.08145446878284783,0.06922435362802336,0.26666666666666666,0.05158133215520316,0.253859494916313
decision_tree,none_natural,mixed__r0p03__medium,mixed,0.03,MEDIUM,average_precision,5,0.20004804759368197,0.013555037938005847,0.18688787725193473,0.2208843683864258,0.18321724499176054,0.2168788501956034
decision_tree,none_natural,mixed__r0p03__medium,mixed,0.03,MEDIUM,pr_auc_trapezoidal,5,0.24115288398071116,0.034445748566817064,0.2057979730226139,0.29205900076242025,0.19838283809408153,0.2839229298673408
decision_tree,none_natural,mixed__r0p03__medium,mixed,0.03,MEDIUM,roc_auc,5,0.5985439098892706,0.015014099813270782,0.5821506300114547,0.6176617983963345,0.5799014426856797,0.6171863770928616
decision_tree,none_natural,mixed__r0p03__medium,mixed,0.03,MEDIUM,TP,5,55.2,24.509181952892675,30.0,83.0,24.767831143643562,85.63216885635644
decision_tree,none_natural,mixed__r0p03__medium,mixed,0.03,MEDIUM,TN,5,4942.4,974.1903304796245,3685.0,5805.0,3732.7829392442613,6152.0170607557375
decision_tree,none_natural,mixed__r0p03__medium,mixed,0.03,MEDIUM,FP,5,877.6,974.1903304796245,15.0,2135.0,-332.01706075573827,2087.217060755738
decision_tree,none_natural,mixed__r0p03__medium,mixed,0.03,MEDIUM,FN,5,124.8,24.509181952892675,97.0,150.0,94.36783114364356,155.23216885635645
decision_tree,none_natural,mixed__r0p03__medium,mixed,0.03,MEDIUM,attack_prevalence,5,0.03,0.0,0.03,0.03,0.03,0.03
decision_tree,none_natural,mixed__r0p03__medium,mixed,0.03,MEDIUM,visible_feature_attack_count,5,103.0,0.0,103.0,103.0,103.0,103.0
decision_tree,none_natural,mixed__r0p03__medium,mixed,0.03,MEDIUM,invisible_feature_attack_count,5,77.0,0.0,77.0,77.0,77.0,77.0
decision_tree,none_natural,mixed__r0p03__medium,mixed,0.03,MEDIUM,selected_feature_visibility_rate,5,0.5722222222222222,0.0,0.5722222222222222,0.5722222222222222,0.5722222222222222,0.5722222222222222
decision_tree,none_natural,mixed__r0p03__medium,mixed,0.03,MEDIUM,visible_attack_recall,5,0.4233009708737864,0.13927894244993627,0.2912621359223301,0.5922330097087378,0.2503633223256691,0.5962386194219036
decision_tree,none_natural,mixed__r0p03__medium,mixed,0.03,MEDIUM,invisible_attack_recall,5,0.15064935064935064,0.1376255770570281,0.0,0.33766233766233766,-0.020235373614514912,0.3215340749132162
decision_tree,none_natural,mixed__r0p03__medium,mixed,0.03,MEDIUM,visible_attack_f1,5,0.17500240255865193,0.1431799354351734,0.04967320261437908,0.40540540540540543,-0.0027789685364835726,0.35278377365378744
decision_tree,none_natural,mixed__r0p03__medium,mixed,0.03,MEDIUM,paired_induced_attack_induced_detection_rate,5,0.16111111111111112,0.016197088596792503,0.1388888888888889,0.17777777777777778,0.14099976932474118,0.18122245289748107
decision_tree,none_natural,mixed__r0p03__medium,mixed,0.03,MEDIUM,paired_induced_mean_anomaly_score_delta,5,0.0947061495120773,0.007695577637367681,0.083562864826252,0.10467067714075588,0.08515082781436828,0.10426147120978632
decision_tree,none_natural,mixed__r0p03__medium,mixed,0.03,MEDIUM,paired_induced_median_anomaly_score_delta,5,0.0,0.0,0.0,0.0,0.0,0.0
decision_tree,none_natural,mixed__r0p03__medium,mixed,0.03,MEDIUM,selected_feature_count,5,43.0,0.0,43.0,43.0,43.0,43.0
decision_tree,none_natural,mixed__r0p03__medium,mixed,0.03,MEDIUM,source_block_count,5,10.0,0.0,10.0,10.0,10.0,10.0
decision_tree,none_natural,mixed__r0p03__medium,mixed,0.03,MEDIUM,selected_input_bytes,5,2064132.0,0.0,2064132.0,2064132.0,2064132.0,2064132.0
decision_tree,none_natural,mixed__r0p03__medium,mixed,0.03,MEDIUM,model_fit_wall_time_sec,0,,,,,,
decision_tree,none_natural,mixed__r0p03__medium,mixed,0.03,MEDIUM,model_fit_cpu_time_sec,0,,,,,,
decision_tree,none_natural,mixed__r0p03__medium,mixed,0.03,MEDIUM,model_fit_peak_rss_mib,0,,,,,,
decision_tree,none_natural,mixed__r0p03__medium,mixed,0.03,MEDIUM,combined_fit_wall_time_sec,0,,,,,,
decision_tree,none_natural,mixed__r0p03__medium,mixed,0.03,MEDIUM,inference_wall_time_sec,5,0.0048140187402896115,0.0020589864390973154,0.0022620629002631175,0.007788270900346106,0.002257449406070676,0.007370588074508547
decision_tree,none_natural,mixed__r0p03__medium,mixed,0.03,MEDIUM,per_record_inference_sec,5,8.023364567149351e-07,3.431644065162192e-07,3.770104833771863e-07,1.2980451500576842e-06,3.7624156767844587e-07,1.2284313457514244e-06
decision_tree,none_natural,mixed__r0p03__medium,mixed,0.03,MEDIUM,inference_cpu_time_sec,5,0.004943567319999146,0.0021677469848547792,0.0022761827999943306,0.008089893999999731,0.0022519539316880675,0.007635180708310225
decision_tree,none_natural,mixed__r0p03__medium,mixed,0.03,MEDIUM,inference_peak_rss_mib,5,805.0015625,0.44334302695630756,804.75390625,805.79296875,804.4510794245732,805.5520455754267
decision_tree,none_natural,mixed__r0p03__medium,mixed,0.03,MEDIUM,peak_rss_mib,5,805.0015625,0.44334302695630756,804.75390625,805.79296875,804.4510794245732,805.5520455754267
decision_tree,none_natural,mixed__r0p03__medium,mixed,0.03,MEDIUM,serialized_model_bytes,5,4132.0,327.90242451070714,3780.0,4420.0,3724.8553645610036,4539.144635438996
decision_tree,none_natural,mixed__r0p03__medium,mixed,0.03,MEDIUM,serialized_model_kib,5,4.03515625,0.32021721143623744,3.69140625,4.31640625,3.637554066954105,4.432758433045895
logistic_regression,none_natural,mixed__r0p03__medium,mixed,0.03,MEDIUM,precision,5,0.02985289751253336,0.002668621367327925,0.02556818181818182,0.03278688524590164,0.02653936643588234,0.03316642858918438
logistic_regression,none_natural,mixed__r0p03__medium,mixed,0.03,MEDIUM,recall,5,0.4322222222222223,0.09207820079545646,0.31666666666666665,0.5166666666666667,0.31789203527503596,0.5465524091694086
logistic_regression,none_natural,mixed__r0p03__medium,mixed,0.03,MEDIUM,f1,5,0.05576164344995103,0.005224839900315488,0.047655068078668684,0.06136282554405994,0.049274147849345584,0.06224913905055647
logistic_regression,none_natural,mixed__r0p03__medium,mixed,0.03,MEDIUM,average_precision,5,0.03282466955296395,0.0028015601689959633,0.029157188226588325,0.0359636419261172,0.02934607315231725,0.03630326595361066
logistic_regression,none_natural,mixed__r0p03__medium,mixed,0.03,MEDIUM,pr_auc_trapezoidal,5,0.031869324886507844,0.0025030779914787284,0.028599213196543564,0.03446076117936312,0.02876134305979005,0.03497730671322564
logistic_regression,none_natural,mixed__r0p03__medium,mixed,0.03,MEDIUM,roc_auc,5,0.504016418480336,0.01454877612757202,0.49204658266513934,0.5202348224513174,0.48595172694478905,0.5220811100158829
logistic_regression,none_natural,mixed__r0p03__medium,mixed,0.03,MEDIUM,TP,5,77.8,16.574076143182157,57.0,93.0,57.22056634950646,98.37943365049352
logistic_regression,none_natural,mixed__r0p03__medium,mixed,0.03,MEDIUM,TN,5,3301.8,421.1830955772086,2893.0,3947.0,2778.8321135693495,3824.767886430651
logistic_regression,none_natural,mixed__r0p03__medium,mixed,0.03,MEDIUM,FP,5,2518.2,421.1830955772086,1873.0,2927.0,1995.2321135693492,3041.1678864306505
logistic_regression,none_natural,mixed__r0p03__medium,mixed,0.03,MEDIUM,FN,5,102.2,16.574076143182157,87.0,123.0,81.62056634950648,122.77943365049353
logistic_regression,none_natural,mixed__r0p03__medium,mixed,0.03,MEDIUM,attack_prevalence,5,0.03,0.0,0.03,0.03,0.03,0.03
logistic_regression,none_natural,mixed__r0p03__medium,mixed,0.03,MEDIUM,visible_feature_attack_count,5,103.0,0.0,103.0,103.0,103.0,103.0
logistic_regression,none_natural,mixed__r0p03__medium,mixed,0.03,MEDIUM,invisible_feature_attack_count,5,77.0,0.0,77.0,77.0,77.0,77.0
logistic_regression,none_natural,mixed__r0p03__medium,mixed,0.03,MEDIUM,selected_feature_visibility_rate,5,0.5722222222222222,0.0,0.5722222222222222,0.5722222222222222,0.5722222222222222,0.5722222222222222
logistic_regression,none_natural,mixed__r0p03__medium,mixed,0.03,MEDIUM,visible_attack_recall,5,0.4349514563106796,0.12036485834073749,0.2815533980582524,0.5436893203883495,0.285498745059971,0.5844041675613882
logistic_regression,none_natural,mixed__r0p03__medium,mixed,0.03,MEDIUM,invisible_attack_recall,5,0.42857142857142855,0.05880120219569748,0.36363636363636365,0.5064935064935064,0.35556009275387285,0.5015827643889843
logistic_regression,none_natural,mixed__r0p03__medium,mixed,0.03,MEDIUM,visible_attack_f1,5,0.03316572121241893,0.005015373647368023,0.026792750197005517,0.0379041248606466,0.026938312316937208,0.03939313010790066
logistic_regression,none_natural,mixed__r0p03__medium,mixed,0.03,MEDIUM,paired_induced_attack_induced_detection_rate,5,0.026666666666666665,0.017302679447108265,0.005555555555555556,0.044444444444444446,0.005182552524715049,0.04815078080861828
logistic_regression,none_natural,mixed__r0p03__medium,mixed,0.03,MEDIUM,paired_induced_mean_anomaly_score_delta,5,0.0005176063517944397,0.0005029747629524328,-0.0001753601730814233,0.0012036771482725034,-0.00010691930336916477,0.001142132006958044
logistic_regression,none_natural,mixed__r0p03__medium,mixed,0.03,MEDIUM,paired_induced_median_anomaly_score_delta,5,0.0,0.0,0.0,0.0,0.0,0.0
logistic_regression,none_natural,mixed__r0p03__medium,mixed,0.03,MEDIUM,selected_feature_count,5,43.0,0.0,43.0,43.0,43.0,43.0
logistic_regression,none_natural,mixed__r0p03__medium,mixed,0.03,MEDIUM,source_block_count,5,10.0,0.0,10.0,10.0,10.0,10.0
logistic_regression,none_natural,mixed__r0p03__medium,mixed,0.03,MEDIUM,selected_input_bytes,5,2064132.0,0.0,2064132.0,2064132.0,2064132.0,2064132.0
logistic_regression,none_natural,mixed__r0p03__medium,mixed,0.03,MEDIUM,model_fit_wall_time_sec,5,0.49001829079934395,0.09719446902817075,0.4144513709979947,0.6605000540002948,0.3693354177824376,0.6107011638162503
logistic_regression,none_natural,mixed__r0p03__medium,mixed,0.03,MEDIUM,model_fit_cpu_time_sec,5,0.29261962500000005,0.07522294968955433,0.21856836799999968,0.4180874179999998,0.19921799653171318,0.3860212534682869
logistic_regression,none_natural,mixed__r0p03__medium,mixed,0.03,MEDIUM,model_fit_peak_rss_mib,5,182.0546875,0.12530480415894876,181.8984375,182.19140625,181.89910103587374,182.21027396412626
logistic_regression,none_natural,mixed__r0p03__medium,mixed,0.03,MEDIUM,combined_fit_wall_time_sec,5,0.49001829079934395,0.09719446902817075,0.4144513709979947,0.6605000540002948,0.3693354177824376,0.6107011638162503
logistic_regression,none_natural,mixed__r0p03__medium,mixed,0.03,MEDIUM,inference_wall_time_sec,5,0.007244333659764379,0.008795302997656186,0.0022003045000019484,0.022886220299551497,-0.003676477425727633,0.018165144745256392
logistic_regression,none_natural,mixed__r0p03__medium,mixed,0.03,MEDIUM,per_record_inference_sec,5,1.2073889432940633e-06,1.465883832942698e-06,3.667174166669914e-07,3.8143700499252496e-06,-6.127462376212724e-07,3.027524124209399e-06
logistic_regression,none_natural,mixed__r0p03__medium,mixed,0.03,MEDIUM,inference_cpu_time_sec,5,0.0073940848799998096,0.008948593799352695,0.0022219959000040037,0.023303206100001715,-0.0037170618752147,0.01850523163521432
logistic_regression,none_natural,mixed__r0p03__medium,mixed,0.03,MEDIUM,inference_peak_rss_mib,5,805.0015625,0.44334302695630756,804.75390625,805.79296875,804.4510794245732,805.5520455754267
logistic_regression,none_natural,mixed__r0p03__medium,mixed,0.03,MEDIUM,peak_rss_mib,5,805.0015625,0.44334302695630756,804.75390625,805.79296875,804.4510794245732,805.5520455754267
logistic_regression,none_natural,mixed__r0p03__medium,mixed,0.03,MEDIUM,serialized_model_bytes,5,2342.0,0.0,2342.0,2342.0,2342.0,2342.0
logistic_regression,none_natural,mixed__r0p03__medium,mixed,0.03,MEDIUM,serialized_model_kib,5,2.287109375,0.0,2.287109375,2.287109375,2.287109375,2.287109375
decision_tree,pairwise_correlation_filter_natural,mixed__r0p03__medium,mixed,0.03,MEDIUM,precision,5,0.20550316111846384,0.2628033339976339,0.03742110009017133,0.6666666666666666,-0.12081027731457683,0.5318165995515045
decision_tree,pairwise_correlation_filter_natural,mixed__r0p03__medium,mixed,0.03,MEDIUM,recall,5,0.30666666666666664,0.13616212196051486,0.16666666666666666,0.46111111111111114,0.13759906190913082,0.47573427142420244
decision_tree,pairwise_correlation_filter_natural,mixed__r0p03__medium,mixed,0.03,MEDIUM,f1,5,0.15272041353575808,0.08145446878284783,0.06922435362802336,0.26666666666666666,0.05158133215520316,0.253859494916313
decision_tree,pairwise_correlation_filter_natural,mixed__r0p03__medium,mixed,0.03,MEDIUM,average_precision,5,0.20004804759368197,0.013555037938005847,0.18688787725193473,0.2208843683864258,0.18321724499176054,0.2168788501956034
decision_tree,pairwise_correlation_filter_natural,mixed__r0p03__medium,mixed,0.03,MEDIUM,pr_auc_trapezoidal,5,0.24115288398071116,0.034445748566817064,0.2057979730226139,0.29205900076242025,0.19838283809408153,0.2839229298673408
decision_tree,pairwise_correlation_filter_natural,mixed__r0p03__medium,mixed,0.03,MEDIUM,roc_auc,5,0.5985439098892706,0.015014099813270782,0.5821506300114547,0.6176617983963345,0.5799014426856797,0.6171863770928616
decision_tree,pairwise_correlation_filter_natural,mixed__r0p03__medium,mixed,0.03,MEDIUM,TP,5,55.2,24.509181952892675,30.0,83.0,24.767831143643562,85.63216885635644
decision_tree,pairwise_correlation_filter_natural,mixed__r0p03__medium,mixed,0.03,MEDIUM,TN,5,4942.4,974.1903304796245,3685.0,5805.0,3732.7829392442613,6152.0170607557375
decision_tree,pairwise_correlation_filter_natural,mixed__r0p03__medium,mixed,0.03,MEDIUM,FP,5,877.6,974.1903304796245,15.0,2135.0,-332.01706075573827,2087.217060755738
decision_tree,pairwise_correlation_filter_natural,mixed__r0p03__medium,mixed,0.03,MEDIUM,FN,5,124.8,24.509181952892675,97.0,150.0,94.36783114364356,155.23216885635645
decision_tree,pairwise_correlation_filter_natural,mixed__r0p03__medium,mixed,0.03,MEDIUM,attack_prevalence,5,0.03,0.0,0.03,0.03,0.03,0.03
decision_tree,pairwise_correlation_filter_natural,mixed__r0p03__medium,mixed,0.03,MEDIUM,visible_feature_attack_count,5,103.0,0.0,103.0,103.0,103.0,103.0
decision_tree,pairwise_correlation_filter_natural,mixed__r0p03__medium,mixed,0.03,MEDIUM,invisible_feature_attack_count,5,77.0,0.0,77.0,77.0,77.0,77.0
decision_tree,pairwise_correlation_filter_natural,mixed__r0p03__medium,mixed,0.03,MEDIUM,selected_feature_visibility_rate,5,0.5722222222222222,0.0,0.5722222222222222,0.5722222222222222,0.5722222222222222,0.5722222222222222
decision_tree,pairwise_correlation_filter_natural,mixed__r0p03__medium,mixed,0.03,MEDIUM,visible_attack_recall,5,0.4233009708737864,0.13927894244993627,0.2912621359223301,0.5922330097087378,0.2503633223256691,0.5962386194219036
decision_tree,pairwise_correlation_filter_natural,mixed__r0p03__medium,mixed,0.03,MEDIUM,invisible_attack_recall,5,0.15064935064935064,0.1376255770570281,0.0,0.33766233766233766,-0.020235373614514912,0.3215340749132162
decision_tree,pairwise_correlation_filter_natural,mixed__r0p03__medium,mixed,0.03,MEDIUM,visible_attack_f1,5,0.17500240255865193,0.1431799354351734,0.04967320261437908,0.40540540540540543,-0.0027789685364835726,0.35278377365378744
decision_tree,pairwise_correlation_filter_natural,mixed__r0p03__medium,mixed,0.03,MEDIUM,paired_induced_attack_induced_detection_rate,5,0.16111111111111112,0.016197088596792503,0.1388888888888889,0.17777777777777778,0.14099976932474118,0.18122245289748107
decision_tree,pairwise_correlation_filter_natural,mixed__r0p03__medium,mixed,0.03,MEDIUM,paired_induced_mean_anomaly_score_delta,5,0.09470614951207737,0.00769557763736772,0.083562864826252,0.10467067714075592,0.0851508278143683,0.10426147120978645
decision_tree,pairwise_correlation_filter_natural,mixed__r0p03__medium,mixed,0.03,MEDIUM,paired_induced_median_anomaly_score_delta,5,0.0,0.0,0.0,0.0,0.0,0.0
decision_tree,pairwise_correlation_filter_natural,mixed__r0p03__medium,mixed,0.03,MEDIUM,selected_feature_count,5,42.0,0.0,42.0,42.0,42.0,42.0
decision_tree,pairwise_correlation_filter_natural,mixed__r0p03__medium,mixed,0.03,MEDIUM,source_block_count,5,9.0,0.0,9.0,9.0,9.0,9.0
decision_tree,pairwise_correlation_filter_natural,mixed__r0p03__medium,mixed,0.03,MEDIUM,selected_input_bytes,5,2016132.0,0.0,2016132.0,2016132.0,2016132.0,2016132.0
decision_tree,pairwise_correlation_filter_natural,mixed__r0p03__medium,mixed,0.03,MEDIUM,model_fit_wall_time_sec,0,,,,,,
decision_tree,pairwise_correlation_filter_natural,mixed__r0p03__medium,mixed,0.03,MEDIUM,model_fit_cpu_time_sec,0,,,,,,
decision_tree,pairwise_correlation_filter_natural,mixed__r0p03__medium,mixed,0.03,MEDIUM,model_fit_peak_rss_mib,0,,,,,,
decision_tree,pairwise_correlation_filter_natural,mixed__r0p03__medium,mixed,0.03,MEDIUM,combined_fit_wall_time_sec,0,,,,,,
decision_tree,pairwise_correlation_filter_natural,mixed__r0p03__medium,mixed,0.03,MEDIUM,inference_wall_time_sec,5,0.00332038783992175,0.0012296011603964783,0.0018798459001118316,0.0052760284997930285,0.0017936363469066574,0.0048471393329368425
decision_tree,pairwise_correlation_filter_natural,mixed__r0p03__medium,mixed,0.03,MEDIUM,per_record_inference_sec,5,5.533979733202917e-07,2.0493352673274634e-07,3.1330765001863863e-07,8.793380832988381e-07,2.9893939115110964e-07,8.078565554894736e-07
decision_tree,pairwise_correlation_filter_natural,mixed__r0p03__medium,mixed,0.03,MEDIUM,inference_cpu_time_sec,5,0.003413019100000838,0.0012553382226451703,0.001976195600002484,0.005429819400001179,0.00185431082337199,0.004971727376629686
decision_tree,pairwise_correlation_filter_natural,mixed__r0p03__medium,mixed,0.03,MEDIUM,inference_peak_rss_mib,5,805.01640625,0.43412481554127963,804.8203125,805.79296875,804.4773690958151,805.555443404185
decision_tree,pairwise_correlation_filter_natural,mixed__r0p03__medium,mixed,0.03,MEDIUM,peak_rss_mib,5,805.01640625,0.43412481554127963,804.8203125,805.79296875,804.4773690958151,805.555443404185
decision_tree,pairwise_correlation_filter_natural,mixed__r0p03__medium,mixed,0.03,MEDIUM,serialized_model_bytes,5,4116.0,327.90242451070714,3764.0,4404.0,3708.8553645610036,4523.144635438996
decision_tree,pairwise_correlation_filter_natural,mixed__r0p03__medium,mixed,0.03,MEDIUM,serialized_model_kib,5,4.01953125,0.32021721143623744,3.67578125,4.30078125,3.621929066954105,4.417133433045895
logistic_regression,pairwise_correlation_filter_natural,mixed__r0p03__medium,mixed,0.03,MEDIUM,precision,5,0.02985289751253336,0.002668621367327925,0.02556818181818182,0.03278688524590164,0.02653936643588234,0.03316642858918438
logistic_regression,pairwise_correlation_filter_natural,mixed__r0p03__medium,mixed,0.03,MEDIUM,recall,5,0.4322222222222223,0.09207820079545646,0.31666666666666665,0.5166666666666667,0.31789203527503596,0.5465524091694086
logistic_regression,pairwise_correlation_filter_natural,mixed__r0p03__medium,mixed,0.03,MEDIUM,f1,5,0.05576164344995103,0.005224839900315488,0.047655068078668684,0.06136282554405994,0.049274147849345584,0.06224913905055647
logistic_regression,pairwise_correlation_filter_natural,mixed__r0p03__medium,mixed,0.03,MEDIUM,average_precision,5,0.03282474952341385,0.0028010049545078154,0.02915727734192705,0.03596276031054724,0.029346842512608357,0.03630265653421934
logistic_regression,pairwise_correlation_filter_natural,mixed__r0p03__medium,mixed,0.03,MEDIUM,pr_auc_trapezoidal,5,0.031869399836468866,0.0025025146065942843,0.028599302923631574,0.03445990917480707,0.02876211754447922,0.03497668212845852
logistic_regression,pairwise_correlation_filter_natural,mixed__r0p03__medium,mixed,0.03,MEDIUM,roc_auc,5,0.504016036655212,0.014546155182091762,0.4920475372279496,0.5202329133256969,0.4859545994533092,0.5220774738571148
logistic_regression,pairwise_correlation_filter_natural,mixed__r0p03__medium,mixed,0.03,MEDIUM,TP,5,77.8,16.574076143182157,57.0,93.0,57.22056634950646,98.37943365049352
logistic_regression,pairwise_correlation_filter_natural,mixed__r0p03__medium,mixed,0.03,MEDIUM,TN,5,3301.8,421.1830955772086,2893.0,3947.0,2778.8321135693495,3824.767886430651
logistic_regression,pairwise_correlation_filter_natural,mixed__r0p03__medium,mixed,0.03,MEDIUM,FP,5,2518.2,421.1830955772086,1873.0,2927.0,1995.2321135693492,3041.1678864306505
logistic_regression,pairwise_correlation_filter_natural,mixed__r0p03__medium,mixed,0.03,MEDIUM,FN,5,102.2,16.574076143182157,87.0,123.0,81.62056634950648,122.77943365049353
logistic_regression,pairwise_correlation_filter_natural,mixed__r0p03__medium,mixed,0.03,MEDIUM,attack_prevalence,5,0.03,0.0,0.03,0.03,0.03,0.03
logistic_regression,pairwise_correlation_filter_natural,mixed__r0p03__medium,mixed,0.03,MEDIUM,visible_feature_attack_count,5,103.0,0.0,103.0,103.0,103.0,103.0
logistic_regression,pairwise_correlation_filter_natural,mixed__r0p03__medium,mixed,0.03,MEDIUM,invisible_feature_attack_count,5,77.0,0.0,77.0,77.0,77.0,77.0
logistic_regression,pairwise_correlation_filter_natural,mixed__r0p03__medium,mixed,0.03,MEDIUM,selected_feature_visibility_rate,5,0.5722222222222222,0.0,0.5722222222222222,0.5722222222222222,0.5722222222222222,0.5722222222222222
logistic_regression,pairwise_correlation_filter_natural,mixed__r0p03__medium,mixed,0.03,MEDIUM,visible_attack_recall,5,0.4349514563106796,0.12036485834073749,0.2815533980582524,0.5436893203883495,0.285498745059971,0.5844041675613882
logistic_regression,pairwise_correlation_filter_natural,mixed__r0p03__medium,mixed,0.03,MEDIUM,invisible_attack_recall,5,0.42857142857142855,0.05880120219569748,0.36363636363636365,0.5064935064935064,0.35556009275387285,0.5015827643889843
logistic_regression,pairwise_correlation_filter_natural,mixed__r0p03__medium,mixed,0.03,MEDIUM,visible_attack_f1,5,0.03316572121241893,0.005015373647368023,0.026792750197005517,0.0379041248606466,0.026938312316937208,0.03939313010790066
logistic_regression,pairwise_correlation_filter_natural,mixed__r0p03__medium,mixed,0.03,MEDIUM,paired_induced_attack_induced_detection_rate,5,0.026666666666666665,0.017302679447108265,0.005555555555555556,0.044444444444444446,0.005182552524715049,0.04815078080861828
logistic_regression,pairwise_correlation_filter_natural,mixed__r0p03__medium,mixed,0.03,MEDIUM,paired_induced_mean_anomaly_score_delta,5,0.0005177243672524137,0.0005030069646686969,-0.00017538909834921907,0.0012036527003590756,-0.00010684127162295643,0.0011422900061277838
logistic_regression,pairwise_correlation_filter_natural,mixed__r0p03__medium,mixed,0.03,MEDIUM,paired_induced_median_anomaly_score_delta,5,0.0,0.0,0.0,0.0,0.0,0.0
logistic_regression,pairwise_correlation_filter_natural,mixed__r0p03__medium,mixed,0.03,MEDIUM,selected_feature_count,5,42.0,0.0,42.0,42.0,42.0,42.0
logistic_regression,pairwise_correlation_filter_natural,mixed__r0p03__medium,mixed,0.03,MEDIUM,source_block_count,5,9.0,0.0,9.0,9.0,9.0,9.0
logistic_regression,pairwise_correlation_filter_natural,mixed__r0p03__medium,mixed,0.03,MEDIUM,selected_input_bytes,5,2016132.0,0.0,2016132.0,2016132.0,2016132.0,2016132.0
logistic_regression,pairwise_correlation_filter_natural,mixed__r0p03__medium,mixed,0.03,MEDIUM,model_fit_wall_time_sec,5,0.5226187851993018,0.1320858923339655,0.33173528499901295,0.6544766820006771,0.358612488017468,0.6866250823811357
logistic_regression,pairwise_correlation_filter_natural,mixed__r0p03__medium,mixed,0.03,MEDIUM,model_fit_cpu_time_sec,5,0.32897909459999986,0.11776488132572177,0.18253484599999936,0.47190246899999977,0.18275468120499616,0.47520350799500355
logistic_regression,pairwise_correlation_filter_natural,mixed__r0p03__medium,mixed,0.03,MEDIUM,model_fit_peak_rss_mib,5,181.35625,0.274181465592076,181.0546875,181.63671875,181.01580874519928,181.6966912548007
logistic_regression,pairwise_correlation_filter_natural,mixed__r0p03__medium,mixed,0.03,MEDIUM,combined_fit_wall_time_sec,5,0.5226187851993018,0.1320858923339655,0.33173528499901295,0.6544766820006771,0.358612488017468,0.6866250823811357
logistic_regression,pairwise_correlation_filter_natural,mixed__r0p03__medium,mixed,0.03,MEDIUM,inference_wall_time_sec,5,0.0033246581998537294,0.0005630517240818648,0.002669095099554397,0.00393136240018066,0.0026255371449341626,0.004023779254773296
logistic_regression,pairwise_correlation_filter_natural,mixed__r0p03__medium,mixed,0.03,MEDIUM,per_record_inference_sec,5,5.541096999756215e-07,9.384195401364417e-08,4.4484918325906616e-07,6.552270666967767e-07,4.3758952415569367e-07,6.706298757955493e-07
logistic_regression,pairwise_correlation_filter_natural,mixed__r0p03__medium,mixed,0.03,MEDIUM,inference_cpu_time_sec,5,0.003413740400001188,0.0005658400575884829,0.002682382199998301,0.003992050500005462,0.002711157171751466,0.00411632362825091
logistic_regression,pairwise_correlation_filter_natural,mixed__r0p03__medium,mixed,0.03,MEDIUM,inference_peak_rss_mib,5,805.01640625,0.43412481554127963,804.8203125,805.79296875,804.4773690958151,805.555443404185
logistic_regression,pairwise_correlation_filter_natural,mixed__r0p03__medium,mixed,0.03,MEDIUM,peak_rss_mib,5,805.01640625,0.43412481554127963,804.8203125,805.79296875,804.4773690958151,805.555443404185
logistic_regression,pairwise_correlation_filter_natural,mixed__r0p03__medium,mixed,0.03,MEDIUM,serialized_model_bytes,5,2310.0,0.0,2310.0,2310.0,2310.0,2310.0
logistic_regression,pairwise_correlation_filter_natural,mixed__r0p03__medium,mixed,0.03,MEDIUM,serialized_model_kib,5,2.255859375,0.0,2.255859375,2.255859375,2.255859375,2.255859375
decision_tree,mutual_information_select_k_best_k11,mixed__r0p03__medium,mixed,0.03,MEDIUM,precision,5,0.2358768445656727,0.30737284336490744,0.037693006357856496,0.7727272727272727,-0.1457769490663609,0.6175306381977064
decision_tree,mutual_information_select_k_best_k11,mixed__r0p03__medium,mixed,0.03,MEDIUM,recall,5,0.3,0.14038087520548087,0.18333333333333332,0.46111111111111114,0.12569412122088044,0.47430587877911956
decision_tree,mutual_information_select_k_best_k11,mixed__r0p03__medium,mixed,0.03,MEDIUM,f1,5,0.16100471763600543,0.09473346349132865,0.06968933669185558,0.30357142857142855,0.0433775865935785,0.2786318486784324
decision_tree,mutual_information_select_k_best_k11,mixed__r0p03__medium,mixed,0.03,MEDIUM,average_precision,5,0.20306849858788473,0.013821288088322916,0.18377345645852916,0.2179274906867676,0.185907102759798,0.22022989441597146
decision_tree,mutual_information_select_k_best_k11,mixed__r0p03__medium,mixed,0.03,MEDIUM,pr_auc_trapezoidal,5,0.23807607148817828,0.03489021399853645,0.20124558536269713,0.2958488404375838,0.19475414887653614,0.2813979940998204
decision_tree,mutual_information_select_k_best_k11,mixed__r0p03__medium,mixed,0.03,MEDIUM,roc_auc,5,0.6000910652920961,0.011411196316208677,0.5871234249713632,0.6139490263459335,0.5859221936498131,0.6142599369343791
decision_tree,mutual_information_select_k_best_k11,mixed__r0p03__medium,mixed,0.03,MEDIUM,TP,5,54.0,25.268557536986556,33.0,83.0,22.624941819758476,85.37505818024152
decision_tree,mutual_information_select_k_best_k11,mixed__r0p03__medium,mixed,0.03,MEDIUM,TN,5,4971.6,983.1990134250543,3701.0,5810.0,3750.797181959681,6192.40281804032
decision_tree,mutual_information_select_k_best_k11,mixed__r0p03__medium,mixed,0.03,MEDIUM,FP,5,848.4,983.1990134250542,10.0,2119.0,-372.4028180403194,2069.2028180403195
decision_tree,mutual_information_select_k_best_k11,mixed__r0p03__medium,mixed,0.03,MEDIUM,FN,5,126.0,25.268557536986556,97.0,147.0,94.62494181975848,157.37505818024152
decision_tree,mutual_information_select_k_best_k11,mixed__r0p03__medium,mixed,0.03,MEDIUM,attack_prevalence,5,0.03,0.0,0.03,0.03,0.03,0.03
decision_tree,mutual_information_select_k_best_k11,mixed__r0p03__medium,mixed,0.03,MEDIUM,visible_feature_attack_count,5,103.0,0.0,103.0,103.0,103.0,103.0
decision_tree,mutual_information_select_k_best_k11,mixed__r0p03__medium,mixed,0.03,MEDIUM,invisible_feature_attack_count,5,77.0,0.0,77.0,77.0,77.0,77.0
decision_tree,mutual_information_select_k_best_k11,mixed__r0p03__medium,mixed,0.03,MEDIUM,selected_feature_visibility_rate,5,0.5722222222222222,0.0,0.5722222222222222,0.5722222222222222,0.5722222222222222,0.5722222222222222
decision_tree,mutual_information_select_k_best_k11,mixed__r0p03__medium,mixed,0.03,MEDIUM,visible_attack_recall,5,0.41941747572815535,0.14075995883059753,0.3106796116504854,0.5922330097087378,0.2446409024594195,0.5941940489968912
decision_tree,mutual_information_select_k_best_k11,mixed__r0p03__medium,mixed,0.03,MEDIUM,invisible_attack_recall,5,0.14025974025974025,0.14589451085697264,0.012987012987012988,0.33766233766233766,-0.04089222140705484,0.32141170192653534
decision_tree,mutual_information_select_k_best_k11,mixed__r0p03__medium,mixed,0.03,MEDIUM,visible_attack_f1,5,0.19293354796838752,0.16385255881253305,0.050021939447125935,0.4520547945205479,-0.010516275322861368,0.3963833712596364
decision_tree,mutual_information_select_k_best_k11,mixed__r0p03__medium,mixed,0.03,MEDIUM,paired_induced_attack_induced_detection_rate,5,0.1622222222222222,0.02304049039258636,0.12777777777777777,0.18333333333333332,0.13361367480076528,0.19083076964367915
decision_tree,mutual_information_select_k_best_k11,mixed__r0p03__medium,mixed,0.03,MEDIUM,paired_induced_mean_anomaly_score_delta,5,0.09567678495300194,0.00772534666878553,0.08356286482625197,0.10489821565837179,0.08608450012071994,0.10526906978528394
decision_tree,mutual_information_select_k_best_k11,mixed__r0p03__medium,mixed,0.03,MEDIUM,paired_induced_median_anomaly_score_delta,5,0.0,0.0,0.0,0.0,0.0,0.0
decision_tree,mutual_information_select_k_best_k11,mixed__r0p03__medium,mixed,0.03,MEDIUM,selected_feature_count,5,11.0,0.0,11.0,11.0,11.0,11.0
decision_tree,mutual_information_select_k_best_k11,mixed__r0p03__medium,mixed,0.03,MEDIUM,source_block_count,5,5.0,0.7071067811865476,4.0,6.0,4.122010966914219,5.877989033085781
decision_tree,mutual_information_select_k_best_k11,mixed__r0p03__medium,mixed,0.03,MEDIUM,selected_input_bytes,5,528132.0,0.0,528132.0,528132.0,528132.0,528132.0
decision_tree,mutual_information_select_k_best_k11,mixed__r0p03__medium,mixed,0.03,MEDIUM,model_fit_wall_time_sec,0,,,,,,
decision_tree,mutual_information_select_k_best_k11,mixed__r0p03__medium,mixed,0.03,MEDIUM,model_fit_cpu_time_sec,0,,,,,,
decision_tree,mutual_information_select_k_best_k11,mixed__r0p03__medium,mixed,0.03,MEDIUM,model_fit_peak_rss_mib,0,,,,,,
decision_tree,mutual_information_select_k_best_k11,mixed__r0p03__medium,mixed,0.03,MEDIUM,combined_fit_wall_time_sec,0,,,,,,
decision_tree,mutual_information_select_k_best_k11,mixed__r0p03__medium,mixed,0.03,MEDIUM,inference_wall_time_sec,5,0.0025587985801394098,0.0005001335669995888,0.0018613801003084518,0.003186999100580579,0.0019378007357022968,0.0031797964245765227
decision_tree,mutual_information_select_k_best_k11,mixed__r0p03__medium,mixed,0.03,MEDIUM,per_record_inference_sec,5,4.264664300232349e-07,8.335559449993146e-08,3.102300167180753e-07,5.311665167634298e-07,3.2296678928371605e-07,5.299660707627538e-07
decision_tree,mutual_information_select_k_best_k11,mixed__r0p03__medium,mixed,0.03,MEDIUM,inference_cpu_time_sec,5,0.0026079330000015944,0.0005039913084206667,0.001859696899998653,0.00321274610000728,0.0019821451369275455,0.0032337208630756433
decision_tree,mutual_information_select_k_best_k11,mixed__r0p03__medium,mixed,0.03,MEDIUM,inference_peak_rss_mib,5,805.209375,0.5327457688233843,804.8203125,805.79296875,804.5478837586561,805.870866241344
decision_tree,mutual_information_select_k_best_k11,mixed__r0p03__medium,mixed,0.03,MEDIUM,peak_rss_mib,5,805.209375,0.5327457688233843,804.8203125,805.79296875,804.5478837586561,805.870866241344
decision_tree,mutual_information_select_k_best_k11,mixed__r0p03__medium,mixed,0.03,MEDIUM,serialized_model_bytes,5,3402.4,341.02903102228703,3028.0,3716.0,2978.9565298369753,3825.843470163025
decision_tree,mutual_information_select_k_best_k11,mixed__r0p03__medium,mixed,0.03,MEDIUM,serialized_model_kib,5,3.32265625,0.3330361631077022,2.95703125,3.62890625,2.909137236168921,3.736175263831079
logistic_regression,mutual_information_select_k_best_k11,mixed__r0p03__medium,mixed,0.03,MEDIUM,precision,5,0.031281044402164844,0.001957959826256754,0.02974186307519641,0.034292712798530314,0.028849916175970602,0.033712172628359086
logistic_regression,mutual_information_select_k_best_k11,mixed__r0p03__medium,mixed,0.03,MEDIUM,recall,5,0.5233333333333333,0.08083285605051917,0.42777777777777776,0.6222222222222222,0.4229660861033366,0.62370058056333
logistic_regression,mutual_information_select_k_best_k11,mixed__r0p03__medium,mixed,0.03,MEDIUM,f1,5,0.05898575944428887,0.0037699654704691703,0.05591866376180102,0.06500290191526407,0.05430472904513226,0.06366678984344547
logistic_regression,mutual_information_select_k_best_k11,mixed__r0p03__medium,mixed,0.03,MEDIUM,average_precision,5,0.03130427307079961,0.0012951444133893837,0.02970969616861573,0.032748664548867004,0.029696138880218,0.03291240726138122
logistic_regression,mutual_information_select_k_best_k11,mixed__r0p03__medium,mixed,0.03,MEDIUM,pr_auc_trapezoidal,5,0.03073870977063791,0.0011965082849547824,0.029293755924146323,0.03222741532641009,0.029253048509655846,0.03222437103161997
logistic_regression,mutual_information_select_k_best_k11,mixed__r0p03__medium,mixed,0.03,MEDIUM,roc_auc,5,0.5096257159221077,0.015663880257413044,0.4967726231386025,0.5325133638793432,0.49017643973428776,0.5290749921099277
logistic_regression,mutual_information_select_k_best_k11,mixed__r0p03__medium,mixed,0.03,MEDIUM,TP,5,94.2,14.549914089093447,77.0,112.0,76.1338954986006,112.26610450139941
logistic_regression,mutual_information_select_k_best_k11,mixed__r0p03__medium,mixed,0.03,MEDIUM,TN,5,2903.8,405.73414941313484,2362.0,3323.0,2400.0145138314833,3407.585486168517
logistic_regression,mutual_information_select_k_best_k11,mixed__r0p03__medium,mixed,0.03,MEDIUM,FP,5,2916.2,405.73414941313484,2497.0,3458.0,2412.414513831483,3419.9854861685167
logistic_regression,mutual_information_select_k_best_k11,mixed__r0p03__medium,mixed,0.03,MEDIUM,FN,5,85.8,14.549914089093447,68.0,103.0,67.73389549860059,103.8661045013994
logistic_regression,mutual_information_select_k_best_k11,mixed__r0p03__medium,mixed,0.03,MEDIUM,attack_prevalence,5,0.03,0.0,0.03,0.03,0.03,0.03
logistic_regression,mutual_information_select_k_best_k11,mixed__r0p03__medium,mixed,0.03,MEDIUM,visible_feature_attack_count,5,103.0,0.0,103.0,103.0,103.0,103.0
logistic_regression,mutual_information_select_k_best_k11,mixed__r0p03__medium,mixed,0.03,MEDIUM,invisible_feature_attack_count,5,77.0,0.0,77.0,77.0,77.0,77.0
logistic_regression,mutual_information_select_k_best_k11,mixed__r0p03__medium,mixed,0.03,MEDIUM,selected_feature_visibility_rate,5,0.5722222222222222,0.0,0.5722222222222222,0.5722222222222222,0.5722222222222222,0.5722222222222222
logistic_regression,mutual_information_select_k_best_k11,mixed__r0p03__medium,mixed,0.03,MEDIUM,visible_attack_recall,5,0.5184466019417476,0.07476358566282894,0.4077669902912621,0.5922330097087378,0.42561534924751604,0.6112778546359792
logistic_regression,mutual_information_select_k_best_k11,mixed__r0p03__medium,mixed,0.03,MEDIUM,invisible_attack_recall,5,0.5298701298701298,0.10118208405601274,0.4155844155844156,0.6623376623376623,0.40423597883445184,0.6555042809058078
logistic_regression,mutual_information_select_k_best_k11,mixed__r0p03__medium,mixed,0.03,MEDIUM,visible_attack_f1,5,0.03480561032128011,0.003047617854393065,0.03179409538228615,0.03914327917282127,0.03102149295119423,0.03858972769136598
logistic_regression,mutual_information_select_k_best_k11,mixed__r0p03__medium,mixed,0.03,MEDIUM,paired_induced_attack_induced_detection_rate,5,0.02222222222222222,0.005555555555555555,0.016666666666666666,0.027777777777777776,0.015324088898862493,0.029120355545581948
logistic_regression,mutual_information_select_k_best_k11,mixed__r0p03__medium,mixed,0.03,MEDIUM,paired_induced_mean_anomaly_score_delta,5,0.00022736848916310326,0.00040411902928339866,-8.79245554995396e-05,0.0009018295785434567,-0.0002744115604875444,0.000729148538813751
logistic_regression,mutual_information_select_k_best_k11,mixed__r0p03__medium,mixed,0.03,MEDIUM,paired_induced_median_anomaly_score_delta,5,0.0,0.0,0.0,0.0,0.0,0.0
logistic_regression,mutual_information_select_k_best_k11,mixed__r0p03__medium,mixed,0.03,MEDIUM,selected_feature_count,5,11.0,0.0,11.0,11.0,11.0,11.0
logistic_regression,mutual_information_select_k_best_k11,mixed__r0p03__medium,mixed,0.03,MEDIUM,source_block_count,5,5.0,0.7071067811865476,4.0,6.0,4.122010966914219,5.877989033085781
logistic_regression,mutual_information_select_k_best_k11,mixed__r0p03__medium,mixed,0.03,MEDIUM,selected_input_bytes,5,528132.0,0.0,528132.0,528132.0,528132.0,528132.0
logistic_regression,mutual_information_select_k_best_k11,mixed__r0p03__medium,mixed,0.03,MEDIUM,model_fit_wall_time_sec,5,0.27497685859998455,0.02091021720342391,0.24763035999785643,0.29918557299970416,0.24901339470385145,0.30094032249611763
logistic_regression,mutual_information_select_k_best_k11,mixed__r0p03__medium,mixed,0.03,MEDIUM,model_fit_cpu_time_sec,5,0.09213092119999988,0.014315567471356337,0.07548344399999962,0.10902960499999992,0.07435579645694569,0.10990604594305407
logistic_regression,mutual_information_select_k_best_k11,mixed__r0p03__medium,mixed,0.03,MEDIUM,model_fit_peak_rss_mib,5,163.92734375,0.3541635550567968,163.37890625,164.25390625,163.48759161420978,164.36709588579023
logistic_regression,mutual_information_select_k_best_k11,mixed__r0p03__medium,mixed,0.03,MEDIUM,combined_fit_wall_time_sec,5,0.27497685859998455,0.02091021720342391,0.24763035999785643,0.29918557299970416,0.24901339470385145,0.30094032249611763
logistic_regression,mutual_information_select_k_best_k11,mixed__r0p03__medium,mixed,0.03,MEDIUM,inference_wall_time_sec,5,0.004545573199866339,0.0027816762848319482,0.0018496486998628825,0.008583478999935324,0.0010916659023305648,0.007999480497402114
logistic_regression,mutual_information_select_k_best_k11,mixed__r0p03__medium,mixed,0.03,MEDIUM,per_record_inference_sec,5,7.575955333110565e-07,4.636127141386581e-07,3.082747833104804e-07,1.430579833322554e-06,1.8194431705509403e-07,1.333246749567019e-06
logistic_regression,mutual_information_select_k_best_k11,mixed__r0p03__medium,mixed,0.03,MEDIUM,inference_cpu_time_sec,5,0.004708116160002192,0.002944719189126679,0.0018539621000059014,0.008996447000004081,0.0010517643580409074,0.008364467961963476
logistic_regression,mutual_information_select_k_best_k11,mixed__r0p03__medium,mixed,0.03,MEDIUM,inference_peak_rss_mib,5,805.18515625,0.5570523422549436,804.69921875,805.79296875,804.4934844115064,805.8768280884935
logistic_regression,mutual_information_select_k_best_k11,mixed__r0p03__medium,mixed,0.03,MEDIUM,peak_rss_mib,5,805.18515625,0.5570523422549436,804.69921875,805.79296875,804.4934844115064,805.8768280884935
logistic_regression,mutual_information_select_k_best_k11,mixed__r0p03__medium,mixed,0.03,MEDIUM,serialized_model_bytes,5,1353.2,13.386560424545209,1334.0,1366.0,1336.5783898610498,1369.8216101389503
logistic_regression,mutual_information_select_k_best_k11,mixed__r0p03__medium,mixed,0.03,MEDIUM,serialized_model_kib,5,1.321484375,0.01307281291459493,1.302734375,1.333984375,1.3052523338486814,1.3377164161513186
decision_tree,none_natural,mixed__r0p05__medium,mixed,0.05,MEDIUM,precision,5,0.26538479924591335,0.29434746579123955,0.06532438478747203,0.7761194029850746,-0.10009585198987331,0.6308654504817
decision_tree,none_natural,mixed__r0p05__medium,mixed,0.05,MEDIUM,recall,5,0.30533333333333335,0.1423337236528606,0.17333333333333334,0.4866666666666667,0.12860267294315234,0.4820639937235144
decision_tree,none_natural,mixed__r0p05__medium,mixed,0.05,MEDIUM,f1,5,0.18900476213886783,0.07131060379599996,0.11518737672583826,0.28337874659400547,0.10046095271513163,0.27754857156260404
decision_tree,none_natural,mixed__r0p05__medium,mixed,0.05,MEDIUM,average_precision,5,0.22208384690725302,0.004786465708754925,0.2183880606900212,0.22917337773289193,0.21614066475805044,0.2280270290564556
decision_tree,none_natural,mixed__r0p05__medium,mixed,0.05,MEDIUM,pr_auc_trapezoidal,5,0.27016101700336037,0.03266022586731958,0.24223550783747616,0.324556061589544,0.22960799037067411,0.3107140436360466
decision_tree,none_natural,mixed__r0p05__medium,mixed,0.05,MEDIUM,roc_auc,5,0.6035330994152047,0.011182470453636862,0.5873637426900585,0.6154149122807018,0.5896482284419354,0.617417970388474
decision_tree,none_natural,mixed__r0p05__medium,mixed,0.05,MEDIUM,TP,5,91.6,42.70011709585818,52.0,146.0,38.580801882945686,144.6191981170543
decision_tree,none_natural,mixed__r0p05__medium,mixed,0.05,MEDIUM,TN,5,4841.4,952.9204059101684,3611.0,5685.0,3658.1930388266856,6024.606961173314
decision_tree,none_natural,mixed__r0p05__medium,mixed,0.05,MEDIUM,FP,5,858.6,952.9204059101684,15.0,2089.0,-324.60696117331383,2041.806961173314
decision_tree,none_natural,mixed__r0p05__medium,mixed,0.05,MEDIUM,FN,5,208.4,42.70011709585818,154.0,248.0,155.3808018829457,261.4191981170543
decision_tree,none_natural,mixed__r0p05__medium,mixed,0.05,MEDIUM,attack_prevalence,5,0.05,0.0,0.05,0.05,0.05,0.05
decision_tree,none_natural,mixed__r0p05__medium,mixed,0.05,MEDIUM,visible_feature_attack_count,5,171.0,0.0,171.0,171.0,171.0,171.0
decision_tree,none_natural,mixed__r0p05__medium,mixed,0.05,MEDIUM,invisible_feature_attack_count,5,129.0,0.0,129.0,129.0,129.0,129.0
decision_tree,none_natural,mixed__r0p05__medium,mixed,0.05,MEDIUM,selected_feature_visibility_rate,5,0.57,0.0,0.57,0.57,0.57,0.57
decision_tree,none_natural,mixed__r0p05__medium,mixed,0.05,MEDIUM,visible_attack_recall,5,0.4128654970760234,0.12580577131719164,0.30409356725146197,0.5614035087719298,0.2566570000650866,0.5690739940869601
decision_tree,none_natural,mixed__r0p05__medium,mixed,0.05,MEDIUM,invisible_attack_recall,5,0.16279069767441862,0.16562682650559302,0.0,0.3875968992248062,-0.04286216993448061,0.36844356528331784
decision_tree,none_natural,mixed__r0p05__medium,mixed,0.05,MEDIUM,visible_attack_f1,5,0.21695978530616383,0.14433596653451913,0.08149405772495756,0.4369747899159664,0.03774301201416566,0.39617655859816203
decision_tree,none_natural,mixed__r0p05__medium,mixed,0.05,MEDIUM,paired_induced_attack_induced_detection_rate,5,0.15933333333333333,0.0151657508881031,0.14333333333333334,0.17333333333333334,0.14050256644983397,0.17816410021683268
decision_tree,none_natural,mixed__r0p05__medium,mixed,0.05,MEDIUM,paired_induced_mean_anomaly_score_delta,5,0.09451243064263029,0.004343856071366962,0.08675753206877249,0.09676968188856577,0.0891188209454308,0.09990604033982978
decision_tree,none_natural,mixed__r0p05__medium,mixed,0.05,MEDIUM,paired_induced_median_anomaly_score_delta,5,0.0,0.0,0.0,0.0,0.0,0.0
decision_tree,none_natural,mixed__r0p05__medium,mixed,0.05,MEDIUM,selected_feature_count,5,43.0,0.0,43.0,43.0,43.0,43.0
decision_tree,none_natural,mixed__r0p05__medium,mixed,0.05,MEDIUM,source_block_count,5,10.0,0.0,10.0,10.0,10.0,10.0
decision_tree,none_natural,mixed__r0p05__medium,mixed,0.05,MEDIUM,selected_input_bytes,5,2064132.0,0.0,2064132.0,2064132.0,2064132.0,2064132.0
decision_tree,none_natural,mixed__r0p05__medium,mixed,0.05,MEDIUM,model_fit_wall_time_sec,0,,,,,,
decision_tree,none_natural,mixed__r0p05__medium,mixed,0.05,MEDIUM,model_fit_cpu_time_sec,0,,,,,,
decision_tree,none_natural,mixed__r0p05__medium,mixed,0.05,MEDIUM,model_fit_peak_rss_mib,0,,,,,,
decision_tree,none_natural,mixed__r0p05__medium,mixed,0.05,MEDIUM,combined_fit_wall_time_sec,0,,,,,,
decision_tree,none_natural,mixed__r0p05__medium,mixed,0.05,MEDIUM,inference_wall_time_sec,5,0.004544962019863306,0.004141259850231026,0.002444143300090218,0.011935563799488591,-0.0005970912433793576,0.00968701528310597
decision_tree,none_natural,mixed__r0p05__medium,mixed,0.05,MEDIUM,per_record_inference_sec,5,7.574936699772176e-07,6.902099750385043e-07,4.07357216681703e-07,1.9892606332480985e-06,-9.951520722989285e-08,1.6145025471843281e-06
decision_tree,none_natural,mixed__r0p05__medium,mixed,0.05,MEDIUM,inference_cpu_time_sec,5,0.004704133579998597,0.004306144892119569,0.0024886656000035145,0.012386692699999457,-0.0006426515035995528,0.010050918663596746
decision_tree,none_natural,mixed__r0p05__medium,mixed,0.05,MEDIUM,inference_peak_rss_mib,5,805.325,0.5557277327867318,804.69921875,805.80078125,804.6349728813948,806.0150271186053
decision_tree,none_natural,mixed__r0p05__medium,mixed,0.05,MEDIUM,peak_rss_mib,5,805.325,0.5557277327867318,804.69921875,805.80078125,804.6349728813948,806.0150271186053
decision_tree,none_natural,mixed__r0p05__medium,mixed,0.05,MEDIUM,serialized_model_bytes,5,4132.0,327.90242451070714,3780.0,4420.0,3724.8553645610036,4539.144635438996
decision_tree,none_natural,mixed__r0p05__medium,mixed,0.05,MEDIUM,serialized_model_kib,5,4.03515625,0.32021721143623744,3.69140625,4.31640625,3.637554066954105,4.432758433045895
logistic_regression,none_natural,mixed__r0p05__medium,mixed,0.05,MEDIUM,precision,5,0.048824376447069925,0.0025431218874503985,0.046228710462287104,0.05299275638581777,0.04566667355637625,0.0519820793377636
logistic_regression,none_natural,mixed__r0p05__medium,mixed,0.05,MEDIUM,recall,5,0.42333333333333334,0.07824463062870336,0.30666666666666664,0.49333333333333335,0.3261797924288436,0.520486874237823
logistic_regression,none_natural,mixed__r0p05__medium,mixed,0.05,MEDIUM,f1,5,0.0873482710095709,0.005279231126490594,0.0824295010845987,0.09510776599384195,0.08079323978160562,0.0939033022375362
logistic_regression,none_natural,mixed__r0p05__medium,mixed,0.05,MEDIUM,average_precision,5,0.051149797360171737,0.003092591785531444,0.047586258876705076,0.055502056864562326,0.047309837478933595,0.05498975724140988
logistic_regression,none_natural,mixed__r0p05__medium,mixed,0.05,MEDIUM,pr_auc_trapezoidal,5,0.05038061978673021,0.002956490081326287,0.04702662980790401,0.05463989404205821,0.04670965249169792,0.0540515870817625
logistic_regression,none_natural,mixed__r0p05__medium,mixed,0.05,MEDIUM,roc_auc,5,0.49399999999999994,0.015421630169901876,0.4780204678362573,0.5108198830409357,0.4748515170244046,0.5131484829755953
logistic_regression,none_natural,mixed__r0p05__medium,mixed,0.05,MEDIUM,TP,5,127.0,23.473389188611005,92.0,148.0,97.85393772865308,156.14606227134692
logistic_regression,none_natural,mixed__r0p05__medium,mixed,0.05,MEDIUM,TN,5,3230.4,413.3537226153891,2828.0,3861.0,2717.1535641045584,3743.6464358954418
logistic_regression,none_natural,mixed__r0p05__medium,mixed,0.05,MEDIUM,FP,5,2469.6,413.3537226153891,1839.0,2872.0,1956.3535641045582,2982.8464358954416
logistic_regression,none_natural,mixed__r0p05__medium,mixed,0.05,MEDIUM,FN,5,173.0,23.473389188611005,152.0,208.0,143.85393772865308,202.14606227134692
logistic_regression,none_natural,mixed__r0p05__medium,mixed,0.05,MEDIUM,attack_prevalence,5,0.05,0.0,0.05,0.05,0.05,0.05
logistic_regression,none_natural,mixed__r0p05__medium,mixed,0.05,MEDIUM,visible_feature_attack_count,5,171.0,0.0,171.0,171.0,171.0,171.0
logistic_regression,none_natural,mixed__r0p05__medium,mixed,0.05,MEDIUM,invisible_feature_attack_count,5,129.0,0.0,129.0,129.0,129.0,129.0
logistic_regression,none_natural,mixed__r0p05__medium,mixed,0.05,MEDIUM,selected_feature_visibility_rate,5,0.57,0.0,0.57,0.57,0.57,0.57
logistic_regression,none_natural,mixed__r0p05__medium,mixed,0.05,MEDIUM,visible_attack_recall,5,0.43625730994152045,0.0918705819258736,0.30994152046783624,0.52046783625731,0.3221849158700431,0.5503297040129977
logistic_regression,none_natural,mixed__r0p05__medium,mixed,0.05,MEDIUM,invisible_attack_recall,5,0.4062015503875968,0.06793458077583456,0.3023255813953488,0.4883720930232558,0.32184962720511046,0.49055347357008317
logistic_regression,none_natural,mixed__r0p05__medium,mixed,0.05,MEDIUM,visible_attack_f1,5,0.054646466821436014,0.004844803327170564,0.048723897911832945,0.0606281957633309,0.04863084895170573,0.060662084691166296
logistic_regression,none_natural,mixed__r0p05__medium,mixed,0.05,MEDIUM,paired_induced_attack_induced_detection_rate,5,0.026666666666666665,0.01715938356831167,0.006666666666666667,0.043333333333333335,0.005360477858507892,0.04797285547482544
logistic_regression,none_natural,mixed__r0p05__medium,mixed,0.05,MEDIUM,paired_induced_mean_anomaly_score_delta,5,0.00023849492737557494,0.0003211688295723051,-0.00028757439086179635,0.0005721336246787475,-0.00016028884564991361,0.0006372787004010636
logistic_regression,none_natural,mixed__r0p05__medium,mixed,0.05,MEDIUM,paired_induced_median_anomaly_score_delta,5,0.0,0.0,0.0,0.0,0.0,0.0
logistic_regression,none_natural,mixed__r0p05__medium,mixed,0.05,MEDIUM,selected_feature_count,5,43.0,0.0,43.0,43.0,43.0,43.0
logistic_regression,none_natural,mixed__r0p05__medium,mixed,0.05,MEDIUM,source_block_count,5,10.0,0.0,10.0,10.0,10.0,10.0
logistic_regression,none_natural,mixed__r0p05__medium,mixed,0.05,MEDIUM,selected_input_bytes,5,2064132.0,0.0,2064132.0,2064132.0,2064132.0,2064132.0
logistic_regression,none_natural,mixed__r0p05__medium,mixed,0.05,MEDIUM,model_fit_wall_time_sec,5,0.49001829079934395,0.09719446902817075,0.4144513709979947,0.6605000540002948,0.3693354177824376,0.6107011638162503
logistic_regression,none_natural,mixed__r0p05__medium,mixed,0.05,MEDIUM,model_fit_cpu_time_sec,5,0.29261962500000005,0.07522294968955433,0.21856836799999968,0.4180874179999998,0.19921799653171318,0.3860212534682869
logistic_regression,none_natural,mixed__r0p05__medium,mixed,0.05,MEDIUM,model_fit_peak_rss_mib,5,182.0546875,0.12530480415894876,181.8984375,182.19140625,181.89910103587374,182.21027396412626
logistic_regression,none_natural,mixed__r0p05__medium,mixed,0.05,MEDIUM,combined_fit_wall_time_sec,5,0.49001829079934395,0.09719446902817075,0.4144513709979947,0.6605000540002948,0.3693354177824376,0.6107011638162503
logistic_regression,none_natural,mixed__r0p05__medium,mixed,0.05,MEDIUM,inference_wall_time_sec,5,0.0024862504401244223,0.0010192959084854981,0.0016806153005745727,0.003947848299867473,0.0012206274070405748,0.0037518734732082696
logistic_regression,none_natural,mixed__r0p05__medium,mixed,0.05,MEDIUM,per_record_inference_sec,5,4.1437507335407036e-07,1.698826514142497e-07,2.801025500957621e-07,6.579747166445789e-07,2.0343790117342908e-07,6.253122455347116e-07
logistic_regression,none_natural,mixed__r0p05__medium,mixed,0.05,MEDIUM,inference_cpu_time_sec,5,0.002564003120000962,0.0010793615884771685,0.0017311408999944433,0.004135036300010597,0.0012237986945437696,0.003904207545458154
logistic_regression,none_natural,mixed__r0p05__medium,mixed,0.05,MEDIUM,inference_peak_rss_mib,5,805.73046875,0.0900557959640508,805.59375,805.80078125,805.6186497103217,805.8422877896783
logistic_regression,none_natural,mixed__r0p05__medium,mixed,0.05,MEDIUM,peak_rss_mib,5,805.73046875,0.0900557959640508,805.59375,805.80078125,805.6186497103217,805.8422877896783
logistic_regression,none_natural,mixed__r0p05__medium,mixed,0.05,MEDIUM,serialized_model_bytes,5,2342.0,0.0,2342.0,2342.0,2342.0,2342.0
logistic_regression,none_natural,mixed__r0p05__medium,mixed,0.05,MEDIUM,serialized_model_kib,5,2.287109375,0.0,2.287109375,2.287109375,2.287109375,2.287109375
decision_tree,pairwise_correlation_filter_natural,mixed__r0p05__medium,mixed,0.05,MEDIUM,precision,5,0.26538479924591335,0.29434746579123955,0.06532438478747203,0.7761194029850746,-0.10009585198987331,0.6308654504817
decision_tree,pairwise_correlation_filter_natural,mixed__r0p05__medium,mixed,0.05,MEDIUM,recall,5,0.30533333333333335,0.1423337236528606,0.17333333333333334,0.4866666666666667,0.12860267294315234,0.4820639937235144
decision_tree,pairwise_correlation_filter_natural,mixed__r0p05__medium,mixed,0.05,MEDIUM,f1,5,0.18900476213886783,0.07131060379599996,0.11518737672583826,0.28337874659400547,0.10046095271513163,0.27754857156260404
decision_tree,pairwise_correlation_filter_natural,mixed__r0p05__medium,mixed,0.05,MEDIUM,average_precision,5,0.22208384690725302,0.004786465708754925,0.2183880606900212,0.22917337773289193,0.21614066475805044,0.2280270290564556
decision_tree,pairwise_correlation_filter_natural,mixed__r0p05__medium,mixed,0.05,MEDIUM,pr_auc_trapezoidal,5,0.27016101700336037,0.03266022586731958,0.24223550783747616,0.324556061589544,0.22960799037067411,0.3107140436360466
decision_tree,pairwise_correlation_filter_natural,mixed__r0p05__medium,mixed,0.05,MEDIUM,roc_auc,5,0.6035330994152047,0.011182470453636862,0.5873637426900585,0.6154149122807018,0.5896482284419354,0.617417970388474
decision_tree,pairwise_correlation_filter_natural,mixed__r0p05__medium,mixed,0.05,MEDIUM,TP,5,91.6,42.70011709585818,52.0,146.0,38.580801882945686,144.6191981170543
decision_tree,pairwise_correlation_filter_natural,mixed__r0p05__medium,mixed,0.05,MEDIUM,TN,5,4841.4,952.9204059101684,3611.0,5685.0,3658.1930388266856,6024.606961173314
decision_tree,pairwise_correlation_filter_natural,mixed__r0p05__medium,mixed,0.05,MEDIUM,FP,5,858.6,952.9204059101684,15.0,2089.0,-324.60696117331383,2041.806961173314
decision_tree,pairwise_correlation_filter_natural,mixed__r0p05__medium,mixed,0.05,MEDIUM,FN,5,208.4,42.70011709585818,154.0,248.0,155.3808018829457,261.4191981170543
decision_tree,pairwise_correlation_filter_natural,mixed__r0p05__medium,mixed,0.05,MEDIUM,attack_prevalence,5,0.05,0.0,0.05,0.05,0.05,0.05
decision_tree,pairwise_correlation_filter_natural,mixed__r0p05__medium,mixed,0.05,MEDIUM,visible_feature_attack_count,5,171.0,0.0,171.0,171.0,171.0,171.0
decision_tree,pairwise_correlation_filter_natural,mixed__r0p05__medium,mixed,0.05,MEDIUM,invisible_feature_attack_count,5,129.0,0.0,129.0,129.0,129.0,129.0
decision_tree,pairwise_correlation_filter_natural,mixed__r0p05__medium,mixed,0.05,MEDIUM,selected_feature_visibility_rate,5,0.57,0.0,0.57,0.57,0.57,0.57
decision_tree,pairwise_correlation_filter_natural,mixed__r0p05__medium,mixed,0.05,MEDIUM,visible_attack_recall,5,0.4128654970760234,0.12580577131719164,0.30409356725146197,0.5614035087719298,0.2566570000650866,0.5690739940869601
decision_tree,pairwise_correlation_filter_natural,mixed__r0p05__medium,mixed,0.05,MEDIUM,invisible_attack_recall,5,0.16279069767441862,0.16562682650559302,0.0,0.3875968992248062,-0.04286216993448061,0.36844356528331784
decision_tree,pairwise_correlation_filter_natural,mixed__r0p05__medium,mixed,0.05,MEDIUM,visible_attack_f1,5,0.21695978530616383,0.14433596653451913,0.08149405772495756,0.4369747899159664,0.03774301201416566,0.39617655859816203
decision_tree,pairwise_correlation_filter_natural,mixed__r0p05__medium,mixed,0.05,MEDIUM,paired_induced_attack_induced_detection_rate,5,0.15933333333333333,0.0151657508881031,0.14333333333333334,0.17333333333333334,0.14050256644983397,0.17816410021683268
decision_tree,pairwise_correlation_filter_natural,mixed__r0p05__medium,mixed,0.05,MEDIUM,paired_induced_mean_anomaly_score_delta,5,0.09451243064263025,0.004343856071367155,0.08675753206877213,0.09676968188856622,0.08911882094543053,0.09990604033982997
decision_tree,pairwise_correlation_filter_natural,mixed__r0p05__medium,mixed,0.05,MEDIUM,paired_induced_median_anomaly_score_delta,5,0.0,0.0,0.0,0.0,0.0,0.0
decision_tree,pairwise_correlation_filter_natural,mixed__r0p05__medium,mixed,0.05,MEDIUM,selected_feature_count,5,42.0,0.0,42.0,42.0,42.0,42.0
decision_tree,pairwise_correlation_filter_natural,mixed__r0p05__medium,mixed,0.05,MEDIUM,source_block_count,5,9.0,0.0,9.0,9.0,9.0,9.0
decision_tree,pairwise_correlation_filter_natural,mixed__r0p05__medium,mixed,0.05,MEDIUM,selected_input_bytes,5,2016132.0,0.0,2016132.0,2016132.0,2016132.0,2016132.0
decision_tree,pairwise_correlation_filter_natural,mixed__r0p05__medium,mixed,0.05,MEDIUM,model_fit_wall_time_sec,0,,,,,,
decision_tree,pairwise_correlation_filter_natural,mixed__r0p05__medium,mixed,0.05,MEDIUM,model_fit_cpu_time_sec,0,,,,,,
decision_tree,pairwise_correlation_filter_natural,mixed__r0p05__medium,mixed,0.05,MEDIUM,model_fit_peak_rss_mib,0,,,,,,
decision_tree,pairwise_correlation_filter_natural,mixed__r0p05__medium,mixed,0.05,MEDIUM,combined_fit_wall_time_sec,0,,,,,,
decision_tree,pairwise_correlation_filter_natural,mixed__r0p05__medium,mixed,0.05,MEDIUM,inference_wall_time_sec,5,0.0024763071601046245,0.0006723271756326588,0.0017353989998809994,0.0033528658001159783,0.0016415027111068695,0.0033111116091023795
decision_tree,pairwise_correlation_filter_natural,mixed__r0p05__medium,mixed,0.05,MEDIUM,per_record_inference_sec,5,4.1271786001743747e-07,1.1205452927210979e-07,2.892331666468332e-07,5.588109666859963e-07,2.7358378518447833e-07,5.518519348503966e-07
decision_tree,pairwise_correlation_filter_natural,mixed__r0p05__medium,mixed,0.05,MEDIUM,inference_cpu_time_sec,5,0.0025524008000002143,0.0007187034461492706,0.0017765829999916605,0.0034899160000009034,0.001660012605530978,0.0034447889944694506
decision_tree,pairwise_correlation_filter_natural,mixed__r0p05__medium,mixed,0.05,MEDIUM,inference_peak_rss_mib,5,805.55625,0.47949596644386644,804.703125,805.80078125,804.9608771211822,806.1516228788178
decision_tree,pairwise_correlation_filter_natural,mixed__r0p05__medium,mixed,0.05,MEDIUM,peak_rss_mib,5,805.55625,0.47949596644386644,804.703125,805.80078125,804.9608771211822,806.1516228788178
decision_tree,pairwise_correlation_filter_natural,mixed__r0p05__medium,mixed,0.05,MEDIUM,serialized_model_bytes,5,4116.0,327.90242451070714,3764.0,4404.0,3708.8553645610036,4523.144635438996
decision_tree,pairwise_correlation_filter_natural,mixed__r0p05__medium,mixed,0.05,MEDIUM,serialized_model_kib,5,4.01953125,0.32021721143623744,3.67578125,4.30078125,3.621929066954105,4.417133433045895
logistic_regression,pairwise_correlation_filter_natural,mixed__r0p05__medium,mixed,0.05,MEDIUM,precision,5,0.048824376447069925,0.0025431218874503985,0.046228710462287104,0.05299275638581777,0.04566667355637625,0.0519820793377636
logistic_regression,pairwise_correlation_filter_natural,mixed__r0p05__medium,mixed,0.05,MEDIUM,recall,5,0.42333333333333334,0.07824463062870336,0.30666666666666664,0.49333333333333335,0.3261797924288436,0.520486874237823
logistic_regression,pairwise_correlation_filter_natural,mixed__r0p05__medium,mixed,0.05,MEDIUM,f1,5,0.0873482710095709,0.005279231126490594,0.0824295010845987,0.09510776599384195,0.08079323978160562,0.0939033022375362
logistic_regression,pairwise_correlation_filter_natural,mixed__r0p05__medium,mixed,0.05,MEDIUM,average_precision,5,0.05114995951986866,0.0030920143607348345,0.04758644944195165,0.055501364632668505,0.04731071660621214,0.054989202433525175
logistic_regression,pairwise_correlation_filter_natural,mixed__r0p05__medium,mixed,0.05,MEDIUM,pr_auc_trapezoidal,5,0.05038077168126145,0.0029559505591219334,0.04702682016668273,0.054639207130961515,0.04671047429152654,0.054051069070996355
logistic_regression,pairwise_correlation_filter_natural,mixed__r0p05__medium,mixed,0.05,MEDIUM,roc_auc,5,0.493998947368421,0.01541962070029456,0.47802105263157896,0.5108181286549708,0.4748529594788925,0.5131449352579495
logistic_regression,pairwise_correlation_filter_natural,mixed__r0p05__medium,mixed,0.05,MEDIUM,TP,5,127.0,23.473389188611005,92.0,148.0,97.85393772865308,156.14606227134692
logistic_regression,pairwise_correlation_filter_natural,mixed__r0p05__medium,mixed,0.05,MEDIUM,TN,5,3230.4,413.3537226153891,2828.0,3861.0,2717.1535641045584,3743.6464358954418
logistic_regression,pairwise_correlation_filter_natural,mixed__r0p05__medium,mixed,0.05,MEDIUM,FP,5,2469.6,413.3537226153891,1839.0,2872.0,1956.3535641045582,2982.8464358954416
logistic_regression,pairwise_correlation_filter_natural,mixed__r0p05__medium,mixed,0.05,MEDIUM,FN,5,173.0,23.473389188611005,152.0,208.0,143.85393772865308,202.14606227134692
logistic_regression,pairwise_correlation_filter_natural,mixed__r0p05__medium,mixed,0.05,MEDIUM,attack_prevalence,5,0.05,0.0,0.05,0.05,0.05,0.05
logistic_regression,pairwise_correlation_filter_natural,mixed__r0p05__medium,mixed,0.05,MEDIUM,visible_feature_attack_count,5,171.0,0.0,171.0,171.0,171.0,171.0
logistic_regression,pairwise_correlation_filter_natural,mixed__r0p05__medium,mixed,0.05,MEDIUM,invisible_feature_attack_count,5,129.0,0.0,129.0,129.0,129.0,129.0
logistic_regression,pairwise_correlation_filter_natural,mixed__r0p05__medium,mixed,0.05,MEDIUM,selected_feature_visibility_rate,5,0.57,0.0,0.57,0.57,0.57,0.57
logistic_regression,pairwise_correlation_filter_natural,mixed__r0p05__medium,mixed,0.05,MEDIUM,visible_attack_recall,5,0.43625730994152045,0.0918705819258736,0.30994152046783624,0.52046783625731,0.3221849158700431,0.5503297040129977
logistic_regression,pairwise_correlation_filter_natural,mixed__r0p05__medium,mixed,0.05,MEDIUM,invisible_attack_recall,5,0.4062015503875968,0.06793458077583456,0.3023255813953488,0.4883720930232558,0.32184962720511046,0.49055347357008317
logistic_regression,pairwise_correlation_filter_natural,mixed__r0p05__medium,mixed,0.05,MEDIUM,visible_attack_f1,5,0.054646466821436014,0.004844803327170564,0.048723897911832945,0.0606281957633309,0.04863084895170573,0.060662084691166296
logistic_regression,pairwise_correlation_filter_natural,mixed__r0p05__medium,mixed,0.05,MEDIUM,paired_induced_attack_induced_detection_rate,5,0.026666666666666665,0.01715938356831167,0.006666666666666667,0.043333333333333335,0.005360477858507892,0.04797285547482544
logistic_regression,pairwise_correlation_filter_natural,mixed__r0p05__medium,mixed,0.05,MEDIUM,paired_induced_mean_anomaly_score_delta,5,0.00023855154757749185,0.00032120125114161447,-0.00028762831079346036,0.0005721056384112114,-0.0001602724821433735,0.0006373755772983573
logistic_regression,pairwise_correlation_filter_natural,mixed__r0p05__medium,mixed,0.05,MEDIUM,paired_induced_median_anomaly_score_delta,5,0.0,0.0,0.0,0.0,0.0,0.0
logistic_regression,pairwise_correlation_filter_natural,mixed__r0p05__medium,mixed,0.05,MEDIUM,selected_feature_count,5,42.0,0.0,42.0,42.0,42.0,42.0
logistic_regression,pairwise_correlation_filter_natural,mixed__r0p05__medium,mixed,0.05,MEDIUM,source_block_count,5,9.0,0.0,9.0,9.0,9.0,9.0
logistic_regression,pairwise_correlation_filter_natural,mixed__r0p05__medium,mixed,0.05,MEDIUM,selected_input_bytes,5,2016132.0,0.0,2016132.0,2016132.0,2016132.0,2016132.0
logistic_regression,pairwise_correlation_filter_natural,mixed__r0p05__medium,mixed,0.05,MEDIUM,model_fit_wall_time_sec,5,0.5226187851993018,0.1320858923339655,0.33173528499901295,0.6544766820006771,0.358612488017468,0.6866250823811357
logistic_regression,pairwise_correlation_filter_natural,mixed__r0p05__medium,mixed,0.05,MEDIUM,model_fit_cpu_time_sec,5,0.32897909459999986,0.11776488132572177,0.18253484599999936,0.47190246899999977,0.18275468120499616,0.47520350799500355
logistic_regression,pairwise_correlation_filter_natural,mixed__r0p05__medium,mixed,0.05,MEDIUM,model_fit_peak_rss_mib,5,181.35625,0.274181465592076,181.0546875,181.63671875,181.01580874519928,181.6966912548007
logistic_regression,pairwise_correlation_filter_natural,mixed__r0p05__medium,mixed,0.05,MEDIUM,combined_fit_wall_time_sec,5,0.5226187851993018,0.1320858923339655,0.33173528499901295,0.6544766820006771,0.358612488017468,0.6866250823811357
logistic_regression,pairwise_correlation_filter_natural,mixed__r0p05__medium,mixed,0.05,MEDIUM,inference_wall_time_sec,5,0.0021194089400523807,8.669235990489518e-05,0.0020071735998499207,0.00222366950038122,0.0020117661578390633,0.002227051722265698
logistic_regression,pairwise_correlation_filter_natural,mixed__r0p05__medium,mixed,0.05,MEDIUM,per_record_inference_sec,5,3.532348233420634e-07,1.444872665081586e-08,3.345289333083201e-07,3.7061158339687e-07,3.352943596398439e-07,3.7117528704428296e-07
logistic_regression,pairwise_correlation_filter_natural,mixed__r0p05__medium,mixed,0.05,MEDIUM,inference_cpu_time_sec,5,0.0021390213599988784,6.367008582297106e-05,0.002079947800007176,0.0022458961999973328,0.0020599645066698884,0.0022180782133278685
logistic_regression,pairwise_correlation_filter_natural,mixed__r0p05__medium,mixed,0.05,MEDIUM,inference_peak_rss_mib,5,805.54296875,0.4655407720589237,804.71875,805.83203125,804.964923533638,806.121013966362
logistic_regression,pairwise_correlation_filter_natural,mixed__r0p05__medium,mixed,0.05,MEDIUM,peak_rss_mib,5,805.54296875,0.4655407720589237,804.71875,805.83203125,804.964923533638,806.121013966362
logistic_regression,pairwise_correlation_filter_natural,mixed__r0p05__medium,mixed,0.05,MEDIUM,serialized_model_bytes,5,2310.0,0.0,2310.0,2310.0,2310.0,2310.0
logistic_regression,pairwise_correlation_filter_natural,mixed__r0p05__medium,mixed,0.05,MEDIUM,serialized_model_kib,5,2.255859375,0.0,2.255859375,2.255859375,2.255859375,2.255859375
decision_tree,mutual_information_select_k_best_k11,mixed__r0p05__medium,mixed,0.05,MEDIUM,precision,5,0.2934696602397576,0.3199970476565835,0.06666666666666667,0.8387096774193549,-0.10385915336723206,0.6907984738467473
decision_tree,mutual_information_select_k_best_k11,mixed__r0p05__medium,mixed,0.05,MEDIUM,recall,5,0.3,0.14994443415256645,0.17333333333333334,0.49333333333333335,0.11381939438157535,0.48618060561842463
decision_tree,mutual_information_select_k_best_k11,mixed__r0p05__medium,mixed,0.05,MEDIUM,f1,5,0.1921208433666347,0.07266582112113847,0.11746031746031746,0.287292817679558,0.10189430938053069,0.28234737735273874
decision_tree,mutual_information_select_k_best_k11,mixed__r0p05__medium,mixed,0.05,MEDIUM,average_precision,5,0.2249411903498859,0.006803165525792342,0.21636359931502117,0.23491953570092283,0.21649394464268187,0.23338843605708995
decision_tree,mutual_information_select_k_best_k11,mixed__r0p05__medium,mixed,0.05,MEDIUM,pr_auc_trapezoidal,5,0.2708705498427765,0.03079245765071753,0.23938042299937512,0.3218654698963904,0.23263666376163608,0.3091044359239169
decision_tree,mutual_information_select_k_best_k11,mixed__r0p05__medium,mixed,0.05,MEDIUM,roc_auc,5,0.6054946198830409,0.009091297091635784,0.5904052631578948,0.6132549707602339,0.5942062835873732,0.6167829561787086
decision_tree,mutual_information_select_k_best_k11,mixed__r0p05__medium,mixed,0.05,MEDIUM,TP,5,90.0,44.983330245769935,52.0,148.0,34.1458183144726,145.8541816855274
decision_tree,mutual_information_select_k_best_k11,mixed__r0p05__medium,mixed,0.05,MEDIUM,TN,5,4869.6,960.5794084821931,3628.0,5690.0,3676.8831310708456,6062.316868929155
decision_tree,mutual_information_select_k_best_k11,mixed__r0p05__medium,mixed,0.05,MEDIUM,FP,5,830.4,960.5794084821931,10.0,2072.0,-362.31686892915457,2023.1168689291544
decision_tree,mutual_information_select_k_best_k11,mixed__r0p05__medium,mixed,0.05,MEDIUM,FN,5,210.0,44.983330245769935,152.0,248.0,154.1458183144726,265.8541816855274
decision_tree,mutual_information_select_k_best_k11,mixed__r0p05__medium,mixed,0.05,MEDIUM,attack_prevalence,5,0.05,0.0,0.05,0.05,0.05,0.05
decision_tree,mutual_information_select_k_best_k11,mixed__r0p05__medium,mixed,0.05,MEDIUM,visible_feature_attack_count,5,171.0,0.0,171.0,171.0,171.0,171.0
decision_tree,mutual_information_select_k_best_k11,mixed__r0p05__medium,mixed,0.05,MEDIUM,invisible_feature_attack_count,5,129.0,0.0,129.0,129.0,129.0,129.0
decision_tree,mutual_information_select_k_best_k11,mixed__r0p05__medium,mixed,0.05,MEDIUM,selected_feature_visibility_rate,5,0.57,0.0,0.57,0.57,0.57,0.57
decision_tree,mutual_information_select_k_best_k11,mixed__r0p05__medium,mixed,0.05,MEDIUM,visible_attack_recall,5,0.4093567251461988,0.12885417857620293,0.2982456140350877,0.5614035087719298,0.24936313058988172,0.5693503197025159
decision_tree,mutual_information_select_k_best_k11,mixed__r0p05__medium,mixed,0.05,MEDIUM,invisible_attack_recall,5,0.15503875968992248,0.17997188784874263,0.007751937984496124,0.40310077519379844,-0.06842585414080432,0.3785033735206493
decision_tree,mutual_information_select_k_best_k11,mixed__r0p05__medium,mixed,0.05,MEDIUM,visible_attack_f1,5,0.22955718069911607,0.1508625954954502,0.08208636169303121,0.4396551724137931,0.04223652719668933,0.4168778342015428
decision_tree,mutual_information_select_k_best_k11,mixed__r0p05__medium,mixed,0.05,MEDIUM,paired_induced_attack_induced_detection_rate,5,0.16133333333333333,0.020221001184137468,0.13666666666666666,0.18333333333333332,0.1362256441553342,0.18644102251133246
decision_tree,mutual_information_select_k_best_k11,mixed__r0p05__medium,mixed,0.05,MEDIUM,paired_induced_mean_anomaly_score_delta,5,0.09558623023292315,0.00502449403130154,0.08676572469905715,0.09892234637478584,0.08934749688506137,0.10182496358078492
decision_tree,mutual_information_select_k_best_k11,mixed__r0p05__medium,mixed,0.05,MEDIUM,paired_induced_median_anomaly_score_delta,5,0.0,0.0,0.0,0.0,0.0,0.0
decision_tree,mutual_information_select_k_best_k11,mixed__r0p05__medium,mixed,0.05,MEDIUM,selected_feature_count,5,11.0,0.0,11.0,11.0,11.0,11.0
decision_tree,mutual_information_select_k_best_k11,mixed__r0p05__medium,mixed,0.05,MEDIUM,source_block_count,5,5.0,0.7071067811865476,4.0,6.0,4.122010966914219,5.877989033085781
decision_tree,mutual_information_select_k_best_k11,mixed__r0p05__medium,mixed,0.05,MEDIUM,selected_input_bytes,5,528132.0,0.0,528132.0,528132.0,528132.0,528132.0
decision_tree,mutual_information_select_k_best_k11,mixed__r0p05__medium,mixed,0.05,MEDIUM,model_fit_wall_time_sec,0,,,,,,
decision_tree,mutual_information_select_k_best_k11,mixed__r0p05__medium,mixed,0.05,MEDIUM,model_fit_cpu_time_sec,0,,,,,,
decision_tree,mutual_information_select_k_best_k11,mixed__r0p05__medium,mixed,0.05,MEDIUM,model_fit_peak_rss_mib,0,,,,,,
decision_tree,mutual_information_select_k_best_k11,mixed__r0p05__medium,mixed,0.05,MEDIUM,combined_fit_wall_time_sec,0,,,,,,
decision_tree,mutual_information_select_k_best_k11,mixed__r0p05__medium,mixed,0.05,MEDIUM,inference_wall_time_sec,5,0.0018685461800487246,0.0004786866107949765,0.001275028099917108,0.0025984354004322087,0.0012741782490019527,0.0024629141110954966
decision_tree,mutual_information_select_k_best_k11,mixed__r0p05__medium,mixed,0.05,MEDIUM,per_record_inference_sec,5,3.114243633414541e-07,7.978110179916274e-08,2.1250468331951803e-07,4.3307256673870145e-07,2.1236304150032542e-07,4.1048568518258275e-07
decision_tree,mutual_information_select_k_best_k11,mixed__r0p05__medium,mixed,0.05,MEDIUM,inference_cpu_time_sec,5,0.0019160226000008152,0.000513298020426609,0.001302884200003973,0.0027170427999976708,0.0012786789276873279,0.0025533662723143027
decision_tree,mutual_information_select_k_best_k11,mixed__r0p05__medium,mixed,0.05,MEDIUM,inference_peak_rss_mib,5,805.546875,0.45923779573042955,804.734375,805.8359375,804.9766559624267,806.1170940375733
decision_tree,mutual_information_select_k_best_k11,mixed__r0p05__medium,mixed,0.05,MEDIUM,peak_rss_mib,5,805.546875,0.45923779573042955,804.734375,805.8359375,804.9766559624267,806.1170940375733
decision_tree,mutual_information_select_k_best_k11,mixed__r0p05__medium,mixed,0.05,MEDIUM,serialized_model_bytes,5,3402.4,341.02903102228703,3028.0,3716.0,2978.9565298369753,3825.843470163025
decision_tree,mutual_information_select_k_best_k11,mixed__r0p05__medium,mixed,0.05,MEDIUM,serialized_model_kib,5,3.32265625,0.3330361631077022,2.95703125,3.62890625,2.909137236168921,3.736175263831079
logistic_regression,mutual_information_select_k_best_k11,mixed__r0p05__medium,mixed,0.05,MEDIUM,precision,5,0.05090715300634101,0.0019093928694846438,0.04932038834951456,0.053828658074298714,0.048536328621873064,0.05327797739080895
logistic_regression,mutual_information_select_k_best_k11,mixed__r0p05__medium,mixed,0.05,MEDIUM,recall,5,0.51,0.06745368781616021,0.42333333333333334,0.59,0.42624518429253144,0.5937548157074686
logistic_regression,mutual_information_select_k_best_k11,mixed__r0p05__medium,mixed,0.05,MEDIUM,f1,5,0.09245737320194358,0.003344371210291138,0.08834782608695652,0.0966643975493533,0.08830478787349262,0.09660995853039454
logistic_regression,mutual_information_select_k_best_k11,mixed__r0p05__medium,mixed,0.05,MEDIUM,average_precision,5,0.051170517943451344,0.0028387336228927027,0.04706797808848327,0.05344652233903964,0.04764576460341213,0.054695271283490554
logistic_regression,mutual_information_select_k_best_k11,mixed__r0p05__medium,mixed,0.05,MEDIUM,pr_auc_trapezoidal,5,0.050537236693520504,0.0027610497236367267,0.046608194926036996,0.052856844867664586,0.047108940654427604,0.053965532732613404
logistic_regression,mutual_information_select_k_best_k11,mixed__r0p05__medium,mixed,0.05,MEDIUM,roc_auc,5,0.5006446783625731,0.016847902266689904,0.48280789473684216,0.5208152046783626,0.479725244672752,0.5215641120523942
logistic_regression,mutual_information_select_k_best_k11,mixed__r0p05__medium,mixed,0.05,MEDIUM,TP,5,153.0,20.23610634484806,127.0,177.0,127.87355528775943,178.12644471224058
logistic_regression,mutual_information_select_k_best_k11,mixed__r0p05__medium,mixed,0.05,MEDIUM,TN,5,2844.2,397.7388590520167,2313.0,3252.0,2350.341978028077,3338.0580219719227
logistic_regression,mutual_information_select_k_best_k11,mixed__r0p05__medium,mixed,0.05,MEDIUM,FP,5,2855.8,397.7388590520167,2448.0,3387.0,2361.9419780280773,3349.658021971923
logistic_regression,mutual_information_select_k_best_k11,mixed__r0p05__medium,mixed,0.05,MEDIUM,FN,5,147.0,20.23610634484806,123.0,173.0,121.87355528775943,172.12644471224058
logistic_regression,mutual_information_select_k_best_k11,mixed__r0p05__medium,mixed,0.05,MEDIUM,attack_prevalence,5,0.05,0.0,0.05,0.05,0.05,0.05
logistic_regression,mutual_information_select_k_best_k11,mixed__r0p05__medium,mixed,0.05,MEDIUM,visible_feature_attack_count,5,171.0,0.0,171.0,171.0,171.0,171.0
logistic_regression,mutual_information_select_k_best_k11,mixed__r0p05__medium,mixed,0.05,MEDIUM,invisible_feature_attack_count,5,129.0,0.0,129.0,129.0,129.0,129.0
logistic_regression,mutual_information_select_k_best_k11,mixed__r0p05__medium,mixed,0.05,MEDIUM,selected_feature_visibility_rate,5,0.57,0.0,0.57,0.57,0.57,0.57
logistic_regression,mutual_information_select_k_best_k11,mixed__r0p05__medium,mixed,0.05,MEDIUM,visible_attack_recall,5,0.519298245614035,0.056152532791381556,0.43859649122807015,0.5906432748538012,0.4495756672389648,0.5890208239891053
logistic_regression,mutual_information_select_k_best_k11,mixed__r0p05__medium,mixed,0.05,MEDIUM,invisible_attack_recall,5,0.49767441860465117,0.09703865936921609,0.3953488372093023,0.5968992248062015,0.3771850088318414,0.618163828377461
logistic_regression,mutual_information_select_k_best_k11,mixed__r0p05__medium,mixed,0.05,MEDIUM,visible_attack_f1,5,0.05726877404227736,0.004891976364728411,0.054592164418754016,0.06598984771573604,0.051194583110125536,0.06334296497442918
logistic_regression,mutual_information_select_k_best_k11,mixed__r0p05__medium,mixed,0.05,MEDIUM,paired_induced_attack_induced_detection_rate,5,0.024,0.010645812948447542,0.016666666666666666,0.04,0.010781477330290718,0.037218522669709285
logistic_regression,mutual_information_select_k_best_k11,mixed__r0p05__medium,mixed,0.05,MEDIUM,paired_induced_mean_anomaly_score_delta,5,5.924075344295083e-05,0.0002657062972357803,-0.00022460356734832135,0.00037827386570327284,-0.0002706771899310081,0.00038915869681690975
logistic_regression,mutual_information_select_k_best_k11,mixed__r0p05__medium,mixed,0.05,MEDIUM,paired_induced_median_anomaly_score_delta,5,0.0,0.0,0.0,0.0,0.0,0.0
logistic_regression,mutual_information_select_k_best_k11,mixed__r0p05__medium,mixed,0.05,MEDIUM,selected_feature_count,5,11.0,0.0,11.0,11.0,11.0,11.0
logistic_regression,mutual_information_select_k_best_k11,mixed__r0p05__medium,mixed,0.05,MEDIUM,source_block_count,5,5.0,0.7071067811865476,4.0,6.0,4.122010966914219,5.877989033085781
logistic_regression,mutual_information_select_k_best_k11,mixed__r0p05__medium,mixed,0.05,MEDIUM,selected_input_bytes,5,528132.0,0.0,528132.0,528132.0,528132.0,528132.0
logistic_regression,mutual_information_select_k_best_k11,mixed__r0p05__medium,mixed,0.05,MEDIUM,model_fit_wall_time_sec,5,0.27497685859998455,0.02091021720342391,0.24763035999785643,0.29918557299970416,0.24901339470385145,0.30094032249611763
logistic_regression,mutual_information_select_k_best_k11,mixed__r0p05__medium,mixed,0.05,MEDIUM,model_fit_cpu_time_sec,5,0.09213092119999988,0.014315567471356337,0.07548344399999962,0.10902960499999992,0.07435579645694569,0.10990604594305407
logistic_regression,mutual_information_select_k_best_k11,mixed__r0p05__medium,mixed,0.05,MEDIUM,model_fit_peak_rss_mib,5,163.92734375,0.3541635550567968,163.37890625,164.25390625,163.48759161420978,164.36709588579023
logistic_regression,mutual_information_select_k_best_k11,mixed__r0p05__medium,mixed,0.05,MEDIUM,combined_fit_wall_time_sec,5,0.27497685859998455,0.02091021720342391,0.24763035999785643,0.29918557299970416,0.24901339470385145,0.30094032249611763
logistic_regression,mutual_information_select_k_best_k11,mixed__r0p05__medium,mixed,0.05,MEDIUM,inference_wall_time_sec,5,0.0015060915598587598,0.00022832564849192713,0.001156389300012961,0.00179241110017756,0.001222587822259581,0.0017895952974579387
logistic_regression,mutual_information_select_k_best_k11,mixed__r0p05__medium,mixed,0.05,MEDIUM,per_record_inference_sec,5,2.5101525997645994e-07,3.8054274748654517e-08,1.9273155000216016e-07,2.9873518336292666e-07,2.0376463704326348e-07,2.982658829096564e-07
logistic_regression,mutual_information_select_k_best_k11,mixed__r0p05__medium,mixed,0.05,MEDIUM,inference_cpu_time_sec,5,0.0015293003800002224,0.00022512060402327184,0.001177475700001196,0.0018064589000005072,0.0012497762307304182,0.0018088245292700266
logistic_regression,mutual_information_select_k_best_k11,mixed__r0p05__medium,mixed,0.05,MEDIUM,inference_peak_rss_mib,5,805.5703125,0.4708044172651806,804.734375,805.8359375,804.985731604886,806.154893395114
logistic_regression,mutual_information_select_k_best_k11,mixed__r0p05__medium,mixed,0.05,MEDIUM,peak_rss_mib,5,805.5703125,0.4708044172651806,804.734375,805.8359375,804.985731604886,806.154893395114
logistic_regression,mutual_information_select_k_best_k11,mixed__r0p05__medium,mixed,0.05,MEDIUM,serialized_model_bytes,5,1353.2,13.386560424545209,1334.0,1366.0,1336.5783898610498,1369.8216101389503
logistic_regression,mutual_information_select_k_best_k11,mixed__r0p05__medium,mixed,0.05,MEDIUM,serialized_model_kib,5,1.321484375,0.01307281291459493,1.302734375,1.333984375,1.3052523338486814,1.3377164161513186
decision_tree,none_natural,mixed__r0p10__medium,mixed,0.1,MEDIUM,precision,5,0.3810983879099833,0.3098438900926853,0.13817227809357235,0.8984375,-0.00362361548181378,0.7658203913017804
decision_tree,none_natural,mixed__r0p10__medium,mixed,0.1,MEDIUM,recall,5,0.32399999999999995,0.1543381928680577,0.19166666666666668,0.5266666666666666,0.13236382236775146,0.5156361776322484
decision_tree,none_natural,mixed__r0p10__medium,mixed,0.1,MEDIUM,f1,5,0.2616186582530329,0.04152471811323846,0.21891236577762382,0.3159340659340659,0.21005891073622396,0.3131784057698418
decision_tree,none_natural,mixed__r0p10__medium,mixed,0.1,MEDIUM,average_precision,5,0.28681804859786064,0.0022360362587436336,0.28414798841563293,0.2894156094639865,0.28404164287669825,0.28959445431902303
decision_tree,none_natural,mixed__r0p10__medium,mixed,0.1,MEDIUM,pr_auc_trapezoidal,5,0.3515448299319845,0.03443131787731838,0.32295610221015186,0.41119758156482655,0.3087927021129746,0.3942969577509944
decision_tree,none_natural,mixed__r0p10__medium,mixed,0.1,MEDIUM,roc_auc,5,0.6165510185185185,0.004151764501319021,0.6113375000000001,0.6198728395061728,0.6113959220082061,0.6217061150288308
decision_tree,none_natural,mixed__r0p10__medium,mixed,0.1,MEDIUM,TP,5,194.4,92.60291572083462,115.0,316.0,79.41829342065091,309.3817065793491
decision_tree,none_natural,mixed__r0p10__medium,mixed,0.1,MEDIUM,TN,5,4589.0,900.667530224111,3429.0,5387.0,3470.673553368732,5707.3264466312685
decision_tree,none_natural,mixed__r0p10__medium,mixed,0.1,MEDIUM,FP,5,811.0,900.667530224111,13.0,1971.0,-307.326446631268,1929.326446631268
decision_tree,none_natural,mixed__r0p10__medium,mixed,0.1,MEDIUM,FN,5,405.6,92.60291572083462,284.0,485.0,290.61829342065096,520.5817065793491
decision_tree,none_natural,mixed__r0p10__medium,mixed,0.1,MEDIUM,attack_prevalence,5,0.1,0.0,0.1,0.1,0.1,0.1
decision_tree,none_natural,mixed__r0p10__medium,mixed,0.1,MEDIUM,visible_feature_attack_count,5,343.0,0.0,343.0,343.0,343.0,343.0
decision_tree,none_natural,mixed__r0p10__medium,mixed,0.1,MEDIUM,invisible_feature_attack_count,5,257.0,0.0,257.0,257.0,257.0,257.0
decision_tree,none_natural,mixed__r0p10__medium,mixed,0.1,MEDIUM,selected_feature_visibility_rate,5,0.5716666666666667,0.0,0.5716666666666667,0.5716666666666667,0.5716666666666667,0.5716666666666667
decision_tree,none_natural,mixed__r0p10__medium,mixed,0.1,MEDIUM,visible_attack_recall,5,0.44198250728862976,0.14082870005817158,0.3323615160349854,0.6209912536443148,0.2671205805124228,0.6168444340648367
decision_tree,none_natural,mixed__r0p10__medium,mixed,0.1,MEDIUM,invisible_attack_recall,5,0.16653696498054474,0.17319327967864678,0.0038910505836575876,0.40077821011673154,-0.048510895127437476,0.381584825088527
decision_tree,none_natural,mixed__r0p10__medium,mixed,0.1,MEDIUM,visible_attack_f1,5,0.30223023716801223,0.13050115673772592,0.16857934309457856,0.4851063829787234,0.1401916491227026,0.46426882521332186
decision_tree,none_natural,mixed__r0p10__medium,mixed,0.1,MEDIUM,paired_induced_attack_induced_detection_rate,5,0.1746666666666667,0.012438738771363528,0.15833333333333333,0.19,0.159221932551191,0.1901114007821424
decision_tree,none_natural,mixed__r0p10__medium,mixed,0.1,MEDIUM,paired_induced_mean_anomaly_score_delta,5,0.10064611850780318,0.0027061775644555584,0.09788615362991684,0.10490402115309609,0.0972859552532693,0.10400628176233706
decision_tree,none_natural,mixed__r0p10__medium,mixed,0.1,MEDIUM,paired_induced_median_anomaly_score_delta,5,0.0,0.0,0.0,0.0,0.0,0.0
decision_tree,none_natural,mixed__r0p10__medium,mixed,0.1,MEDIUM,selected_feature_count,5,43.0,0.0,43.0,43.0,43.0,43.0
decision_tree,none_natural,mixed__r0p10__medium,mixed,0.1,MEDIUM,source_block_count,5,10.0,0.0,10.0,10.0,10.0,10.0
decision_tree,none_natural,mixed__r0p10__medium,mixed,0.1,MEDIUM,selected_input_bytes,5,2064132.0,0.0,2064132.0,2064132.0,2064132.0,2064132.0
decision_tree,none_natural,mixed__r0p10__medium,mixed,0.1,MEDIUM,model_fit_wall_time_sec,0,,,,,,
decision_tree,none_natural,mixed__r0p10__medium,mixed,0.1,MEDIUM,model_fit_cpu_time_sec,0,,,,,,
decision_tree,none_natural,mixed__r0p10__medium,mixed,0.1,MEDIUM,model_fit_peak_rss_mib,0,,,,,,
decision_tree,none_natural,mixed__r0p10__medium,mixed,0.1,MEDIUM,combined_fit_wall_time_sec,0,,,,,,
decision_tree,none_natural,mixed__r0p10__medium,mixed,0.1,MEDIUM,inference_wall_time_sec,5,0.00338120444008382,0.000128065092800068,0.0033078854001360016,0.003609280800446868,0.003222190624927225,0.003540218255240415
decision_tree,none_natural,mixed__r0p10__medium,mixed,0.1,MEDIUM,per_record_inference_sec,5,5.635340733473034e-07,2.134418213334469e-08,5.513142333560003e-07,6.01546800074478e-07,5.370317708212042e-07,5.900363758734027e-07
decision_tree,none_natural,mixed__r0p10__medium,mixed,0.1,MEDIUM,inference_cpu_time_sec,5,0.003507386439998755,0.00010718457687157074,0.0033862171000009766,0.003672595000000456,0.0033742992097345157,0.003640473670262994
decision_tree,none_natural,mixed__r0p10__medium,mixed,0.1,MEDIUM,inference_peak_rss_mib,5,805.79765625,0.03821342844186124,805.74609375,805.8515625,805.7502080116558,805.8451044883443
decision_tree,none_natural,mixed__r0p10__medium,mixed,0.1,MEDIUM,peak_rss_mib,5,805.79765625,0.03821342844186124,805.74609375,805.8515625,805.7502080116558,805.8451044883443
decision_tree,none_natural,mixed__r0p10__medium,mixed,0.1,MEDIUM,serialized_model_bytes,5,4132.0,327.90242451070714,3780.0,4420.0,3724.8553645610036,4539.144635438996
decision_tree,none_natural,mixed__r0p10__medium,mixed,0.1,MEDIUM,serialized_model_kib,5,4.03515625,0.32021721143623744,3.69140625,4.31640625,3.637554066954105,4.432758433045895
logistic_regression,none_natural,mixed__r0p10__medium,mixed,0.1,MEDIUM,precision,5,0.1003953188518989,0.005711328166014206,0.0930516050386022,0.10865421273351125,0.09330376828622629,0.1074868694175715
logistic_regression,none_natural,mixed__r0p10__medium,mixed,0.1,MEDIUM,recall,5,0.434,0.07488509716744567,0.3283333333333333,0.49333333333333335,0.34101787084511814,0.5269821291548819
logistic_regression,none_natural,mixed__r0p10__medium,mixed,0.1,MEDIUM,f1,5,0.16244186386852213,0.010437087109298027,0.14962430578242406,0.1768538628606888,0.14948250855877987,0.1754012191782644
logistic_regression,none_natural,mixed__r0p10__medium,mixed,0.1,MEDIUM,average_precision,5,0.1025729972901833,0.004131250561984418,0.09666453381870321,0.10640038608365984,0.09744337219980409,0.1077026223805625
logistic_regression,none_natural,mixed__r0p10__medium,mixed,0.1,MEDIUM,pr_auc_trapezoidal,5,0.10190590764047998,0.004093064322895271,0.09598940756162518,0.10570250701435546,0.09682369702840461,0.10698811825255534
logistic_regression,none_natural,mixed__r0p10__medium,mixed,0.1,MEDIUM,roc_auc,5,0.5026233333333333,0.009466412011474067,0.492083024691358,0.5161391975308642,0.4908692303465129,0.5143774363201536
logistic_regression,none_natural,mixed__r0p10__medium,mixed,0.1,MEDIUM,TP,5,260.4,44.9310583004674,197.0,296.0,204.61072250707088,316.1892774929291
logistic_regression,none_natural,mixed__r0p10__medium,mixed,0.1,MEDIUM,TN,5,3064.8,394.05228079532793,2676.0,3666.0,2575.519469525972,3554.0805304740284
logistic_regression,none_natural,mixed__r0p10__medium,mixed,0.1,MEDIUM,FP,5,2335.2,394.05228079532793,1734.0,2724.0,1845.9194695259716,2824.480530474028
logistic_regression,none_natural,mixed__r0p10__medium,mixed,0.1,MEDIUM,FN,5,339.6,44.9310583004674,304.0,403.0,283.8107225070709,395.3892774929291
logistic_regression,none_natural,mixed__r0p10__medium,mixed,0.1,MEDIUM,attack_prevalence,5,0.1,0.0,0.1,0.1,0.1,0.1
logistic_regression,none_natural,mixed__r0p10__medium,mixed,0.1,MEDIUM,visible_feature_attack_count,5,343.0,0.0,343.0,343.0,343.0,343.0
logistic_regression,none_natural,mixed__r0p10__medium,mixed,0.1,MEDIUM,invisible_feature_attack_count,5,257.0,0.0,257.0,257.0,257.0,257.0
logistic_regression,none_natural,mixed__r0p10__medium,mixed,0.1,MEDIUM,selected_feature_visibility_rate,5,0.5716666666666667,0.0,0.5716666666666667,0.5716666666666667,0.5716666666666667,0.5716666666666667
logistic_regression,none_natural,mixed__r0p10__medium,mixed,0.1,MEDIUM,visible_attack_recall,5,0.4384839650145772,0.07750935990534044,0.34110787172011664,0.5102040816326531,0.34224338329622117,0.5347245467329332
logistic_regression,none_natural,mixed__r0p10__medium,mixed,0.1,MEDIUM,invisible_attack_recall,5,0.4280155642023346,0.07428748284839216,0.311284046692607,0.48638132295719844,0.3357754712322331,0.520255657172436
logistic_regression,none_natural,mixed__r0p10__medium,mixed,0.1,MEDIUM,visible_attack_f1,5,0.10615868376114276,0.007557541810127698,0.09400444115470022,0.11396412240590925,0.09677475618058004,0.11554261134170549
logistic_regression,none_natural,mixed__r0p10__medium,mixed,0.1,MEDIUM,paired_induced_attack_induced_detection_rate,5,0.02233333333333333,0.012888409952787469,0.006666666666666667,0.03333333333333333,0.0063302587008533355,0.03833640796581332
logistic_regression,none_natural,mixed__r0p10__medium,mixed,0.1,MEDIUM,paired_induced_mean_anomaly_score_delta,5,0.00021680916628725352,0.0003797419195713384,-0.0003093959233483873,0.0007345726091764712,-0.0002547027038536416,0.0006883210364281486
logistic_regression,none_natural,mixed__r0p10__medium,mixed,0.1,MEDIUM,paired_induced_median_anomaly_score_delta,5,0.0,0.0,0.0,0.0,0.0,0.0
logistic_regression,none_natural,mixed__r0p10__medium,mixed,0.1,MEDIUM,selected_feature_count,5,43.0,0.0,43.0,43.0,43.0,43.0
logistic_regression,none_natural,mixed__r0p10__medium,mixed,0.1,MEDIUM,source_block_count,5,10.0,0.0,10.0,10.0,10.0,10.0
logistic_regression,none_natural,mixed__r0p10__medium,mixed,0.1,MEDIUM,selected_input_bytes,5,2064132.0,0.0,2064132.0,2064132.0,2064132.0,2064132.0
logistic_regression,none_natural,mixed__r0p10__medium,mixed,0.1,MEDIUM,model_fit_wall_time_sec,5,0.49001829079934395,0.09719446902817075,0.4144513709979947,0.6605000540002948,0.3693354177824376,0.6107011638162503
logistic_regression,none_natural,mixed__r0p10__medium,mixed,0.1,MEDIUM,model_fit_cpu_time_sec,5,0.29261962500000005,0.07522294968955433,0.21856836799999968,0.4180874179999998,0.19921799653171318,0.3860212534682869
logistic_regression,none_natural,mixed__r0p10__medium,mixed,0.1,MEDIUM,model_fit_peak_rss_mib,5,182.0546875,0.12530480415894876,181.8984375,182.19140625,181.89910103587374,182.21027396412626
logistic_regression,none_natural,mixed__r0p10__medium,mixed,0.1,MEDIUM,combined_fit_wall_time_sec,5,0.49001829079934395,0.09719446902817075,0.4144513709979947,0.6605000540002948,0.3693354177824376,0.6107011638162503
logistic_regression,none_natural,mixed__r0p10__medium,mixed,0.1,MEDIUM,inference_wall_time_sec,5,0.0024542246398050337,0.0005401650940212135,0.0019836106002912857,0.003330945299967425,0.0017835210894720085,0.003124928190138059
logistic_regression,none_natural,mixed__r0p10__medium,mixed,0.1,MEDIUM,per_record_inference_sec,5,4.090374399675057e-07,9.002751567020226e-08,3.306017667152143e-07,5.551575499945709e-07,2.9725351491200147e-07,5.208213650230099e-07
logistic_regression,none_natural,mixed__r0p10__medium,mixed,0.1,MEDIUM,inference_cpu_time_sec,5,0.0025175659199976512,0.0005117559481682208,0.0020699913999919772,0.003352603799999088,0.0018821369832900349,0.0031529948567052676
logistic_regression,none_natural,mixed__r0p10__medium,mixed,0.1,MEDIUM,inference_peak_rss_mib,5,805.80078125,0.043934460465632784,805.74609375,805.8671875,805.7462294121593,805.8553330878407
logistic_regression,none_natural,mixed__r0p10__medium,mixed,0.1,MEDIUM,peak_rss_mib,5,805.80078125,0.043934460465632784,805.74609375,805.8671875,805.7462294121593,805.8553330878407
logistic_regression,none_natural,mixed__r0p10__medium,mixed,0.1,MEDIUM,serialized_model_bytes,5,2342.0,0.0,2342.0,2342.0,2342.0,2342.0
logistic_regression,none_natural,mixed__r0p10__medium,mixed,0.1,MEDIUM,serialized_model_kib,5,2.287109375,0.0,2.287109375,2.287109375,2.287109375,2.287109375
decision_tree,pairwise_correlation_filter_natural,mixed__r0p10__medium,mixed,0.1,MEDIUM,precision,5,0.3810983879099833,0.3098438900926853,0.13817227809357235,0.8984375,-0.00362361548181378,0.7658203913017804
decision_tree,pairwise_correlation_filter_natural,mixed__r0p10__medium,mixed,0.1,MEDIUM,recall,5,0.32399999999999995,0.1543381928680577,0.19166666666666668,0.5266666666666666,0.13236382236775146,0.5156361776322484
decision_tree,pairwise_correlation_filter_natural,mixed__r0p10__medium,mixed,0.1,MEDIUM,f1,5,0.2616186582530329,0.04152471811323846,0.21891236577762382,0.3159340659340659,0.21005891073622396,0.3131784057698418
decision_tree,pairwise_correlation_filter_natural,mixed__r0p10__medium,mixed,0.1,MEDIUM,average_precision,5,0.28681804859786064,0.0022360362587436336,0.28414798841563293,0.2894156094639865,0.28404164287669825,0.28959445431902303
decision_tree,pairwise_correlation_filter_natural,mixed__r0p10__medium,mixed,0.1,MEDIUM,pr_auc_trapezoidal,5,0.3515448299319845,0.03443131787731838,0.32295610221015186,0.41119758156482655,0.3087927021129746,0.3942969577509944
decision_tree,pairwise_correlation_filter_natural,mixed__r0p10__medium,mixed,0.1,MEDIUM,roc_auc,5,0.6165510185185185,0.004151764501319021,0.6113375000000001,0.6198728395061728,0.6113959220082061,0.6217061150288308
decision_tree,pairwise_correlation_filter_natural,mixed__r0p10__medium,mixed,0.1,MEDIUM,TP,5,194.4,92.60291572083462,115.0,316.0,79.41829342065091,309.3817065793491
decision_tree,pairwise_correlation_filter_natural,mixed__r0p10__medium,mixed,0.1,MEDIUM,TN,5,4589.0,900.667530224111,3429.0,5387.0,3470.673553368732,5707.3264466312685
decision_tree,pairwise_correlation_filter_natural,mixed__r0p10__medium,mixed,0.1,MEDIUM,FP,5,811.0,900.667530224111,13.0,1971.0,-307.326446631268,1929.326446631268
decision_tree,pairwise_correlation_filter_natural,mixed__r0p10__medium,mixed,0.1,MEDIUM,FN,5,405.6,92.60291572083462,284.0,485.0,290.61829342065096,520.5817065793491
decision_tree,pairwise_correlation_filter_natural,mixed__r0p10__medium,mixed,0.1,MEDIUM,attack_prevalence,5,0.1,0.0,0.1,0.1,0.1,0.1
decision_tree,pairwise_correlation_filter_natural,mixed__r0p10__medium,mixed,0.1,MEDIUM,visible_feature_attack_count,5,343.0,0.0,343.0,343.0,343.0,343.0
decision_tree,pairwise_correlation_filter_natural,mixed__r0p10__medium,mixed,0.1,MEDIUM,invisible_feature_attack_count,5,257.0,0.0,257.0,257.0,257.0,257.0
decision_tree,pairwise_correlation_filter_natural,mixed__r0p10__medium,mixed,0.1,MEDIUM,selected_feature_visibility_rate,5,0.5716666666666667,0.0,0.5716666666666667,0.5716666666666667,0.5716666666666667,0.5716666666666667
decision_tree,pairwise_correlation_filter_natural,mixed__r0p10__medium,mixed,0.1,MEDIUM,visible_attack_recall,5,0.44198250728862976,0.14082870005817158,0.3323615160349854,0.6209912536443148,0.2671205805124228,0.6168444340648367
decision_tree,pairwise_correlation_filter_natural,mixed__r0p10__medium,mixed,0.1,MEDIUM,invisible_attack_recall,5,0.16653696498054474,0.17319327967864678,0.0038910505836575876,0.40077821011673154,-0.048510895127437476,0.381584825088527
decision_tree,pairwise_correlation_filter_natural,mixed__r0p10__medium,mixed,0.1,MEDIUM,visible_attack_f1,5,0.30223023716801223,0.13050115673772592,0.16857934309457856,0.4851063829787234,0.1401916491227026,0.46426882521332186
decision_tree,pairwise_correlation_filter_natural,mixed__r0p10__medium,mixed,0.1,MEDIUM,paired_induced_attack_induced_detection_rate,5,0.1746666666666667,0.012438738771363528,0.15833333333333333,0.19,0.159221932551191,0.1901114007821424
decision_tree,pairwise_correlation_filter_natural,mixed__r0p10__medium,mixed,0.1,MEDIUM,paired_induced_mean_anomaly_score_delta,5,0.10064611850780321,0.002706177564455563,0.0978861536299169,0.104904021153096,0.09728595525326932,0.1040062817623371
decision_tree,pairwise_correlation_filter_natural,mixed__r0p10__medium,mixed,0.1,MEDIUM,paired_induced_median_anomaly_score_delta,5,0.0,0.0,0.0,0.0,0.0,0.0
decision_tree,pairwise_correlation_filter_natural,mixed__r0p10__medium,mixed,0.1,MEDIUM,selected_feature_count,5,42.0,0.0,42.0,42.0,42.0,42.0
decision_tree,pairwise_correlation_filter_natural,mixed__r0p10__medium,mixed,0.1,MEDIUM,source_block_count,5,9.0,0.0,9.0,9.0,9.0,9.0
decision_tree,pairwise_correlation_filter_natural,mixed__r0p10__medium,mixed,0.1,MEDIUM,selected_input_bytes,5,2016132.0,0.0,2016132.0,2016132.0,2016132.0,2016132.0
decision_tree,pairwise_correlation_filter_natural,mixed__r0p10__medium,mixed,0.1,MEDIUM,model_fit_wall_time_sec,0,,,,,,
decision_tree,pairwise_correlation_filter_natural,mixed__r0p10__medium,mixed,0.1,MEDIUM,model_fit_cpu_time_sec,0,,,,,,
decision_tree,pairwise_correlation_filter_natural,mixed__r0p10__medium,mixed,0.1,MEDIUM,model_fit_peak_rss_mib,0,,,,,,
decision_tree,pairwise_correlation_filter_natural,mixed__r0p10__medium,mixed,0.1,MEDIUM,combined_fit_wall_time_sec,0,,,,,,
decision_tree,pairwise_correlation_filter_natural,mixed__r0p10__medium,mixed,0.1,MEDIUM,inference_wall_time_sec,5,0.0029791411997575775,0.0005622299497844423,0.0022452539000369144,0.0036454354994930327,0.0022810405123977707,0.0036772418871173843
decision_tree,pairwise_correlation_filter_natural,mixed__r0p10__medium,mixed,0.1,MEDIUM,per_record_inference_sec,5,4.965235332929296e-07,9.370499163074037e-08,3.742089833394857e-07,6.075725832488388e-07,3.8017341873296176e-07,6.128736478528974e-07
decision_tree,pairwise_correlation_filter_natural,mixed__r0p10__medium,mixed,0.1,MEDIUM,inference_cpu_time_sec,5,0.003043488719999914,0.0005908786737408739,0.0022743440999988705,0.003739787699998942,0.0023098159435088997,0.003777161496490928
decision_tree,pairwise_correlation_filter_natural,mixed__r0p10__medium,mixed,0.1,MEDIUM,inference_peak_rss_mib,5,805.77578125,0.030080661419028838,805.7421875,805.80859375,805.7384311756738,805.8131313243263
decision_tree,pairwise_correlation_filter_natural,mixed__r0p10__medium,mixed,0.1,MEDIUM,peak_rss_mib,5,805.77578125,0.030080661419028838,805.7421875,805.80859375,805.7384311756738,805.8131313243263
decision_tree,pairwise_correlation_filter_natural,mixed__r0p10__medium,mixed,0.1,MEDIUM,serialized_model_bytes,5,4116.0,327.90242451070714,3764.0,4404.0,3708.8553645610036,4523.144635438996
decision_tree,pairwise_correlation_filter_natural,mixed__r0p10__medium,mixed,0.1,MEDIUM,serialized_model_kib,5,4.01953125,0.32021721143623744,3.67578125,4.30078125,3.621929066954105,4.417133433045895
logistic_regression,pairwise_correlation_filter_natural,mixed__r0p10__medium,mixed,0.1,MEDIUM,precision,5,0.1003953188518989,0.005711328166014206,0.0930516050386022,0.10865421273351125,0.09330376828622629,0.1074868694175715
logistic_regression,pairwise_correlation_filter_natural,mixed__r0p10__medium,mixed,0.1,MEDIUM,recall,5,0.434,0.07488509716744567,0.3283333333333333,0.49333333333333335,0.34101787084511814,0.5269821291548819
logistic_regression,pairwise_correlation_filter_natural,mixed__r0p10__medium,mixed,0.1,MEDIUM,f1,5,0.16244186386852213,0.010437087109298027,0.14962430578242406,0.1768538628606888,0.14948250855877987,0.1754012191782644
logistic_regression,pairwise_correlation_filter_natural,mixed__r0p10__medium,mixed,0.1,MEDIUM,average_precision,5,0.10257334230315145,0.00413067504623324,0.09666571191930148,0.10640064059618545,0.09744443180996089,0.107702252796342
logistic_regression,pairwise_correlation_filter_natural,mixed__r0p10__medium,mixed,0.1,MEDIUM,pr_auc_trapezoidal,5,0.10190623792599932,0.004092513563653339,0.09599052723661161,0.10570274988617184,0.09682471117184634,0.1069877646801523
logistic_regression,pairwise_correlation_filter_natural,mixed__r0p10__medium,mixed,0.1,MEDIUM,roc_auc,5,0.5026224691358026,0.009465870670079776,0.4920814814814815,0.5161373456790124,0.4908690383131022,0.5143758999585029
logistic_regression,pairwise_correlation_filter_natural,mixed__r0p10__medium,mixed,0.1,MEDIUM,TP,5,260.4,44.9310583004674,197.0,296.0,204.61072250707088,316.1892774929291
logistic_regression,pairwise_correlation_filter_natural,mixed__r0p10__medium,mixed,0.1,MEDIUM,TN,5,3064.8,394.05228079532793,2676.0,3666.0,2575.519469525972,3554.0805304740284
logistic_regression,pairwise_correlation_filter_natural,mixed__r0p10__medium,mixed,0.1,MEDIUM,FP,5,2335.2,394.05228079532793,1734.0,2724.0,1845.9194695259716,2824.480530474028
logistic_regression,pairwise_correlation_filter_natural,mixed__r0p10__medium,mixed,0.1,MEDIUM,FN,5,339.6,44.9310583004674,304.0,403.0,283.8107225070709,395.3892774929291
logistic_regression,pairwise_correlation_filter_natural,mixed__r0p10__medium,mixed,0.1,MEDIUM,attack_prevalence,5,0.1,0.0,0.1,0.1,0.1,0.1
logistic_regression,pairwise_correlation_filter_natural,mixed__r0p10__medium,mixed,0.1,MEDIUM,visible_feature_attack_count,5,343.0,0.0,343.0,343.0,343.0,343.0
logistic_regression,pairwise_correlation_filter_natural,mixed__r0p10__medium,mixed,0.1,MEDIUM,invisible_feature_attack_count,5,257.0,0.0,257.0,257.0,257.0,257.0
logistic_regression,pairwise_correlation_filter_natural,mixed__r0p10__medium,mixed,0.1,MEDIUM,selected_feature_visibility_rate,5,0.5716666666666667,0.0,0.5716666666666667,0.5716666666666667,0.5716666666666667,0.5716666666666667
logistic_regression,pairwise_correlation_filter_natural,mixed__r0p10__medium,mixed,0.1,MEDIUM,visible_attack_recall,5,0.4384839650145772,0.07750935990534044,0.34110787172011664,0.5102040816326531,0.34224338329622117,0.5347245467329332
logistic_regression,pairwise_correlation_filter_natural,mixed__r0p10__medium,mixed,0.1,MEDIUM,invisible_attack_recall,5,0.4280155642023346,0.07428748284839216,0.311284046692607,0.48638132295719844,0.3357754712322331,0.520255657172436
logistic_regression,pairwise_correlation_filter_natural,mixed__r0p10__medium,mixed,0.1,MEDIUM,visible_attack_f1,5,0.10615868376114276,0.007557541810127698,0.09400444115470022,0.11396412240590925,0.09677475618058004,0.11554261134170549
logistic_regression,pairwise_correlation_filter_natural,mixed__r0p10__medium,mixed,0.1,MEDIUM,paired_induced_attack_induced_detection_rate,5,0.02233333333333333,0.012888409952787469,0.006666666666666667,0.03333333333333333,0.0063302587008533355,0.03833640796581332
logistic_regression,pairwise_correlation_filter_natural,mixed__r0p10__medium,mixed,0.1,MEDIUM,paired_induced_mean_anomaly_score_delta,5,0.0002168140194368745,0.00037976030397014716,-0.00030939922322122994,0.0007345615331615834,-0.00025472067795014996,0.0006883487168238989
logistic_regression,pairwise_correlation_filter_natural,mixed__r0p10__medium,mixed,0.1,MEDIUM,paired_induced_median_anomaly_score_delta,5,0.0,0.0,0.0,0.0,0.0,0.0
logistic_regression,pairwise_correlation_filter_natural,mixed__r0p10__medium,mixed,0.1,MEDIUM,selected_feature_count,5,42.0,0.0,42.0,42.0,42.0,42.0
logistic_regression,pairwise_correlation_filter_natural,mixed__r0p10__medium,mixed,0.1,MEDIUM,source_block_count,5,9.0,0.0,9.0,9.0,9.0,9.0
logistic_regression,pairwise_correlation_filter_natural,mixed__r0p10__medium,mixed,0.1,MEDIUM,selected_input_bytes,5,2016132.0,0.0,2016132.0,2016132.0,2016132.0,2016132.0
logistic_regression,pairwise_correlation_filter_natural,mixed__r0p10__medium,mixed,0.1,MEDIUM,model_fit_wall_time_sec,5,0.5226187851993018,0.1320858923339655,0.33173528499901295,0.6544766820006771,0.358612488017468,0.6866250823811357
logistic_regression,pairwise_correlation_filter_natural,mixed__r0p10__medium,mixed,0.1,MEDIUM,model_fit_cpu_time_sec,5,0.32897909459999986,0.11776488132572177,0.18253484599999936,0.47190246899999977,0.18275468120499616,0.47520350799500355
logistic_regression,pairwise_correlation_filter_natural,mixed__r0p10__medium,mixed,0.1,MEDIUM,model_fit_peak_rss_mib,5,181.35625,0.274181465592076,181.0546875,181.63671875,181.01580874519928,181.6966912548007
logistic_regression,pairwise_correlation_filter_natural,mixed__r0p10__medium,mixed,0.1,MEDIUM,combined_fit_wall_time_sec,5,0.5226187851993018,0.1320858923339655,0.33173528499901295,0.6544766820006771,0.358612488017468,0.6866250823811357
logistic_regression,pairwise_correlation_filter_natural,mixed__r0p10__medium,mixed,0.1,MEDIUM,inference_wall_time_sec,5,0.002397543080005562,0.0008377430925743426,0.0018813989998307079,0.003845923700282583,0.001357347642211291,0.0034377385177998326
logistic_regression,pairwise_correlation_filter_natural,mixed__r0p10__medium,mixed,0.1,MEDIUM,per_record_inference_sec,5,3.995905133342604e-07,1.396238487623904e-07,3.135664999717846e-07,6.409872833804305e-07,2.2622460703521522e-07,5.729564196333055e-07
logistic_regression,pairwise_correlation_filter_natural,mixed__r0p10__medium,mixed,0.1,MEDIUM,inference_cpu_time_sec,5,0.002496326699999827,0.0008552438143248083,0.0018902895999985958,0.003982833999998547,0.0014344012460654036,0.0035582521539342504
logistic_regression,pairwise_correlation_filter_natural,mixed__r0p10__medium,mixed,0.1,MEDIUM,inference_peak_rss_mib,5,805.77578125,0.030080661419028838,805.7421875,805.80859375,805.7384311756738,805.8131313243263
logistic_regression,pairwise_correlation_filter_natural,mixed__r0p10__medium,mixed,0.1,MEDIUM,peak_rss_mib,5,805.77578125,0.030080661419028838,805.7421875,805.80859375,805.7384311756738,805.8131313243263
logistic_regression,pairwise_correlation_filter_natural,mixed__r0p10__medium,mixed,0.1,MEDIUM,serialized_model_bytes,5,2310.0,0.0,2310.0,2310.0,2310.0,2310.0
logistic_regression,pairwise_correlation_filter_natural,mixed__r0p10__medium,mixed,0.1,MEDIUM,serialized_model_kib,5,2.255859375,0.0,2.255859375,2.255859375,2.255859375,2.255859375
decision_tree,mutual_information_select_k_best_k11,mixed__r0p10__medium,mixed,0.1,MEDIUM,precision,5,0.4114927032762911,0.32701659553824114,0.13876651982378854,0.9316239316239316,0.005447969780972672,0.8175374367716095
decision_tree,mutual_information_select_k_best_k11,mixed__r0p10__medium,mixed,0.1,MEDIUM,recall,5,0.31866666666666665,0.15790468292260648,0.18166666666666667,0.525,0.12260210673372965,0.5147312265996037
decision_tree,mutual_information_select_k_best_k11,mixed__r0p10__medium,mixed,0.1,MEDIUM,f1,5,0.26222786725768865,0.03946247342661905,0.21951219512195122,0.30404463040446306,0.2132287347237441,0.3112269997916332
decision_tree,mutual_information_select_k_best_k11,mixed__r0p10__medium,mixed,0.1,MEDIUM,average_precision,5,0.2893543046157709,0.007529368356459438,0.27831138105957004,0.29931423783080185,0.2800053589983331,0.29870325023320865
decision_tree,mutual_information_select_k_best_k11,mixed__r0p10__medium,mixed,0.1,MEDIUM,pr_auc_trapezoidal,5,0.35495922155037885,0.029280279204375273,0.3196945627410209,0.39902228183809263,0.3186029530049228,0.3913154900958349
decision_tree,mutual_information_select_k_best_k11,mixed__r0p10__medium,mixed,0.1,MEDIUM,roc_auc,5,0.6171483950617284,0.003725859962451644,0.6117307098765432,0.6206944444444443,0.6125221288839996,0.6217746612394571
decision_tree,mutual_information_select_k_best_k11,mixed__r0p10__medium,mixed,0.1,MEDIUM,TP,5,191.2,94.74280975356389,109.0,315.0,73.56126404023779,308.8387359597622
decision_tree,mutual_information_select_k_best_k11,mixed__r0p10__medium,mixed,0.1,MEDIUM,TN,5,4615.2,907.8417813694191,3445.0,5392.0,3487.9655440075235,5742.434455992476
decision_tree,mutual_information_select_k_best_k11,mixed__r0p10__medium,mixed,0.1,MEDIUM,FP,5,784.8,907.841781369419,8.0,1955.0,-342.43445599247616,1912.034455992476
decision_tree,mutual_information_select_k_best_k11,mixed__r0p10__medium,mixed,0.1,MEDIUM,FN,5,408.8,94.74280975356389,285.0,491.0,291.1612640402378,526.4387359597622
decision_tree,mutual_information_select_k_best_k11,mixed__r0p10__medium,mixed,0.1,MEDIUM,attack_prevalence,5,0.1,0.0,0.1,0.1,0.1,0.1
decision_tree,mutual_information_select_k_best_k11,mixed__r0p10__medium,mixed,0.1,MEDIUM,visible_feature_attack_count,5,343.0,0.0,343.0,343.0,343.0,343.0
decision_tree,mutual_information_select_k_best_k11,mixed__r0p10__medium,mixed,0.1,MEDIUM,invisible_feature_attack_count,5,257.0,0.0,257.0,257.0,257.0,257.0
decision_tree,mutual_information_select_k_best_k11,mixed__r0p10__medium,mixed,0.1,MEDIUM,selected_feature_visibility_rate,5,0.5716666666666667,0.0,0.5716666666666667,0.5716666666666667,0.5716666666666667,0.5716666666666667
decision_tree,mutual_information_select_k_best_k11,mixed__r0p10__medium,mixed,0.1,MEDIUM,visible_attack_recall,5,0.43790087463556854,0.13968939842875497,0.30903790087463556,0.60932944606414,0.2644535776757042,0.6113481715954329
decision_tree,mutual_information_select_k_best_k11,mixed__r0p10__medium,mixed,0.1,MEDIUM,invisible_attack_recall,5,0.1595330739299611,0.18368478991318554,0.011673151750972763,0.41245136186770426,-0.06854171672304454,0.38760786458296675
decision_tree,mutual_information_select_k_best_k11,mixed__r0p10__medium,mixed,0.1,MEDIUM,visible_attack_f1,5,0.31126652221609474,0.13278771183621502,0.16673314718787396,0.4638949671772429,0.14638880102507967,0.4761442434071098
decision_tree,mutual_information_select_k_best_k11,mixed__r0p10__medium,mixed,0.1,MEDIUM,paired_induced_attack_induced_detection_rate,5,0.176,0.015925172247455002,0.15166666666666667,0.195,0.15622628695512566,0.19577371304487431
decision_tree,mutual_information_select_k_best_k11,mixed__r0p10__medium,mixed,0.1,MEDIUM,paired_induced_mean_anomaly_score_delta,5,0.10195353977848323,0.002938988020635266,0.09942293292327226,0.10640326035089781,0.09830430416210538,0.10560277539486108
decision_tree,mutual_information_select_k_best_k11,mixed__r0p10__medium,mixed,0.1,MEDIUM,paired_induced_median_anomaly_score_delta,5,0.0,0.0,0.0,0.0,0.0,0.0
decision_tree,mutual_information_select_k_best_k11,mixed__r0p10__medium,mixed,0.1,MEDIUM,selected_feature_count,5,11.0,0.0,11.0,11.0,11.0,11.0
decision_tree,mutual_information_select_k_best_k11,mixed__r0p10__medium,mixed,0.1,MEDIUM,source_block_count,5,5.0,0.7071067811865476,4.0,6.0,4.122010966914219,5.877989033085781
decision_tree,mutual_information_select_k_best_k11,mixed__r0p10__medium,mixed,0.1,MEDIUM,selected_input_bytes,5,528132.0,0.0,528132.0,528132.0,528132.0,528132.0
decision_tree,mutual_information_select_k_best_k11,mixed__r0p10__medium,mixed,0.1,MEDIUM,model_fit_wall_time_sec,0,,,,,,
decision_tree,mutual_information_select_k_best_k11,mixed__r0p10__medium,mixed,0.1,MEDIUM,model_fit_cpu_time_sec,0,,,,,,
decision_tree,mutual_information_select_k_best_k11,mixed__r0p10__medium,mixed,0.1,MEDIUM,model_fit_peak_rss_mib,0,,,,,,
decision_tree,mutual_information_select_k_best_k11,mixed__r0p10__medium,mixed,0.1,MEDIUM,combined_fit_wall_time_sec,0,,,,,,
decision_tree,mutual_information_select_k_best_k11,mixed__r0p10__medium,mixed,0.1,MEDIUM,inference_wall_time_sec,5,0.0019401100197865163,0.0002511806399863265,0.0016241609999269712,0.0021856843995919917,0.0016282280620694661,0.0022519919775035664
decision_tree,mutual_information_select_k_best_k11,mixed__r0p10__medium,mixed,0.1,MEDIUM,per_record_inference_sec,5,3.233516699644194e-07,4.186343999772108e-08,2.7069349998782855e-07,3.6428073326533195e-07,2.7137134367824435e-07,3.7533199625059443e-07
decision_tree,mutual_information_select_k_best_k11,mixed__r0p10__medium,mixed,0.1,MEDIUM,inference_cpu_time_sec,5,0.002005603240002074,0.0002746497428239223,0.0016327793000073143,0.0022446121000029963,0.0016645805422214161,0.0023466259377827323
decision_tree,mutual_information_select_k_best_k11,mixed__r0p10__medium,mixed,0.1,MEDIUM,inference_peak_rss_mib,5,805.778125,0.03142043367529719,805.7421875,805.80859375,805.7391113786974,805.8171386213027
decision_tree,mutual_information_select_k_best_k11,mixed__r0p10__medium,mixed,0.1,MEDIUM,peak_rss_mib,5,805.778125,0.03142043367529719,805.7421875,805.80859375,805.7391113786974,805.8171386213027
decision_tree,mutual_information_select_k_best_k11,mixed__r0p10__medium,mixed,0.1,MEDIUM,serialized_model_bytes,5,3402.4,341.02903102228703,3028.0,3716.0,2978.9565298369753,3825.843470163025
decision_tree,mutual_information_select_k_best_k11,mixed__r0p10__medium,mixed,0.1,MEDIUM,serialized_model_kib,5,3.32265625,0.3330361631077022,2.95703125,3.62890625,2.909137236168921,3.736175263831079
logistic_regression,mutual_information_select_k_best_k11,mixed__r0p10__medium,mixed,0.1,MEDIUM,precision,5,0.1014100237007443,0.004213542904218515,0.09567901234567901,0.10618436406067679,0.09617821917168508,0.10664182822980352
logistic_regression,mutual_information_select_k_best_k11,mixed__r0p10__medium,mixed,0.1,MEDIUM,recall,5,0.506,0.05040943474302316,0.455,0.5683333333333334,0.4434084197097364,0.5685915802902637
logistic_regression,mutual_information_select_k_best_k11,mixed__r0p10__medium,mixed,0.1,MEDIUM,f1,5,0.16859996471845395,0.003518062199432069,0.1637848222862632,0.17218543046357615,0.16423171354197413,0.17296821589493377
logistic_regression,mutual_information_select_k_best_k11,mixed__r0p10__medium,mixed,0.1,MEDIUM,average_precision,5,0.10315183256070712,0.005057373860380872,0.09461521854329094,0.1074695716708565,0.09687227351281041,0.10943139160860382
logistic_regression,mutual_information_select_k_best_k11,mixed__r0p10__medium,mixed,0.1,MEDIUM,pr_auc_trapezoidal,5,0.10257245493274843,0.0050139403102000685,0.0941328862606512,0.10691784590219906,0.09634682576042544,0.10879808410507141
logistic_regression,mutual_information_select_k_best_k11,mixed__r0p10__medium,mixed,0.1,MEDIUM,roc_auc,5,0.5020767283950618,0.01452264088976143,0.4772027777777778,0.5142033950617284,0.4840444880433888,0.5201089687467347
logistic_regression,mutual_information_select_k_best_k11,mixed__r0p10__medium,mixed,0.1,MEDIUM,TP,5,303.6,30.2456608458139,273.0,341.0,266.0450518258418,341.1549481741582
logistic_regression,mutual_information_select_k_best_k11,mixed__r0p10__medium,mixed,0.1,MEDIUM,TN,5,2696.6,387.3632661985387,2177.0,3102.0,2215.6249781342713,3177.5750218657286
logistic_regression,mutual_information_select_k_best_k11,mixed__r0p10__medium,mixed,0.1,MEDIUM,FP,5,2703.4,387.3632661985387,2298.0,3223.0,2222.4249781342714,3184.3750218657287
logistic_regression,mutual_information_select_k_best_k11,mixed__r0p10__medium,mixed,0.1,MEDIUM,FN,5,296.4,30.2456608458139,259.0,327.0,258.8450518258418,333.9549481741582
logistic_regression,mutual_information_select_k_best_k11,mixed__r0p10__medium,mixed,0.1,MEDIUM,attack_prevalence,5,0.1,0.0,0.1,0.1,0.1,0.1
logistic_regression,mutual_information_select_k_best_k11,mixed__r0p10__medium,mixed,0.1,MEDIUM,visible_feature_attack_count,5,343.0,0.0,343.0,343.0,343.0,343.0
logistic_regression,mutual_information_select_k_best_k11,mixed__r0p10__medium,mixed,0.1,MEDIUM,invisible_feature_attack_count,5,257.0,0.0,257.0,257.0,257.0,257.0
logistic_regression,mutual_information_select_k_best_k11,mixed__r0p10__medium,mixed,0.1,MEDIUM,selected_feature_visibility_rate,5,0.5716666666666667,0.0,0.5716666666666667,0.5716666666666667,0.5716666666666667,0.5716666666666667
logistic_regression,mutual_information_select_k_best_k11,mixed__r0p10__medium,mixed,0.1,MEDIUM,visible_attack_recall,5,0.5067055393586006,0.05101624306197558,0.44314868804664725,0.565597667638484,0.44336050702488267,0.5700505716923187
logistic_regression,mutual_information_select_k_best_k11,mixed__r0p10__medium,mixed,0.1,MEDIUM,invisible_attack_recall,5,0.5050583657587548,0.05186932430967487,0.4474708171206226,0.5719844357976653,0.44065409315222503,0.5694626383652847
logistic_regression,mutual_information_select_k_best_k11,mixed__r0p10__medium,mixed,0.1,MEDIUM,visible_attack_f1,5,0.10822395117338297,0.003468494531690589,0.10319148936170212,0.11289198606271778,0.10391724638541272,0.11253065596135323
logistic_regression,mutual_information_select_k_best_k11,mixed__r0p10__medium,mixed,0.1,MEDIUM,paired_induced_attack_induced_detection_rate,5,0.022333333333333337,0.010178954323068314,0.011666666666666667,0.03666666666666667,0.0096944922110088,0.034972174455657874
logistic_regression,mutual_information_select_k_best_k11,mixed__r0p10__medium,mixed,0.1,MEDIUM,paired_induced_mean_anomaly_score_delta,5,7.206570994838844e-05,0.00034979334646182705,-0.0005140960328325561,0.00041937137901969484,-0.0003622600951648234,0.0005063915150616003
logistic_regression,mutual_information_select_k_best_k11,mixed__r0p10__medium,mixed,0.1,MEDIUM,paired_induced_median_anomaly_score_delta,5,0.0,0.0,0.0,0.0,0.0,0.0
logistic_regression,mutual_information_select_k_best_k11,mixed__r0p10__medium,mixed,0.1,MEDIUM,selected_feature_count,5,11.0,0.0,11.0,11.0,11.0,11.0
logistic_regression,mutual_information_select_k_best_k11,mixed__r0p10__medium,mixed,0.1,MEDIUM,source_block_count,5,5.0,0.7071067811865476,4.0,6.0,4.122010966914219,5.877989033085781
logistic_regression,mutual_information_select_k_best_k11,mixed__r0p10__medium,mixed,0.1,MEDIUM,selected_input_bytes,5,528132.0,0.0,528132.0,528132.0,528132.0,528132.0
logistic_regression,mutual_information_select_k_best_k11,mixed__r0p10__medium,mixed,0.1,MEDIUM,model_fit_wall_time_sec,5,0.27497685859998455,0.02091021720342391,0.24763035999785643,0.29918557299970416,0.24901339470385145,0.30094032249611763
logistic_regression,mutual_information_select_k_best_k11,mixed__r0p10__medium,mixed,0.1,MEDIUM,model_fit_cpu_time_sec,5,0.09213092119999988,0.014315567471356337,0.07548344399999962,0.10902960499999992,0.07435579645694569,0.10990604594305407
logistic_regression,mutual_information_select_k_best_k11,mixed__r0p10__medium,mixed,0.1,MEDIUM,model_fit_peak_rss_mib,5,163.92734375,0.3541635550567968,163.37890625,164.25390625,163.48759161420978,164.36709588579023
logistic_regression,mutual_information_select_k_best_k11,mixed__r0p10__medium,mixed,0.1,MEDIUM,combined_fit_wall_time_sec,5,0.27497685859998455,0.02091021720342391,0.24763035999785643,0.29918557299970416,0.24901339470385145,0.30094032249611763
logistic_regression,mutual_information_select_k_best_k11,mixed__r0p10__medium,mixed,0.1,MEDIUM,inference_wall_time_sec,5,0.0020249053402221764,0.0005754268562514636,0.0015055934003612493,0.0030092402004811445,0.0013104185292145936,0.002739392151229759
logistic_regression,mutual_information_select_k_best_k11,mixed__r0p10__medium,mixed,0.1,MEDIUM,per_record_inference_sec,5,3.3748422337036266e-07,9.59044760419106e-08,2.5093223339354155e-07,5.015400334135241e-07,2.1840308820243222e-07,4.565653585382931e-07
logistic_regression,mutual_information_select_k_best_k11,mixed__r0p10__medium,mixed,0.1,MEDIUM,inference_cpu_time_sec,5,0.002104604279998057,0.0006061085287787178,0.0016728167999985998,0.0031679189999977097,0.0013520211408086747,0.002857187419187439
logistic_regression,mutual_information_select_k_best_k11,mixed__r0p10__medium,mixed,0.1,MEDIUM,inference_peak_rss_mib,5,805.77890625,0.03033323227862059,805.74609375,805.80859375,805.7412425675304,805.8165699324695
logistic_regression,mutual_information_select_k_best_k11,mixed__r0p10__medium,mixed,0.1,MEDIUM,peak_rss_mib,5,805.77890625,0.03033323227862059,805.74609375,805.80859375,805.7412425675304,805.8165699324695
logistic_regression,mutual_information_select_k_best_k11,mixed__r0p10__medium,mixed,0.1,MEDIUM,serialized_model_bytes,5,1353.2,13.386560424545209,1334.0,1366.0,1336.5783898610498,1369.8216101389503
logistic_regression,mutual_information_select_k_best_k11,mixed__r0p10__medium,mixed,0.1,MEDIUM,serialized_model_kib,5,1.321484375,0.01307281291459493,1.302734375,1.333984375,1.3052523338486814,1.3377164161513186
