classifier,configuration_id,scenario_id,attack_type,attack_rate,attack_severity,metric,count,mean,std,min,max,ci95_low,ci95_high
decision_tree,none_natural,mixed__r0p05__medium,mixed,0.05,MEDIUM,precision,5,0.26538479924591335,0.29434746579123955,0.06532438478747203,0.7761194029850746,-0.10009585198987331,0.6308654504817
decision_tree,none_natural,mixed__r0p05__medium,mixed,0.05,MEDIUM,recall,5,0.30533333333333335,0.1423337236528606,0.17333333333333334,0.4866666666666667,0.12860267294315234,0.4820639937235144
decision_tree,none_natural,mixed__r0p05__medium,mixed,0.05,MEDIUM,f1,5,0.18900476213886783,0.07131060379599996,0.11518737672583826,0.28337874659400547,0.10046095271513163,0.27754857156260404
decision_tree,none_natural,mixed__r0p05__medium,mixed,0.05,MEDIUM,average_precision,5,0.22208384690725302,0.004786465708754925,0.2183880606900212,0.22917337773289193,0.21614066475805044,0.2280270290564556
decision_tree,none_natural,mixed__r0p05__medium,mixed,0.05,MEDIUM,pr_auc_trapezoidal,5,0.27016101700336037,0.03266022586731958,0.24223550783747616,0.324556061589544,0.22960799037067411,0.3107140436360466
decision_tree,none_natural,mixed__r0p05__medium,mixed,0.05,MEDIUM,roc_auc,5,0.6035330994152047,0.011182470453636862,0.5873637426900585,0.6154149122807018,0.5896482284419354,0.617417970388474
decision_tree,none_natural,mixed__r0p05__medium,mixed,0.05,MEDIUM,TP,5,91.6,42.70011709585818,52.0,146.0,38.580801882945686,144.6191981170543
decision_tree,none_natural,mixed__r0p05__medium,mixed,0.05,MEDIUM,TN,5,4841.4,952.9204059101684,3611.0,5685.0,3658.1930388266856,6024.606961173314
decision_tree,none_natural,mixed__r0p05__medium,mixed,0.05,MEDIUM,FP,5,858.6,952.9204059101684,15.0,2089.0,-324.60696117331383,2041.806961173314
decision_tree,none_natural,mixed__r0p05__medium,mixed,0.05,MEDIUM,FN,5,208.4,42.70011709585818,154.0,248.0,155.3808018829457,261.4191981170543
decision_tree,none_natural,mixed__r0p05__medium,mixed,0.05,MEDIUM,attack_prevalence,5,0.05,0.0,0.05,0.05,0.05,0.05
decision_tree,none_natural,mixed__r0p05__medium,mixed,0.05,MEDIUM,visible_feature_attack_count,5,171.0,0.0,171.0,171.0,171.0,171.0
decision_tree,none_natural,mixed__r0p05__medium,mixed,0.05,MEDIUM,invisible_feature_attack_count,5,129.0,0.0,129.0,129.0,129.0,129.0
decision_tree,none_natural,mixed__r0p05__medium,mixed,0.05,MEDIUM,selected_feature_visibility_rate,5,0.57,0.0,0.57,0.57,0.57,0.57
decision_tree,none_natural,mixed__r0p05__medium,mixed,0.05,MEDIUM,visible_attack_recall,5,0.4128654970760234,0.12580577131719164,0.30409356725146197,0.5614035087719298,0.2566570000650866,0.5690739940869601
decision_tree,none_natural,mixed__r0p05__medium,mixed,0.05,MEDIUM,invisible_attack_recall,5,0.16279069767441862,0.16562682650559302,0.0,0.3875968992248062,-0.04286216993448061,0.36844356528331784
decision_tree,none_natural,mixed__r0p05__medium,mixed,0.05,MEDIUM,visible_attack_f1,5,0.21695978530616383,0.14433596653451913,0.08149405772495756,0.4369747899159664,0.03774301201416566,0.39617655859816203
decision_tree,none_natural,mixed__r0p05__medium,mixed,0.05,MEDIUM,paired_induced_attack_induced_detection_rate,5,0.15933333333333333,0.0151657508881031,0.14333333333333334,0.17333333333333334,0.14050256644983397,0.17816410021683268
decision_tree,none_natural,mixed__r0p05__medium,mixed,0.05,MEDIUM,paired_induced_mean_anomaly_score_delta,5,0.09451243064263029,0.004343856071366962,0.08675753206877249,0.09676968188856577,0.0891188209454308,0.09990604033982978
decision_tree,none_natural,mixed__r0p05__medium,mixed,0.05,MEDIUM,paired_induced_median_anomaly_score_delta,5,0.0,0.0,0.0,0.0,0.0,0.0
decision_tree,none_natural,mixed__r0p05__medium,mixed,0.05,MEDIUM,selected_feature_count,5,43.0,0.0,43.0,43.0,43.0,43.0
decision_tree,none_natural,mixed__r0p05__medium,mixed,0.05,MEDIUM,source_block_count,5,10.0,0.0,10.0,10.0,10.0,10.0
decision_tree,none_natural,mixed__r0p05__medium,mixed,0.05,MEDIUM,selected_input_bytes,5,2064132.0,0.0,2064132.0,2064132.0,2064132.0,2064132.0
decision_tree,none_natural,mixed__r0p05__medium,mixed,0.05,MEDIUM,model_fit_wall_time_sec,0,,,,,,
decision_tree,none_natural,mixed__r0p05__medium,mixed,0.05,MEDIUM,model_fit_cpu_time_sec,0,,,,,,
decision_tree,none_natural,mixed__r0p05__medium,mixed,0.05,MEDIUM,model_fit_peak_rss_mib,0,,,,,,
decision_tree,none_natural,mixed__r0p05__medium,mixed,0.05,MEDIUM,combined_fit_wall_time_sec,0,,,,,,
decision_tree,none_natural,mixed__r0p05__medium,mixed,0.05,MEDIUM,inference_wall_time_sec,5,0.004544962019863306,0.004141259850231026,0.002444143300090218,0.011935563799488591,-0.0005970912433793576,0.00968701528310597
decision_tree,none_natural,mixed__r0p05__medium,mixed,0.05,MEDIUM,per_record_inference_sec,5,7.574936699772176e-07,6.902099750385043e-07,4.07357216681703e-07,1.9892606332480985e-06,-9.951520722989285e-08,1.6145025471843281e-06
decision_tree,none_natural,mixed__r0p05__medium,mixed,0.05,MEDIUM,inference_cpu_time_sec,5,0.004704133579998597,0.004306144892119569,0.0024886656000035145,0.012386692699999457,-0.0006426515035995528,0.010050918663596746
decision_tree,none_natural,mixed__r0p05__medium,mixed,0.05,MEDIUM,inference_peak_rss_mib,5,805.325,0.5557277327867318,804.69921875,805.80078125,804.6349728813948,806.0150271186053
decision_tree,none_natural,mixed__r0p05__medium,mixed,0.05,MEDIUM,peak_rss_mib,5,805.325,0.5557277327867318,804.69921875,805.80078125,804.6349728813948,806.0150271186053
decision_tree,none_natural,mixed__r0p05__medium,mixed,0.05,MEDIUM,serialized_model_bytes,5,4132.0,327.90242451070714,3780.0,4420.0,3724.8553645610036,4539.144635438996
decision_tree,none_natural,mixed__r0p05__medium,mixed,0.05,MEDIUM,serialized_model_kib,5,4.03515625,0.32021721143623744,3.69140625,4.31640625,3.637554066954105,4.432758433045895
logistic_regression,none_natural,mixed__r0p05__medium,mixed,0.05,MEDIUM,precision,5,0.048824376447069925,0.0025431218874503985,0.046228710462287104,0.05299275638581777,0.04566667355637625,0.0519820793377636
logistic_regression,none_natural,mixed__r0p05__medium,mixed,0.05,MEDIUM,recall,5,0.42333333333333334,0.07824463062870336,0.30666666666666664,0.49333333333333335,0.3261797924288436,0.520486874237823
logistic_regression,none_natural,mixed__r0p05__medium,mixed,0.05,MEDIUM,f1,5,0.0873482710095709,0.005279231126490594,0.0824295010845987,0.09510776599384195,0.08079323978160562,0.0939033022375362
logistic_regression,none_natural,mixed__r0p05__medium,mixed,0.05,MEDIUM,average_precision,5,0.051149797360171737,0.003092591785531444,0.047586258876705076,0.055502056864562326,0.047309837478933595,0.05498975724140988
logistic_regression,none_natural,mixed__r0p05__medium,mixed,0.05,MEDIUM,pr_auc_trapezoidal,5,0.05038061978673021,0.002956490081326287,0.04702662980790401,0.05463989404205821,0.04670965249169792,0.0540515870817625
logistic_regression,none_natural,mixed__r0p05__medium,mixed,0.05,MEDIUM,roc_auc,5,0.49399999999999994,0.015421630169901876,0.4780204678362573,0.5108198830409357,0.4748515170244046,0.5131484829755953
logistic_regression,none_natural,mixed__r0p05__medium,mixed,0.05,MEDIUM,TP,5,127.0,23.473389188611005,92.0,148.0,97.85393772865308,156.14606227134692
logistic_regression,none_natural,mixed__r0p05__medium,mixed,0.05,MEDIUM,TN,5,3230.4,413.3537226153891,2828.0,3861.0,2717.1535641045584,3743.6464358954418
logistic_regression,none_natural,mixed__r0p05__medium,mixed,0.05,MEDIUM,FP,5,2469.6,413.3537226153891,1839.0,2872.0,1956.3535641045582,2982.8464358954416
logistic_regression,none_natural,mixed__r0p05__medium,mixed,0.05,MEDIUM,FN,5,173.0,23.473389188611005,152.0,208.0,143.85393772865308,202.14606227134692
logistic_regression,none_natural,mixed__r0p05__medium,mixed,0.05,MEDIUM,attack_prevalence,5,0.05,0.0,0.05,0.05,0.05,0.05
logistic_regression,none_natural,mixed__r0p05__medium,mixed,0.05,MEDIUM,visible_feature_attack_count,5,171.0,0.0,171.0,171.0,171.0,171.0
logistic_regression,none_natural,mixed__r0p05__medium,mixed,0.05,MEDIUM,invisible_feature_attack_count,5,129.0,0.0,129.0,129.0,129.0,129.0
logistic_regression,none_natural,mixed__r0p05__medium,mixed,0.05,MEDIUM,selected_feature_visibility_rate,5,0.57,0.0,0.57,0.57,0.57,0.57
logistic_regression,none_natural,mixed__r0p05__medium,mixed,0.05,MEDIUM,visible_attack_recall,5,0.43625730994152045,0.0918705819258736,0.30994152046783624,0.52046783625731,0.3221849158700431,0.5503297040129977
logistic_regression,none_natural,mixed__r0p05__medium,mixed,0.05,MEDIUM,invisible_attack_recall,5,0.4062015503875968,0.06793458077583456,0.3023255813953488,0.4883720930232558,0.32184962720511046,0.49055347357008317
logistic_regression,none_natural,mixed__r0p05__medium,mixed,0.05,MEDIUM,visible_attack_f1,5,0.054646466821436014,0.004844803327170564,0.048723897911832945,0.0606281957633309,0.04863084895170573,0.060662084691166296
logistic_regression,none_natural,mixed__r0p05__medium,mixed,0.05,MEDIUM,paired_induced_attack_induced_detection_rate,5,0.026666666666666665,0.01715938356831167,0.006666666666666667,0.043333333333333335,0.005360477858507892,0.04797285547482544
logistic_regression,none_natural,mixed__r0p05__medium,mixed,0.05,MEDIUM,paired_induced_mean_anomaly_score_delta,5,0.00023849492737557494,0.0003211688295723051,-0.00028757439086179635,0.0005721336246787475,-0.00016028884564991361,0.0006372787004010636
logistic_regression,none_natural,mixed__r0p05__medium,mixed,0.05,MEDIUM,paired_induced_median_anomaly_score_delta,5,0.0,0.0,0.0,0.0,0.0,0.0
logistic_regression,none_natural,mixed__r0p05__medium,mixed,0.05,MEDIUM,selected_feature_count,5,43.0,0.0,43.0,43.0,43.0,43.0
logistic_regression,none_natural,mixed__r0p05__medium,mixed,0.05,MEDIUM,source_block_count,5,10.0,0.0,10.0,10.0,10.0,10.0
logistic_regression,none_natural,mixed__r0p05__medium,mixed,0.05,MEDIUM,selected_input_bytes,5,2064132.0,0.0,2064132.0,2064132.0,2064132.0,2064132.0
logistic_regression,none_natural,mixed__r0p05__medium,mixed,0.05,MEDIUM,model_fit_wall_time_sec,5,0.49001829079934395,0.09719446902817075,0.4144513709979947,0.6605000540002948,0.3693354177824376,0.6107011638162503
logistic_regression,none_natural,mixed__r0p05__medium,mixed,0.05,MEDIUM,model_fit_cpu_time_sec,5,0.29261962500000005,0.07522294968955433,0.21856836799999968,0.4180874179999998,0.19921799653171318,0.3860212534682869
logistic_regression,none_natural,mixed__r0p05__medium,mixed,0.05,MEDIUM,model_fit_peak_rss_mib,5,182.0546875,0.12530480415894876,181.8984375,182.19140625,181.89910103587374,182.21027396412626
logistic_regression,none_natural,mixed__r0p05__medium,mixed,0.05,MEDIUM,combined_fit_wall_time_sec,5,0.49001829079934395,0.09719446902817075,0.4144513709979947,0.6605000540002948,0.3693354177824376,0.6107011638162503
logistic_regression,none_natural,mixed__r0p05__medium,mixed,0.05,MEDIUM,inference_wall_time_sec,5,0.0024862504401244223,0.0010192959084854981,0.0016806153005745727,0.003947848299867473,0.0012206274070405748,0.0037518734732082696
logistic_regression,none_natural,mixed__r0p05__medium,mixed,0.05,MEDIUM,per_record_inference_sec,5,4.1437507335407036e-07,1.698826514142497e-07,2.801025500957621e-07,6.579747166445789e-07,2.0343790117342908e-07,6.253122455347116e-07
logistic_regression,none_natural,mixed__r0p05__medium,mixed,0.05,MEDIUM,inference_cpu_time_sec,5,0.002564003120000962,0.0010793615884771685,0.0017311408999944433,0.004135036300010597,0.0012237986945437696,0.003904207545458154
logistic_regression,none_natural,mixed__r0p05__medium,mixed,0.05,MEDIUM,inference_peak_rss_mib,5,805.73046875,0.0900557959640508,805.59375,805.80078125,805.6186497103217,805.8422877896783
logistic_regression,none_natural,mixed__r0p05__medium,mixed,0.05,MEDIUM,peak_rss_mib,5,805.73046875,0.0900557959640508,805.59375,805.80078125,805.6186497103217,805.8422877896783
logistic_regression,none_natural,mixed__r0p05__medium,mixed,0.05,MEDIUM,serialized_model_bytes,5,2342.0,0.0,2342.0,2342.0,2342.0,2342.0
logistic_regression,none_natural,mixed__r0p05__medium,mixed,0.05,MEDIUM,serialized_model_kib,5,2.287109375,0.0,2.287109375,2.287109375,2.287109375,2.287109375
decision_tree,pairwise_correlation_filter_natural,mixed__r0p05__medium,mixed,0.05,MEDIUM,precision,5,0.26538479924591335,0.29434746579123955,0.06532438478747203,0.7761194029850746,-0.10009585198987331,0.6308654504817
decision_tree,pairwise_correlation_filter_natural,mixed__r0p05__medium,mixed,0.05,MEDIUM,recall,5,0.30533333333333335,0.1423337236528606,0.17333333333333334,0.4866666666666667,0.12860267294315234,0.4820639937235144
decision_tree,pairwise_correlation_filter_natural,mixed__r0p05__medium,mixed,0.05,MEDIUM,f1,5,0.18900476213886783,0.07131060379599996,0.11518737672583826,0.28337874659400547,0.10046095271513163,0.27754857156260404
decision_tree,pairwise_correlation_filter_natural,mixed__r0p05__medium,mixed,0.05,MEDIUM,average_precision,5,0.22208384690725302,0.004786465708754925,0.2183880606900212,0.22917337773289193,0.21614066475805044,0.2280270290564556
decision_tree,pairwise_correlation_filter_natural,mixed__r0p05__medium,mixed,0.05,MEDIUM,pr_auc_trapezoidal,5,0.27016101700336037,0.03266022586731958,0.24223550783747616,0.324556061589544,0.22960799037067411,0.3107140436360466
decision_tree,pairwise_correlation_filter_natural,mixed__r0p05__medium,mixed,0.05,MEDIUM,roc_auc,5,0.6035330994152047,0.011182470453636862,0.5873637426900585,0.6154149122807018,0.5896482284419354,0.617417970388474
decision_tree,pairwise_correlation_filter_natural,mixed__r0p05__medium,mixed,0.05,MEDIUM,TP,5,91.6,42.70011709585818,52.0,146.0,38.580801882945686,144.6191981170543
decision_tree,pairwise_correlation_filter_natural,mixed__r0p05__medium,mixed,0.05,MEDIUM,TN,5,4841.4,952.9204059101684,3611.0,5685.0,3658.1930388266856,6024.606961173314
decision_tree,pairwise_correlation_filter_natural,mixed__r0p05__medium,mixed,0.05,MEDIUM,FP,5,858.6,952.9204059101684,15.0,2089.0,-324.60696117331383,2041.806961173314
decision_tree,pairwise_correlation_filter_natural,mixed__r0p05__medium,mixed,0.05,MEDIUM,FN,5,208.4,42.70011709585818,154.0,248.0,155.3808018829457,261.4191981170543
decision_tree,pairwise_correlation_filter_natural,mixed__r0p05__medium,mixed,0.05,MEDIUM,attack_prevalence,5,0.05,0.0,0.05,0.05,0.05,0.05
decision_tree,pairwise_correlation_filter_natural,mixed__r0p05__medium,mixed,0.05,MEDIUM,visible_feature_attack_count,5,171.0,0.0,171.0,171.0,171.0,171.0
decision_tree,pairwise_correlation_filter_natural,mixed__r0p05__medium,mixed,0.05,MEDIUM,invisible_feature_attack_count,5,129.0,0.0,129.0,129.0,129.0,129.0
decision_tree,pairwise_correlation_filter_natural,mixed__r0p05__medium,mixed,0.05,MEDIUM,selected_feature_visibility_rate,5,0.57,0.0,0.57,0.57,0.57,0.57
decision_tree,pairwise_correlation_filter_natural,mixed__r0p05__medium,mixed,0.05,MEDIUM,visible_attack_recall,5,0.4128654970760234,0.12580577131719164,0.30409356725146197,0.5614035087719298,0.2566570000650866,0.5690739940869601
decision_tree,pairwise_correlation_filter_natural,mixed__r0p05__medium,mixed,0.05,MEDIUM,invisible_attack_recall,5,0.16279069767441862,0.16562682650559302,0.0,0.3875968992248062,-0.04286216993448061,0.36844356528331784
decision_tree,pairwise_correlation_filter_natural,mixed__r0p05__medium,mixed,0.05,MEDIUM,visible_attack_f1,5,0.21695978530616383,0.14433596653451913,0.08149405772495756,0.4369747899159664,0.03774301201416566,0.39617655859816203
decision_tree,pairwise_correlation_filter_natural,mixed__r0p05__medium,mixed,0.05,MEDIUM,paired_induced_attack_induced_detection_rate,5,0.15933333333333333,0.0151657508881031,0.14333333333333334,0.17333333333333334,0.14050256644983397,0.17816410021683268
decision_tree,pairwise_correlation_filter_natural,mixed__r0p05__medium,mixed,0.05,MEDIUM,paired_induced_mean_anomaly_score_delta,5,0.09451243064263025,0.004343856071367155,0.08675753206877213,0.09676968188856622,0.08911882094543053,0.09990604033982997
decision_tree,pairwise_correlation_filter_natural,mixed__r0p05__medium,mixed,0.05,MEDIUM,paired_induced_median_anomaly_score_delta,5,0.0,0.0,0.0,0.0,0.0,0.0
decision_tree,pairwise_correlation_filter_natural,mixed__r0p05__medium,mixed,0.05,MEDIUM,selected_feature_count,5,42.0,0.0,42.0,42.0,42.0,42.0
decision_tree,pairwise_correlation_filter_natural,mixed__r0p05__medium,mixed,0.05,MEDIUM,source_block_count,5,9.0,0.0,9.0,9.0,9.0,9.0
decision_tree,pairwise_correlation_filter_natural,mixed__r0p05__medium,mixed,0.05,MEDIUM,selected_input_bytes,5,2016132.0,0.0,2016132.0,2016132.0,2016132.0,2016132.0
decision_tree,pairwise_correlation_filter_natural,mixed__r0p05__medium,mixed,0.05,MEDIUM,model_fit_wall_time_sec,0,,,,,,
decision_tree,pairwise_correlation_filter_natural,mixed__r0p05__medium,mixed,0.05,MEDIUM,model_fit_cpu_time_sec,0,,,,,,
decision_tree,pairwise_correlation_filter_natural,mixed__r0p05__medium,mixed,0.05,MEDIUM,model_fit_peak_rss_mib,0,,,,,,
decision_tree,pairwise_correlation_filter_natural,mixed__r0p05__medium,mixed,0.05,MEDIUM,combined_fit_wall_time_sec,0,,,,,,
decision_tree,pairwise_correlation_filter_natural,mixed__r0p05__medium,mixed,0.05,MEDIUM,inference_wall_time_sec,5,0.0024763071601046245,0.0006723271756326588,0.0017353989998809994,0.0033528658001159783,0.0016415027111068695,0.0033111116091023795
decision_tree,pairwise_correlation_filter_natural,mixed__r0p05__medium,mixed,0.05,MEDIUM,per_record_inference_sec,5,4.1271786001743747e-07,1.1205452927210979e-07,2.892331666468332e-07,5.588109666859963e-07,2.7358378518447833e-07,5.518519348503966e-07
decision_tree,pairwise_correlation_filter_natural,mixed__r0p05__medium,mixed,0.05,MEDIUM,inference_cpu_time_sec,5,0.0025524008000002143,0.0007187034461492706,0.0017765829999916605,0.0034899160000009034,0.001660012605530978,0.0034447889944694506
decision_tree,pairwise_correlation_filter_natural,mixed__r0p05__medium,mixed,0.05,MEDIUM,inference_peak_rss_mib,5,805.55625,0.47949596644386644,804.703125,805.80078125,804.9608771211822,806.1516228788178
decision_tree,pairwise_correlation_filter_natural,mixed__r0p05__medium,mixed,0.05,MEDIUM,peak_rss_mib,5,805.55625,0.47949596644386644,804.703125,805.80078125,804.9608771211822,806.1516228788178
decision_tree,pairwise_correlation_filter_natural,mixed__r0p05__medium,mixed,0.05,MEDIUM,serialized_model_bytes,5,4116.0,327.90242451070714,3764.0,4404.0,3708.8553645610036,4523.144635438996
decision_tree,pairwise_correlation_filter_natural,mixed__r0p05__medium,mixed,0.05,MEDIUM,serialized_model_kib,5,4.01953125,0.32021721143623744,3.67578125,4.30078125,3.621929066954105,4.417133433045895
logistic_regression,pairwise_correlation_filter_natural,mixed__r0p05__medium,mixed,0.05,MEDIUM,precision,5,0.048824376447069925,0.0025431218874503985,0.046228710462287104,0.05299275638581777,0.04566667355637625,0.0519820793377636
logistic_regression,pairwise_correlation_filter_natural,mixed__r0p05__medium,mixed,0.05,MEDIUM,recall,5,0.42333333333333334,0.07824463062870336,0.30666666666666664,0.49333333333333335,0.3261797924288436,0.520486874237823
logistic_regression,pairwise_correlation_filter_natural,mixed__r0p05__medium,mixed,0.05,MEDIUM,f1,5,0.0873482710095709,0.005279231126490594,0.0824295010845987,0.09510776599384195,0.08079323978160562,0.0939033022375362
logistic_regression,pairwise_correlation_filter_natural,mixed__r0p05__medium,mixed,0.05,MEDIUM,average_precision,5,0.05114995951986866,0.0030920143607348345,0.04758644944195165,0.055501364632668505,0.04731071660621214,0.054989202433525175
logistic_regression,pairwise_correlation_filter_natural,mixed__r0p05__medium,mixed,0.05,MEDIUM,pr_auc_trapezoidal,5,0.05038077168126145,0.0029559505591219334,0.04702682016668273,0.054639207130961515,0.04671047429152654,0.054051069070996355
logistic_regression,pairwise_correlation_filter_natural,mixed__r0p05__medium,mixed,0.05,MEDIUM,roc_auc,5,0.493998947368421,0.01541962070029456,0.47802105263157896,0.5108181286549708,0.4748529594788925,0.5131449352579495
logistic_regression,pairwise_correlation_filter_natural,mixed__r0p05__medium,mixed,0.05,MEDIUM,TP,5,127.0,23.473389188611005,92.0,148.0,97.85393772865308,156.14606227134692
logistic_regression,pairwise_correlation_filter_natural,mixed__r0p05__medium,mixed,0.05,MEDIUM,TN,5,3230.4,413.3537226153891,2828.0,3861.0,2717.1535641045584,3743.6464358954418
logistic_regression,pairwise_correlation_filter_natural,mixed__r0p05__medium,mixed,0.05,MEDIUM,FP,5,2469.6,413.3537226153891,1839.0,2872.0,1956.3535641045582,2982.8464358954416
logistic_regression,pairwise_correlation_filter_natural,mixed__r0p05__medium,mixed,0.05,MEDIUM,FN,5,173.0,23.473389188611005,152.0,208.0,143.85393772865308,202.14606227134692
logistic_regression,pairwise_correlation_filter_natural,mixed__r0p05__medium,mixed,0.05,MEDIUM,attack_prevalence,5,0.05,0.0,0.05,0.05,0.05,0.05
logistic_regression,pairwise_correlation_filter_natural,mixed__r0p05__medium,mixed,0.05,MEDIUM,visible_feature_attack_count,5,171.0,0.0,171.0,171.0,171.0,171.0
logistic_regression,pairwise_correlation_filter_natural,mixed__r0p05__medium,mixed,0.05,MEDIUM,invisible_feature_attack_count,5,129.0,0.0,129.0,129.0,129.0,129.0
logistic_regression,pairwise_correlation_filter_natural,mixed__r0p05__medium,mixed,0.05,MEDIUM,selected_feature_visibility_rate,5,0.57,0.0,0.57,0.57,0.57,0.57
logistic_regression,pairwise_correlation_filter_natural,mixed__r0p05__medium,mixed,0.05,MEDIUM,visible_attack_recall,5,0.43625730994152045,0.0918705819258736,0.30994152046783624,0.52046783625731,0.3221849158700431,0.5503297040129977
logistic_regression,pairwise_correlation_filter_natural,mixed__r0p05__medium,mixed,0.05,MEDIUM,invisible_attack_recall,5,0.4062015503875968,0.06793458077583456,0.3023255813953488,0.4883720930232558,0.32184962720511046,0.49055347357008317
logistic_regression,pairwise_correlation_filter_natural,mixed__r0p05__medium,mixed,0.05,MEDIUM,visible_attack_f1,5,0.054646466821436014,0.004844803327170564,0.048723897911832945,0.0606281957633309,0.04863084895170573,0.060662084691166296
logistic_regression,pairwise_correlation_filter_natural,mixed__r0p05__medium,mixed,0.05,MEDIUM,paired_induced_attack_induced_detection_rate,5,0.026666666666666665,0.01715938356831167,0.006666666666666667,0.043333333333333335,0.005360477858507892,0.04797285547482544
logistic_regression,pairwise_correlation_filter_natural,mixed__r0p05__medium,mixed,0.05,MEDIUM,paired_induced_mean_anomaly_score_delta,5,0.00023855154757749185,0.00032120125114161447,-0.00028762831079346036,0.0005721056384112114,-0.0001602724821433735,0.0006373755772983573
logistic_regression,pairwise_correlation_filter_natural,mixed__r0p05__medium,mixed,0.05,MEDIUM,paired_induced_median_anomaly_score_delta,5,0.0,0.0,0.0,0.0,0.0,0.0
logistic_regression,pairwise_correlation_filter_natural,mixed__r0p05__medium,mixed,0.05,MEDIUM,selected_feature_count,5,42.0,0.0,42.0,42.0,42.0,42.0
logistic_regression,pairwise_correlation_filter_natural,mixed__r0p05__medium,mixed,0.05,MEDIUM,source_block_count,5,9.0,0.0,9.0,9.0,9.0,9.0
logistic_regression,pairwise_correlation_filter_natural,mixed__r0p05__medium,mixed,0.05,MEDIUM,selected_input_bytes,5,2016132.0,0.0,2016132.0,2016132.0,2016132.0,2016132.0
logistic_regression,pairwise_correlation_filter_natural,mixed__r0p05__medium,mixed,0.05,MEDIUM,model_fit_wall_time_sec,5,0.5226187851993018,0.1320858923339655,0.33173528499901295,0.6544766820006771,0.358612488017468,0.6866250823811357
logistic_regression,pairwise_correlation_filter_natural,mixed__r0p05__medium,mixed,0.05,MEDIUM,model_fit_cpu_time_sec,5,0.32897909459999986,0.11776488132572177,0.18253484599999936,0.47190246899999977,0.18275468120499616,0.47520350799500355
logistic_regression,pairwise_correlation_filter_natural,mixed__r0p05__medium,mixed,0.05,MEDIUM,model_fit_peak_rss_mib,5,181.35625,0.274181465592076,181.0546875,181.63671875,181.01580874519928,181.6966912548007
logistic_regression,pairwise_correlation_filter_natural,mixed__r0p05__medium,mixed,0.05,MEDIUM,combined_fit_wall_time_sec,5,0.5226187851993018,0.1320858923339655,0.33173528499901295,0.6544766820006771,0.358612488017468,0.6866250823811357
logistic_regression,pairwise_correlation_filter_natural,mixed__r0p05__medium,mixed,0.05,MEDIUM,inference_wall_time_sec,5,0.0021194089400523807,8.669235990489518e-05,0.0020071735998499207,0.00222366950038122,0.0020117661578390633,0.002227051722265698
logistic_regression,pairwise_correlation_filter_natural,mixed__r0p05__medium,mixed,0.05,MEDIUM,per_record_inference_sec,5,3.532348233420634e-07,1.444872665081586e-08,3.345289333083201e-07,3.7061158339687e-07,3.352943596398439e-07,3.7117528704428296e-07
logistic_regression,pairwise_correlation_filter_natural,mixed__r0p05__medium,mixed,0.05,MEDIUM,inference_cpu_time_sec,5,0.0021390213599988784,6.367008582297106e-05,0.002079947800007176,0.0022458961999973328,0.0020599645066698884,0.0022180782133278685
logistic_regression,pairwise_correlation_filter_natural,mixed__r0p05__medium,mixed,0.05,MEDIUM,inference_peak_rss_mib,5,805.54296875,0.4655407720589237,804.71875,805.83203125,804.964923533638,806.121013966362
logistic_regression,pairwise_correlation_filter_natural,mixed__r0p05__medium,mixed,0.05,MEDIUM,peak_rss_mib,5,805.54296875,0.4655407720589237,804.71875,805.83203125,804.964923533638,806.121013966362
logistic_regression,pairwise_correlation_filter_natural,mixed__r0p05__medium,mixed,0.05,MEDIUM,serialized_model_bytes,5,2310.0,0.0,2310.0,2310.0,2310.0,2310.0
logistic_regression,pairwise_correlation_filter_natural,mixed__r0p05__medium,mixed,0.05,MEDIUM,serialized_model_kib,5,2.255859375,0.0,2.255859375,2.255859375,2.255859375,2.255859375
decision_tree,mutual_information_select_k_best_k11,mixed__r0p05__medium,mixed,0.05,MEDIUM,precision,5,0.2934696602397576,0.3199970476565835,0.06666666666666667,0.8387096774193549,-0.10385915336723206,0.6907984738467473
decision_tree,mutual_information_select_k_best_k11,mixed__r0p05__medium,mixed,0.05,MEDIUM,recall,5,0.3,0.14994443415256645,0.17333333333333334,0.49333333333333335,0.11381939438157535,0.48618060561842463
decision_tree,mutual_information_select_k_best_k11,mixed__r0p05__medium,mixed,0.05,MEDIUM,f1,5,0.1921208433666347,0.07266582112113847,0.11746031746031746,0.287292817679558,0.10189430938053069,0.28234737735273874
decision_tree,mutual_information_select_k_best_k11,mixed__r0p05__medium,mixed,0.05,MEDIUM,average_precision,5,0.2249411903498859,0.006803165525792342,0.21636359931502117,0.23491953570092283,0.21649394464268187,0.23338843605708995
decision_tree,mutual_information_select_k_best_k11,mixed__r0p05__medium,mixed,0.05,MEDIUM,pr_auc_trapezoidal,5,0.2708705498427765,0.03079245765071753,0.23938042299937512,0.3218654698963904,0.23263666376163608,0.3091044359239169
decision_tree,mutual_information_select_k_best_k11,mixed__r0p05__medium,mixed,0.05,MEDIUM,roc_auc,5,0.6054946198830409,0.009091297091635784,0.5904052631578948,0.6132549707602339,0.5942062835873732,0.6167829561787086
decision_tree,mutual_information_select_k_best_k11,mixed__r0p05__medium,mixed,0.05,MEDIUM,TP,5,90.0,44.983330245769935,52.0,148.0,34.1458183144726,145.8541816855274
decision_tree,mutual_information_select_k_best_k11,mixed__r0p05__medium,mixed,0.05,MEDIUM,TN,5,4869.6,960.5794084821931,3628.0,5690.0,3676.8831310708456,6062.316868929155
decision_tree,mutual_information_select_k_best_k11,mixed__r0p05__medium,mixed,0.05,MEDIUM,FP,5,830.4,960.5794084821931,10.0,2072.0,-362.31686892915457,2023.1168689291544
decision_tree,mutual_information_select_k_best_k11,mixed__r0p05__medium,mixed,0.05,MEDIUM,FN,5,210.0,44.983330245769935,152.0,248.0,154.1458183144726,265.8541816855274
decision_tree,mutual_information_select_k_best_k11,mixed__r0p05__medium,mixed,0.05,MEDIUM,attack_prevalence,5,0.05,0.0,0.05,0.05,0.05,0.05
decision_tree,mutual_information_select_k_best_k11,mixed__r0p05__medium,mixed,0.05,MEDIUM,visible_feature_attack_count,5,171.0,0.0,171.0,171.0,171.0,171.0
decision_tree,mutual_information_select_k_best_k11,mixed__r0p05__medium,mixed,0.05,MEDIUM,invisible_feature_attack_count,5,129.0,0.0,129.0,129.0,129.0,129.0
decision_tree,mutual_information_select_k_best_k11,mixed__r0p05__medium,mixed,0.05,MEDIUM,selected_feature_visibility_rate,5,0.57,0.0,0.57,0.57,0.57,0.57
decision_tree,mutual_information_select_k_best_k11,mixed__r0p05__medium,mixed,0.05,MEDIUM,visible_attack_recall,5,0.4093567251461988,0.12885417857620293,0.2982456140350877,0.5614035087719298,0.24936313058988172,0.5693503197025159
decision_tree,mutual_information_select_k_best_k11,mixed__r0p05__medium,mixed,0.05,MEDIUM,invisible_attack_recall,5,0.15503875968992248,0.17997188784874263,0.007751937984496124,0.40310077519379844,-0.06842585414080432,0.3785033735206493
decision_tree,mutual_information_select_k_best_k11,mixed__r0p05__medium,mixed,0.05,MEDIUM,visible_attack_f1,5,0.22955718069911607,0.1508625954954502,0.08208636169303121,0.4396551724137931,0.04223652719668933,0.4168778342015428
decision_tree,mutual_information_select_k_best_k11,mixed__r0p05__medium,mixed,0.05,MEDIUM,paired_induced_attack_induced_detection_rate,5,0.16133333333333333,0.020221001184137468,0.13666666666666666,0.18333333333333332,0.1362256441553342,0.18644102251133246
decision_tree,mutual_information_select_k_best_k11,mixed__r0p05__medium,mixed,0.05,MEDIUM,paired_induced_mean_anomaly_score_delta,5,0.09558623023292315,0.00502449403130154,0.08676572469905715,0.09892234637478584,0.08934749688506137,0.10182496358078492
decision_tree,mutual_information_select_k_best_k11,mixed__r0p05__medium,mixed,0.05,MEDIUM,paired_induced_median_anomaly_score_delta,5,0.0,0.0,0.0,0.0,0.0,0.0
decision_tree,mutual_information_select_k_best_k11,mixed__r0p05__medium,mixed,0.05,MEDIUM,selected_feature_count,5,11.0,0.0,11.0,11.0,11.0,11.0
decision_tree,mutual_information_select_k_best_k11,mixed__r0p05__medium,mixed,0.05,MEDIUM,source_block_count,5,5.0,0.7071067811865476,4.0,6.0,4.122010966914219,5.877989033085781
decision_tree,mutual_information_select_k_best_k11,mixed__r0p05__medium,mixed,0.05,MEDIUM,selected_input_bytes,5,528132.0,0.0,528132.0,528132.0,528132.0,528132.0
decision_tree,mutual_information_select_k_best_k11,mixed__r0p05__medium,mixed,0.05,MEDIUM,model_fit_wall_time_sec,0,,,,,,
decision_tree,mutual_information_select_k_best_k11,mixed__r0p05__medium,mixed,0.05,MEDIUM,model_fit_cpu_time_sec,0,,,,,,
decision_tree,mutual_information_select_k_best_k11,mixed__r0p05__medium,mixed,0.05,MEDIUM,model_fit_peak_rss_mib,0,,,,,,
decision_tree,mutual_information_select_k_best_k11,mixed__r0p05__medium,mixed,0.05,MEDIUM,combined_fit_wall_time_sec,0,,,,,,
decision_tree,mutual_information_select_k_best_k11,mixed__r0p05__medium,mixed,0.05,MEDIUM,inference_wall_time_sec,5,0.0018685461800487246,0.0004786866107949765,0.001275028099917108,0.0025984354004322087,0.0012741782490019527,0.0024629141110954966
decision_tree,mutual_information_select_k_best_k11,mixed__r0p05__medium,mixed,0.05,MEDIUM,per_record_inference_sec,5,3.114243633414541e-07,7.978110179916274e-08,2.1250468331951803e-07,4.3307256673870145e-07,2.1236304150032542e-07,4.1048568518258275e-07
decision_tree,mutual_information_select_k_best_k11,mixed__r0p05__medium,mixed,0.05,MEDIUM,inference_cpu_time_sec,5,0.0019160226000008152,0.000513298020426609,0.001302884200003973,0.0027170427999976708,0.0012786789276873279,0.0025533662723143027
decision_tree,mutual_information_select_k_best_k11,mixed__r0p05__medium,mixed,0.05,MEDIUM,inference_peak_rss_mib,5,805.546875,0.45923779573042955,804.734375,805.8359375,804.9766559624267,806.1170940375733
decision_tree,mutual_information_select_k_best_k11,mixed__r0p05__medium,mixed,0.05,MEDIUM,peak_rss_mib,5,805.546875,0.45923779573042955,804.734375,805.8359375,804.9766559624267,806.1170940375733
decision_tree,mutual_information_select_k_best_k11,mixed__r0p05__medium,mixed,0.05,MEDIUM,serialized_model_bytes,5,3402.4,341.02903102228703,3028.0,3716.0,2978.9565298369753,3825.843470163025
decision_tree,mutual_information_select_k_best_k11,mixed__r0p05__medium,mixed,0.05,MEDIUM,serialized_model_kib,5,3.32265625,0.3330361631077022,2.95703125,3.62890625,2.909137236168921,3.736175263831079
logistic_regression,mutual_information_select_k_best_k11,mixed__r0p05__medium,mixed,0.05,MEDIUM,precision,5,0.05090715300634101,0.0019093928694846438,0.04932038834951456,0.053828658074298714,0.048536328621873064,0.05327797739080895
logistic_regression,mutual_information_select_k_best_k11,mixed__r0p05__medium,mixed,0.05,MEDIUM,recall,5,0.51,0.06745368781616021,0.42333333333333334,0.59,0.42624518429253144,0.5937548157074686
logistic_regression,mutual_information_select_k_best_k11,mixed__r0p05__medium,mixed,0.05,MEDIUM,f1,5,0.09245737320194358,0.003344371210291138,0.08834782608695652,0.0966643975493533,0.08830478787349262,0.09660995853039454
logistic_regression,mutual_information_select_k_best_k11,mixed__r0p05__medium,mixed,0.05,MEDIUM,average_precision,5,0.051170517943451344,0.0028387336228927027,0.04706797808848327,0.05344652233903964,0.04764576460341213,0.054695271283490554
logistic_regression,mutual_information_select_k_best_k11,mixed__r0p05__medium,mixed,0.05,MEDIUM,pr_auc_trapezoidal,5,0.050537236693520504,0.0027610497236367267,0.046608194926036996,0.052856844867664586,0.047108940654427604,0.053965532732613404
logistic_regression,mutual_information_select_k_best_k11,mixed__r0p05__medium,mixed,0.05,MEDIUM,roc_auc,5,0.5006446783625731,0.016847902266689904,0.48280789473684216,0.5208152046783626,0.479725244672752,0.5215641120523942
logistic_regression,mutual_information_select_k_best_k11,mixed__r0p05__medium,mixed,0.05,MEDIUM,TP,5,153.0,20.23610634484806,127.0,177.0,127.87355528775943,178.12644471224058
logistic_regression,mutual_information_select_k_best_k11,mixed__r0p05__medium,mixed,0.05,MEDIUM,TN,5,2844.2,397.7388590520167,2313.0,3252.0,2350.341978028077,3338.0580219719227
logistic_regression,mutual_information_select_k_best_k11,mixed__r0p05__medium,mixed,0.05,MEDIUM,FP,5,2855.8,397.7388590520167,2448.0,3387.0,2361.9419780280773,3349.658021971923
logistic_regression,mutual_information_select_k_best_k11,mixed__r0p05__medium,mixed,0.05,MEDIUM,FN,5,147.0,20.23610634484806,123.0,173.0,121.87355528775943,172.12644471224058
logistic_regression,mutual_information_select_k_best_k11,mixed__r0p05__medium,mixed,0.05,MEDIUM,attack_prevalence,5,0.05,0.0,0.05,0.05,0.05,0.05
logistic_regression,mutual_information_select_k_best_k11,mixed__r0p05__medium,mixed,0.05,MEDIUM,visible_feature_attack_count,5,171.0,0.0,171.0,171.0,171.0,171.0
logistic_regression,mutual_information_select_k_best_k11,mixed__r0p05__medium,mixed,0.05,MEDIUM,invisible_feature_attack_count,5,129.0,0.0,129.0,129.0,129.0,129.0
logistic_regression,mutual_information_select_k_best_k11,mixed__r0p05__medium,mixed,0.05,MEDIUM,selected_feature_visibility_rate,5,0.57,0.0,0.57,0.57,0.57,0.57
logistic_regression,mutual_information_select_k_best_k11,mixed__r0p05__medium,mixed,0.05,MEDIUM,visible_attack_recall,5,0.519298245614035,0.056152532791381556,0.43859649122807015,0.5906432748538012,0.4495756672389648,0.5890208239891053
logistic_regression,mutual_information_select_k_best_k11,mixed__r0p05__medium,mixed,0.05,MEDIUM,invisible_attack_recall,5,0.49767441860465117,0.09703865936921609,0.3953488372093023,0.5968992248062015,0.3771850088318414,0.618163828377461
logistic_regression,mutual_information_select_k_best_k11,mixed__r0p05__medium,mixed,0.05,MEDIUM,visible_attack_f1,5,0.05726877404227736,0.004891976364728411,0.054592164418754016,0.06598984771573604,0.051194583110125536,0.06334296497442918
logistic_regression,mutual_information_select_k_best_k11,mixed__r0p05__medium,mixed,0.05,MEDIUM,paired_induced_attack_induced_detection_rate,5,0.024,0.010645812948447542,0.016666666666666666,0.04,0.010781477330290718,0.037218522669709285
logistic_regression,mutual_information_select_k_best_k11,mixed__r0p05__medium,mixed,0.05,MEDIUM,paired_induced_mean_anomaly_score_delta,5,5.924075344295083e-05,0.0002657062972357803,-0.00022460356734832135,0.00037827386570327284,-0.0002706771899310081,0.00038915869681690975
logistic_regression,mutual_information_select_k_best_k11,mixed__r0p05__medium,mixed,0.05,MEDIUM,paired_induced_median_anomaly_score_delta,5,0.0,0.0,0.0,0.0,0.0,0.0
logistic_regression,mutual_information_select_k_best_k11,mixed__r0p05__medium,mixed,0.05,MEDIUM,selected_feature_count,5,11.0,0.0,11.0,11.0,11.0,11.0
logistic_regression,mutual_information_select_k_best_k11,mixed__r0p05__medium,mixed,0.05,MEDIUM,source_block_count,5,5.0,0.7071067811865476,4.0,6.0,4.122010966914219,5.877989033085781
logistic_regression,mutual_information_select_k_best_k11,mixed__r0p05__medium,mixed,0.05,MEDIUM,selected_input_bytes,5,528132.0,0.0,528132.0,528132.0,528132.0,528132.0
logistic_regression,mutual_information_select_k_best_k11,mixed__r0p05__medium,mixed,0.05,MEDIUM,model_fit_wall_time_sec,5,0.27497685859998455,0.02091021720342391,0.24763035999785643,0.29918557299970416,0.24901339470385145,0.30094032249611763
logistic_regression,mutual_information_select_k_best_k11,mixed__r0p05__medium,mixed,0.05,MEDIUM,model_fit_cpu_time_sec,5,0.09213092119999988,0.014315567471356337,0.07548344399999962,0.10902960499999992,0.07435579645694569,0.10990604594305407
logistic_regression,mutual_information_select_k_best_k11,mixed__r0p05__medium,mixed,0.05,MEDIUM,model_fit_peak_rss_mib,5,163.92734375,0.3541635550567968,163.37890625,164.25390625,163.48759161420978,164.36709588579023
logistic_regression,mutual_information_select_k_best_k11,mixed__r0p05__medium,mixed,0.05,MEDIUM,combined_fit_wall_time_sec,5,0.27497685859998455,0.02091021720342391,0.24763035999785643,0.29918557299970416,0.24901339470385145,0.30094032249611763
logistic_regression,mutual_information_select_k_best_k11,mixed__r0p05__medium,mixed,0.05,MEDIUM,inference_wall_time_sec,5,0.0015060915598587598,0.00022832564849192713,0.001156389300012961,0.00179241110017756,0.001222587822259581,0.0017895952974579387
logistic_regression,mutual_information_select_k_best_k11,mixed__r0p05__medium,mixed,0.05,MEDIUM,per_record_inference_sec,5,2.5101525997645994e-07,3.8054274748654517e-08,1.9273155000216016e-07,2.9873518336292666e-07,2.0376463704326348e-07,2.982658829096564e-07
logistic_regression,mutual_information_select_k_best_k11,mixed__r0p05__medium,mixed,0.05,MEDIUM,inference_cpu_time_sec,5,0.0015293003800002224,0.00022512060402327184,0.001177475700001196,0.0018064589000005072,0.0012497762307304182,0.0018088245292700266
logistic_regression,mutual_information_select_k_best_k11,mixed__r0p05__medium,mixed,0.05,MEDIUM,inference_peak_rss_mib,5,805.5703125,0.4708044172651806,804.734375,805.8359375,804.985731604886,806.154893395114
logistic_regression,mutual_information_select_k_best_k11,mixed__r0p05__medium,mixed,0.05,MEDIUM,peak_rss_mib,5,805.5703125,0.4708044172651806,804.734375,805.8359375,804.985731604886,806.154893395114
logistic_regression,mutual_information_select_k_best_k11,mixed__r0p05__medium,mixed,0.05,MEDIUM,serialized_model_bytes,5,1353.2,13.386560424545209,1334.0,1366.0,1336.5783898610498,1369.8216101389503
logistic_regression,mutual_information_select_k_best_k11,mixed__r0p05__medium,mixed,0.05,MEDIUM,serialized_model_kib,5,1.321484375,0.01307281291459493,1.302734375,1.333984375,1.3052523338486814,1.3377164161513186
decision_tree,none_natural,mixed__r0p05__low,mixed,0.05,LOW,precision,5,0.10388800133326806,0.08369125195687989,0.05002273760800364,0.25,-2.8413186272613355e-05,0.20780441585280873
decision_tree,none_natural,mixed__r0p05__low,mixed,0.05,LOW,recall,5,0.17333333333333334,0.1648399897543743,0.016666666666666666,0.36666666666666664,-0.03134254740911324,0.3780092140757799
decision_tree,none_natural,mixed__r0p05__low,mixed,0.05,LOW,f1,5,0.07403277545606507,0.02653253170863452,0.03125,0.09706871696299856,0.0410882860522276,0.10697726485990254
decision_tree,none_natural,mixed__r0p05__low,mixed,0.05,LOW,average_precision,5,0.07528984138668714,0.012271776994836387,0.06464470775186132,0.09558494008463428,0.06005241769820151,0.09052726507517277
decision_tree,none_natural,mixed__r0p05__low,mixed,0.05,LOW,pr_auc_trapezoidal,5,0.09115308342544276,0.014330098977155785,0.07647023007302732,0.10974899103916075,0.0733599154347977,0.10894625141608782
decision_tree,none_natural,mixed__r0p05__low,mixed,0.05,LOW,roc_auc,5,0.5133435087719298,0.01648346846989813,0.492366081871345,0.5380412280701754,0.49287657940731416,0.5338104381365455
decision_tree,none_natural,mixed__r0p05__low,mixed,0.05,LOW,TP,5,52.0,49.45199692631229,5.0,110.0,-9.402764222733971,113.40276422273396
decision_tree,none_natural,mixed__r0p05__low,mixed,0.05,LOW,TN,5,4841.4,952.9204059101684,3611.0,5685.0,3658.1930388266856,6024.606961173314
decision_tree,none_natural,mixed__r0p05__low,mixed,0.05,LOW,FP,5,858.6,952.9204059101684,15.0,2089.0,-324.60696117331383,2041.806961173314
decision_tree,none_natural,mixed__r0p05__low,mixed,0.05,LOW,FN,5,248.0,49.45199692631229,190.0,295.0,186.59723577726604,309.402764222734
decision_tree,none_natural,mixed__r0p05__low,mixed,0.05,LOW,attack_prevalence,5,0.05,0.0,0.05,0.05,0.05,0.05
decision_tree,none_natural,mixed__r0p05__low,mixed,0.05,LOW,visible_feature_attack_count,5,171.0,0.0,171.0,171.0,171.0,171.0
decision_tree,none_natural,mixed__r0p05__low,mixed,0.05,LOW,invisible_feature_attack_count,5,129.0,0.0,129.0,129.0,129.0,129.0
decision_tree,none_natural,mixed__r0p05__low,mixed,0.05,LOW,selected_feature_visibility_rate,5,0.57,0.0,0.57,0.57,0.57,0.57
decision_tree,none_natural,mixed__r0p05__low,mixed,0.05,LOW,visible_attack_recall,5,0.18128654970760233,0.16699976972273256,0.029239766081871343,0.3742690058479532,-0.026071052065598482,0.3886441514808031
decision_tree,none_natural,mixed__r0p05__low,mixed,0.05,LOW,invisible_attack_recall,5,0.16279069767441862,0.16562682650559302,0.0,0.3875968992248062,-0.04286216993448061,0.36844356528331784
decision_tree,none_natural,mixed__r0p05__low,mixed,0.05,LOW,visible_attack_f1,5,0.05827172345473536,0.011327161994024346,0.046908315565031986,0.07352941176470588,0.04420719420492219,0.07233625270454852
decision_tree,none_natural,mixed__r0p05__low,mixed,0.05,LOW,paired_induced_attack_induced_detection_rate,5,0.020666666666666667,0.002788866755113586,0.016666666666666666,0.023333333333333334,0.01720383122105202,0.024129502112281313
decision_tree,none_natural,mixed__r0p05__low,mixed,0.05,LOW,paired_induced_mean_anomaly_score_delta,5,0.01276848770697019,0.0045428194797973226,0.008624011695201288,0.020453576539815197,0.007127832308562619,0.018409143105377758
decision_tree,none_natural,mixed__r0p05__low,mixed,0.05,LOW,paired_induced_median_anomaly_score_delta,5,0.0,0.0,0.0,0.0,0.0,0.0
decision_tree,none_natural,mixed__r0p05__low,mixed,0.05,LOW,selected_feature_count,5,43.0,0.0,43.0,43.0,43.0,43.0
decision_tree,none_natural,mixed__r0p05__low,mixed,0.05,LOW,source_block_count,5,10.0,0.0,10.0,10.0,10.0,10.0
decision_tree,none_natural,mixed__r0p05__low,mixed,0.05,LOW,selected_input_bytes,5,2064132.0,0.0,2064132.0,2064132.0,2064132.0,2064132.0
decision_tree,none_natural,mixed__r0p05__low,mixed,0.05,LOW,model_fit_wall_time_sec,0,,,,,,
decision_tree,none_natural,mixed__r0p05__low,mixed,0.05,LOW,model_fit_cpu_time_sec,0,,,,,,
decision_tree,none_natural,mixed__r0p05__low,mixed,0.05,LOW,model_fit_peak_rss_mib,0,,,,,,
decision_tree,none_natural,mixed__r0p05__low,mixed,0.05,LOW,combined_fit_wall_time_sec,0,,,,,,
decision_tree,none_natural,mixed__r0p05__low,mixed,0.05,LOW,inference_wall_time_sec,5,0.0027582856801745947,0.0007566827832944606,0.002277373200195143,0.004087216600601096,0.0018187399100964958,0.0036978314502526936
decision_tree,none_natural,mixed__r0p05__low,mixed,0.05,LOW,per_record_inference_sec,5,4.597142800290991e-07,1.261137972157434e-07,3.7956220003252387e-07,6.812027667668493e-07,3.03123318349416e-07,6.163052417087822e-07
decision_tree,none_natural,mixed__r0p05__low,mixed,0.05,LOW,inference_cpu_time_sec,5,0.0028205970199996953,0.0007408062326041284,0.0023870566000027795,0.00412739700000202,0.0019007645913294543,0.0037404294486699362
decision_tree,none_natural,mixed__r0p05__low,mixed,0.05,LOW,inference_peak_rss_mib,5,806.53515625,0.4460571487830553,805.74609375,806.828125,805.9813031472142,807.0890093527858
decision_tree,none_natural,mixed__r0p05__low,mixed,0.05,LOW,peak_rss_mib,5,806.53515625,0.4460571487830553,805.74609375,806.828125,805.9813031472142,807.0890093527858
decision_tree,none_natural,mixed__r0p05__low,mixed,0.05,LOW,serialized_model_bytes,5,4132.0,327.90242451070714,3780.0,4420.0,3724.8553645610036,4539.144635438996
decision_tree,none_natural,mixed__r0p05__low,mixed,0.05,LOW,serialized_model_kib,5,4.03515625,0.32021721143623744,3.69140625,4.31640625,3.637554066954105,4.432758433045895
logistic_regression,none_natural,mixed__r0p05__low,mixed,0.05,LOW,precision,5,0.04835024313612761,0.002043592939444931,0.046615322253749494,0.05154639175257732,0.04581278735623342,0.0508876989160218
logistic_regression,none_natural,mixed__r0p05__low,mixed,0.05,LOW,recall,5,0.41933333333333334,0.07829431652425353,0.3,0.49333333333333335,0.3221180992411204,0.5165485674255462
logistic_regression,none_natural,mixed__r0p05__low,mixed,0.05,LOW,f1,5,0.08650272346378088,0.0046820875351271255,0.08075370121130551,0.09249743062692703,0.0806891439349703,0.09231630299259146
logistic_regression,none_natural,mixed__r0p05__low,mixed,0.05,LOW,average_precision,5,0.05069493711774509,0.003258423682638624,0.04718047888757912,0.05490655542807772,0.046649069740114964,0.05474080449537521
logistic_regression,none_natural,mixed__r0p05__low,mixed,0.05,LOW,pr_auc_trapezoidal,5,0.04988157449377704,0.0030507066611601425,0.04661865598225744,0.05405153666307124,0.04609362186353107,0.05366952712402301
logistic_regression,none_natural,mixed__r0p05__low,mixed,0.05,LOW,roc_auc,5,0.49269239766081874,0.013429607785590224,0.47612807017543857,0.5059426900584796,0.47601733716344113,0.5093674581581964
logistic_regression,none_natural,mixed__r0p05__low,mixed,0.05,LOW,TP,5,125.8,23.48829495727606,90.0,148.0,96.63542977233612,154.96457022766387
logistic_regression,none_natural,mixed__r0p05__low,mixed,0.05,LOW,TN,5,3230.4,413.3537226153891,2828.0,3861.0,2717.1535641045584,3743.6464358954418
logistic_regression,none_natural,mixed__r0p05__low,mixed,0.05,LOW,FP,5,2469.6,413.3537226153891,1839.0,2872.0,1956.3535641045582,2982.8464358954416
logistic_regression,none_natural,mixed__r0p05__low,mixed,0.05,LOW,FN,5,174.2,23.488294957276057,152.0,210.0,145.0354297723361,203.36457022766388
logistic_regression,none_natural,mixed__r0p05__low,mixed,0.05,LOW,attack_prevalence,5,0.05,0.0,0.05,0.05,0.05,0.05
logistic_regression,none_natural,mixed__r0p05__low,mixed,0.05,LOW,visible_feature_attack_count,5,171.0,0.0,171.0,171.0,171.0,171.0
logistic_regression,none_natural,mixed__r0p05__low,mixed,0.05,LOW,invisible_feature_attack_count,5,129.0,0.0,129.0,129.0,129.0,129.0
logistic_regression,none_natural,mixed__r0p05__low,mixed,0.05,LOW,selected_feature_visibility_rate,5,0.57,0.0,0.57,0.57,0.57,0.57
logistic_regression,none_natural,mixed__r0p05__low,mixed,0.05,LOW,visible_attack_recall,5,0.4292397660818713,0.0910291728936641,0.2982456140350877,0.5146198830409356,0.3162121193134528,0.5422674128502898
logistic_regression,none_natural,mixed__r0p05__low,mixed,0.05,LOW,invisible_attack_recall,5,0.4062015503875968,0.06793458077583456,0.3023255813953488,0.4883720930232558,0.32184962720511046,0.49055347357008317
logistic_regression,none_natural,mixed__r0p05__low,mixed,0.05,LOW,visible_attack_f1,5,0.0537247294593175,0.0041005814381656,0.04947816003092385,0.05779078273591807,0.04863318511584061,0.05881627380279439
logistic_regression,none_natural,mixed__r0p05__low,mixed,0.05,LOW,paired_induced_attack_induced_detection_rate,5,0.008666666666666666,0.005055250296034367,0.0,0.013333333333333334,0.0023897443721668833,0.01494358896116645
logistic_regression,none_natural,mixed__r0p05__low,mixed,0.05,LOW,paired_induced_mean_anomaly_score_delta,5,2.2302645302165333e-06,0.00017573656036709706,-0.00020793880905861742,0.00020772056228895387,-0.00021597549564594378,0.00022043602470637685
logistic_regression,none_natural,mixed__r0p05__low,mixed,0.05,LOW,paired_induced_median_anomaly_score_delta,5,0.0,0.0,0.0,0.0,0.0,0.0
logistic_regression,none_natural,mixed__r0p05__low,mixed,0.05,LOW,selected_feature_count,5,43.0,0.0,43.0,43.0,43.0,43.0
logistic_regression,none_natural,mixed__r0p05__low,mixed,0.05,LOW,source_block_count,5,10.0,0.0,10.0,10.0,10.0,10.0
logistic_regression,none_natural,mixed__r0p05__low,mixed,0.05,LOW,selected_input_bytes,5,2064132.0,0.0,2064132.0,2064132.0,2064132.0,2064132.0
logistic_regression,none_natural,mixed__r0p05__low,mixed,0.05,LOW,model_fit_wall_time_sec,5,0.49001829079934395,0.09719446902817075,0.4144513709979947,0.6605000540002948,0.3693354177824376,0.6107011638162503
logistic_regression,none_natural,mixed__r0p05__low,mixed,0.05,LOW,model_fit_cpu_time_sec,5,0.29261962500000005,0.07522294968955433,0.21856836799999968,0.4180874179999998,0.19921799653171318,0.3860212534682869
logistic_regression,none_natural,mixed__r0p05__low,mixed,0.05,LOW,model_fit_peak_rss_mib,5,182.0546875,0.12530480415894876,181.8984375,182.19140625,181.89910103587374,182.21027396412626
logistic_regression,none_natural,mixed__r0p05__low,mixed,0.05,LOW,combined_fit_wall_time_sec,5,0.49001829079934395,0.09719446902817075,0.4144513709979947,0.6605000540002948,0.3693354177824376,0.6107011638162503
logistic_regression,none_natural,mixed__r0p05__low,mixed,0.05,LOW,inference_wall_time_sec,5,0.0023000371799571442,0.00027227543831204843,0.0019802737995632926,0.0026444891998835375,0.0019619625706096553,0.002638111789304633
logistic_regression,none_natural,mixed__r0p05__low,mixed,0.05,LOW,per_record_inference_sec,5,3.833395299928574e-07,4.5379239718674745e-08,3.3004563326054877e-07,4.407481999805896e-07,3.2699376176827585e-07,4.396852982174389e-07
logistic_regression,none_natural,mixed__r0p05__low,mixed,0.05,LOW,inference_cpu_time_sec,5,0.002358084819998112,0.0002632436013721316,0.0021138186999905884,0.002691134899998815,0.002031224717416573,0.0026849449225796506
logistic_regression,none_natural,mixed__r0p05__low,mixed,0.05,LOW,inference_peak_rss_mib,5,806.36015625,0.560689088013998,805.74609375,806.84375,805.6639687952268,807.0563437047733
logistic_regression,none_natural,mixed__r0p05__low,mixed,0.05,LOW,peak_rss_mib,5,806.36015625,0.560689088013998,805.74609375,806.84375,805.6639687952268,807.0563437047733
logistic_regression,none_natural,mixed__r0p05__low,mixed,0.05,LOW,serialized_model_bytes,5,2342.0,0.0,2342.0,2342.0,2342.0,2342.0
logistic_regression,none_natural,mixed__r0p05__low,mixed,0.05,LOW,serialized_model_kib,5,2.287109375,0.0,2.287109375,2.287109375,2.287109375,2.287109375
decision_tree,pairwise_correlation_filter_natural,mixed__r0p05__low,mixed,0.05,LOW,precision,5,0.10388800133326806,0.08369125195687989,0.05002273760800364,0.25,-2.8413186272613355e-05,0.20780441585280873
decision_tree,pairwise_correlation_filter_natural,mixed__r0p05__low,mixed,0.05,LOW,recall,5,0.17333333333333334,0.1648399897543743,0.016666666666666666,0.36666666666666664,-0.03134254740911324,0.3780092140757799
decision_tree,pairwise_correlation_filter_natural,mixed__r0p05__low,mixed,0.05,LOW,f1,5,0.07403277545606507,0.02653253170863452,0.03125,0.09706871696299856,0.0410882860522276,0.10697726485990254
decision_tree,pairwise_correlation_filter_natural,mixed__r0p05__low,mixed,0.05,LOW,average_precision,5,0.07528984138668714,0.012271776994836387,0.06464470775186132,0.09558494008463428,0.06005241769820151,0.09052726507517277
decision_tree,pairwise_correlation_filter_natural,mixed__r0p05__low,mixed,0.05,LOW,pr_auc_trapezoidal,5,0.09115308342544276,0.014330098977155785,0.07647023007302732,0.10974899103916075,0.0733599154347977,0.10894625141608782
decision_tree,pairwise_correlation_filter_natural,mixed__r0p05__low,mixed,0.05,LOW,roc_auc,5,0.5133435087719298,0.01648346846989813,0.492366081871345,0.5380412280701754,0.49287657940731416,0.5338104381365455
decision_tree,pairwise_correlation_filter_natural,mixed__r0p05__low,mixed,0.05,LOW,TP,5,52.0,49.45199692631229,5.0,110.0,-9.402764222733971,113.40276422273396
decision_tree,pairwise_correlation_filter_natural,mixed__r0p05__low,mixed,0.05,LOW,TN,5,4841.4,952.9204059101684,3611.0,5685.0,3658.1930388266856,6024.606961173314
decision_tree,pairwise_correlation_filter_natural,mixed__r0p05__low,mixed,0.05,LOW,FP,5,858.6,952.9204059101684,15.0,2089.0,-324.60696117331383,2041.806961173314
decision_tree,pairwise_correlation_filter_natural,mixed__r0p05__low,mixed,0.05,LOW,FN,5,248.0,49.45199692631229,190.0,295.0,186.59723577726604,309.402764222734
decision_tree,pairwise_correlation_filter_natural,mixed__r0p05__low,mixed,0.05,LOW,attack_prevalence,5,0.05,0.0,0.05,0.05,0.05,0.05
decision_tree,pairwise_correlation_filter_natural,mixed__r0p05__low,mixed,0.05,LOW,visible_feature_attack_count,5,171.0,0.0,171.0,171.0,171.0,171.0
decision_tree,pairwise_correlation_filter_natural,mixed__r0p05__low,mixed,0.05,LOW,invisible_feature_attack_count,5,129.0,0.0,129.0,129.0,129.0,129.0
decision_tree,pairwise_correlation_filter_natural,mixed__r0p05__low,mixed,0.05,LOW,selected_feature_visibility_rate,5,0.57,0.0,0.57,0.57,0.57,0.57
decision_tree,pairwise_correlation_filter_natural,mixed__r0p05__low,mixed,0.05,LOW,visible_attack_recall,5,0.18128654970760233,0.16699976972273256,0.029239766081871343,0.3742690058479532,-0.026071052065598482,0.3886441514808031
decision_tree,pairwise_correlation_filter_natural,mixed__r0p05__low,mixed,0.05,LOW,invisible_attack_recall,5,0.16279069767441862,0.16562682650559302,0.0,0.3875968992248062,-0.04286216993448061,0.36844356528331784
decision_tree,pairwise_correlation_filter_natural,mixed__r0p05__low,mixed,0.05,LOW,visible_attack_f1,5,0.05827172345473536,0.011327161994024346,0.046908315565031986,0.07352941176470588,0.04420719420492219,0.07233625270454852
decision_tree,pairwise_correlation_filter_natural,mixed__r0p05__low,mixed,0.05,LOW,paired_induced_attack_induced_detection_rate,5,0.020666666666666667,0.002788866755113586,0.016666666666666666,0.023333333333333334,0.01720383122105202,0.024129502112281313
decision_tree,pairwise_correlation_filter_natural,mixed__r0p05__low,mixed,0.05,LOW,paired_induced_mean_anomaly_score_delta,5,0.012768487706970172,0.00454281947979727,0.008624011695201262,0.02045357653981507,0.007127832308562667,0.018409143105377675
decision_tree,pairwise_correlation_filter_natural,mixed__r0p05__low,mixed,0.05,LOW,paired_induced_median_anomaly_score_delta,5,0.0,0.0,0.0,0.0,0.0,0.0
decision_tree,pairwise_correlation_filter_natural,mixed__r0p05__low,mixed,0.05,LOW,selected_feature_count,5,42.0,0.0,42.0,42.0,42.0,42.0
decision_tree,pairwise_correlation_filter_natural,mixed__r0p05__low,mixed,0.05,LOW,source_block_count,5,9.0,0.0,9.0,9.0,9.0,9.0
decision_tree,pairwise_correlation_filter_natural,mixed__r0p05__low,mixed,0.05,LOW,selected_input_bytes,5,2016132.0,0.0,2016132.0,2016132.0,2016132.0,2016132.0
decision_tree,pairwise_correlation_filter_natural,mixed__r0p05__low,mixed,0.05,LOW,model_fit_wall_time_sec,0,,,,,,
decision_tree,pairwise_correlation_filter_natural,mixed__r0p05__low,mixed,0.05,LOW,model_fit_cpu_time_sec,0,,,,,,
decision_tree,pairwise_correlation_filter_natural,mixed__r0p05__low,mixed,0.05,LOW,model_fit_peak_rss_mib,0,,,,,,
decision_tree,pairwise_correlation_filter_natural,mixed__r0p05__low,mixed,0.05,LOW,combined_fit_wall_time_sec,0,,,,,,
decision_tree,pairwise_correlation_filter_natural,mixed__r0p05__low,mixed,0.05,LOW,inference_wall_time_sec,5,0.002686988659988856,0.00046294101210386416,0.0019616434998170006,0.003079831100330921,0.002112171471967018,0.0032618058480106942
decision_tree,pairwise_correlation_filter_natural,mixed__r0p05__low,mixed,0.05,LOW,per_record_inference_sec,5,4.47831443331476e-07,7.715683535064405e-08,3.2694058330283343e-07,5.133051833884869e-07,3.5202857866116966e-07,5.436343080017824e-07
decision_tree,pairwise_correlation_filter_natural,mixed__r0p05__low,mixed,0.05,LOW,inference_cpu_time_sec,5,0.0027552921399956174,0.0005112198095359304,0.001977413199995226,0.003280675499991048,0.0021205289073257627,0.003390055372665472
decision_tree,pairwise_correlation_filter_natural,mixed__r0p05__low,mixed,0.05,LOW,inference_peak_rss_mib,5,806.33125,0.5256512190621863,805.74609375,806.73046875,805.678567805678,806.9839321943219
decision_tree,pairwise_correlation_filter_natural,mixed__r0p05__low,mixed,0.05,LOW,peak_rss_mib,5,806.33125,0.5256512190621863,805.74609375,806.73046875,805.678567805678,806.9839321943219
decision_tree,pairwise_correlation_filter_natural,mixed__r0p05__low,mixed,0.05,LOW,serialized_model_bytes,5,4116.0,327.90242451070714,3764.0,4404.0,3708.8553645610036,4523.144635438996
decision_tree,pairwise_correlation_filter_natural,mixed__r0p05__low,mixed,0.05,LOW,serialized_model_kib,5,4.01953125,0.32021721143623744,3.67578125,4.30078125,3.621929066954105,4.417133433045895
logistic_regression,pairwise_correlation_filter_natural,mixed__r0p05__low,mixed,0.05,LOW,precision,5,0.04835024313612761,0.002043592939444931,0.046615322253749494,0.05154639175257732,0.04581278735623342,0.0508876989160218
logistic_regression,pairwise_correlation_filter_natural,mixed__r0p05__low,mixed,0.05,LOW,recall,5,0.41933333333333334,0.07829431652425353,0.3,0.49333333333333335,0.3221180992411204,0.5165485674255462
logistic_regression,pairwise_correlation_filter_natural,mixed__r0p05__low,mixed,0.05,LOW,f1,5,0.08650272346378088,0.0046820875351271255,0.08075370121130551,0.09249743062692703,0.0806891439349703,0.09231630299259146
logistic_regression,pairwise_correlation_filter_natural,mixed__r0p05__low,mixed,0.05,LOW,average_precision,5,0.050694774904572214,0.0032581701559739372,0.047180210692840535,0.054905702410226576,0.04664922232187422,0.05474032748727021
logistic_regression,pairwise_correlation_filter_natural,mixed__r0p05__low,mixed,0.05,LOW,pr_auc_trapezoidal,5,0.04988141557653488,0.003050433257838928,0.04661839264603808,0.054050695734917886,0.046093802421349854,0.05366902873171991
logistic_regression,pairwise_correlation_filter_natural,mixed__r0p05__low,mixed,0.05,LOW,roc_auc,5,0.4926930994152047,0.013428480632473417,0.47612865497076023,0.5059415204678362,0.4760194384632727,0.5093667603671367
logistic_regression,pairwise_correlation_filter_natural,mixed__r0p05__low,mixed,0.05,LOW,TP,5,125.8,23.48829495727606,90.0,148.0,96.63542977233612,154.96457022766387
logistic_regression,pairwise_correlation_filter_natural,mixed__r0p05__low,mixed,0.05,LOW,TN,5,3230.4,413.3537226153891,2828.0,3861.0,2717.1535641045584,3743.6464358954418
logistic_regression,pairwise_correlation_filter_natural,mixed__r0p05__low,mixed,0.05,LOW,FP,5,2469.6,413.3537226153891,1839.0,2872.0,1956.3535641045582,2982.8464358954416
logistic_regression,pairwise_correlation_filter_natural,mixed__r0p05__low,mixed,0.05,LOW,FN,5,174.2,23.488294957276057,152.0,210.0,145.0354297723361,203.36457022766388
logistic_regression,pairwise_correlation_filter_natural,mixed__r0p05__low,mixed,0.05,LOW,attack_prevalence,5,0.05,0.0,0.05,0.05,0.05,0.05
logistic_regression,pairwise_correlation_filter_natural,mixed__r0p05__low,mixed,0.05,LOW,visible_feature_attack_count,5,171.0,0.0,171.0,171.0,171.0,171.0
logistic_regression,pairwise_correlation_filter_natural,mixed__r0p05__low,mixed,0.05,LOW,invisible_feature_attack_count,5,129.0,0.0,129.0,129.0,129.0,129.0
logistic_regression,pairwise_correlation_filter_natural,mixed__r0p05__low,mixed,0.05,LOW,selected_feature_visibility_rate,5,0.57,0.0,0.57,0.57,0.57,0.57
logistic_regression,pairwise_correlation_filter_natural,mixed__r0p05__low,mixed,0.05,LOW,visible_attack_recall,5,0.4292397660818713,0.0910291728936641,0.2982456140350877,0.5146198830409356,0.3162121193134528,0.5422674128502898
logistic_regression,pairwise_correlation_filter_natural,mixed__r0p05__low,mixed,0.05,LOW,invisible_attack_recall,5,0.4062015503875968,0.06793458077583456,0.3023255813953488,0.4883720930232558,0.32184962720511046,0.49055347357008317
logistic_regression,pairwise_correlation_filter_natural,mixed__r0p05__low,mixed,0.05,LOW,visible_attack_f1,5,0.0537247294593175,0.0041005814381656,0.04947816003092385,0.05779078273591807,0.04863318511584061,0.05881627380279439
logistic_regression,pairwise_correlation_filter_natural,mixed__r0p05__low,mixed,0.05,LOW,paired_induced_attack_induced_detection_rate,5,0.008666666666666666,0.005055250296034367,0.0,0.013333333333333334,0.0023897443721668833,0.01494358896116645
logistic_regression,pairwise_correlation_filter_natural,mixed__r0p05__low,mixed,0.05,LOW,paired_induced_mean_anomaly_score_delta,5,2.2432057386556245e-06,0.00017574220215294957,-0.0002079562094966436,0.00020771490401960932,-0.0002159695596398833,0.00022045597111719457
logistic_regression,pairwise_correlation_filter_natural,mixed__r0p05__low,mixed,0.05,LOW,paired_induced_median_anomaly_score_delta,5,0.0,0.0,0.0,0.0,0.0,0.0
logistic_regression,pairwise_correlation_filter_natural,mixed__r0p05__low,mixed,0.05,LOW,selected_feature_count,5,42.0,0.0,42.0,42.0,42.0,42.0
logistic_regression,pairwise_correlation_filter_natural,mixed__r0p05__low,mixed,0.05,LOW,source_block_count,5,9.0,0.0,9.0,9.0,9.0,9.0
logistic_regression,pairwise_correlation_filter_natural,mixed__r0p05__low,mixed,0.05,LOW,selected_input_bytes,5,2016132.0,0.0,2016132.0,2016132.0,2016132.0,2016132.0
logistic_regression,pairwise_correlation_filter_natural,mixed__r0p05__low,mixed,0.05,LOW,model_fit_wall_time_sec,5,0.5226187851993018,0.1320858923339655,0.33173528499901295,0.6544766820006771,0.358612488017468,0.6866250823811357
logistic_regression,pairwise_correlation_filter_natural,mixed__r0p05__low,mixed,0.05,LOW,model_fit_cpu_time_sec,5,0.32897909459999986,0.11776488132572177,0.18253484599999936,0.47190246899999977,0.18275468120499616,0.47520350799500355
logistic_regression,pairwise_correlation_filter_natural,mixed__r0p05__low,mixed,0.05,LOW,model_fit_peak_rss_mib,5,181.35625,0.274181465592076,181.0546875,181.63671875,181.01580874519928,181.6966912548007
logistic_regression,pairwise_correlation_filter_natural,mixed__r0p05__low,mixed,0.05,LOW,combined_fit_wall_time_sec,5,0.5226187851993018,0.1320858923339655,0.33173528499901295,0.6544766820006771,0.358612488017468,0.6866250823811357
logistic_regression,pairwise_correlation_filter_natural,mixed__r0p05__low,mixed,0.05,LOW,inference_wall_time_sec,5,0.002154619180073496,0.00019889729424054433,0.0018418746003590059,0.0023219308000989257,0.001907655570474675,0.002401582789672317
logistic_regression,pairwise_correlation_filter_natural,mixed__r0p05__low,mixed,0.05,LOW,per_record_inference_sec,5,3.59103196678916e-07,3.3149549040090706e-08,3.0697910005983433e-07,3.869884666831543e-07,3.179425950791125e-07,4.002637982787195e-07
logistic_regression,pairwise_correlation_filter_natural,mixed__r0p05__low,mixed,0.05,LOW,inference_cpu_time_sec,5,0.002215315159999136,0.0002172387061795666,0.0018721184999890284,0.0024036550000005263,0.0019455776795193882,0.002485052640478884
logistic_regression,pairwise_correlation_filter_natural,mixed__r0p05__low,mixed,0.05,LOW,inference_peak_rss_mib,5,806.334375,0.521477791391026,805.74609375,806.73046875,805.6868748005664,806.9818751994336
logistic_regression,pairwise_correlation_filter_natural,mixed__r0p05__low,mixed,0.05,LOW,peak_rss_mib,5,806.334375,0.521477791391026,805.74609375,806.73046875,805.6868748005664,806.9818751994336
logistic_regression,pairwise_correlation_filter_natural,mixed__r0p05__low,mixed,0.05,LOW,serialized_model_bytes,5,2310.0,0.0,2310.0,2310.0,2310.0,2310.0
logistic_regression,pairwise_correlation_filter_natural,mixed__r0p05__low,mixed,0.05,LOW,serialized_model_kib,5,2.255859375,0.0,2.255859375,2.255859375,2.255859375,2.255859375
decision_tree,mutual_information_select_k_best_k11,mixed__r0p05__low,mixed,0.05,LOW,precision,5,0.13417994714385878,0.17354937620043925,0.051094890510948905,0.4444444444444444,-0.08131006519511907,0.34966995948283663
decision_tree,mutual_information_select_k_best_k11,mixed__r0p05__low,mixed,0.05,LOW,recall,5,0.16599999999999998,0.17545813049145245,0.023333333333333334,0.37666666666666665,-0.05186004382354778,0.38386004382354777
decision_tree,mutual_information_select_k_best_k11,mixed__r0p05__low,mixed,0.05,LOW,f1,5,0.06756956241775591,0.02757037431038383,0.032036613272311214,0.09810587663914522,0.03333642121952317,0.10180270361598866
decision_tree,mutual_information_select_k_best_k11,mixed__r0p05__low,mixed,0.05,LOW,average_precision,5,0.07559010192964868,0.01098151697758154,0.06460919655501549,0.09396473511619977,0.06195474765291144,0.08922545620638593
decision_tree,mutual_information_select_k_best_k11,mixed__r0p05__low,mixed,0.05,LOW,pr_auc_trapezoidal,5,0.08662659730387157,0.01800451162785059,0.06462781951681638,0.10864355658633926,0.06427104341031067,0.10898215119743246
decision_tree,mutual_information_select_k_best_k11,mixed__r0p05__low,mixed,0.05,LOW,roc_auc,5,0.5138709356725146,0.020052591487853863,0.48661286549707605,0.5401347953216374,0.48897235475133943,0.5387695165936898
decision_tree,mutual_information_select_k_best_k11,mixed__r0p05__low,mixed,0.05,LOW,TP,5,49.8,52.637439147435735,7.0,113.0,-15.55801314706433,115.15801314706432
decision_tree,mutual_information_select_k_best_k11,mixed__r0p05__low,mixed,0.05,LOW,TN,5,4869.6,960.5794084821931,3628.0,5690.0,3676.8831310708456,6062.316868929155
decision_tree,mutual_information_select_k_best_k11,mixed__r0p05__low,mixed,0.05,LOW,FP,5,830.4,960.5794084821931,10.0,2072.0,-362.31686892915457,2023.1168689291544
decision_tree,mutual_information_select_k_best_k11,mixed__r0p05__low,mixed,0.05,LOW,FN,5,250.2,52.637439147435735,187.0,293.0,184.84198685293566,315.55801314706434
decision_tree,mutual_information_select_k_best_k11,mixed__r0p05__low,mixed,0.05,LOW,attack_prevalence,5,0.05,0.0,0.05,0.05,0.05,0.05
decision_tree,mutual_information_select_k_best_k11,mixed__r0p05__low,mixed,0.05,LOW,visible_feature_attack_count,5,171.0,0.0,171.0,171.0,171.0,171.0
decision_tree,mutual_information_select_k_best_k11,mixed__r0p05__low,mixed,0.05,LOW,invisible_feature_attack_count,5,129.0,0.0,129.0,129.0,129.0,129.0
decision_tree,mutual_information_select_k_best_k11,mixed__r0p05__low,mixed,0.05,LOW,selected_feature_visibility_rate,5,0.57,0.0,0.57,0.57,0.57,0.57
decision_tree,mutual_information_select_k_best_k11,mixed__r0p05__low,mixed,0.05,LOW,visible_attack_recall,5,0.17426900584795318,0.17501899138231272,0.03508771929824561,0.3742690058479532,-0.043045774753572075,0.39158378644947844
decision_tree,mutual_information_select_k_best_k11,mixed__r0p05__low,mixed,0.05,LOW,invisible_attack_recall,5,0.15503875968992248,0.17997188784874263,0.007751937984496124,0.40310077519379844,-0.06842585414080432,0.3785033735206493
decision_tree,mutual_information_select_k_best_k11,mixed__r0p05__low,mixed,0.05,LOW,visible_attack_f1,5,0.05630775065609052,0.014530986689552959,0.03908794788273615,0.07446808510638298,0.038265147625280174,0.07435035368690086
decision_tree,mutual_information_select_k_best_k11,mixed__r0p05__low,mixed,0.05,LOW,paired_induced_attack_induced_detection_rate,5,0.021333333333333333,0.0029814239699997203,0.016666666666666666,0.023333333333333334,0.0176314065264,0.025035260140266666
decision_tree,mutual_information_select_k_best_k11,mixed__r0p05__low,mixed,0.05,LOW,paired_induced_mean_anomaly_score_delta,5,0.012949413947704363,0.004393851611233283,0.008569468528940197,0.020280235523777616,0.007493726588582058,0.01840510130682667
decision_tree,mutual_information_select_k_best_k11,mixed__r0p05__low,mixed,0.05,LOW,paired_induced_median_anomaly_score_delta,5,0.0,0.0,0.0,0.0,0.0,0.0
decision_tree,mutual_information_select_k_best_k11,mixed__r0p05__low,mixed,0.05,LOW,selected_feature_count,5,11.0,0.0,11.0,11.0,11.0,11.0
decision_tree,mutual_information_select_k_best_k11,mixed__r0p05__low,mixed,0.05,LOW,source_block_count,5,5.0,0.7071067811865476,4.0,6.0,4.122010966914219,5.877989033085781
decision_tree,mutual_information_select_k_best_k11,mixed__r0p05__low,mixed,0.05,LOW,selected_input_bytes,5,528132.0,0.0,528132.0,528132.0,528132.0,528132.0
decision_tree,mutual_information_select_k_best_k11,mixed__r0p05__low,mixed,0.05,LOW,model_fit_wall_time_sec,0,,,,,,
decision_tree,mutual_information_select_k_best_k11,mixed__r0p05__low,mixed,0.05,LOW,model_fit_cpu_time_sec,0,,,,,,
decision_tree,mutual_information_select_k_best_k11,mixed__r0p05__low,mixed,0.05,LOW,model_fit_peak_rss_mib,0,,,,,,
decision_tree,mutual_information_select_k_best_k11,mixed__r0p05__low,mixed,0.05,LOW,combined_fit_wall_time_sec,0,,,,,,
decision_tree,mutual_information_select_k_best_k11,mixed__r0p05__low,mixed,0.05,LOW,inference_wall_time_sec,5,0.0022986145000322726,0.00046425634838470647,0.0017674900002020877,0.0028611916000954806,0.0017221641063049802,0.0028750648937595647
decision_tree,mutual_information_select_k_best_k11,mixed__r0p05__low,mixed,0.05,LOW,per_record_inference_sec,5,3.831024166720453e-07,7.737605806411774e-08,2.9458166670034795e-07,4.768652666825801e-07,2.8702735105082994e-07,4.791774822932608e-07
decision_tree,mutual_information_select_k_best_k11,mixed__r0p05__low,mixed,0.05,LOW,inference_cpu_time_sec,5,0.0023611748799976335,0.0005206157735758944,0.0017802243000005547,0.0030321825999976683,0.0017147450170509292,0.0030076047429443377
decision_tree,mutual_information_select_k_best_k11,mixed__r0p05__low,mixed,0.05,LOW,inference_peak_rss_mib,5,806.31640625,0.4991677032782607,805.74609375,806.73046875,805.6966076837729,806.9362048162271
decision_tree,mutual_information_select_k_best_k11,mixed__r0p05__low,mixed,0.05,LOW,peak_rss_mib,5,806.31640625,0.4991677032782607,805.74609375,806.73046875,805.6966076837729,806.9362048162271
decision_tree,mutual_information_select_k_best_k11,mixed__r0p05__low,mixed,0.05,LOW,serialized_model_bytes,5,3402.4,341.02903102228703,3028.0,3716.0,2978.9565298369753,3825.843470163025
decision_tree,mutual_information_select_k_best_k11,mixed__r0p05__low,mixed,0.05,LOW,serialized_model_kib,5,3.32265625,0.3330361631077022,2.95703125,3.62890625,2.909137236168921,3.736175263831079
logistic_regression,mutual_information_select_k_best_k11,mixed__r0p05__low,mixed,0.05,LOW,precision,5,0.0515184106336213,0.0018016450043267206,0.04939657591916924,0.05388854868340478,0.04928137289420337,0.053755448373039236
logistic_regression,mutual_information_select_k_best_k11,mixed__r0p05__low,mixed,0.05,LOW,recall,5,0.5166666666666667,0.06999999999999999,0.43333333333333335,0.5866666666666667,0.4297501867923342,0.6035831465409993
logistic_regression,mutual_information_select_k_best_k11,mixed__r0p05__low,mixed,0.05,LOW,f1,5,0.09357710455956161,0.003335336973384238,0.09034051424600417,0.09871003925967471,0.0894357367178292,0.09771847240129403
logistic_regression,mutual_information_select_k_best_k11,mixed__r0p05__low,mixed,0.05,LOW,average_precision,5,0.050627864814174264,0.0027346449334568097,0.04689161840527607,0.05328742783792477,0.047232354652427914,0.054023374975920614
logistic_regression,mutual_information_select_k_best_k11,mixed__r0p05__low,mixed,0.05,LOW,pr_auc_trapezoidal,5,0.05005528228956522,0.0027071501281649615,0.04642966873307307,0.052721218642305806,0.04669391143768741,0.053416653141443025
logistic_regression,mutual_information_select_k_best_k11,mixed__r0p05__low,mixed,0.05,LOW,roc_auc,5,0.5008300584795322,0.015904506192722948,0.48242660818713445,0.5197333333333334,0.4810820057308036,0.5205781112282608
logistic_regression,mutual_information_select_k_best_k11,mixed__r0p05__low,mixed,0.05,LOW,TP,5,155.0,21.0,130.0,176.0,128.92505603770024,181.07494396229976
logistic_regression,mutual_information_select_k_best_k11,mixed__r0p05__low,mixed,0.05,LOW,TN,5,2844.2,397.7388590520167,2313.0,3252.0,2350.341978028077,3338.0580219719227
logistic_regression,mutual_information_select_k_best_k11,mixed__r0p05__low,mixed,0.05,LOW,FP,5,2855.8,397.7388590520167,2448.0,3387.0,2361.9419780280773,3349.658021971923
logistic_regression,mutual_information_select_k_best_k11,mixed__r0p05__low,mixed,0.05,LOW,FN,5,145.0,21.0,124.0,170.0,118.92505603770023,171.07494396229976
logistic_regression,mutual_information_select_k_best_k11,mixed__r0p05__low,mixed,0.05,LOW,attack_prevalence,5,0.05,0.0,0.05,0.05,0.05,0.05
logistic_regression,mutual_information_select_k_best_k11,mixed__r0p05__low,mixed,0.05,LOW,visible_feature_attack_count,5,171.0,0.0,171.0,171.0,171.0,171.0
logistic_regression,mutual_information_select_k_best_k11,mixed__r0p05__low,mixed,0.05,LOW,invisible_feature_attack_count,5,129.0,0.0,129.0,129.0,129.0,129.0
logistic_regression,mutual_information_select_k_best_k11,mixed__r0p05__low,mixed,0.05,LOW,selected_feature_visibility_rate,5,0.57,0.0,0.57,0.57,0.57,0.57
logistic_regression,mutual_information_select_k_best_k11,mixed__r0p05__low,mixed,0.05,LOW,visible_attack_recall,5,0.5309941520467836,0.05285851012152828,0.45614035087719296,0.5847953216374269,0.4653616430301405,0.5966266610634267
logistic_regression,mutual_information_select_k_best_k11,mixed__r0p05__low,mixed,0.05,LOW,invisible_attack_recall,5,0.49767441860465117,0.09703865936921609,0.3953488372093023,0.5968992248062015,0.3771850088318414,0.618163828377461
logistic_regression,mutual_information_select_k_best_k11,mixed__r0p05__low,mixed,0.05,LOW,visible_attack_f1,5,0.05848340563234907,0.0033995637762185495,0.05467468562055768,0.06388384754990925,0.054262289681817504,0.06270452158288063
logistic_regression,mutual_information_select_k_best_k11,mixed__r0p05__low,mixed,0.05,LOW,paired_induced_attack_induced_detection_rate,5,0.006666666666666666,0.004082482904638631,0.0033333333333333335,0.013333333333333334,0.0015975946206905189,0.011735738712642814
logistic_regression,mutual_information_select_k_best_k11,mixed__r0p05__low,mixed,0.05,LOW,paired_induced_mean_anomaly_score_delta,5,7.709115823912503e-07,0.00013212613368284741,-0.00011444477404734032,0.00021988632949770825,-0.0001632853518335885,0.000164827174998371
logistic_regression,mutual_information_select_k_best_k11,mixed__r0p05__low,mixed,0.05,LOW,paired_induced_median_anomaly_score_delta,5,0.0,0.0,0.0,0.0,0.0,0.0
logistic_regression,mutual_information_select_k_best_k11,mixed__r0p05__low,mixed,0.05,LOW,selected_feature_count,5,11.0,0.0,11.0,11.0,11.0,11.0
logistic_regression,mutual_information_select_k_best_k11,mixed__r0p05__low,mixed,0.05,LOW,source_block_count,5,5.0,0.7071067811865476,4.0,6.0,4.122010966914219,5.877989033085781
logistic_regression,mutual_information_select_k_best_k11,mixed__r0p05__low,mixed,0.05,LOW,selected_input_bytes,5,528132.0,0.0,528132.0,528132.0,528132.0,528132.0
logistic_regression,mutual_information_select_k_best_k11,mixed__r0p05__low,mixed,0.05,LOW,model_fit_wall_time_sec,5,0.27497685859998455,0.02091021720342391,0.24763035999785643,0.29918557299970416,0.24901339470385145,0.30094032249611763
logistic_regression,mutual_information_select_k_best_k11,mixed__r0p05__low,mixed,0.05,LOW,model_fit_cpu_time_sec,5,0.09213092119999988,0.014315567471356337,0.07548344399999962,0.10902960499999992,0.07435579645694569,0.10990604594305407
logistic_regression,mutual_information_select_k_best_k11,mixed__r0p05__low,mixed,0.05,LOW,model_fit_peak_rss_mib,5,163.92734375,0.3541635550567968,163.37890625,164.25390625,163.48759161420978,164.36709588579023
logistic_regression,mutual_information_select_k_best_k11,mixed__r0p05__low,mixed,0.05,LOW,combined_fit_wall_time_sec,5,0.27497685859998455,0.02091021720342391,0.24763035999785643,0.29918557299970416,0.24901339470385145,0.30094032249611763
logistic_regression,mutual_information_select_k_best_k11,mixed__r0p05__low,mixed,0.05,LOW,inference_wall_time_sec,5,0.0018113054800778627,0.0005029742142313575,0.001439387300342787,0.002674235299491556,0.0011867805062414625,0.002435830453914263
logistic_regression,mutual_information_select_k_best_k11,mixed__r0p05__low,mixed,0.05,LOW,per_record_inference_sec,5,3.018842466796438e-07,8.382903570522626e-08,2.398978833904645e-07,4.457058832485927e-07,1.977967510402437e-07,4.0597174231904385e-07
logistic_regression,mutual_information_select_k_best_k11,mixed__r0p05__low,mixed,0.05,LOW,inference_cpu_time_sec,5,0.001856005360000381,0.0005062033144144397,0.001504737400000522,0.00273198739999998,0.0012274709287200514,0.0024845397912807107
logistic_regression,mutual_information_select_k_best_k11,mixed__r0p05__low,mixed,0.05,LOW,inference_peak_rss_mib,5,806.31640625,0.4991677032782607,805.74609375,806.73046875,805.6966076837729,806.9362048162271
logistic_regression,mutual_information_select_k_best_k11,mixed__r0p05__low,mixed,0.05,LOW,peak_rss_mib,5,806.31640625,0.4991677032782607,805.74609375,806.73046875,805.6966076837729,806.9362048162271
logistic_regression,mutual_information_select_k_best_k11,mixed__r0p05__low,mixed,0.05,LOW,serialized_model_bytes,5,1353.2,13.386560424545209,1334.0,1366.0,1336.5783898610498,1369.8216101389503
logistic_regression,mutual_information_select_k_best_k11,mixed__r0p05__low,mixed,0.05,LOW,serialized_model_kib,5,1.321484375,0.01307281291459493,1.302734375,1.333984375,1.3052523338486814,1.3377164161513186
decision_tree,none_natural,mixed__r0p05__high,mixed,0.05,HIGH,precision,5,0.2663086347974086,0.2927554514878138,0.06741071428571428,0.7761194029850746,-0.09719526959318725,0.6298125391880045
decision_tree,none_natural,mixed__r0p05__high,mixed,0.05,HIGH,recall,5,0.316,0.15644310289828836,0.17333333333333334,0.5033333333333333,0.12175023136375401,0.5102497686362459
decision_tree,none_natural,mixed__r0p05__high,mixed,0.05,HIGH,f1,5,0.19126857884446474,0.06717558273573272,0.1188976377952756,0.28337874659400547,0.1078590762030808,0.2746780814858487
decision_tree,none_natural,mixed__r0p05__high,mixed,0.05,HIGH,average_precision,5,0.21405347334546035,0.00894196972691458,0.19852590882421495,0.22097213321876075,0.20295055146251376,0.22515639522840694
decision_tree,none_natural,mixed__r0p05__high,mixed,0.05,HIGH,pr_auc_trapezoidal,5,0.2645108244918305,0.034841623307759084,0.23542754001727947,0.3249189391774351,0.22124923519157452,0.3077724137920865
decision_tree,none_natural,mixed__r0p05__high,mixed,0.05,HIGH,roc_auc,5,0.6101432748538012,0.01326894546911644,0.5900961988304093,0.6238441520467837,0.5936677029706572,0.6266188467369451
decision_tree,none_natural,mixed__r0p05__high,mixed,0.05,HIGH,TP,5,94.8,46.93293086948651,52.0,151.0,36.5250694091262,153.0749305908738
decision_tree,none_natural,mixed__r0p05__high,mixed,0.05,HIGH,TN,5,4841.4,952.9204059101684,3611.0,5685.0,3658.1930388266856,6024.606961173314
decision_tree,none_natural,mixed__r0p05__high,mixed,0.05,HIGH,FP,5,858.6,952.9204059101684,15.0,2089.0,-324.60696117331383,2041.806961173314
decision_tree,none_natural,mixed__r0p05__high,mixed,0.05,HIGH,FN,5,205.2,46.93293086948651,149.0,248.0,146.9250694091262,263.4749305908738
decision_tree,none_natural,mixed__r0p05__high,mixed,0.05,HIGH,attack_prevalence,5,0.05,0.0,0.05,0.05,0.05,0.05
decision_tree,none_natural,mixed__r0p05__high,mixed,0.05,HIGH,visible_feature_attack_count,5,171.0,0.0,171.0,171.0,171.0,171.0
decision_tree,none_natural,mixed__r0p05__high,mixed,0.05,HIGH,invisible_feature_attack_count,5,129.0,0.0,129.0,129.0,129.0,129.0
decision_tree,none_natural,mixed__r0p05__high,mixed,0.05,HIGH,selected_feature_visibility_rate,5,0.57,0.0,0.57,0.57,0.57,0.57
decision_tree,none_natural,mixed__r0p05__high,mixed,0.05,HIGH,visible_attack_recall,5,0.43157894736842106,0.15268646365938604,0.2982456140350877,0.6023391812865497,0.2419936624293634,0.6211642323074787
decision_tree,none_natural,mixed__r0p05__high,mixed,0.05,HIGH,invisible_attack_recall,5,0.16279069767441862,0.16562682650559302,0.0,0.3875968992248062,-0.04286216993448061,0.36844356528331784
decision_tree,none_natural,mixed__r0p05__high,mixed,0.05,HIGH,visible_attack_f1,5,0.2192295590394216,0.14027918593070138,0.08555696738670054,0.4369747899159664,0.04504994417179928,0.3934091739070439
decision_tree,none_natural,mixed__r0p05__high,mixed,0.05,HIGH,paired_induced_attack_induced_detection_rate,5,0.16733333333333333,0.02019350830781461,0.14666666666666667,0.19666666666666666,0.1422597810700714,0.19240688559659527
decision_tree,none_natural,mixed__r0p05__high,mixed,0.05,HIGH,paired_induced_mean_anomaly_score_delta,5,0.09226030425208974,0.004196640181384617,0.08913245719780472,0.09760257903242062,0.087049487225445,0.09747112127873447
decision_tree,none_natural,mixed__r0p05__high,mixed,0.05,HIGH,paired_induced_median_anomaly_score_delta,5,0.0,0.0,0.0,0.0,0.0,0.0
decision_tree,none_natural,mixed__r0p05__high,mixed,0.05,HIGH,selected_feature_count,5,43.0,0.0,43.0,43.0,43.0,43.0
decision_tree,none_natural,mixed__r0p05__high,mixed,0.05,HIGH,source_block_count,5,10.0,0.0,10.0,10.0,10.0,10.0
decision_tree,none_natural,mixed__r0p05__high,mixed,0.05,HIGH,selected_input_bytes,5,2064132.0,0.0,2064132.0,2064132.0,2064132.0,2064132.0
decision_tree,none_natural,mixed__r0p05__high,mixed,0.05,HIGH,model_fit_wall_time_sec,0,,,,,,
decision_tree,none_natural,mixed__r0p05__high,mixed,0.05,HIGH,model_fit_cpu_time_sec,0,,,,,,
decision_tree,none_natural,mixed__r0p05__high,mixed,0.05,HIGH,model_fit_peak_rss_mib,0,,,,,,
decision_tree,none_natural,mixed__r0p05__high,mixed,0.05,HIGH,combined_fit_wall_time_sec,0,,,,,,
decision_tree,none_natural,mixed__r0p05__high,mixed,0.05,HIGH,inference_wall_time_sec,5,0.0030155484600982163,0.0005500815544186753,0.0021316641999874265,0.003540120400430169,0.0023325319979000396,0.003698564922296393
decision_tree,none_natural,mixed__r0p05__high,mixed,0.05,HIGH,per_record_inference_sec,5,5.025914100163695e-07,9.168025906977922e-08,3.5527736666457106e-07,5.900200667383615e-07,3.8875533298334003e-07,6.16427487049399e-07
decision_tree,none_natural,mixed__r0p05__high,mixed,0.05,HIGH,inference_cpu_time_sec,5,0.003069503779995557,0.0005611719049945235,0.0021427020000032828,0.0035674640999900477,0.0023727168287598806,0.003766290731231234
decision_tree,none_natural,mixed__r0p05__high,mixed,0.05,HIGH,inference_peak_rss_mib,5,806.7234375,0.0376097028184716,806.68359375,806.765625,806.6767388860271,806.770136113973
decision_tree,none_natural,mixed__r0p05__high,mixed,0.05,HIGH,peak_rss_mib,5,806.7234375,0.0376097028184716,806.68359375,806.765625,806.6767388860271,806.770136113973
decision_tree,none_natural,mixed__r0p05__high,mixed,0.05,HIGH,serialized_model_bytes,5,4132.0,327.90242451070714,3780.0,4420.0,3724.8553645610036,4539.144635438996
decision_tree,none_natural,mixed__r0p05__high,mixed,0.05,HIGH,serialized_model_kib,5,4.03515625,0.32021721143623744,3.69140625,4.31640625,3.637554066954105,4.432758433045895
logistic_regression,none_natural,mixed__r0p05__high,mixed,0.05,HIGH,precision,5,0.05181366535108598,0.0029313922979817965,0.048896434634974534,0.05623100303951368,0.04817386107006729,0.05545346963210467
logistic_regression,none_natural,mixed__r0p05__high,mixed,0.05,HIGH,recall,5,0.44866666666666666,0.07104771479630981,0.3433333333333333,0.5166666666666667,0.3604492770493698,0.5368840562839635
logistic_regression,none_natural,mixed__r0p05__high,mixed,0.05,HIGH,f1,5,0.09268296771736557,0.005025939077846643,0.08864864864864865,0.1009549795361528,0.08644244010723301,0.09892349532749814
logistic_regression,none_natural,mixed__r0p05__high,mixed,0.05,HIGH,average_precision,5,0.059980322727390775,0.007634387940764769,0.048273655338250496,0.06918447739867681,0.05050097807301466,0.0694596673817669
logistic_regression,none_natural,mixed__r0p05__high,mixed,0.05,HIGH,pr_auc_trapezoidal,5,0.05888370493623842,0.007322155806132375,0.047689603937176445,0.06780193163779014,0.049792047682517965,0.06797536218995888
logistic_regression,none_natural,mixed__r0p05__high,mixed,0.05,HIGH,roc_auc,5,0.5083706432748538,0.022150087858079783,0.48342748538011693,0.5311959064327485,0.480867676624404,0.5358736099253036
logistic_regression,none_natural,mixed__r0p05__high,mixed,0.05,HIGH,TP,5,134.6,21.314314438892936,103.0,155.0,108.13478311481094,161.06521688518905
logistic_regression,none_natural,mixed__r0p05__high,mixed,0.05,HIGH,TN,5,3230.4,413.3537226153891,2828.0,3861.0,2717.1535641045584,3743.6464358954418
logistic_regression,none_natural,mixed__r0p05__high,mixed,0.05,HIGH,FP,5,2469.6,413.3537226153891,1839.0,2872.0,1956.3535641045582,2982.8464358954416
logistic_regression,none_natural,mixed__r0p05__high,mixed,0.05,HIGH,FN,5,165.4,21.314314438892936,145.0,197.0,138.93478311481095,191.86521688518906
logistic_regression,none_natural,mixed__r0p05__high,mixed,0.05,HIGH,attack_prevalence,5,0.05,0.0,0.05,0.05,0.05,0.05
logistic_regression,none_natural,mixed__r0p05__high,mixed,0.05,HIGH,visible_feature_attack_count,5,171.0,0.0,171.0,171.0,171.0,171.0
logistic_regression,none_natural,mixed__r0p05__high,mixed,0.05,HIGH,invisible_feature_attack_count,5,129.0,0.0,129.0,129.0,129.0,129.0
logistic_regression,none_natural,mixed__r0p05__high,mixed,0.05,HIGH,selected_feature_visibility_rate,5,0.57,0.0,0.57,0.57,0.57,0.57
logistic_regression,none_natural,mixed__r0p05__high,mixed,0.05,HIGH,visible_attack_recall,5,0.4807017543859649,0.07762593453120523,0.3742690058479532,0.5380116959064327,0.38431642615156836,0.5770870826203615
logistic_regression,none_natural,mixed__r0p05__high,mixed,0.05,HIGH,invisible_attack_recall,5,0.4062015503875968,0.06793458077583456,0.3023255813953488,0.4883720930232558,0.32184962720511046,0.49055347357008317
logistic_regression,none_natural,mixed__r0p05__high,mixed,0.05,HIGH,visible_attack_f1,5,0.060460207421965326,0.004272416642804593,0.055491329479768786,0.06698216235893702,0.055155301491264054,0.06576511335266659
logistic_regression,none_natural,mixed__r0p05__high,mixed,0.05,HIGH,paired_induced_attack_induced_detection_rate,5,0.06133333333333334,0.02433561633125864,0.03333333333333333,0.08333333333333333,0.0311166746606859,0.09154999200598077
logistic_regression,none_natural,mixed__r0p05__high,mixed,0.05,HIGH,paired_induced_mean_anomaly_score_delta,5,0.0036628894867135587,0.0017751589264371698,0.0009809244566589628,0.00499983814524341,0.0014587385566647289,0.005867040416762389
logistic_regression,none_natural,mixed__r0p05__high,mixed,0.05,HIGH,paired_induced_median_anomaly_score_delta,5,0.0,0.0,0.0,0.0,0.0,0.0
logistic_regression,none_natural,mixed__r0p05__high,mixed,0.05,HIGH,selected_feature_count,5,43.0,0.0,43.0,43.0,43.0,43.0
logistic_regression,none_natural,mixed__r0p05__high,mixed,0.05,HIGH,source_block_count,5,10.0,0.0,10.0,10.0,10.0,10.0
logistic_regression,none_natural,mixed__r0p05__high,mixed,0.05,HIGH,selected_input_bytes,5,2064132.0,0.0,2064132.0,2064132.0,2064132.0,2064132.0
logistic_regression,none_natural,mixed__r0p05__high,mixed,0.05,HIGH,model_fit_wall_time_sec,5,0.49001829079934395,0.09719446902817075,0.4144513709979947,0.6605000540002948,0.3693354177824376,0.6107011638162503
logistic_regression,none_natural,mixed__r0p05__high,mixed,0.05,HIGH,model_fit_cpu_time_sec,5,0.29261962500000005,0.07522294968955433,0.21856836799999968,0.4180874179999998,0.19921799653171318,0.3860212534682869
logistic_regression,none_natural,mixed__r0p05__high,mixed,0.05,HIGH,model_fit_peak_rss_mib,5,182.0546875,0.12530480415894876,181.8984375,182.19140625,181.89910103587374,182.21027396412626
logistic_regression,none_natural,mixed__r0p05__high,mixed,0.05,HIGH,combined_fit_wall_time_sec,5,0.49001829079934395,0.09719446902817075,0.4144513709979947,0.6605000540002948,0.3693354177824376,0.6107011638162503
logistic_regression,none_natural,mixed__r0p05__high,mixed,0.05,HIGH,inference_wall_time_sec,5,0.002310656280023977,0.0005052016472579079,0.0019139185002131852,0.0030725191994861235,0.0016833655827900968,0.0029379469772578574
logistic_regression,none_natural,mixed__r0p05__high,mixed,0.05,HIGH,per_record_inference_sec,5,3.851093800039962e-07,8.420027454298464e-08,3.1898641670219756e-07,5.120865332476873e-07,2.8056093046501617e-07,4.896578295429762e-07
logistic_regression,none_natural,mixed__r0p05__high,mixed,0.05,HIGH,inference_cpu_time_sec,5,0.002345279680000658,0.0005139211770650918,0.0019348953999951846,0.0030911753999930624,0.001707162256523924,0.0029833971034773916
logistic_regression,none_natural,mixed__r0p05__high,mixed,0.05,HIGH,inference_peak_rss_mib,5,806.7265625,0.04234274099351328,806.68359375,806.78125,806.673987042923,806.779137957077
logistic_regression,none_natural,mixed__r0p05__high,mixed,0.05,HIGH,peak_rss_mib,5,806.7265625,0.04234274099351328,806.68359375,806.78125,806.673987042923,806.779137957077
logistic_regression,none_natural,mixed__r0p05__high,mixed,0.05,HIGH,serialized_model_bytes,5,2342.0,0.0,2342.0,2342.0,2342.0,2342.0
logistic_regression,none_natural,mixed__r0p05__high,mixed,0.05,HIGH,serialized_model_kib,5,2.287109375,0.0,2.287109375,2.287109375,2.287109375,2.287109375
decision_tree,pairwise_correlation_filter_natural,mixed__r0p05__high,mixed,0.05,HIGH,precision,5,0.2663086347974086,0.2927554514878138,0.06741071428571428,0.7761194029850746,-0.09719526959318725,0.6298125391880045
decision_tree,pairwise_correlation_filter_natural,mixed__r0p05__high,mixed,0.05,HIGH,recall,5,0.316,0.15644310289828836,0.17333333333333334,0.5033333333333333,0.12175023136375401,0.5102497686362459
decision_tree,pairwise_correlation_filter_natural,mixed__r0p05__high,mixed,0.05,HIGH,f1,5,0.19126857884446474,0.06717558273573272,0.1188976377952756,0.28337874659400547,0.1078590762030808,0.2746780814858487
decision_tree,pairwise_correlation_filter_natural,mixed__r0p05__high,mixed,0.05,HIGH,average_precision,5,0.21405347334546035,0.00894196972691458,0.19852590882421495,0.22097213321876075,0.20295055146251376,0.22515639522840694
decision_tree,pairwise_correlation_filter_natural,mixed__r0p05__high,mixed,0.05,HIGH,pr_auc_trapezoidal,5,0.2645108244918305,0.034841623307759084,0.23542754001727947,0.3249189391774351,0.22124923519157452,0.3077724137920865
decision_tree,pairwise_correlation_filter_natural,mixed__r0p05__high,mixed,0.05,HIGH,roc_auc,5,0.6101432748538012,0.01326894546911644,0.5900961988304093,0.6238441520467837,0.5936677029706572,0.6266188467369451
decision_tree,pairwise_correlation_filter_natural,mixed__r0p05__high,mixed,0.05,HIGH,TP,5,94.8,46.93293086948651,52.0,151.0,36.5250694091262,153.0749305908738
decision_tree,pairwise_correlation_filter_natural,mixed__r0p05__high,mixed,0.05,HIGH,TN,5,4841.4,952.9204059101684,3611.0,5685.0,3658.1930388266856,6024.606961173314
decision_tree,pairwise_correlation_filter_natural,mixed__r0p05__high,mixed,0.05,HIGH,FP,5,858.6,952.9204059101684,15.0,2089.0,-324.60696117331383,2041.806961173314
decision_tree,pairwise_correlation_filter_natural,mixed__r0p05__high,mixed,0.05,HIGH,FN,5,205.2,46.93293086948651,149.0,248.0,146.9250694091262,263.4749305908738
decision_tree,pairwise_correlation_filter_natural,mixed__r0p05__high,mixed,0.05,HIGH,attack_prevalence,5,0.05,0.0,0.05,0.05,0.05,0.05
decision_tree,pairwise_correlation_filter_natural,mixed__r0p05__high,mixed,0.05,HIGH,visible_feature_attack_count,5,171.0,0.0,171.0,171.0,171.0,171.0
decision_tree,pairwise_correlation_filter_natural,mixed__r0p05__high,mixed,0.05,HIGH,invisible_feature_attack_count,5,129.0,0.0,129.0,129.0,129.0,129.0
decision_tree,pairwise_correlation_filter_natural,mixed__r0p05__high,mixed,0.05,HIGH,selected_feature_visibility_rate,5,0.57,0.0,0.57,0.57,0.57,0.57
decision_tree,pairwise_correlation_filter_natural,mixed__r0p05__high,mixed,0.05,HIGH,visible_attack_recall,5,0.43157894736842106,0.15268646365938604,0.2982456140350877,0.6023391812865497,0.2419936624293634,0.6211642323074787
decision_tree,pairwise_correlation_filter_natural,mixed__r0p05__high,mixed,0.05,HIGH,invisible_attack_recall,5,0.16279069767441862,0.16562682650559302,0.0,0.3875968992248062,-0.04286216993448061,0.36844356528331784
decision_tree,pairwise_correlation_filter_natural,mixed__r0p05__high,mixed,0.05,HIGH,visible_attack_f1,5,0.2192295590394216,0.14027918593070138,0.08555696738670054,0.4369747899159664,0.04504994417179928,0.3934091739070439
decision_tree,pairwise_correlation_filter_natural,mixed__r0p05__high,mixed,0.05,HIGH,paired_induced_attack_induced_detection_rate,5,0.16733333333333333,0.02019350830781461,0.14666666666666667,0.19666666666666666,0.1422597810700714,0.19240688559659527
decision_tree,pairwise_correlation_filter_natural,mixed__r0p05__high,mixed,0.05,HIGH,paired_induced_mean_anomaly_score_delta,5,0.09226030425208978,0.00419664018138483,0.08913245719780469,0.09760257903242117,0.08704948722544478,0.09747112127873478
decision_tree,pairwise_correlation_filter_natural,mixed__r0p05__high,mixed,0.05,HIGH,paired_induced_median_anomaly_score_delta,5,0.0,0.0,0.0,0.0,0.0,0.0
decision_tree,pairwise_correlation_filter_natural,mixed__r0p05__high,mixed,0.05,HIGH,selected_feature_count,5,42.0,0.0,42.0,42.0,42.0,42.0
decision_tree,pairwise_correlation_filter_natural,mixed__r0p05__high,mixed,0.05,HIGH,source_block_count,5,9.0,0.0,9.0,9.0,9.0,9.0
decision_tree,pairwise_correlation_filter_natural,mixed__r0p05__high,mixed,0.05,HIGH,selected_input_bytes,5,2016132.0,0.0,2016132.0,2016132.0,2016132.0,2016132.0
decision_tree,pairwise_correlation_filter_natural,mixed__r0p05__high,mixed,0.05,HIGH,model_fit_wall_time_sec,0,,,,,,
decision_tree,pairwise_correlation_filter_natural,mixed__r0p05__high,mixed,0.05,HIGH,model_fit_cpu_time_sec,0,,,,,,
decision_tree,pairwise_correlation_filter_natural,mixed__r0p05__high,mixed,0.05,HIGH,model_fit_peak_rss_mib,0,,,,,,
decision_tree,pairwise_correlation_filter_natural,mixed__r0p05__high,mixed,0.05,HIGH,combined_fit_wall_time_sec,0,,,,,,
decision_tree,pairwise_correlation_filter_natural,mixed__r0p05__high,mixed,0.05,HIGH,inference_wall_time_sec,5,0.003709725060325582,0.0008018314424727073,0.0027388742004404777,0.0048434652999276295,0.0027141198255786377,0.004705330295072526
decision_tree,pairwise_correlation_filter_natural,mixed__r0p05__high,mixed,0.05,HIGH,per_record_inference_sec,5,6.182875100542636e-07,1.3363857374545123e-07,4.564790334067463e-07,8.072442166546049e-07,4.5235330426310613e-07,7.84221715845421e-07
decision_tree,pairwise_correlation_filter_natural,mixed__r0p05__high,mixed,0.05,HIGH,inference_cpu_time_sec,5,0.0038033172000018567,0.0008218525782865249,0.0027886208000040824,0.004953846500006876,0.0027828524417117272,0.004823781958291987
decision_tree,pairwise_correlation_filter_natural,mixed__r0p05__high,mixed,0.05,HIGH,inference_peak_rss_mib,5,806.734375,0.041247484535044676,806.68359375,806.796875,806.6831594834364,806.7855905165636
decision_tree,pairwise_correlation_filter_natural,mixed__r0p05__high,mixed,0.05,HIGH,peak_rss_mib,5,806.734375,0.041247484535044676,806.68359375,806.796875,806.6831594834364,806.7855905165636
decision_tree,pairwise_correlation_filter_natural,mixed__r0p05__high,mixed,0.05,HIGH,serialized_model_bytes,5,4116.0,327.90242451070714,3764.0,4404.0,3708.8553645610036,4523.144635438996
decision_tree,pairwise_correlation_filter_natural,mixed__r0p05__high,mixed,0.05,HIGH,serialized_model_kib,5,4.01953125,0.32021721143623744,3.67578125,4.30078125,3.621929066954105,4.417133433045895
logistic_regression,pairwise_correlation_filter_natural,mixed__r0p05__high,mixed,0.05,HIGH,precision,5,0.05181366535108598,0.0029313922979817965,0.048896434634974534,0.05623100303951368,0.04817386107006729,0.05545346963210467
logistic_regression,pairwise_correlation_filter_natural,mixed__r0p05__high,mixed,0.05,HIGH,recall,5,0.44866666666666666,0.07104771479630981,0.3433333333333333,0.5166666666666667,0.3604492770493698,0.5368840562839635
logistic_regression,pairwise_correlation_filter_natural,mixed__r0p05__high,mixed,0.05,HIGH,f1,5,0.09268296771736557,0.005025939077846643,0.08864864864864865,0.1009549795361528,0.08644244010723301,0.09892349532749814
logistic_regression,pairwise_correlation_filter_natural,mixed__r0p05__high,mixed,0.05,HIGH,average_precision,5,0.059983109605687465,0.007634306024746155,0.048274701458088126,0.06918450673560257,0.050503866663482534,0.06946235254789239
logistic_regression,pairwise_correlation_filter_natural,mixed__r0p05__high,mixed,0.05,HIGH,pr_auc_trapezoidal,5,0.058886382417948656,0.007322161869162028,0.04769064079372612,0.0678019583042496,0.04979471763598256,0.06797804719991475
logistic_regression,pairwise_correlation_filter_natural,mixed__r0p05__high,mixed,0.05,HIGH,roc_auc,5,0.5083711111111111,0.022149950535939576,0.4834315789473685,0.5311976608187134,0.4808683149686189,0.5358739072536033
logistic_regression,pairwise_correlation_filter_natural,mixed__r0p05__high,mixed,0.05,HIGH,TP,5,134.6,21.314314438892936,103.0,155.0,108.13478311481094,161.06521688518905
logistic_regression,pairwise_correlation_filter_natural,mixed__r0p05__high,mixed,0.05,HIGH,TN,5,3230.4,413.3537226153891,2828.0,3861.0,2717.1535641045584,3743.6464358954418
logistic_regression,pairwise_correlation_filter_natural,mixed__r0p05__high,mixed,0.05,HIGH,FP,5,2469.6,413.3537226153891,1839.0,2872.0,1956.3535641045582,2982.8464358954416
logistic_regression,pairwise_correlation_filter_natural,mixed__r0p05__high,mixed,0.05,HIGH,FN,5,165.4,21.314314438892936,145.0,197.0,138.93478311481095,191.86521688518906
logistic_regression,pairwise_correlation_filter_natural,mixed__r0p05__high,mixed,0.05,HIGH,attack_prevalence,5,0.05,0.0,0.05,0.05,0.05,0.05
logistic_regression,pairwise_correlation_filter_natural,mixed__r0p05__high,mixed,0.05,HIGH,visible_feature_attack_count,5,171.0,0.0,171.0,171.0,171.0,171.0
logistic_regression,pairwise_correlation_filter_natural,mixed__r0p05__high,mixed,0.05,HIGH,invisible_feature_attack_count,5,129.0,0.0,129.0,129.0,129.0,129.0
logistic_regression,pairwise_correlation_filter_natural,mixed__r0p05__high,mixed,0.05,HIGH,selected_feature_visibility_rate,5,0.57,0.0,0.57,0.57,0.57,0.57
logistic_regression,pairwise_correlation_filter_natural,mixed__r0p05__high,mixed,0.05,HIGH,visible_attack_recall,5,0.4807017543859649,0.07762593453120523,0.3742690058479532,0.5380116959064327,0.38431642615156836,0.5770870826203615
logistic_regression,pairwise_correlation_filter_natural,mixed__r0p05__high,mixed,0.05,HIGH,invisible_attack_recall,5,0.4062015503875968,0.06793458077583456,0.3023255813953488,0.4883720930232558,0.32184962720511046,0.49055347357008317
logistic_regression,pairwise_correlation_filter_natural,mixed__r0p05__high,mixed,0.05,HIGH,visible_attack_f1,5,0.060460207421965326,0.004272416642804593,0.055491329479768786,0.06698216235893702,0.055155301491264054,0.06576511335266659
logistic_regression,pairwise_correlation_filter_natural,mixed__r0p05__high,mixed,0.05,HIGH,paired_induced_attack_induced_detection_rate,5,0.06133333333333334,0.02433561633125864,0.03333333333333333,0.08333333333333333,0.0311166746606859,0.09154999200598077
logistic_regression,pairwise_correlation_filter_natural,mixed__r0p05__high,mixed,0.05,HIGH,paired_induced_mean_anomaly_score_delta,5,0.0036629541296993528,0.0017748615772868446,0.000981231921819533,0.004999491344507609,0.0014591724073853784,0.005866735852013328
logistic_regression,pairwise_correlation_filter_natural,mixed__r0p05__high,mixed,0.05,HIGH,paired_induced_median_anomaly_score_delta,5,0.0,0.0,0.0,0.0,0.0,0.0
logistic_regression,pairwise_correlation_filter_natural,mixed__r0p05__high,mixed,0.05,HIGH,selected_feature_count,5,42.0,0.0,42.0,42.0,42.0,42.0
logistic_regression,pairwise_correlation_filter_natural,mixed__r0p05__high,mixed,0.05,HIGH,source_block_count,5,9.0,0.0,9.0,9.0,9.0,9.0
logistic_regression,pairwise_correlation_filter_natural,mixed__r0p05__high,mixed,0.05,HIGH,selected_input_bytes,5,2016132.0,0.0,2016132.0,2016132.0,2016132.0,2016132.0
logistic_regression,pairwise_correlation_filter_natural,mixed__r0p05__high,mixed,0.05,HIGH,model_fit_wall_time_sec,5,0.5226187851993018,0.1320858923339655,0.33173528499901295,0.6544766820006771,0.358612488017468,0.6866250823811357
logistic_regression,pairwise_correlation_filter_natural,mixed__r0p05__high,mixed,0.05,HIGH,model_fit_cpu_time_sec,5,0.32897909459999986,0.11776488132572177,0.18253484599999936,0.47190246899999977,0.18275468120499616,0.47520350799500355
logistic_regression,pairwise_correlation_filter_natural,mixed__r0p05__high,mixed,0.05,HIGH,model_fit_peak_rss_mib,5,181.35625,0.274181465592076,181.0546875,181.63671875,181.01580874519928,181.6966912548007
logistic_regression,pairwise_correlation_filter_natural,mixed__r0p05__high,mixed,0.05,HIGH,combined_fit_wall_time_sec,5,0.5226187851993018,0.1320858923339655,0.33173528499901295,0.6544766820006771,0.358612488017468,0.6866250823811357
logistic_regression,pairwise_correlation_filter_natural,mixed__r0p05__high,mixed,0.05,HIGH,inference_wall_time_sec,5,0.0026922296399425247,0.0006632670634794016,0.0016969377000350505,0.003533662499830825,0.0018686748060251666,0.003515784473859883
logistic_regression,pairwise_correlation_filter_natural,mixed__r0p05__high,mixed,0.05,HIGH,per_record_inference_sec,5,4.487049399904208e-07,1.1054451057990022e-07,2.8282295000584177e-07,5.889437499718042e-07,3.114458010041945e-07,5.859640789766471e-07
logistic_regression,pairwise_correlation_filter_natural,mixed__r0p05__high,mixed,0.05,HIGH,inference_cpu_time_sec,5,0.002754121759996906,0.000705350685746746,0.001705416899994816,0.003667314799997712,0.0018783132073961384,0.003629930312597674
logistic_regression,pairwise_correlation_filter_natural,mixed__r0p05__high,mixed,0.05,HIGH,inference_peak_rss_mib,5,806.7171875,0.030832167594798617,806.68359375,806.7421875,806.678904307511,806.7554706924891
logistic_regression,pairwise_correlation_filter_natural,mixed__r0p05__high,mixed,0.05,HIGH,peak_rss_mib,5,806.7171875,0.030832167594798617,806.68359375,806.7421875,806.678904307511,806.7554706924891
logistic_regression,pairwise_correlation_filter_natural,mixed__r0p05__high,mixed,0.05,HIGH,serialized_model_bytes,5,2310.0,0.0,2310.0,2310.0,2310.0,2310.0
logistic_regression,pairwise_correlation_filter_natural,mixed__r0p05__high,mixed,0.05,HIGH,serialized_model_kib,5,2.255859375,0.0,2.255859375,2.255859375,2.255859375,2.255859375
decision_tree,mutual_information_select_k_best_k11,mixed__r0p05__high,mixed,0.05,HIGH,precision,5,0.2995083925294153,0.31844672148818404,0.06876404494382023,0.8412698412698413,-0.09589543688879804,0.6949122219476287
decision_tree,mutual_information_select_k_best_k11,mixed__r0p05__high,mixed,0.05,HIGH,recall,5,0.31666666666666665,0.1589723945288056,0.17666666666666667,0.51,0.11927636767184682,0.5140569656614865
decision_tree,mutual_information_select_k_best_k11,mixed__r0p05__high,mixed,0.05,HIGH,f1,5,0.200364476263632,0.0721640976616694,0.12118811881188118,0.29201101928374656,0.11076091423420545,0.2899680382930585
decision_tree,mutual_information_select_k_best_k11,mixed__r0p05__high,mixed,0.05,HIGH,average_precision,5,0.22484482773768621,0.005759181332389945,0.21819142887785242,0.23234512136683722,0.21769385961812476,0.23199579585724767
decision_tree,mutual_information_select_k_best_k11,mixed__r0p05__high,mixed,0.05,HIGH,pr_auc_trapezoidal,5,0.274559378535968,0.02943217200933712,0.2456706534374931,0.324249358765123,0.2380145101630045,0.3111042469089315
decision_tree,mutual_information_select_k_best_k11,mixed__r0p05__high,mixed,0.05,HIGH,roc_auc,5,0.6136697660818714,0.01194222669863525,0.593916081871345,0.6253883040935673,0.5988415331317765,0.6284979990319663
decision_tree,mutual_information_select_k_best_k11,mixed__r0p05__high,mixed,0.05,HIGH,TP,5,95.0,47.69171835864168,53.0,153.0,35.782910301554054,154.21708969844593
decision_tree,mutual_information_select_k_best_k11,mixed__r0p05__high,mixed,0.05,HIGH,TN,5,4869.6,960.5794084821931,3628.0,5690.0,3676.8831310708456,6062.316868929155
decision_tree,mutual_information_select_k_best_k11,mixed__r0p05__high,mixed,0.05,HIGH,FP,5,830.4,960.5794084821931,10.0,2072.0,-362.31686892915457,2023.1168689291544
decision_tree,mutual_information_select_k_best_k11,mixed__r0p05__high,mixed,0.05,HIGH,FN,5,205.0,47.69171835864168,147.0,247.0,145.78291030155407,264.21708969844593
decision_tree,mutual_information_select_k_best_k11,mixed__r0p05__high,mixed,0.05,HIGH,attack_prevalence,5,0.05,0.0,0.05,0.05,0.05,0.05
decision_tree,mutual_information_select_k_best_k11,mixed__r0p05__high,mixed,0.05,HIGH,visible_feature_attack_count,5,171.0,0.0,171.0,171.0,171.0,171.0
decision_tree,mutual_information_select_k_best_k11,mixed__r0p05__high,mixed,0.05,HIGH,invisible_feature_attack_count,5,129.0,0.0,129.0,129.0,129.0,129.0
decision_tree,mutual_information_select_k_best_k11,mixed__r0p05__high,mixed,0.05,HIGH,selected_feature_visibility_rate,5,0.57,0.0,0.57,0.57,0.57,0.57
decision_tree,mutual_information_select_k_best_k11,mixed__r0p05__high,mixed,0.05,HIGH,visible_attack_recall,5,0.4385964912280702,0.14567156382551055,0.30409356725146197,0.6023391812865497,0.2577213548637482,0.6194716275923922
decision_tree,mutual_information_select_k_best_k11,mixed__r0p05__high,mixed,0.05,HIGH,invisible_attack_recall,5,0.15503875968992248,0.17997188784874263,0.007751937984496124,0.40310077519379844,-0.06842585414080432,0.3785033735206493
decision_tree,mutual_information_select_k_best_k11,mixed__r0p05__high,mixed,0.05,HIGH,visible_attack_f1,5,0.23967342355028895,0.15015287881952688,0.08617747440273038,0.44635193133047213,0.05323399969328174,0.42611284740729616
decision_tree,mutual_information_select_k_best_k11,mixed__r0p05__high,mixed,0.05,HIGH,paired_induced_attack_induced_detection_rate,5,0.174,0.018469193569593426,0.15,0.19666666666666666,0.15106746726876114,0.19693253273123884
decision_tree,mutual_information_select_k_best_k11,mixed__r0p05__high,mixed,0.05,HIGH,paired_induced_mean_anomaly_score_delta,5,0.09589787905077962,0.003863368283605585,0.08903929309289162,0.09825329286953727,0.09110087374122049,0.10069488436033876
decision_tree,mutual_information_select_k_best_k11,mixed__r0p05__high,mixed,0.05,HIGH,paired_induced_median_anomaly_score_delta,5,0.0,0.0,0.0,0.0,0.0,0.0
decision_tree,mutual_information_select_k_best_k11,mixed__r0p05__high,mixed,0.05,HIGH,selected_feature_count,5,11.0,0.0,11.0,11.0,11.0,11.0
decision_tree,mutual_information_select_k_best_k11,mixed__r0p05__high,mixed,0.05,HIGH,source_block_count,5,5.0,0.7071067811865476,4.0,6.0,4.122010966914219,5.877989033085781
decision_tree,mutual_information_select_k_best_k11,mixed__r0p05__high,mixed,0.05,HIGH,selected_input_bytes,5,528132.0,0.0,528132.0,528132.0,528132.0,528132.0
decision_tree,mutual_information_select_k_best_k11,mixed__r0p05__high,mixed,0.05,HIGH,model_fit_wall_time_sec,0,,,,,,
decision_tree,mutual_information_select_k_best_k11,mixed__r0p05__high,mixed,0.05,HIGH,model_fit_cpu_time_sec,0,,,,,,
decision_tree,mutual_information_select_k_best_k11,mixed__r0p05__high,mixed,0.05,HIGH,model_fit_peak_rss_mib,0,,,,,,
decision_tree,mutual_information_select_k_best_k11,mixed__r0p05__high,mixed,0.05,HIGH,combined_fit_wall_time_sec,0,,,,,,
decision_tree,mutual_information_select_k_best_k11,mixed__r0p05__high,mixed,0.05,HIGH,inference_wall_time_sec,5,0.0024009250600647647,0.0005063444417505917,0.0018442004999087657,0.003080698900157586,0.0017722153960519724,0.0030296347240775573
decision_tree,mutual_information_select_k_best_k11,mixed__r0p05__high,mixed,0.05,HIGH,per_record_inference_sec,5,4.001541766774608e-07,8.439074029176528e-08,3.0736674998479427e-07,5.13449816692931e-07,2.953692326753288e-07,5.049391206795929e-07
decision_tree,mutual_information_select_k_best_k11,mixed__r0p05__high,mixed,0.05,HIGH,inference_cpu_time_sec,5,0.0024406200799990075,0.0005208728895211283,0.0018756115999963186,0.0031280254999956013,0.0017938709654397417,0.0030873691945582735
decision_tree,mutual_information_select_k_best_k11,mixed__r0p05__high,mixed,0.05,HIGH,inference_peak_rss_mib,5,806.7203125,0.0336708780304843,806.68359375,806.75,806.6785045829616,806.7621204170383
decision_tree,mutual_information_select_k_best_k11,mixed__r0p05__high,mixed,0.05,HIGH,peak_rss_mib,5,806.7203125,0.0336708780304843,806.68359375,806.75,806.6785045829616,806.7621204170383
decision_tree,mutual_information_select_k_best_k11,mixed__r0p05__high,mixed,0.05,HIGH,serialized_model_bytes,5,3402.4,341.02903102228703,3028.0,3716.0,2978.9565298369753,3825.843470163025
decision_tree,mutual_information_select_k_best_k11,mixed__r0p05__high,mixed,0.05,HIGH,serialized_model_kib,5,3.32265625,0.3330361631077022,2.95703125,3.62890625,2.909137236168921,3.736175263831079
logistic_regression,mutual_information_select_k_best_k11,mixed__r0p05__high,mixed,0.05,HIGH,precision,5,0.0514676984775785,0.001616240410533133,0.049929873772791025,0.054187192118226604,0.04946087094737584,0.05347452600778115
logistic_regression,mutual_information_select_k_best_k11,mixed__r0p05__high,mixed,0.05,HIGH,recall,5,0.5153333333333333,0.061671171006665144,0.43666666666666665,0.5933333333333334,0.43875846056722856,0.5919082060994381
logistic_regression,mutual_information_select_k_best_k11,mixed__r0p05__high,mixed,0.05,HIGH,f1,5,0.09347172210817145,0.002383161474996939,0.09100382077110107,0.09731201088805716,0.09051263630275921,0.09643080791358369
logistic_regression,mutual_information_select_k_best_k11,mixed__r0p05__high,mixed,0.05,HIGH,average_precision,5,0.06873564046503733,0.013948790035124236,0.049986661513486394,0.08921004781569186,0.051415930059906384,0.08605535087016827
logistic_regression,mutual_information_select_k_best_k11,mixed__r0p05__high,mixed,0.05,HIGH,pr_auc_trapezoidal,5,0.06775804257621297,0.013961639696722978,0.049148769843218094,0.08840802881167839,0.05042237720888575,0.08509370794354018
logistic_regression,mutual_information_select_k_best_k11,mixed__r0p05__high,mixed,0.05,HIGH,roc_auc,5,0.5120716959064326,0.016423884871743698,0.49414824561403503,0.535966081871345,0.49167874935052885,0.5324646424623365
logistic_regression,mutual_information_select_k_best_k11,mixed__r0p05__high,mixed,0.05,HIGH,TP,5,154.6,18.501351301999538,131.0,178.0,131.62753817016858,177.5724618298314
logistic_regression,mutual_information_select_k_best_k11,mixed__r0p05__high,mixed,0.05,HIGH,TN,5,2844.2,397.7388590520167,2313.0,3252.0,2350.341978028077,3338.0580219719227
logistic_regression,mutual_information_select_k_best_k11,mixed__r0p05__high,mixed,0.05,HIGH,FP,5,2855.8,397.7388590520167,2448.0,3387.0,2361.9419780280773,3349.658021971923
logistic_regression,mutual_information_select_k_best_k11,mixed__r0p05__high,mixed,0.05,HIGH,FN,5,145.4,18.501351301999538,122.0,169.0,122.42753817016859,168.37246182983142
logistic_regression,mutual_information_select_k_best_k11,mixed__r0p05__high,mixed,0.05,HIGH,attack_prevalence,5,0.05,0.0,0.05,0.05,0.05,0.05
logistic_regression,mutual_information_select_k_best_k11,mixed__r0p05__high,mixed,0.05,HIGH,visible_feature_attack_count,5,171.0,0.0,171.0,171.0,171.0,171.0
logistic_regression,mutual_information_select_k_best_k11,mixed__r0p05__high,mixed,0.05,HIGH,invisible_feature_attack_count,5,129.0,0.0,129.0,129.0,129.0,129.0
logistic_regression,mutual_information_select_k_best_k11,mixed__r0p05__high,mixed,0.05,HIGH,selected_feature_visibility_rate,5,0.57,0.0,0.57,0.57,0.57,0.57
logistic_regression,mutual_information_select_k_best_k11,mixed__r0p05__high,mixed,0.05,HIGH,visible_attack_recall,5,0.5286549707602338,0.047974606554371184,0.4619883040935672,0.5964912280701754,0.46908662897363346,0.5882233125468342
logistic_regression,mutual_information_select_k_best_k11,mixed__r0p05__high,mixed,0.05,HIGH,invisible_attack_recall,5,0.49767441860465117,0.09703865936921609,0.3953488372093023,0.5968992248062015,0.3771850088318414,0.618163828377461
logistic_regression,mutual_information_select_k_best_k11,mixed__r0p05__high,mixed,0.05,HIGH,visible_attack_f1,5,0.058367113146845465,0.005100214908500261,0.05313432835820896,0.0666908300108735,0.05203435991185355,0.06469986638183738
logistic_regression,mutual_information_select_k_best_k11,mixed__r0p05__high,mixed,0.05,HIGH,paired_induced_attack_induced_detection_rate,5,0.04466666666666667,0.026204325342711395,0.02,0.08666666666666667,0.012129699291377555,0.07720363404195578
logistic_regression,mutual_information_select_k_best_k11,mixed__r0p05__high,mixed,0.05,HIGH,paired_induced_mean_anomaly_score_delta,5,0.0019139143636504308,0.0008125038601147836,0.0008364981722029396,0.0027429932232490785,0.000905057572143515,0.0029227711551573464
logistic_regression,mutual_information_select_k_best_k11,mixed__r0p05__high,mixed,0.05,HIGH,paired_induced_median_anomaly_score_delta,5,0.0,0.0,0.0,0.0,0.0,0.0
logistic_regression,mutual_information_select_k_best_k11,mixed__r0p05__high,mixed,0.05,HIGH,selected_feature_count,5,11.0,0.0,11.0,11.0,11.0,11.0
logistic_regression,mutual_information_select_k_best_k11,mixed__r0p05__high,mixed,0.05,HIGH,source_block_count,5,5.0,0.7071067811865476,4.0,6.0,4.122010966914219,5.877989033085781
logistic_regression,mutual_information_select_k_best_k11,mixed__r0p05__high,mixed,0.05,HIGH,selected_input_bytes,5,528132.0,0.0,528132.0,528132.0,528132.0,528132.0
logistic_regression,mutual_information_select_k_best_k11,mixed__r0p05__high,mixed,0.05,HIGH,model_fit_wall_time_sec,5,0.27497685859998455,0.02091021720342391,0.24763035999785643,0.29918557299970416,0.24901339470385145,0.30094032249611763
logistic_regression,mutual_information_select_k_best_k11,mixed__r0p05__high,mixed,0.05,HIGH,model_fit_cpu_time_sec,5,0.09213092119999988,0.014315567471356337,0.07548344399999962,0.10902960499999992,0.07435579645694569,0.10990604594305407
logistic_regression,mutual_information_select_k_best_k11,mixed__r0p05__high,mixed,0.05,HIGH,model_fit_peak_rss_mib,5,163.92734375,0.3541635550567968,163.37890625,164.25390625,163.48759161420978,164.36709588579023
logistic_regression,mutual_information_select_k_best_k11,mixed__r0p05__high,mixed,0.05,HIGH,combined_fit_wall_time_sec,5,0.27497685859998455,0.02091021720342391,0.24763035999785643,0.29918557299970416,0.24901339470385145,0.30094032249611763
logistic_regression,mutual_information_select_k_best_k11,mixed__r0p05__high,mixed,0.05,HIGH,inference_wall_time_sec,5,0.002038827460055472,0.0003379061487542505,0.0017189203994348646,0.0025116212003922556,0.0016192615603752999,0.002458393359735644
logistic_regression,mutual_information_select_k_best_k11,mixed__r0p05__high,mixed,0.05,HIGH,per_record_inference_sec,5,3.3980457667591206e-07,5.631769145904175e-08,2.864867332391441e-07,4.1860353339870927e-07,2.698769267292167e-07,4.097322266226074e-07
logistic_regression,mutual_information_select_k_best_k11,mixed__r0p05__high,mixed,0.05,HIGH,inference_cpu_time_sec,5,0.0020843668000020445,0.0003347203772330846,0.001742008300004727,0.002569855199999438,0.0016687565581262102,0.002499977041877879
logistic_regression,mutual_information_select_k_best_k11,mixed__r0p05__high,mixed,0.05,HIGH,inference_peak_rss_mib,5,806.7203125,0.0336708780304843,806.68359375,806.75,806.6785045829616,806.7621204170383
logistic_regression,mutual_information_select_k_best_k11,mixed__r0p05__high,mixed,0.05,HIGH,peak_rss_mib,5,806.7203125,0.0336708780304843,806.68359375,806.75,806.6785045829616,806.7621204170383
logistic_regression,mutual_information_select_k_best_k11,mixed__r0p05__high,mixed,0.05,HIGH,serialized_model_bytes,5,1353.2,13.386560424545209,1334.0,1366.0,1336.5783898610498,1369.8216101389503
logistic_regression,mutual_information_select_k_best_k11,mixed__r0p05__high,mixed,0.05,HIGH,serialized_model_kib,5,1.321484375,0.01307281291459493,1.302734375,1.333984375,1.3052523338486814,1.3377164161513186
