classifier,configuration_id,scenario_id,attack_type,attack_rate,attack_severity,metric,count,mean,std,min,max,ci95_low,ci95_high
decision_tree,none_natural,quantity_manipulation__r0p05__medium,quantity_manipulation,0.05,MEDIUM,precision,5,0.4307399271375606,0.33373961877378283,0.1261564339781329,0.943089430894309,0.016347457731576087,0.8451323965435451
decision_tree,none_natural,quantity_manipulation__r0p05__medium,quantity_manipulation,0.05,MEDIUM,recall,5,0.8466666666666667,0.10501322668015577,0.77,1.0,0.7162755237626026,0.9770578095707307
decision_tree,none_natural,quantity_manipulation__r0p05__medium,quantity_manipulation,0.05,MEDIUM,f1,5,0.4976248126949983,0.26499892658075963,0.22404779686333084,0.8498168498168498,0.16858518599676503,0.8266644393932316
decision_tree,none_natural,quantity_manipulation__r0p05__medium,quantity_manipulation,0.05,MEDIUM,average_precision,5,0.7955115478100214,0.007246957098580584,0.787965259852871,0.8037311876024438,0.7865132620841796,0.8045098335358633
decision_tree,none_natural,quantity_manipulation__r0p05__medium,quantity_manipulation,0.05,MEDIUM,pr_auc_trapezoidal,5,0.8444181017514728,0.02990046143532975,0.8198649800994873,0.8954157293025768,0.8072917752575143,0.8815444282454313
decision_tree,none_natural,quantity_manipulation__r0p05__medium,quantity_manipulation,0.05,MEDIUM,roc_auc,5,0.9478088888888889,0.009233542868723448,0.9399134502923977,0.961208187134503,0.9363439311329148,0.959273846644863
decision_tree,none_natural,quantity_manipulation__r0p05__medium,quantity_manipulation,0.05,MEDIUM,TP,5,254.0,31.50396800404673,231.0,300.0,214.8826571287808,293.1173428712192
decision_tree,none_natural,quantity_manipulation__r0p05__medium,quantity_manipulation,0.05,MEDIUM,TN,5,4840.0,948.4874801493164,3622.0,5686.0,3662.2972431506505,6017.7027568493495
decision_tree,none_natural,quantity_manipulation__r0p05__medium,quantity_manipulation,0.05,MEDIUM,FP,5,860.0,948.4874801493164,14.0,2078.0,-317.7027568493495,2037.7027568493495
decision_tree,none_natural,quantity_manipulation__r0p05__medium,quantity_manipulation,0.05,MEDIUM,FN,5,46.0,31.50396800404673,0.0,69.0,6.882657128780792,85.11734287121921
decision_tree,none_natural,quantity_manipulation__r0p05__medium,quantity_manipulation,0.05,MEDIUM,attack_prevalence,5,0.05,0.0,0.05,0.05,0.05,0.05
decision_tree,none_natural,quantity_manipulation__r0p05__medium,quantity_manipulation,0.05,MEDIUM,visible_feature_attack_count,5,300.0,0.0,300.0,300.0,300.0,300.0
decision_tree,none_natural,quantity_manipulation__r0p05__medium,quantity_manipulation,0.05,MEDIUM,invisible_feature_attack_count,5,0.0,0.0,0.0,0.0,0.0,0.0
decision_tree,none_natural,quantity_manipulation__r0p05__medium,quantity_manipulation,0.05,MEDIUM,selected_feature_visibility_rate,5,1.0,0.0,1.0,1.0,1.0,1.0
decision_tree,none_natural,quantity_manipulation__r0p05__medium,quantity_manipulation,0.05,MEDIUM,visible_attack_recall,5,0.8466666666666667,0.10501322668015577,0.77,1.0,0.7162755237626026,0.9770578095707307
decision_tree,none_natural,quantity_manipulation__r0p05__medium,quantity_manipulation,0.05,MEDIUM,invisible_attack_recall,0,,,,,,
decision_tree,none_natural,quantity_manipulation__r0p05__medium,quantity_manipulation,0.05,MEDIUM,visible_attack_f1,5,0.4976248126949983,0.26499892658075963,0.22404779686333084,0.8498168498168498,0.16858518599676503,0.8266644393932316
decision_tree,none_natural,quantity_manipulation__r0p05__medium,quantity_manipulation,0.05,MEDIUM,paired_induced_attack_induced_detection_rate,5,0.7146666666666667,0.06044281043543006,0.6166666666666667,0.77,0.6396170049986787,0.7897163283346547
decision_tree,none_natural,quantity_manipulation__r0p05__medium,quantity_manipulation,0.05,MEDIUM,paired_induced_mean_anomaly_score_delta,5,0.43200636540092574,0.00661504486691947,0.42317444533641463,0.43867371948153033,0.4237927023431627,0.4402200284586888
decision_tree,none_natural,quantity_manipulation__r0p05__medium,quantity_manipulation,0.05,MEDIUM,paired_induced_median_anomaly_score_delta,5,0.5563148730408478,0.01965247503688091,0.5293615203928991,0.5796996639297837,0.5319131023119352,0.5807166437697604
decision_tree,none_natural,quantity_manipulation__r0p05__medium,quantity_manipulation,0.05,MEDIUM,selected_feature_count,5,43.0,0.0,43.0,43.0,43.0,43.0
decision_tree,none_natural,quantity_manipulation__r0p05__medium,quantity_manipulation,0.05,MEDIUM,source_block_count,5,10.0,0.0,10.0,10.0,10.0,10.0
decision_tree,none_natural,quantity_manipulation__r0p05__medium,quantity_manipulation,0.05,MEDIUM,selected_input_bytes,5,2064132.0,0.0,2064132.0,2064132.0,2064132.0,2064132.0
decision_tree,none_natural,quantity_manipulation__r0p05__medium,quantity_manipulation,0.05,MEDIUM,model_fit_wall_time_sec,0,,,,,,
decision_tree,none_natural,quantity_manipulation__r0p05__medium,quantity_manipulation,0.05,MEDIUM,model_fit_cpu_time_sec,0,,,,,,
decision_tree,none_natural,quantity_manipulation__r0p05__medium,quantity_manipulation,0.05,MEDIUM,model_fit_peak_rss_mib,0,,,,,,
decision_tree,none_natural,quantity_manipulation__r0p05__medium,quantity_manipulation,0.05,MEDIUM,combined_fit_wall_time_sec,0,,,,,,
decision_tree,none_natural,quantity_manipulation__r0p05__medium,quantity_manipulation,0.05,MEDIUM,inference_wall_time_sec,5,0.0025672485398536083,0.0004409331879279095,0.002018935499654617,0.003236928899423219,0.0020197576747898733,0.003114739404917343
decision_tree,none_natural,quantity_manipulation__r0p05__medium,quantity_manipulation,0.05,MEDIUM,per_record_inference_sec,5,4.2787475664226805e-07,7.348886465465162e-08,3.3648924994243617e-07,5.394881499038699e-07,3.366262791316455e-07,5.191232341528905e-07
decision_tree,none_natural,quantity_manipulation__r0p05__medium,quantity_manipulation,0.05,MEDIUM,inference_cpu_time_sec,5,0.0026238665600010337,0.00041639215964774616,0.0021501650999994127,0.0032812785000032817,0.002106847406231702,0.0031408857137703652
decision_tree,none_natural,quantity_manipulation__r0p05__medium,quantity_manipulation,0.05,MEDIUM,inference_peak_rss_mib,5,802.45625,2.1242645786248002,798.65625,803.40625,799.8186271500599,805.09387284994
decision_tree,none_natural,quantity_manipulation__r0p05__medium,quantity_manipulation,0.05,MEDIUM,peak_rss_mib,5,802.45625,2.1242645786248002,798.65625,803.40625,799.8186271500599,805.09387284994
decision_tree,none_natural,quantity_manipulation__r0p05__medium,quantity_manipulation,0.05,MEDIUM,serialized_model_bytes,5,4132.0,327.90242451070714,3780.0,4420.0,3724.8553645610036,4539.144635438996
decision_tree,none_natural,quantity_manipulation__r0p05__medium,quantity_manipulation,0.05,MEDIUM,serialized_model_kib,5,4.03515625,0.32021721143623744,3.69140625,4.31640625,3.637554066954105,4.432758433045895
logistic_regression,none_natural,quantity_manipulation__r0p05__medium,quantity_manipulation,0.05,MEDIUM,precision,5,0.05069422517608124,0.005706970631327412,0.044928522804629,0.05891472868217054,0.04360808520435016,0.057780365147812325
logistic_regression,none_natural,quantity_manipulation__r0p05__medium,quantity_manipulation,0.05,MEDIUM,recall,5,0.4333333333333333,0.049721446300587654,0.38,0.51,0.3715960035232228,0.4950706631434438
logistic_regression,none_natural,quantity_manipulation__r0p05__medium,quantity_manipulation,0.05,MEDIUM,f1,5,0.09053964107019721,0.008688436099149982,0.08153180975911056,0.10201342281879194,0.07975152276518016,0.10132775937521427
logistic_regression,none_natural,quantity_manipulation__r0p05__medium,quantity_manipulation,0.05,MEDIUM,average_precision,5,0.0539859149241679,0.004313494103878161,0.047192312315939663,0.058552687597782954,0.04863000458891392,0.059341825259421874
logistic_regression,none_natural,quantity_manipulation__r0p05__medium,quantity_manipulation,0.05,MEDIUM,pr_auc_trapezoidal,5,0.053343015353650006,0.004232132758178821,0.04670007976255072,0.05780271013688421,0.04808812847219639,0.058597902235103624
logistic_regression,none_natural,quantity_manipulation__r0p05__medium,quantity_manipulation,0.05,MEDIUM,roc_auc,5,0.5086414035087718,0.02730569711811413,0.4782672514619883,0.5356578947368421,0.4747369024513263,0.5425459045662174
logistic_regression,none_natural,quantity_manipulation__r0p05__medium,quantity_manipulation,0.05,MEDIUM,TP,5,130.0,14.916433890176299,114.0,153.0,111.47880105696686,148.52119894303314
logistic_regression,none_natural,quantity_manipulation__r0p05__medium,quantity_manipulation,0.05,MEDIUM,TN,5,3234.8,420.4048049202102,2837.0,3879.0,2712.798489058284,3756.8015109417165
logistic_regression,none_natural,quantity_manipulation__r0p05__medium,quantity_manipulation,0.05,MEDIUM,FP,5,2465.2,420.4048049202102,1821.0,2863.0,1943.1984890582833,2987.201510941716
logistic_regression,none_natural,quantity_manipulation__r0p05__medium,quantity_manipulation,0.05,MEDIUM,FN,5,170.0,14.916433890176299,147.0,186.0,151.47880105696686,188.52119894303314
logistic_regression,none_natural,quantity_manipulation__r0p05__medium,quantity_manipulation,0.05,MEDIUM,attack_prevalence,5,0.05,0.0,0.05,0.05,0.05,0.05
logistic_regression,none_natural,quantity_manipulation__r0p05__medium,quantity_manipulation,0.05,MEDIUM,visible_feature_attack_count,5,300.0,0.0,300.0,300.0,300.0,300.0
logistic_regression,none_natural,quantity_manipulation__r0p05__medium,quantity_manipulation,0.05,MEDIUM,invisible_feature_attack_count,5,0.0,0.0,0.0,0.0,0.0,0.0
logistic_regression,none_natural,quantity_manipulation__r0p05__medium,quantity_manipulation,0.05,MEDIUM,selected_feature_visibility_rate,5,1.0,0.0,1.0,1.0,1.0,1.0
logistic_regression,none_natural,quantity_manipulation__r0p05__medium,quantity_manipulation,0.05,MEDIUM,visible_attack_recall,5,0.4333333333333333,0.049721446300587654,0.38,0.51,0.3715960035232228,0.4950706631434438
logistic_regression,none_natural,quantity_manipulation__r0p05__medium,quantity_manipulation,0.05,MEDIUM,invisible_attack_recall,0,,,,,,
logistic_regression,none_natural,quantity_manipulation__r0p05__medium,quantity_manipulation,0.05,MEDIUM,visible_attack_f1,5,0.09053964107019721,0.008688436099149982,0.08153180975911056,0.10201342281879194,0.07975152276518016,0.10132775937521427
logistic_regression,none_natural,quantity_manipulation__r0p05__medium,quantity_manipulation,0.05,MEDIUM,paired_induced_attack_induced_detection_rate,5,0.024666666666666667,0.01894436298451043,0.0,0.05,0.001144133179877358,0.04818920015345597
logistic_regression,none_natural,quantity_manipulation__r0p05__medium,quantity_manipulation,0.05,MEDIUM,paired_induced_mean_anomaly_score_delta,5,0.0005465478328351796,0.00048777476053877617,4.394877340201775e-05,0.0012685139667412545,-5.910452655876223e-05,0.0011522001922291214
logistic_regression,none_natural,quantity_manipulation__r0p05__medium,quantity_manipulation,0.05,MEDIUM,paired_induced_median_anomaly_score_delta,5,-0.0010974686454951477,0.002257982538834769,-0.0031582583127705566,0.0026573911207291023,-0.003901124272541241,0.0017061869815509457
logistic_regression,none_natural,quantity_manipulation__r0p05__medium,quantity_manipulation,0.05,MEDIUM,selected_feature_count,5,43.0,0.0,43.0,43.0,43.0,43.0
logistic_regression,none_natural,quantity_manipulation__r0p05__medium,quantity_manipulation,0.05,MEDIUM,source_block_count,5,10.0,0.0,10.0,10.0,10.0,10.0
logistic_regression,none_natural,quantity_manipulation__r0p05__medium,quantity_manipulation,0.05,MEDIUM,selected_input_bytes,5,2064132.0,0.0,2064132.0,2064132.0,2064132.0,2064132.0
logistic_regression,none_natural,quantity_manipulation__r0p05__medium,quantity_manipulation,0.05,MEDIUM,model_fit_wall_time_sec,5,0.49001829079934395,0.09719446902817075,0.4144513709979947,0.6605000540002948,0.3693354177824376,0.6107011638162503
logistic_regression,none_natural,quantity_manipulation__r0p05__medium,quantity_manipulation,0.05,MEDIUM,model_fit_cpu_time_sec,5,0.29261962500000005,0.07522294968955433,0.21856836799999968,0.4180874179999998,0.19921799653171318,0.3860212534682869
logistic_regression,none_natural,quantity_manipulation__r0p05__medium,quantity_manipulation,0.05,MEDIUM,model_fit_peak_rss_mib,5,182.0546875,0.12530480415894876,181.8984375,182.19140625,181.89910103587374,182.21027396412626
logistic_regression,none_natural,quantity_manipulation__r0p05__medium,quantity_manipulation,0.05,MEDIUM,combined_fit_wall_time_sec,5,0.49001829079934395,0.09719446902817075,0.4144513709979947,0.6605000540002948,0.3693354177824376,0.6107011638162503
logistic_regression,none_natural,quantity_manipulation__r0p05__medium,quantity_manipulation,0.05,MEDIUM,inference_wall_time_sec,5,0.0023602063399448523,0.00038247991810720123,0.0018057211993436795,0.0028665278005064465,0.0018852947955948392,0.0028351178842948655
logistic_regression,none_natural,quantity_manipulation__r0p05__medium,quantity_manipulation,0.05,MEDIUM,per_record_inference_sec,5,3.9336772332414207e-07,6.374665301786687e-08,3.009535332239466e-07,4.777546334177411e-07,3.1421579926580653e-07,4.725196473824776e-07
logistic_regression,none_natural,quantity_manipulation__r0p05__medium,quantity_manipulation,0.05,MEDIUM,inference_cpu_time_sec,5,0.002425031760001275,0.0004445044693840442,0.0018058472999996412,0.0030455148000044117,0.0018731065633260011,0.0029769569566765485
logistic_regression,none_natural,quantity_manipulation__r0p05__medium,quantity_manipulation,0.05,MEDIUM,inference_peak_rss_mib,5,802.63125,1.7329526825623371,799.53125,803.40625,800.47950504347,804.78299495653
logistic_regression,none_natural,quantity_manipulation__r0p05__medium,quantity_manipulation,0.05,MEDIUM,peak_rss_mib,5,802.63125,1.7329526825623371,799.53125,803.40625,800.47950504347,804.78299495653
logistic_regression,none_natural,quantity_manipulation__r0p05__medium,quantity_manipulation,0.05,MEDIUM,serialized_model_bytes,5,2342.0,0.0,2342.0,2342.0,2342.0,2342.0
logistic_regression,none_natural,quantity_manipulation__r0p05__medium,quantity_manipulation,0.05,MEDIUM,serialized_model_kib,5,2.287109375,0.0,2.287109375,2.287109375,2.287109375,2.287109375
decision_tree,pairwise_correlation_filter_natural,quantity_manipulation__r0p05__medium,quantity_manipulation,0.05,MEDIUM,precision,5,0.4307399271375606,0.33373961877378283,0.1261564339781329,0.943089430894309,0.016347457731576087,0.8451323965435451
decision_tree,pairwise_correlation_filter_natural,quantity_manipulation__r0p05__medium,quantity_manipulation,0.05,MEDIUM,recall,5,0.8466666666666667,0.10501322668015577,0.77,1.0,0.7162755237626026,0.9770578095707307
decision_tree,pairwise_correlation_filter_natural,quantity_manipulation__r0p05__medium,quantity_manipulation,0.05,MEDIUM,f1,5,0.4976248126949983,0.26499892658075963,0.22404779686333084,0.8498168498168498,0.16858518599676503,0.8266644393932316
decision_tree,pairwise_correlation_filter_natural,quantity_manipulation__r0p05__medium,quantity_manipulation,0.05,MEDIUM,average_precision,5,0.7955115478100214,0.007246957098580584,0.787965259852871,0.8037311876024438,0.7865132620841796,0.8045098335358633
decision_tree,pairwise_correlation_filter_natural,quantity_manipulation__r0p05__medium,quantity_manipulation,0.05,MEDIUM,pr_auc_trapezoidal,5,0.8444181017514728,0.02990046143532975,0.8198649800994873,0.8954157293025768,0.8072917752575143,0.8815444282454313
decision_tree,pairwise_correlation_filter_natural,quantity_manipulation__r0p05__medium,quantity_manipulation,0.05,MEDIUM,roc_auc,5,0.9478088888888889,0.009233542868723448,0.9399134502923977,0.961208187134503,0.9363439311329148,0.959273846644863
decision_tree,pairwise_correlation_filter_natural,quantity_manipulation__r0p05__medium,quantity_manipulation,0.05,MEDIUM,TP,5,254.0,31.50396800404673,231.0,300.0,214.8826571287808,293.1173428712192
decision_tree,pairwise_correlation_filter_natural,quantity_manipulation__r0p05__medium,quantity_manipulation,0.05,MEDIUM,TN,5,4840.0,948.4874801493164,3622.0,5686.0,3662.2972431506505,6017.7027568493495
decision_tree,pairwise_correlation_filter_natural,quantity_manipulation__r0p05__medium,quantity_manipulation,0.05,MEDIUM,FP,5,860.0,948.4874801493164,14.0,2078.0,-317.7027568493495,2037.7027568493495
decision_tree,pairwise_correlation_filter_natural,quantity_manipulation__r0p05__medium,quantity_manipulation,0.05,MEDIUM,FN,5,46.0,31.50396800404673,0.0,69.0,6.882657128780792,85.11734287121921
decision_tree,pairwise_correlation_filter_natural,quantity_manipulation__r0p05__medium,quantity_manipulation,0.05,MEDIUM,attack_prevalence,5,0.05,0.0,0.05,0.05,0.05,0.05
decision_tree,pairwise_correlation_filter_natural,quantity_manipulation__r0p05__medium,quantity_manipulation,0.05,MEDIUM,visible_feature_attack_count,5,300.0,0.0,300.0,300.0,300.0,300.0
decision_tree,pairwise_correlation_filter_natural,quantity_manipulation__r0p05__medium,quantity_manipulation,0.05,MEDIUM,invisible_feature_attack_count,5,0.0,0.0,0.0,0.0,0.0,0.0
decision_tree,pairwise_correlation_filter_natural,quantity_manipulation__r0p05__medium,quantity_manipulation,0.05,MEDIUM,selected_feature_visibility_rate,5,1.0,0.0,1.0,1.0,1.0,1.0
decision_tree,pairwise_correlation_filter_natural,quantity_manipulation__r0p05__medium,quantity_manipulation,0.05,MEDIUM,visible_attack_recall,5,0.8466666666666667,0.10501322668015577,0.77,1.0,0.7162755237626026,0.9770578095707307
decision_tree,pairwise_correlation_filter_natural,quantity_manipulation__r0p05__medium,quantity_manipulation,0.05,MEDIUM,invisible_attack_recall,0,,,,,,
decision_tree,pairwise_correlation_filter_natural,quantity_manipulation__r0p05__medium,quantity_manipulation,0.05,MEDIUM,visible_attack_f1,5,0.4976248126949983,0.26499892658075963,0.22404779686333084,0.8498168498168498,0.16858518599676503,0.8266644393932316
decision_tree,pairwise_correlation_filter_natural,quantity_manipulation__r0p05__medium,quantity_manipulation,0.05,MEDIUM,paired_induced_attack_induced_detection_rate,5,0.7146666666666667,0.06044281043543006,0.6166666666666667,0.77,0.6396170049986787,0.7897163283346547
decision_tree,pairwise_correlation_filter_natural,quantity_manipulation__r0p05__medium,quantity_manipulation,0.05,MEDIUM,paired_induced_mean_anomaly_score_delta,5,0.43200636540092574,0.006615044866920243,0.4231744453364133,0.4386737194815322,0.42379270234316174,0.44022002845868974
decision_tree,pairwise_correlation_filter_natural,quantity_manipulation__r0p05__medium,quantity_manipulation,0.05,MEDIUM,paired_induced_median_anomaly_score_delta,5,0.5563148730408493,0.019652475036879537,0.5293615203929003,0.5796996639297805,0.5319131023119383,0.5807166437697602
decision_tree,pairwise_correlation_filter_natural,quantity_manipulation__r0p05__medium,quantity_manipulation,0.05,MEDIUM,selected_feature_count,5,42.0,0.0,42.0,42.0,42.0,42.0
decision_tree,pairwise_correlation_filter_natural,quantity_manipulation__r0p05__medium,quantity_manipulation,0.05,MEDIUM,source_block_count,5,9.0,0.0,9.0,9.0,9.0,9.0
decision_tree,pairwise_correlation_filter_natural,quantity_manipulation__r0p05__medium,quantity_manipulation,0.05,MEDIUM,selected_input_bytes,5,2016132.0,0.0,2016132.0,2016132.0,2016132.0,2016132.0
decision_tree,pairwise_correlation_filter_natural,quantity_manipulation__r0p05__medium,quantity_manipulation,0.05,MEDIUM,model_fit_wall_time_sec,0,,,,,,
decision_tree,pairwise_correlation_filter_natural,quantity_manipulation__r0p05__medium,quantity_manipulation,0.05,MEDIUM,model_fit_cpu_time_sec,0,,,,,,
decision_tree,pairwise_correlation_filter_natural,quantity_manipulation__r0p05__medium,quantity_manipulation,0.05,MEDIUM,model_fit_peak_rss_mib,0,,,,,,
decision_tree,pairwise_correlation_filter_natural,quantity_manipulation__r0p05__medium,quantity_manipulation,0.05,MEDIUM,combined_fit_wall_time_sec,0,,,,,,
decision_tree,pairwise_correlation_filter_natural,quantity_manipulation__r0p05__medium,quantity_manipulation,0.05,MEDIUM,inference_wall_time_sec,5,0.0024593082199862695,0.0003997845281156922,0.00199813310027821,0.002942085199902067,0.0019629101643857394,0.0029557062755867997
decision_tree,pairwise_correlation_filter_natural,quantity_manipulation__r0p05__medium,quantity_manipulation,0.05,MEDIUM,per_record_inference_sec,5,4.098847033310449e-07,6.663075468594869e-08,3.3302218337970166e-07,4.903475333170111e-07,3.271516940642899e-07,4.926177125977999e-07
decision_tree,pairwise_correlation_filter_natural,quantity_manipulation__r0p05__medium,quantity_manipulation,0.05,MEDIUM,inference_cpu_time_sec,5,0.002505475860000388,0.00039148290212138613,0.002090463600001158,0.0029982582000002366,0.002019385634523548,0.0029915660854772275
decision_tree,pairwise_correlation_filter_natural,quantity_manipulation__r0p05__medium,quantity_manipulation,0.05,MEDIUM,inference_peak_rss_mib,5,802.63125,1.7329526825623371,799.53125,803.40625,800.47950504347,804.78299495653
decision_tree,pairwise_correlation_filter_natural,quantity_manipulation__r0p05__medium,quantity_manipulation,0.05,MEDIUM,peak_rss_mib,5,802.63125,1.7329526825623371,799.53125,803.40625,800.47950504347,804.78299495653
decision_tree,pairwise_correlation_filter_natural,quantity_manipulation__r0p05__medium,quantity_manipulation,0.05,MEDIUM,serialized_model_bytes,5,4116.0,327.90242451070714,3764.0,4404.0,3708.8553645610036,4523.144635438996
decision_tree,pairwise_correlation_filter_natural,quantity_manipulation__r0p05__medium,quantity_manipulation,0.05,MEDIUM,serialized_model_kib,5,4.01953125,0.32021721143623744,3.67578125,4.30078125,3.621929066954105,4.417133433045895
logistic_regression,pairwise_correlation_filter_natural,quantity_manipulation__r0p05__medium,quantity_manipulation,0.05,MEDIUM,precision,5,0.05069422517608124,0.005706970631327412,0.044928522804629,0.05891472868217054,0.04360808520435016,0.057780365147812325
logistic_regression,pairwise_correlation_filter_natural,quantity_manipulation__r0p05__medium,quantity_manipulation,0.05,MEDIUM,recall,5,0.4333333333333333,0.049721446300587654,0.38,0.51,0.3715960035232228,0.4950706631434438
logistic_regression,pairwise_correlation_filter_natural,quantity_manipulation__r0p05__medium,quantity_manipulation,0.05,MEDIUM,f1,5,0.09053964107019721,0.008688436099149982,0.08153180975911056,0.10201342281879194,0.07975152276518016,0.10132775937521427
logistic_regression,pairwise_correlation_filter_natural,quantity_manipulation__r0p05__medium,quantity_manipulation,0.05,MEDIUM,average_precision,5,0.053985670941081754,0.0043125849061728255,0.04719250982040251,0.058548743907496315,0.048630889523885744,0.059340452358277763
logistic_regression,pairwise_correlation_filter_natural,quantity_manipulation__r0p05__medium,quantity_manipulation,0.05,MEDIUM,pr_auc_trapezoidal,5,0.0533427142258059,0.004231259812070731,0.0467002617574023,0.057798964023019754,0.04808891125010707,0.05859651720150473
logistic_regression,pairwise_correlation_filter_natural,quantity_manipulation__r0p05__medium,quantity_manipulation,0.05,MEDIUM,roc_auc,5,0.5086410526315789,0.02730578146934804,0.47826783625730995,0.5356520467836258,0.474736446838243,0.5425456584249148
logistic_regression,pairwise_correlation_filter_natural,quantity_manipulation__r0p05__medium,quantity_manipulation,0.05,MEDIUM,TP,5,130.0,14.916433890176299,114.0,153.0,111.47880105696686,148.52119894303314
logistic_regression,pairwise_correlation_filter_natural,quantity_manipulation__r0p05__medium,quantity_manipulation,0.05,MEDIUM,TN,5,3234.8,420.4048049202102,2837.0,3879.0,2712.798489058284,3756.8015109417165
logistic_regression,pairwise_correlation_filter_natural,quantity_manipulation__r0p05__medium,quantity_manipulation,0.05,MEDIUM,FP,5,2465.2,420.4048049202102,1821.0,2863.0,1943.1984890582833,2987.201510941716
logistic_regression,pairwise_correlation_filter_natural,quantity_manipulation__r0p05__medium,quantity_manipulation,0.05,MEDIUM,FN,5,170.0,14.916433890176299,147.0,186.0,151.47880105696686,188.52119894303314
logistic_regression,pairwise_correlation_filter_natural,quantity_manipulation__r0p05__medium,quantity_manipulation,0.05,MEDIUM,attack_prevalence,5,0.05,0.0,0.05,0.05,0.05,0.05
logistic_regression,pairwise_correlation_filter_natural,quantity_manipulation__r0p05__medium,quantity_manipulation,0.05,MEDIUM,visible_feature_attack_count,5,300.0,0.0,300.0,300.0,300.0,300.0
logistic_regression,pairwise_correlation_filter_natural,quantity_manipulation__r0p05__medium,quantity_manipulation,0.05,MEDIUM,invisible_feature_attack_count,5,0.0,0.0,0.0,0.0,0.0,0.0
logistic_regression,pairwise_correlation_filter_natural,quantity_manipulation__r0p05__medium,quantity_manipulation,0.05,MEDIUM,selected_feature_visibility_rate,5,1.0,0.0,1.0,1.0,1.0,1.0
logistic_regression,pairwise_correlation_filter_natural,quantity_manipulation__r0p05__medium,quantity_manipulation,0.05,MEDIUM,visible_attack_recall,5,0.4333333333333333,0.049721446300587654,0.38,0.51,0.3715960035232228,0.4950706631434438
logistic_regression,pairwise_correlation_filter_natural,quantity_manipulation__r0p05__medium,quantity_manipulation,0.05,MEDIUM,invisible_attack_recall,0,,,,,,
logistic_regression,pairwise_correlation_filter_natural,quantity_manipulation__r0p05__medium,quantity_manipulation,0.05,MEDIUM,visible_attack_f1,5,0.09053964107019721,0.008688436099149982,0.08153180975911056,0.10201342281879194,0.07975152276518016,0.10132775937521427
logistic_regression,pairwise_correlation_filter_natural,quantity_manipulation__r0p05__medium,quantity_manipulation,0.05,MEDIUM,paired_induced_attack_induced_detection_rate,5,0.024666666666666667,0.01894436298451043,0.0,0.05,0.001144133179877358,0.04818920015345597
logistic_regression,pairwise_correlation_filter_natural,quantity_manipulation__r0p05__medium,quantity_manipulation,0.05,MEDIUM,paired_induced_mean_anomaly_score_delta,5,0.000546571569806738,0.0004881907411569529,4.395296486039831e-05,0.0012696626280668437,-5.959729774474487e-05,0.0011527404373582208
logistic_regression,pairwise_correlation_filter_natural,quantity_manipulation__r0p05__medium,quantity_manipulation,0.05,MEDIUM,paired_induced_median_anomaly_score_delta,5,-0.0010961036774493227,0.0022583420134459236,-0.0031556267984426956,0.002659803694910118,-0.0039002056511783555,0.0017079982962797103
logistic_regression,pairwise_correlation_filter_natural,quantity_manipulation__r0p05__medium,quantity_manipulation,0.05,MEDIUM,selected_feature_count,5,42.0,0.0,42.0,42.0,42.0,42.0
logistic_regression,pairwise_correlation_filter_natural,quantity_manipulation__r0p05__medium,quantity_manipulation,0.05,MEDIUM,source_block_count,5,9.0,0.0,9.0,9.0,9.0,9.0
logistic_regression,pairwise_correlation_filter_natural,quantity_manipulation__r0p05__medium,quantity_manipulation,0.05,MEDIUM,selected_input_bytes,5,2016132.0,0.0,2016132.0,2016132.0,2016132.0,2016132.0
logistic_regression,pairwise_correlation_filter_natural,quantity_manipulation__r0p05__medium,quantity_manipulation,0.05,MEDIUM,model_fit_wall_time_sec,5,0.5226187851993018,0.1320858923339655,0.33173528499901295,0.6544766820006771,0.358612488017468,0.6866250823811357
logistic_regression,pairwise_correlation_filter_natural,quantity_manipulation__r0p05__medium,quantity_manipulation,0.05,MEDIUM,model_fit_cpu_time_sec,5,0.32897909459999986,0.11776488132572177,0.18253484599999936,0.47190246899999977,0.18275468120499616,0.47520350799500355
logistic_regression,pairwise_correlation_filter_natural,quantity_manipulation__r0p05__medium,quantity_manipulation,0.05,MEDIUM,model_fit_peak_rss_mib,5,181.35625,0.274181465592076,181.0546875,181.63671875,181.01580874519928,181.6966912548007
logistic_regression,pairwise_correlation_filter_natural,quantity_manipulation__r0p05__medium,quantity_manipulation,0.05,MEDIUM,combined_fit_wall_time_sec,5,0.5226187851993018,0.1320858923339655,0.33173528499901295,0.6544766820006771,0.358612488017468,0.6866250823811357
logistic_regression,pairwise_correlation_filter_natural,quantity_manipulation__r0p05__medium,quantity_manipulation,0.05,MEDIUM,inference_wall_time_sec,5,0.002931242459744681,0.0003991515031207584,0.0022338209993904455,0.003213895399676403,0.002435630408490324,0.003426854510999038
logistic_regression,pairwise_correlation_filter_natural,quantity_manipulation__r0p05__medium,quantity_manipulation,0.05,MEDIUM,per_record_inference_sec,5,4.885404099574468e-07,6.65252505201264e-08,3.7230349989840757e-07,5.356492332794005e-07,4.0593840141505394e-07,5.711424184998396e-07
logistic_regression,pairwise_correlation_filter_natural,quantity_manipulation__r0p05__medium,quantity_manipulation,0.05,MEDIUM,inference_cpu_time_sec,5,0.0029989746999990533,0.00042146832934741955,0.002251616999996031,0.0032719412999995257,0.0024756526490648596,0.003522296750933247
logistic_regression,pairwise_correlation_filter_natural,quantity_manipulation__r0p05__medium,quantity_manipulation,0.05,MEDIUM,inference_peak_rss_mib,5,803.40625,0.0,803.40625,803.40625,803.40625,803.40625
logistic_regression,pairwise_correlation_filter_natural,quantity_manipulation__r0p05__medium,quantity_manipulation,0.05,MEDIUM,peak_rss_mib,5,803.40625,0.0,803.40625,803.40625,803.40625,803.40625
logistic_regression,pairwise_correlation_filter_natural,quantity_manipulation__r0p05__medium,quantity_manipulation,0.05,MEDIUM,serialized_model_bytes,5,2310.0,0.0,2310.0,2310.0,2310.0,2310.0
logistic_regression,pairwise_correlation_filter_natural,quantity_manipulation__r0p05__medium,quantity_manipulation,0.05,MEDIUM,serialized_model_kib,5,2.255859375,0.0,2.255859375,2.255859375,2.255859375,2.255859375
decision_tree,mutual_information_select_k_best_k11,quantity_manipulation__r0p05__medium,quantity_manipulation,0.05,MEDIUM,precision,5,0.4629754453496341,0.3509024847707371,0.1267427122940431,0.9535864978902954,0.027272463129218938,0.8986784275700492
decision_tree,mutual_information_select_k_best_k11,quantity_manipulation__r0p05__medium,quantity_manipulation,0.05,MEDIUM,recall,5,0.842,0.10933130079411539,0.7533333333333333,1.0,0.7062472599270524,0.9777527400729475
decision_tree,mutual_information_select_k_best_k11,quantity_manipulation__r0p05__medium,quantity_manipulation,0.05,MEDIUM,f1,5,0.5160812177372491,0.27510763041804115,0.2249718785151856,0.8417132216014898,0.17448997741574918,0.8576724580587491
decision_tree,mutual_information_select_k_best_k11,quantity_manipulation__r0p05__medium,quantity_manipulation,0.05,MEDIUM,average_precision,5,0.7933514053954431,0.009782428941679728,0.77901885919241,0.8022941510505395,0.7812049155635632,0.8054978952273231
decision_tree,mutual_information_select_k_best_k11,quantity_manipulation__r0p05__medium,quantity_manipulation,0.05,MEDIUM,pr_auc_trapezoidal,5,0.8445124637446282,0.020851838141697353,0.8187432511402986,0.8675336720204474,0.8186214870276899,0.8704034404615665
decision_tree,mutual_information_select_k_best_k11,quantity_manipulation__r0p05__medium,quantity_manipulation,0.05,MEDIUM,roc_auc,5,0.9468611695906433,0.00792470128534963,0.9395789473684211,0.9567941520467836,0.9370213533080977,0.9567009858731889
decision_tree,mutual_information_select_k_best_k11,quantity_manipulation__r0p05__medium,quantity_manipulation,0.05,MEDIUM,TP,5,252.6,32.799390238234615,226.0,300.0,211.8741779781157,293.3258220218843
decision_tree,mutual_information_select_k_best_k11,quantity_manipulation__r0p05__medium,quantity_manipulation,0.05,MEDIUM,TN,5,4868.4,960.047811309416,3633.0,5689.0,3676.34319614183,6060.456803858169
decision_tree,mutual_information_select_k_best_k11,quantity_manipulation__r0p05__medium,quantity_manipulation,0.05,MEDIUM,FP,5,831.6,960.047811309416,11.0,2067.0,-360.4568038581698,2023.65680385817
decision_tree,mutual_information_select_k_best_k11,quantity_manipulation__r0p05__medium,quantity_manipulation,0.05,MEDIUM,FN,5,47.4,32.799390238234615,0.0,74.0,6.674177978115729,88.12582202188426
decision_tree,mutual_information_select_k_best_k11,quantity_manipulation__r0p05__medium,quantity_manipulation,0.05,MEDIUM,attack_prevalence,5,0.05,0.0,0.05,0.05,0.05,0.05
decision_tree,mutual_information_select_k_best_k11,quantity_manipulation__r0p05__medium,quantity_manipulation,0.05,MEDIUM,visible_feature_attack_count,5,300.0,0.0,300.0,300.0,300.0,300.0
decision_tree,mutual_information_select_k_best_k11,quantity_manipulation__r0p05__medium,quantity_manipulation,0.05,MEDIUM,invisible_feature_attack_count,5,0.0,0.0,0.0,0.0,0.0,0.0
decision_tree,mutual_information_select_k_best_k11,quantity_manipulation__r0p05__medium,quantity_manipulation,0.05,MEDIUM,selected_feature_visibility_rate,5,1.0,0.0,1.0,1.0,1.0,1.0
decision_tree,mutual_information_select_k_best_k11,quantity_manipulation__r0p05__medium,quantity_manipulation,0.05,MEDIUM,visible_attack_recall,5,0.842,0.10933130079411539,0.7533333333333333,1.0,0.7062472599270524,0.9777527400729475
decision_tree,mutual_information_select_k_best_k11,quantity_manipulation__r0p05__medium,quantity_manipulation,0.05,MEDIUM,invisible_attack_recall,0,,,,,,
decision_tree,mutual_information_select_k_best_k11,quantity_manipulation__r0p05__medium,quantity_manipulation,0.05,MEDIUM,visible_attack_f1,5,0.5160812177372491,0.27510763041804115,0.2249718785151856,0.8417132216014898,0.17448997741574918,0.8576724580587491
decision_tree,mutual_information_select_k_best_k11,quantity_manipulation__r0p05__medium,quantity_manipulation,0.05,MEDIUM,paired_induced_attack_induced_detection_rate,5,0.7173333333333334,0.05423201186671124,0.6266666666666667,0.7533333333333333,0.6499953966482253,0.7846712700184415
decision_tree,mutual_information_select_k_best_k11,quantity_manipulation__r0p05__medium,quantity_manipulation,0.05,MEDIUM,paired_induced_mean_anomaly_score_delta,5,0.4345840543073855,0.004473703759550646,0.42743841913879893,0.43867371948153033,0.42902921741051825,0.44013889120425276
decision_tree,mutual_information_select_k_best_k11,quantity_manipulation__r0p05__medium,quantity_manipulation,0.05,MEDIUM,paired_induced_median_anomaly_score_delta,5,0.5670051403037811,0.01644326858612081,0.5501612160294445,0.5895399902407634,0.5465881256875837,0.5874221549199785
decision_tree,mutual_information_select_k_best_k11,quantity_manipulation__r0p05__medium,quantity_manipulation,0.05,MEDIUM,selected_feature_count,5,11.0,0.0,11.0,11.0,11.0,11.0
decision_tree,mutual_information_select_k_best_k11,quantity_manipulation__r0p05__medium,quantity_manipulation,0.05,MEDIUM,source_block_count,5,5.0,0.7071067811865476,4.0,6.0,4.122010966914219,5.877989033085781
decision_tree,mutual_information_select_k_best_k11,quantity_manipulation__r0p05__medium,quantity_manipulation,0.05,MEDIUM,selected_input_bytes,5,528132.0,0.0,528132.0,528132.0,528132.0,528132.0
decision_tree,mutual_information_select_k_best_k11,quantity_manipulation__r0p05__medium,quantity_manipulation,0.05,MEDIUM,model_fit_wall_time_sec,0,,,,,,
decision_tree,mutual_information_select_k_best_k11,quantity_manipulation__r0p05__medium,quantity_manipulation,0.05,MEDIUM,model_fit_cpu_time_sec,0,,,,,,
decision_tree,mutual_information_select_k_best_k11,quantity_manipulation__r0p05__medium,quantity_manipulation,0.05,MEDIUM,model_fit_peak_rss_mib,0,,,,,,
decision_tree,mutual_information_select_k_best_k11,quantity_manipulation__r0p05__medium,quantity_manipulation,0.05,MEDIUM,combined_fit_wall_time_sec,0,,,,,,
decision_tree,mutual_information_select_k_best_k11,quantity_manipulation__r0p05__medium,quantity_manipulation,0.05,MEDIUM,inference_wall_time_sec,5,0.0022479877799923996,0.0005907546843376966,0.001705346899689175,0.0032438185000501106,0.0015144689566794697,0.0029815066033053294
decision_tree,mutual_information_select_k_best_k11,quantity_manipulation__r0p05__medium,quantity_manipulation,0.05,MEDIUM,per_record_inference_sec,5,3.7466462999873327e-07,9.84591140562828e-08,2.842244832815292e-07,5.406364166750185e-07,2.524114927799116e-07,4.969177672175549e-07
decision_tree,mutual_information_select_k_best_k11,quantity_manipulation__r0p05__medium,quantity_manipulation,0.05,MEDIUM,inference_cpu_time_sec,5,0.002308152839998456,0.0006638996180430876,0.0017243749999977353,0.003439200999997638,0.0014838125858524691,0.003132493094144443
decision_tree,mutual_information_select_k_best_k11,quantity_manipulation__r0p05__medium,quantity_manipulation,0.05,MEDIUM,inference_peak_rss_mib,5,803.40625,0.0,803.40625,803.40625,803.40625,803.40625
decision_tree,mutual_information_select_k_best_k11,quantity_manipulation__r0p05__medium,quantity_manipulation,0.05,MEDIUM,peak_rss_mib,5,803.40625,0.0,803.40625,803.40625,803.40625,803.40625
decision_tree,mutual_information_select_k_best_k11,quantity_manipulation__r0p05__medium,quantity_manipulation,0.05,MEDIUM,serialized_model_bytes,5,3402.4,341.02903102228703,3028.0,3716.0,2978.9565298369753,3825.843470163025
decision_tree,mutual_information_select_k_best_k11,quantity_manipulation__r0p05__medium,quantity_manipulation,0.05,MEDIUM,serialized_model_kib,5,3.32265625,0.3330361631077022,2.95703125,3.62890625,2.909137236168921,3.736175263831079
logistic_regression,mutual_information_select_k_best_k11,quantity_manipulation__r0p05__medium,quantity_manipulation,0.05,MEDIUM,precision,5,0.04903968191679654,0.003057357311322292,0.04489337822671156,0.05199844780752813,0.04524347141367958,0.05283589241991351
logistic_regression,mutual_information_select_k_best_k11,quantity_manipulation__r0p05__medium,quantity_manipulation,0.05,MEDIUM,recall,5,0.49066666666666664,0.06134601318205882,0.41333333333333333,0.5633333333333334,0.41449553066511013,0.5668378026682231
logistic_regression,mutual_information_select_k_best_k11,quantity_manipulation__r0p05__medium,quantity_manipulation,0.05,MEDIUM,f1,5,0.08905621462504257,0.005248901307794379,0.08281573498964803,0.09481065918653576,0.08253884284102446,0.09557358640906068
logistic_regression,mutual_information_select_k_best_k11,quantity_manipulation__r0p05__medium,quantity_manipulation,0.05,MEDIUM,average_precision,5,0.05100406695795577,0.006540642368244027,0.04388945400649139,0.058278810083363955,0.042882786804174504,0.05912534711173704
logistic_regression,mutual_information_select_k_best_k11,quantity_manipulation__r0p05__medium,quantity_manipulation,0.05,MEDIUM,pr_auc_trapezoidal,5,0.05037272029590399,0.006246533863901351,0.04353047808762967,0.057459150642573245,0.04261662408353087,0.058128816508277115
logistic_regression,mutual_information_select_k_best_k11,quantity_manipulation__r0p05__medium,quantity_manipulation,0.05,MEDIUM,roc_auc,5,0.48982619883040945,0.02809831642641801,0.4493327485380117,0.5243245614035088,0.45493753091356104,0.5247148667472579
logistic_regression,mutual_information_select_k_best_k11,quantity_manipulation__r0p05__medium,quantity_manipulation,0.05,MEDIUM,TP,5,147.2,18.403803954617644,124.0,169.0,124.34865919953305,170.05134080046693
logistic_regression,mutual_information_select_k_best_k11,quantity_manipulation__r0p05__medium,quantity_manipulation,0.05,MEDIUM,TN,5,2836.8,402.4856519181771,2296.0,3257.0,2337.0480562192306,3336.5519437807698
logistic_regression,mutual_information_select_k_best_k11,quantity_manipulation__r0p05__medium,quantity_manipulation,0.05,MEDIUM,FP,5,2863.2,402.4856519181771,2443.0,3404.0,2363.4480562192302,3362.9519437807694
logistic_regression,mutual_information_select_k_best_k11,quantity_manipulation__r0p05__medium,quantity_manipulation,0.05,MEDIUM,FN,5,152.8,18.403803954617644,131.0,176.0,129.94865919953307,175.65134080046695
logistic_regression,mutual_information_select_k_best_k11,quantity_manipulation__r0p05__medium,quantity_manipulation,0.05,MEDIUM,attack_prevalence,5,0.05,0.0,0.05,0.05,0.05,0.05
logistic_regression,mutual_information_select_k_best_k11,quantity_manipulation__r0p05__medium,quantity_manipulation,0.05,MEDIUM,visible_feature_attack_count,5,300.0,0.0,300.0,300.0,300.0,300.0
logistic_regression,mutual_information_select_k_best_k11,quantity_manipulation__r0p05__medium,quantity_manipulation,0.05,MEDIUM,invisible_feature_attack_count,5,0.0,0.0,0.0,0.0,0.0,0.0
logistic_regression,mutual_information_select_k_best_k11,quantity_manipulation__r0p05__medium,quantity_manipulation,0.05,MEDIUM,selected_feature_visibility_rate,5,1.0,0.0,1.0,1.0,1.0,1.0
logistic_regression,mutual_information_select_k_best_k11,quantity_manipulation__r0p05__medium,quantity_manipulation,0.05,MEDIUM,visible_attack_recall,5,0.49066666666666664,0.06134601318205882,0.41333333333333333,0.5633333333333334,0.41449553066511013,0.5668378026682231
logistic_regression,mutual_information_select_k_best_k11,quantity_manipulation__r0p05__medium,quantity_manipulation,0.05,MEDIUM,invisible_attack_recall,0,,,,,,
logistic_regression,mutual_information_select_k_best_k11,quantity_manipulation__r0p05__medium,quantity_manipulation,0.05,MEDIUM,visible_attack_f1,5,0.08905621462504257,0.005248901307794379,0.08281573498964803,0.09481065918653576,0.08253884284102446,0.09557358640906068
logistic_regression,mutual_information_select_k_best_k11,quantity_manipulation__r0p05__medium,quantity_manipulation,0.05,MEDIUM,paired_induced_attack_induced_detection_rate,5,0.03,0.02392116682401221,0.0033333333333333335,0.06333333333333334,0.00029794835957415444,0.05970205164042584
logistic_regression,mutual_information_select_k_best_k11,quantity_manipulation__r0p05__medium,quantity_manipulation,0.05,MEDIUM,paired_induced_mean_anomaly_score_delta,5,9.952949511715103e-05,0.0004164380637859009,-0.000497546124906836,0.0005265631308001482,-0.0004175466561678957,0.0006166056464021978
logistic_regression,mutual_information_select_k_best_k11,quantity_manipulation__r0p05__medium,quantity_manipulation,0.05,MEDIUM,paired_induced_median_anomaly_score_delta,5,-0.0012736233936994524,0.0009817938813052901,-0.0023738266213662595,0.00010461885230972356,-0.0024926815097739393,-5.456527762496524e-05
logistic_regression,mutual_information_select_k_best_k11,quantity_manipulation__r0p05__medium,quantity_manipulation,0.05,MEDIUM,selected_feature_count,5,11.0,0.0,11.0,11.0,11.0,11.0
logistic_regression,mutual_information_select_k_best_k11,quantity_manipulation__r0p05__medium,quantity_manipulation,0.05,MEDIUM,source_block_count,5,5.0,0.7071067811865476,4.0,6.0,4.122010966914219,5.877989033085781
logistic_regression,mutual_information_select_k_best_k11,quantity_manipulation__r0p05__medium,quantity_manipulation,0.05,MEDIUM,selected_input_bytes,5,528132.0,0.0,528132.0,528132.0,528132.0,528132.0
logistic_regression,mutual_information_select_k_best_k11,quantity_manipulation__r0p05__medium,quantity_manipulation,0.05,MEDIUM,model_fit_wall_time_sec,5,0.27497685859998455,0.02091021720342391,0.24763035999785643,0.29918557299970416,0.24901339470385145,0.30094032249611763
logistic_regression,mutual_information_select_k_best_k11,quantity_manipulation__r0p05__medium,quantity_manipulation,0.05,MEDIUM,model_fit_cpu_time_sec,5,0.09213092119999988,0.014315567471356337,0.07548344399999962,0.10902960499999992,0.07435579645694569,0.10990604594305407
logistic_regression,mutual_information_select_k_best_k11,quantity_manipulation__r0p05__medium,quantity_manipulation,0.05,MEDIUM,model_fit_peak_rss_mib,5,163.92734375,0.3541635550567968,163.37890625,164.25390625,163.48759161420978,164.36709588579023
logistic_regression,mutual_information_select_k_best_k11,quantity_manipulation__r0p05__medium,quantity_manipulation,0.05,MEDIUM,combined_fit_wall_time_sec,5,0.27497685859998455,0.02091021720342391,0.24763035999785643,0.29918557299970416,0.24901339470385145,0.30094032249611763
logistic_regression,mutual_information_select_k_best_k11,quantity_manipulation__r0p05__medium,quantity_manipulation,0.05,MEDIUM,inference_wall_time_sec,5,0.0017032685600861439,0.00021254702359633186,0.0014845685996988322,0.0019951212001615205,0.001439356572961003,0.0019671805472112848
logistic_regression,mutual_information_select_k_best_k11,quantity_manipulation__r0p05__medium,quantity_manipulation,0.05,MEDIUM,per_record_inference_sec,5,2.8387809334769066e-07,3.5424503932721975e-08,2.474280999498054e-07,3.325202000269201e-07,2.398927621601672e-07,3.2786342453521413e-07
logistic_regression,mutual_information_select_k_best_k11,quantity_manipulation__r0p05__medium,quantity_manipulation,0.05,MEDIUM,inference_cpu_time_sec,5,0.001754026899999417,0.00026709726154417,0.0014919422999980724,0.0021546967000006132,0.0014223818463209427,0.002085671953677891
logistic_regression,mutual_information_select_k_best_k11,quantity_manipulation__r0p05__medium,quantity_manipulation,0.05,MEDIUM,inference_peak_rss_mib,5,803.40625,0.0,803.40625,803.40625,803.40625,803.40625
logistic_regression,mutual_information_select_k_best_k11,quantity_manipulation__r0p05__medium,quantity_manipulation,0.05,MEDIUM,peak_rss_mib,5,803.40625,0.0,803.40625,803.40625,803.40625,803.40625
logistic_regression,mutual_information_select_k_best_k11,quantity_manipulation__r0p05__medium,quantity_manipulation,0.05,MEDIUM,serialized_model_bytes,5,1353.2,13.386560424545209,1334.0,1366.0,1336.5783898610498,1369.8216101389503
logistic_regression,mutual_information_select_k_best_k11,quantity_manipulation__r0p05__medium,quantity_manipulation,0.05,MEDIUM,serialized_model_kib,5,1.321484375,0.01307281291459493,1.302734375,1.333984375,1.3052523338486814,1.3377164161513186
decision_tree,none_natural,value_manipulation__r0p05__medium,value_manipulation,0.05,MEDIUM,precision,5,0.1908864509818645,0.18976829823531816,0.06057866184448463,0.5172413793103449,-0.04474201293751226,0.42651491490124127
decision_tree,none_natural,value_manipulation__r0p05__medium,value_manipulation,0.05,MEDIUM,recall,5,0.242,0.16922371780181011,0.05,0.44666666666666666,0.031881001963131955,0.45211899803686806
decision_tree,none_natural,value_manipulation__r0p05__medium,value_manipulation,0.05,MEDIUM,f1,5,0.1256740424064138,0.045413722105719645,0.0911854103343465,0.20512820512820512,0.06928545864326648,0.18206262616956115
decision_tree,none_natural,value_manipulation__r0p05__medium,value_manipulation,0.05,MEDIUM,average_precision,5,0.08636274452741093,0.028619630447535016,0.061138011452793996,0.12655485274225753,0.05082677975878217,0.12189870929603969
decision_tree,none_natural,value_manipulation__r0p05__medium,value_manipulation,0.05,MEDIUM,pr_auc_trapezoidal,5,0.13114194132144208,0.04274087499511266,0.07463060714463783,0.17463653386984757,0.07807213558824103,0.18421174705464313
decision_tree,none_natural,value_manipulation__r0p05__medium,value_manipulation,0.05,MEDIUM,roc_auc,5,0.5664573684210527,0.037763545091213206,0.5333801169590643,0.6308286549707602,0.5195677340367115,0.6133470028053938
decision_tree,none_natural,value_manipulation__r0p05__medium,value_manipulation,0.05,MEDIUM,TP,5,72.6,50.767115340543036,15.0,134.0,9.564300588939581,135.63569941106041
decision_tree,none_natural,value_manipulation__r0p05__medium,value_manipulation,0.05,MEDIUM,TN,5,4840.0,948.4874801493164,3622.0,5686.0,3662.2972431506505,6017.7027568493495
decision_tree,none_natural,value_manipulation__r0p05__medium,value_manipulation,0.05,MEDIUM,FP,5,860.0,948.4874801493164,14.0,2078.0,-317.7027568493495,2037.7027568493495
decision_tree,none_natural,value_manipulation__r0p05__medium,value_manipulation,0.05,MEDIUM,FN,5,227.4,50.767115340543036,166.0,285.0,164.36430058893959,290.4356994110604
decision_tree,none_natural,value_manipulation__r0p05__medium,value_manipulation,0.05,MEDIUM,attack_prevalence,5,0.05,0.0,0.05,0.05,0.05,0.05
decision_tree,none_natural,value_manipulation__r0p05__medium,value_manipulation,0.05,MEDIUM,visible_feature_attack_count,5,300.0,0.0,300.0,300.0,300.0,300.0
decision_tree,none_natural,value_manipulation__r0p05__medium,value_manipulation,0.05,MEDIUM,invisible_feature_attack_count,5,0.0,0.0,0.0,0.0,0.0,0.0
decision_tree,none_natural,value_manipulation__r0p05__medium,value_manipulation,0.05,MEDIUM,selected_feature_visibility_rate,5,1.0,0.0,1.0,1.0,1.0,1.0
decision_tree,none_natural,value_manipulation__r0p05__medium,value_manipulation,0.05,MEDIUM,visible_attack_recall,5,0.242,0.16922371780181011,0.05,0.44666666666666666,0.031881001963131955,0.45211899803686806
decision_tree,none_natural,value_manipulation__r0p05__medium,value_manipulation,0.05,MEDIUM,invisible_attack_recall,0,,,,,,
decision_tree,none_natural,value_manipulation__r0p05__medium,value_manipulation,0.05,MEDIUM,visible_attack_f1,5,0.1256740424064138,0.045413722105719645,0.0911854103343465,0.20512820512820512,0.06928545864326648,0.18206262616956115
decision_tree,none_natural,value_manipulation__r0p05__medium,value_manipulation,0.05,MEDIUM,paired_induced_attack_induced_detection_rate,5,0.098,0.06418722614352484,0.05,0.21,0.018301032152958432,0.1776989678470416
decision_tree,none_natural,value_manipulation__r0p05__medium,value_manipulation,0.05,MEDIUM,paired_induced_mean_anomaly_score_delta,5,0.035922145192385325,0.02600349950993205,0.017527195371610772,0.07855735586859536,0.003634536023567815,0.06820975436120283
decision_tree,none_natural,value_manipulation__r0p05__medium,value_manipulation,0.05,MEDIUM,paired_induced_median_anomaly_score_delta,5,0.0,0.0,0.0,0.0,0.0,0.0
decision_tree,none_natural,value_manipulation__r0p05__medium,value_manipulation,0.05,MEDIUM,selected_feature_count,5,43.0,0.0,43.0,43.0,43.0,43.0
decision_tree,none_natural,value_manipulation__r0p05__medium,value_manipulation,0.05,MEDIUM,source_block_count,5,10.0,0.0,10.0,10.0,10.0,10.0
decision_tree,none_natural,value_manipulation__r0p05__medium,value_manipulation,0.05,MEDIUM,selected_input_bytes,5,2064132.0,0.0,2064132.0,2064132.0,2064132.0,2064132.0
decision_tree,none_natural,value_manipulation__r0p05__medium,value_manipulation,0.05,MEDIUM,model_fit_wall_time_sec,0,,,,,,
decision_tree,none_natural,value_manipulation__r0p05__medium,value_manipulation,0.05,MEDIUM,model_fit_cpu_time_sec,0,,,,,,
decision_tree,none_natural,value_manipulation__r0p05__medium,value_manipulation,0.05,MEDIUM,model_fit_peak_rss_mib,0,,,,,,
decision_tree,none_natural,value_manipulation__r0p05__medium,value_manipulation,0.05,MEDIUM,combined_fit_wall_time_sec,0,,,,,,
decision_tree,none_natural,value_manipulation__r0p05__medium,value_manipulation,0.05,MEDIUM,inference_wall_time_sec,5,0.0024121065197687127,0.000300834577570366,0.00213267309954972,0.0027609021999523975,0.0020385710553844547,0.0027856419841529706
decision_tree,none_natural,value_manipulation__r0p05__medium,value_manipulation,0.05,MEDIUM,per_record_inference_sec,5,4.0201775329478546e-07,5.013909626172766e-08,3.5544551659161997e-07,4.601503666587329e-07,3.397618425640758e-07,4.6427366402549513e-07
decision_tree,none_natural,value_manipulation__r0p05__medium,value_manipulation,0.05,MEDIUM,inference_cpu_time_sec,5,0.0024630048199992412,0.0003553799066185052,0.002107842999998866,0.0028602906999992683,0.002021742384265677,0.0029042672557328055
decision_tree,none_natural,value_manipulation__r0p05__medium,value_manipulation,0.05,MEDIUM,inference_peak_rss_mib,5,803.40625,0.0,803.40625,803.40625,803.40625,803.40625
decision_tree,none_natural,value_manipulation__r0p05__medium,value_manipulation,0.05,MEDIUM,peak_rss_mib,5,803.40625,0.0,803.40625,803.40625,803.40625,803.40625
decision_tree,none_natural,value_manipulation__r0p05__medium,value_manipulation,0.05,MEDIUM,serialized_model_bytes,5,4132.0,327.90242451070714,3780.0,4420.0,3724.8553645610036,4539.144635438996
decision_tree,none_natural,value_manipulation__r0p05__medium,value_manipulation,0.05,MEDIUM,serialized_model_kib,5,4.03515625,0.32021721143623744,3.69140625,4.31640625,3.637554066954105,4.432758433045895
logistic_regression,none_natural,value_manipulation__r0p05__medium,value_manipulation,0.05,MEDIUM,precision,5,0.050074040973580536,0.00504130499390047,0.0446033367381682,0.05745341614906832,0.0438144340586845,0.05633364788847657
logistic_regression,none_natural,value_manipulation__r0p05__medium,value_manipulation,0.05,MEDIUM,recall,5,0.42866666666666664,0.054853339815264586,0.37,0.5166666666666667,0.3605572494367614,0.4967760838965719
logistic_regression,none_natural,value_manipulation__r0p05__medium,value_manipulation,0.05,MEDIUM,f1,5,0.08944442325542049,0.0076298937486982835,0.08093914118010503,0.09946236559139784,0.07997065887753434,0.09891818763330663
logistic_regression,none_natural,value_manipulation__r0p05__medium,value_manipulation,0.05,MEDIUM,average_precision,5,0.05640146577682713,0.009095032565494291,0.047274468156336236,0.0715287460783147,0.04510849127775307,0.06769444027590119
logistic_regression,none_natural,value_manipulation__r0p05__medium,value_manipulation,0.05,MEDIUM,pr_auc_trapezoidal,5,0.055622239374794144,0.00878563662178462,0.04671023431181173,0.07018200472637795,0.04471343068021497,0.06653104806937332
logistic_regression,none_natural,value_manipulation__r0p05__medium,value_manipulation,0.05,MEDIUM,roc_auc,5,0.5032570760233919,0.021179039201077988,0.4761672514619883,0.5196859649122807,0.4769598255308462,0.5295543265159375
logistic_regression,none_natural,value_manipulation__r0p05__medium,value_manipulation,0.05,MEDIUM,TP,5,128.6,16.45600194457937,111.0,155.0,108.16717483102842,149.03282516897156
logistic_regression,none_natural,value_manipulation__r0p05__medium,value_manipulation,0.05,MEDIUM,TN,5,3234.8,420.4048049202102,2837.0,3879.0,2712.798489058284,3756.8015109417165
logistic_regression,none_natural,value_manipulation__r0p05__medium,value_manipulation,0.05,MEDIUM,FP,5,2465.2,420.4048049202102,1821.0,2863.0,1943.1984890582833,2987.201510941716
logistic_regression,none_natural,value_manipulation__r0p05__medium,value_manipulation,0.05,MEDIUM,FN,5,171.4,16.45600194457937,145.0,189.0,150.96717483102844,191.83282516897157
logistic_regression,none_natural,value_manipulation__r0p05__medium,value_manipulation,0.05,MEDIUM,attack_prevalence,5,0.05,0.0,0.05,0.05,0.05,0.05
logistic_regression,none_natural,value_manipulation__r0p05__medium,value_manipulation,0.05,MEDIUM,visible_feature_attack_count,5,300.0,0.0,300.0,300.0,300.0,300.0
logistic_regression,none_natural,value_manipulation__r0p05__medium,value_manipulation,0.05,MEDIUM,invisible_feature_attack_count,5,0.0,0.0,0.0,0.0,0.0,0.0
logistic_regression,none_natural,value_manipulation__r0p05__medium,value_manipulation,0.05,MEDIUM,selected_feature_visibility_rate,5,1.0,0.0,1.0,1.0,1.0,1.0
logistic_regression,none_natural,value_manipulation__r0p05__medium,value_manipulation,0.05,MEDIUM,visible_attack_recall,5,0.42866666666666664,0.054853339815264586,0.37,0.5166666666666667,0.3605572494367614,0.4967760838965719
logistic_regression,none_natural,value_manipulation__r0p05__medium,value_manipulation,0.05,MEDIUM,invisible_attack_recall,0,,,,,,
logistic_regression,none_natural,value_manipulation__r0p05__medium,value_manipulation,0.05,MEDIUM,visible_attack_f1,5,0.08944442325542049,0.0076298937486982835,0.08093914118010503,0.09946236559139784,0.07997065887753434,0.09891818763330663
logistic_regression,none_natural,value_manipulation__r0p05__medium,value_manipulation,0.05,MEDIUM,paired_induced_attack_induced_detection_rate,5,0.052666666666666674,0.05579725202313582,0.0,0.14,-0.016614772369218274,0.12194810570255163
logistic_regression,none_natural,value_manipulation__r0p05__medium,value_manipulation,0.05,MEDIUM,paired_induced_mean_anomaly_score_delta,5,0.0005437992312179159,0.0006452666350919156,-7.530611824487406e-05,0.0016051856955716054,-0.0002574051188184381,0.00134500358125427
logistic_regression,none_natural,value_manipulation__r0p05__medium,value_manipulation,0.05,MEDIUM,paired_induced_median_anomaly_score_delta,5,-0.001169450495639096,0.001191731764739018,-0.0028322786684353563,0.0003911934394782157,-0.0026491809234325484,0.00031027993215435663
logistic_regression,none_natural,value_manipulation__r0p05__medium,value_manipulation,0.05,MEDIUM,selected_feature_count,5,43.0,0.0,43.0,43.0,43.0,43.0
logistic_regression,none_natural,value_manipulation__r0p05__medium,value_manipulation,0.05,MEDIUM,source_block_count,5,10.0,0.0,10.0,10.0,10.0,10.0
logistic_regression,none_natural,value_manipulation__r0p05__medium,value_manipulation,0.05,MEDIUM,selected_input_bytes,5,2064132.0,0.0,2064132.0,2064132.0,2064132.0,2064132.0
logistic_regression,none_natural,value_manipulation__r0p05__medium,value_manipulation,0.05,MEDIUM,model_fit_wall_time_sec,5,0.49001829079934395,0.09719446902817075,0.4144513709979947,0.6605000540002948,0.3693354177824376,0.6107011638162503
logistic_regression,none_natural,value_manipulation__r0p05__medium,value_manipulation,0.05,MEDIUM,model_fit_cpu_time_sec,5,0.29261962500000005,0.07522294968955433,0.21856836799999968,0.4180874179999998,0.19921799653171318,0.3860212534682869
logistic_regression,none_natural,value_manipulation__r0p05__medium,value_manipulation,0.05,MEDIUM,model_fit_peak_rss_mib,5,182.0546875,0.12530480415894876,181.8984375,182.19140625,181.89910103587374,182.21027396412626
logistic_regression,none_natural,value_manipulation__r0p05__medium,value_manipulation,0.05,MEDIUM,combined_fit_wall_time_sec,5,0.49001829079934395,0.09719446902817075,0.4144513709979947,0.6605000540002948,0.3693354177824376,0.6107011638162503
logistic_regression,none_natural,value_manipulation__r0p05__medium,value_manipulation,0.05,MEDIUM,inference_wall_time_sec,5,0.0024193494001519865,0.00037373797292861345,0.00198490659968229,0.0027518807000888046,0.0019552924144045055,0.0028834063858994676
logistic_regression,none_natural,value_manipulation__r0p05__medium,value_manipulation,0.05,MEDIUM,per_record_inference_sec,5,4.032249000253311e-07,6.228966215476892e-08,3.30817766613715e-07,4.586467833481341e-07,3.2588206906741757e-07,4.805677309832447e-07
logistic_regression,none_natural,value_manipulation__r0p05__medium,value_manipulation,0.05,MEDIUM,inference_cpu_time_sec,5,0.0024777812000002087,0.0003917538258717668,0.00201951960000315,0.0028081690000021807,0.001991354578256263,0.0029642078217441544
logistic_regression,none_natural,value_manipulation__r0p05__medium,value_manipulation,0.05,MEDIUM,inference_peak_rss_mib,5,803.40625,0.0,803.40625,803.40625,803.40625,803.40625
logistic_regression,none_natural,value_manipulation__r0p05__medium,value_manipulation,0.05,MEDIUM,peak_rss_mib,5,803.40625,0.0,803.40625,803.40625,803.40625,803.40625
logistic_regression,none_natural,value_manipulation__r0p05__medium,value_manipulation,0.05,MEDIUM,serialized_model_bytes,5,2342.0,0.0,2342.0,2342.0,2342.0,2342.0
logistic_regression,none_natural,value_manipulation__r0p05__medium,value_manipulation,0.05,MEDIUM,serialized_model_kib,5,2.287109375,0.0,2.287109375,2.287109375,2.287109375,2.287109375
decision_tree,pairwise_correlation_filter_natural,value_manipulation__r0p05__medium,value_manipulation,0.05,MEDIUM,precision,5,0.1908864509818645,0.18976829823531816,0.06057866184448463,0.5172413793103449,-0.04474201293751226,0.42651491490124127
decision_tree,pairwise_correlation_filter_natural,value_manipulation__r0p05__medium,value_manipulation,0.05,MEDIUM,recall,5,0.242,0.16922371780181011,0.05,0.44666666666666666,0.031881001963131955,0.45211899803686806
decision_tree,pairwise_correlation_filter_natural,value_manipulation__r0p05__medium,value_manipulation,0.05,MEDIUM,f1,5,0.1256740424064138,0.045413722105719645,0.0911854103343465,0.20512820512820512,0.06928545864326648,0.18206262616956115
decision_tree,pairwise_correlation_filter_natural,value_manipulation__r0p05__medium,value_manipulation,0.05,MEDIUM,average_precision,5,0.08636274452741093,0.028619630447535016,0.061138011452793996,0.12655485274225753,0.05082677975878217,0.12189870929603969
decision_tree,pairwise_correlation_filter_natural,value_manipulation__r0p05__medium,value_manipulation,0.05,MEDIUM,pr_auc_trapezoidal,5,0.13114194132144208,0.04274087499511266,0.07463060714463783,0.17463653386984757,0.07807213558824103,0.18421174705464313
decision_tree,pairwise_correlation_filter_natural,value_manipulation__r0p05__medium,value_manipulation,0.05,MEDIUM,roc_auc,5,0.5664573684210527,0.037763545091213206,0.5333801169590643,0.6308286549707602,0.5195677340367115,0.6133470028053938
decision_tree,pairwise_correlation_filter_natural,value_manipulation__r0p05__medium,value_manipulation,0.05,MEDIUM,TP,5,72.6,50.767115340543036,15.0,134.0,9.564300588939581,135.63569941106041
decision_tree,pairwise_correlation_filter_natural,value_manipulation__r0p05__medium,value_manipulation,0.05,MEDIUM,TN,5,4840.0,948.4874801493164,3622.0,5686.0,3662.2972431506505,6017.7027568493495
decision_tree,pairwise_correlation_filter_natural,value_manipulation__r0p05__medium,value_manipulation,0.05,MEDIUM,FP,5,860.0,948.4874801493164,14.0,2078.0,-317.7027568493495,2037.7027568493495
decision_tree,pairwise_correlation_filter_natural,value_manipulation__r0p05__medium,value_manipulation,0.05,MEDIUM,FN,5,227.4,50.767115340543036,166.0,285.0,164.36430058893959,290.4356994110604
decision_tree,pairwise_correlation_filter_natural,value_manipulation__r0p05__medium,value_manipulation,0.05,MEDIUM,attack_prevalence,5,0.05,0.0,0.05,0.05,0.05,0.05
decision_tree,pairwise_correlation_filter_natural,value_manipulation__r0p05__medium,value_manipulation,0.05,MEDIUM,visible_feature_attack_count,5,300.0,0.0,300.0,300.0,300.0,300.0
decision_tree,pairwise_correlation_filter_natural,value_manipulation__r0p05__medium,value_manipulation,0.05,MEDIUM,invisible_feature_attack_count,5,0.0,0.0,0.0,0.0,0.0,0.0
decision_tree,pairwise_correlation_filter_natural,value_manipulation__r0p05__medium,value_manipulation,0.05,MEDIUM,selected_feature_visibility_rate,5,1.0,0.0,1.0,1.0,1.0,1.0
decision_tree,pairwise_correlation_filter_natural,value_manipulation__r0p05__medium,value_manipulation,0.05,MEDIUM,visible_attack_recall,5,0.242,0.16922371780181011,0.05,0.44666666666666666,0.031881001963131955,0.45211899803686806
decision_tree,pairwise_correlation_filter_natural,value_manipulation__r0p05__medium,value_manipulation,0.05,MEDIUM,invisible_attack_recall,0,,,,,,
decision_tree,pairwise_correlation_filter_natural,value_manipulation__r0p05__medium,value_manipulation,0.05,MEDIUM,visible_attack_f1,5,0.1256740424064138,0.045413722105719645,0.0911854103343465,0.20512820512820512,0.06928545864326648,0.18206262616956115
decision_tree,pairwise_correlation_filter_natural,value_manipulation__r0p05__medium,value_manipulation,0.05,MEDIUM,paired_induced_attack_induced_detection_rate,5,0.098,0.06418722614352484,0.05,0.21,0.018301032152958432,0.1776989678470416
decision_tree,pairwise_correlation_filter_natural,value_manipulation__r0p05__medium,value_manipulation,0.05,MEDIUM,paired_induced_mean_anomaly_score_delta,5,0.03592214519238536,0.02600349950993225,0.01752719537161072,0.0785573558685958,0.0036345360235676,0.06820975436120312
decision_tree,pairwise_correlation_filter_natural,value_manipulation__r0p05__medium,value_manipulation,0.05,MEDIUM,paired_induced_median_anomaly_score_delta,5,0.0,0.0,0.0,0.0,0.0,0.0
decision_tree,pairwise_correlation_filter_natural,value_manipulation__r0p05__medium,value_manipulation,0.05,MEDIUM,selected_feature_count,5,42.0,0.0,42.0,42.0,42.0,42.0
decision_tree,pairwise_correlation_filter_natural,value_manipulation__r0p05__medium,value_manipulation,0.05,MEDIUM,source_block_count,5,9.0,0.0,9.0,9.0,9.0,9.0
decision_tree,pairwise_correlation_filter_natural,value_manipulation__r0p05__medium,value_manipulation,0.05,MEDIUM,selected_input_bytes,5,2016132.0,0.0,2016132.0,2016132.0,2016132.0,2016132.0
decision_tree,pairwise_correlation_filter_natural,value_manipulation__r0p05__medium,value_manipulation,0.05,MEDIUM,model_fit_wall_time_sec,0,,,,,,
decision_tree,pairwise_correlation_filter_natural,value_manipulation__r0p05__medium,value_manipulation,0.05,MEDIUM,model_fit_cpu_time_sec,0,,,,,,
decision_tree,pairwise_correlation_filter_natural,value_manipulation__r0p05__medium,value_manipulation,0.05,MEDIUM,model_fit_peak_rss_mib,0,,,,,,
decision_tree,pairwise_correlation_filter_natural,value_manipulation__r0p05__medium,value_manipulation,0.05,MEDIUM,combined_fit_wall_time_sec,0,,,,,,
decision_tree,pairwise_correlation_filter_natural,value_manipulation__r0p05__medium,value_manipulation,0.05,MEDIUM,inference_wall_time_sec,5,0.0026706714801548515,0.0004607087571541441,0.0021263665999867952,0.003290673199808225,0.002098626002738895,0.003242716957570808
decision_tree,pairwise_correlation_filter_natural,value_manipulation__r0p05__medium,value_manipulation,0.05,MEDIUM,per_record_inference_sec,5,4.451119133591419e-07,7.6784792859024e-08,3.543944333311325e-07,5.484455333013708e-07,3.4977100045648254e-07,5.404528262618013e-07
decision_tree,pairwise_correlation_filter_natural,value_manipulation__r0p05__medium,value_manipulation,0.05,MEDIUM,inference_cpu_time_sec,5,0.0027346966200013866,0.0005016670697419386,0.002167130200001566,0.0034522304000006443,0.0021117946804179496,0.0033575985595848236
decision_tree,pairwise_correlation_filter_natural,value_manipulation__r0p05__medium,value_manipulation,0.05,MEDIUM,inference_peak_rss_mib,5,803.40625,0.0,803.40625,803.40625,803.40625,803.40625
decision_tree,pairwise_correlation_filter_natural,value_manipulation__r0p05__medium,value_manipulation,0.05,MEDIUM,peak_rss_mib,5,803.40625,0.0,803.40625,803.40625,803.40625,803.40625
decision_tree,pairwise_correlation_filter_natural,value_manipulation__r0p05__medium,value_manipulation,0.05,MEDIUM,serialized_model_bytes,5,4116.0,327.90242451070714,3764.0,4404.0,3708.8553645610036,4523.144635438996
decision_tree,pairwise_correlation_filter_natural,value_manipulation__r0p05__medium,value_manipulation,0.05,MEDIUM,serialized_model_kib,5,4.01953125,0.32021721143623744,3.67578125,4.30078125,3.621929066954105,4.417133433045895
logistic_regression,pairwise_correlation_filter_natural,value_manipulation__r0p05__medium,value_manipulation,0.05,MEDIUM,precision,5,0.050074040973580536,0.00504130499390047,0.0446033367381682,0.05745341614906832,0.0438144340586845,0.05633364788847657
logistic_regression,pairwise_correlation_filter_natural,value_manipulation__r0p05__medium,value_manipulation,0.05,MEDIUM,recall,5,0.42866666666666664,0.054853339815264586,0.37,0.5166666666666667,0.3605572494367614,0.4967760838965719
logistic_regression,pairwise_correlation_filter_natural,value_manipulation__r0p05__medium,value_manipulation,0.05,MEDIUM,f1,5,0.08944442325542049,0.0076298937486982835,0.08093914118010503,0.09946236559139784,0.07997065887753434,0.09891818763330663
logistic_regression,pairwise_correlation_filter_natural,value_manipulation__r0p05__medium,value_manipulation,0.05,MEDIUM,average_precision,5,0.05640101905486901,0.009094959140465562,0.047274482092949016,0.07152774309119285,0.04510813572500969,0.06769390238472832
logistic_regression,pairwise_correlation_filter_natural,value_manipulation__r0p05__medium,value_manipulation,0.05,MEDIUM,pr_auc_trapezoidal,5,0.0556217978459278,0.00878556707284126,0.04671024891183792,0.07018100586305465,0.04471307550776771,0.0665305201840879
logistic_regression,pairwise_correlation_filter_natural,value_manipulation__r0p05__medium,value_manipulation,0.05,MEDIUM,roc_auc,5,0.5032522807017543,0.021173472199962042,0.47616725146198824,0.5196736842105263,0.4769619425540723,0.5295426188494363
logistic_regression,pairwise_correlation_filter_natural,value_manipulation__r0p05__medium,value_manipulation,0.05,MEDIUM,TP,5,128.6,16.45600194457937,111.0,155.0,108.16717483102842,149.03282516897156
logistic_regression,pairwise_correlation_filter_natural,value_manipulation__r0p05__medium,value_manipulation,0.05,MEDIUM,TN,5,3234.8,420.4048049202102,2837.0,3879.0,2712.798489058284,3756.8015109417165
logistic_regression,pairwise_correlation_filter_natural,value_manipulation__r0p05__medium,value_manipulation,0.05,MEDIUM,FP,5,2465.2,420.4048049202102,1821.0,2863.0,1943.1984890582833,2987.201510941716
logistic_regression,pairwise_correlation_filter_natural,value_manipulation__r0p05__medium,value_manipulation,0.05,MEDIUM,FN,5,171.4,16.45600194457937,145.0,189.0,150.96717483102844,191.83282516897157
logistic_regression,pairwise_correlation_filter_natural,value_manipulation__r0p05__medium,value_manipulation,0.05,MEDIUM,attack_prevalence,5,0.05,0.0,0.05,0.05,0.05,0.05
logistic_regression,pairwise_correlation_filter_natural,value_manipulation__r0p05__medium,value_manipulation,0.05,MEDIUM,visible_feature_attack_count,5,300.0,0.0,300.0,300.0,300.0,300.0
logistic_regression,pairwise_correlation_filter_natural,value_manipulation__r0p05__medium,value_manipulation,0.05,MEDIUM,invisible_feature_attack_count,5,0.0,0.0,0.0,0.0,0.0,0.0
logistic_regression,pairwise_correlation_filter_natural,value_manipulation__r0p05__medium,value_manipulation,0.05,MEDIUM,selected_feature_visibility_rate,5,1.0,0.0,1.0,1.0,1.0,1.0
logistic_regression,pairwise_correlation_filter_natural,value_manipulation__r0p05__medium,value_manipulation,0.05,MEDIUM,visible_attack_recall,5,0.42866666666666664,0.054853339815264586,0.37,0.5166666666666667,0.3605572494367614,0.4967760838965719
logistic_regression,pairwise_correlation_filter_natural,value_manipulation__r0p05__medium,value_manipulation,0.05,MEDIUM,invisible_attack_recall,0,,,,,,
logistic_regression,pairwise_correlation_filter_natural,value_manipulation__r0p05__medium,value_manipulation,0.05,MEDIUM,visible_attack_f1,5,0.08944442325542049,0.0076298937486982835,0.08093914118010503,0.09946236559139784,0.07997065887753434,0.09891818763330663
logistic_regression,pairwise_correlation_filter_natural,value_manipulation__r0p05__medium,value_manipulation,0.05,MEDIUM,paired_induced_attack_induced_detection_rate,5,0.052666666666666674,0.05579725202313582,0.0,0.14,-0.016614772369218274,0.12194810570255163
logistic_regression,pairwise_correlation_filter_natural,value_manipulation__r0p05__medium,value_manipulation,0.05,MEDIUM,paired_induced_mean_anomaly_score_delta,5,0.0005437158865937665,0.0006454104256689168,-7.535591369701555e-05,0.0016053020040109184,-0.0002576670030253309,0.0013450987762128638
logistic_regression,pairwise_correlation_filter_natural,value_manipulation__r0p05__medium,value_manipulation,0.05,MEDIUM,paired_induced_median_anomaly_score_delta,5,-0.0011700731565923773,0.001191344264376133,-0.0028324924861490297,0.0003896828492410409,-0.0026493224391359446,0.00030917612595119
logistic_regression,pairwise_correlation_filter_natural,value_manipulation__r0p05__medium,value_manipulation,0.05,MEDIUM,selected_feature_count,5,42.0,0.0,42.0,42.0,42.0,42.0
logistic_regression,pairwise_correlation_filter_natural,value_manipulation__r0p05__medium,value_manipulation,0.05,MEDIUM,source_block_count,5,9.0,0.0,9.0,9.0,9.0,9.0
logistic_regression,pairwise_correlation_filter_natural,value_manipulation__r0p05__medium,value_manipulation,0.05,MEDIUM,selected_input_bytes,5,2016132.0,0.0,2016132.0,2016132.0,2016132.0,2016132.0
logistic_regression,pairwise_correlation_filter_natural,value_manipulation__r0p05__medium,value_manipulation,0.05,MEDIUM,model_fit_wall_time_sec,5,0.5226187851993018,0.1320858923339655,0.33173528499901295,0.6544766820006771,0.358612488017468,0.6866250823811357
logistic_regression,pairwise_correlation_filter_natural,value_manipulation__r0p05__medium,value_manipulation,0.05,MEDIUM,model_fit_cpu_time_sec,5,0.32897909459999986,0.11776488132572177,0.18253484599999936,0.47190246899999977,0.18275468120499616,0.47520350799500355
logistic_regression,pairwise_correlation_filter_natural,value_manipulation__r0p05__medium,value_manipulation,0.05,MEDIUM,model_fit_peak_rss_mib,5,181.35625,0.274181465592076,181.0546875,181.63671875,181.01580874519928,181.6966912548007
logistic_regression,pairwise_correlation_filter_natural,value_manipulation__r0p05__medium,value_manipulation,0.05,MEDIUM,combined_fit_wall_time_sec,5,0.5226187851993018,0.1320858923339655,0.33173528499901295,0.6544766820006771,0.358612488017468,0.6866250823811357
logistic_regression,pairwise_correlation_filter_natural,value_manipulation__r0p05__medium,value_manipulation,0.05,MEDIUM,inference_wall_time_sec,5,0.0025837987601698845,0.0005029819064958115,0.002092016499955207,0.00320712739994633,0.001959264235125647,0.003208333285214122
logistic_regression,pairwise_correlation_filter_natural,value_manipulation__r0p05__medium,value_manipulation,0.05,MEDIUM,per_record_inference_sec,5,4.3063312669498074e-07,8.383031774930192e-08,3.486694166592012e-07,5.345212333243884e-07,3.265440391876078e-07,5.347222142023537e-07
logistic_regression,pairwise_correlation_filter_natural,value_manipulation__r0p05__medium,value_manipulation,0.05,MEDIUM,inference_cpu_time_sec,5,0.0026490835599975076,0.0005431918951862279,0.002125337499995794,0.003345171600000185,0.0019746217396281597,0.0033235453803668554
logistic_regression,pairwise_correlation_filter_natural,value_manipulation__r0p05__medium,value_manipulation,0.05,MEDIUM,inference_peak_rss_mib,5,803.40625,0.0,803.40625,803.40625,803.40625,803.40625
logistic_regression,pairwise_correlation_filter_natural,value_manipulation__r0p05__medium,value_manipulation,0.05,MEDIUM,peak_rss_mib,5,803.40625,0.0,803.40625,803.40625,803.40625,803.40625
logistic_regression,pairwise_correlation_filter_natural,value_manipulation__r0p05__medium,value_manipulation,0.05,MEDIUM,serialized_model_bytes,5,2310.0,0.0,2310.0,2310.0,2310.0,2310.0
logistic_regression,pairwise_correlation_filter_natural,value_manipulation__r0p05__medium,value_manipulation,0.05,MEDIUM,serialized_model_kib,5,2.255859375,0.0,2.255859375,2.255859375,2.255859375,2.255859375
decision_tree,mutual_information_select_k_best_k11,value_manipulation__r0p05__medium,value_manipulation,0.05,MEDIUM,precision,5,0.22944777971374877,0.24697220161396366,0.05659516202647193,0.65625,-0.07720871158767514,0.5361042710151727
decision_tree,mutual_information_select_k_best_k11,value_manipulation__r0p05__medium,value_manipulation,0.05,MEDIUM,recall,5,0.23333333333333334,0.15461421524412158,0.07,0.41333333333333333,0.041354428654027386,0.4253122380126393
decision_tree,mutual_information_select_k_best_k11,value_manipulation__r0p05__medium,value_manipulation,0.05,MEDIUM,f1,5,0.13229651406661685,0.04316706362732716,0.09955841027699719,0.2066869300911854,0.07869752525235094,0.18589550288088277
decision_tree,mutual_information_select_k_best_k11,value_manipulation__r0p05__medium,value_manipulation,0.05,MEDIUM,average_precision,5,0.09739842041095201,0.04316470357190706,0.05959369543640892,0.16897048758935113,0.04380236199253499,0.15099447882936903
decision_tree,mutual_information_select_k_best_k11,value_manipulation__r0p05__medium,value_manipulation,0.05,MEDIUM,pr_auc_trapezoidal,5,0.13497493265133964,0.059874971249512736,0.06921063400970333,0.21847539124036328,0.06063033645727514,0.20931952884540414
decision_tree,mutual_information_select_k_best_k11,value_manipulation__r0p05__medium,value_manipulation,0.05,MEDIUM,roc_auc,5,0.5631248538011696,0.039597675698336665,0.5310263157894738,0.6320640350877192,0.5139578454739578,0.6122918621283814
decision_tree,mutual_information_select_k_best_k11,value_manipulation__r0p05__medium,value_manipulation,0.05,MEDIUM,TP,5,70.0,46.38426457323647,21.0,124.0,12.406328596208212,127.59367140379179
decision_tree,mutual_information_select_k_best_k11,value_manipulation__r0p05__medium,value_manipulation,0.05,MEDIUM,TN,5,4868.4,960.047811309416,3633.0,5689.0,3676.34319614183,6060.456803858169
decision_tree,mutual_information_select_k_best_k11,value_manipulation__r0p05__medium,value_manipulation,0.05,MEDIUM,FP,5,831.6,960.047811309416,11.0,2067.0,-360.4568038581698,2023.65680385817
decision_tree,mutual_information_select_k_best_k11,value_manipulation__r0p05__medium,value_manipulation,0.05,MEDIUM,FN,5,230.0,46.38426457323647,176.0,279.0,172.4063285962082,287.5936714037918
decision_tree,mutual_information_select_k_best_k11,value_manipulation__r0p05__medium,value_manipulation,0.05,MEDIUM,attack_prevalence,5,0.05,0.0,0.05,0.05,0.05,0.05
decision_tree,mutual_information_select_k_best_k11,value_manipulation__r0p05__medium,value_manipulation,0.05,MEDIUM,visible_feature_attack_count,5,300.0,0.0,300.0,300.0,300.0,300.0
decision_tree,mutual_information_select_k_best_k11,value_manipulation__r0p05__medium,value_manipulation,0.05,MEDIUM,invisible_feature_attack_count,5,0.0,0.0,0.0,0.0,0.0,0.0
decision_tree,mutual_information_select_k_best_k11,value_manipulation__r0p05__medium,value_manipulation,0.05,MEDIUM,selected_feature_visibility_rate,5,1.0,0.0,1.0,1.0,1.0,1.0
decision_tree,mutual_information_select_k_best_k11,value_manipulation__r0p05__medium,value_manipulation,0.05,MEDIUM,visible_attack_recall,5,0.23333333333333334,0.15461421524412158,0.07,0.41333333333333333,0.041354428654027386,0.4253122380126393
decision_tree,mutual_information_select_k_best_k11,value_manipulation__r0p05__medium,value_manipulation,0.05,MEDIUM,invisible_attack_recall,0,,,,,,
decision_tree,mutual_information_select_k_best_k11,value_manipulation__r0p05__medium,value_manipulation,0.05,MEDIUM,visible_attack_f1,5,0.13229651406661685,0.04316706362732716,0.09955841027699719,0.2066869300911854,0.07869752525235094,0.18589550288088277
decision_tree,mutual_information_select_k_best_k11,value_manipulation__r0p05__medium,value_manipulation,0.05,MEDIUM,paired_induced_attack_induced_detection_rate,5,0.09666666666666668,0.06527718675855379,0.043333333333333335,0.21,0.015614333964482557,0.1777189993688508
decision_tree,mutual_information_select_k_best_k11,value_manipulation__r0p05__medium,value_manipulation,0.05,MEDIUM,paired_induced_mean_anomaly_score_delta,5,0.03594459967160846,0.026486589087028802,0.015554761249257157,0.07905688979627047,0.0030571555670019512,0.06883204377621496
decision_tree,mutual_information_select_k_best_k11,value_manipulation__r0p05__medium,value_manipulation,0.05,MEDIUM,paired_induced_median_anomaly_score_delta,5,0.0,0.0,0.0,0.0,0.0,0.0
decision_tree,mutual_information_select_k_best_k11,value_manipulation__r0p05__medium,value_manipulation,0.05,MEDIUM,selected_feature_count,5,11.0,0.0,11.0,11.0,11.0,11.0
decision_tree,mutual_information_select_k_best_k11,value_manipulation__r0p05__medium,value_manipulation,0.05,MEDIUM,source_block_count,5,5.0,0.7071067811865476,4.0,6.0,4.122010966914219,5.877989033085781
decision_tree,mutual_information_select_k_best_k11,value_manipulation__r0p05__medium,value_manipulation,0.05,MEDIUM,selected_input_bytes,5,528132.0,0.0,528132.0,528132.0,528132.0,528132.0
decision_tree,mutual_information_select_k_best_k11,value_manipulation__r0p05__medium,value_manipulation,0.05,MEDIUM,model_fit_wall_time_sec,0,,,,,,
decision_tree,mutual_information_select_k_best_k11,value_manipulation__r0p05__medium,value_manipulation,0.05,MEDIUM,model_fit_cpu_time_sec,0,,,,,,
decision_tree,mutual_information_select_k_best_k11,value_manipulation__r0p05__medium,value_manipulation,0.05,MEDIUM,model_fit_peak_rss_mib,0,,,,,,
decision_tree,mutual_information_select_k_best_k11,value_manipulation__r0p05__medium,value_manipulation,0.05,MEDIUM,combined_fit_wall_time_sec,0,,,,,,
decision_tree,mutual_information_select_k_best_k11,value_manipulation__r0p05__medium,value_manipulation,0.05,MEDIUM,inference_wall_time_sec,5,0.0018184078001650052,0.0001635064349572844,0.0016207339001994114,0.0020197761994495524,0.0016153877464037383,0.002021427853926272
decision_tree,mutual_information_select_k_best_k11,value_manipulation__r0p05__medium,value_manipulation,0.05,MEDIUM,per_record_inference_sec,5,3.030679666941675e-07,2.725107249288073e-08,2.701223166999019e-07,3.366293665749254e-07,2.692312910672897e-07,3.369046423210453e-07
decision_tree,mutual_information_select_k_best_k11,value_manipulation__r0p05__medium,value_manipulation,0.05,MEDIUM,inference_cpu_time_sec,5,0.0018474369400007617,0.00017187264884326104,0.0016382766000049287,0.002057212099998651,0.001634028859655997,0.0020608450203455264
decision_tree,mutual_information_select_k_best_k11,value_manipulation__r0p05__medium,value_manipulation,0.05,MEDIUM,inference_peak_rss_mib,5,803.40625,0.0,803.40625,803.40625,803.40625,803.40625
decision_tree,mutual_information_select_k_best_k11,value_manipulation__r0p05__medium,value_manipulation,0.05,MEDIUM,peak_rss_mib,5,803.40625,0.0,803.40625,803.40625,803.40625,803.40625
decision_tree,mutual_information_select_k_best_k11,value_manipulation__r0p05__medium,value_manipulation,0.05,MEDIUM,serialized_model_bytes,5,3402.4,341.02903102228703,3028.0,3716.0,2978.9565298369753,3825.843470163025
decision_tree,mutual_information_select_k_best_k11,value_manipulation__r0p05__medium,value_manipulation,0.05,MEDIUM,serialized_model_kib,5,3.32265625,0.3330361631077022,2.95703125,3.62890625,2.909137236168921,3.736175263831079
logistic_regression,mutual_information_select_k_best_k11,value_manipulation__r0p05__medium,value_manipulation,0.05,MEDIUM,precision,5,0.04818569364040973,0.002929213124521149,0.04355155942680528,0.050524679362611735,0.04454859516062297,0.051822792120196484
logistic_regression,mutual_information_select_k_best_k11,value_manipulation__r0p05__medium,value_manipulation,0.05,MEDIUM,recall,5,0.48133333333333334,0.05630275304103698,0.41333333333333333,0.5466666666666666,0.41142423188246463,0.551242434784202
logistic_regression,mutual_information_select_k_best_k11,value_manipulation__r0p05__medium,value_manipulation,0.05,MEDIUM,f1,5,0.08749327012230694,0.004919998454330763,0.08033169214822493,0.09213483146067415,0.08138428517034141,0.09360225507427247
logistic_regression,mutual_information_select_k_best_k11,value_manipulation__r0p05__medium,value_manipulation,0.05,MEDIUM,average_precision,5,0.053176871018752445,0.007480234675962948,0.04417270732092339,0.0642355305671218,0.04388893292348647,0.062464809114018416
logistic_regression,mutual_information_select_k_best_k11,value_manipulation__r0p05__medium,value_manipulation,0.05,MEDIUM,pr_auc_trapezoidal,5,0.052457782238268046,0.007198739711916619,0.04374679008472597,0.06312362847694236,0.04351936630553434,0.061396198171001753
logistic_regression,mutual_information_select_k_best_k11,value_manipulation__r0p05__medium,value_manipulation,0.05,MEDIUM,roc_auc,5,0.492599649122807,0.025292768062054705,0.45168713450292397,0.5123350877192983,0.46119452960521073,0.5240047686404032
logistic_regression,mutual_information_select_k_best_k11,value_manipulation__r0p05__medium,value_manipulation,0.05,MEDIUM,TP,5,144.4,16.890825912311097,124.0,164.0,123.4272695647394,165.37273043526062
logistic_regression,mutual_information_select_k_best_k11,value_manipulation__r0p05__medium,value_manipulation,0.05,MEDIUM,TN,5,2836.8,402.4856519181771,2296.0,3257.0,2337.0480562192306,3336.5519437807698
logistic_regression,mutual_information_select_k_best_k11,value_manipulation__r0p05__medium,value_manipulation,0.05,MEDIUM,FP,5,2863.2,402.4856519181771,2443.0,3404.0,2363.4480562192302,3362.9519437807694
logistic_regression,mutual_information_select_k_best_k11,value_manipulation__r0p05__medium,value_manipulation,0.05,MEDIUM,FN,5,155.6,16.890825912311097,136.0,176.0,134.62726956473938,176.5727304352606
logistic_regression,mutual_information_select_k_best_k11,value_manipulation__r0p05__medium,value_manipulation,0.05,MEDIUM,attack_prevalence,5,0.05,0.0,0.05,0.05,0.05,0.05
logistic_regression,mutual_information_select_k_best_k11,value_manipulation__r0p05__medium,value_manipulation,0.05,MEDIUM,visible_feature_attack_count,5,300.0,0.0,300.0,300.0,300.0,300.0
logistic_regression,mutual_information_select_k_best_k11,value_manipulation__r0p05__medium,value_manipulation,0.05,MEDIUM,invisible_feature_attack_count,5,0.0,0.0,0.0,0.0,0.0,0.0
logistic_regression,mutual_information_select_k_best_k11,value_manipulation__r0p05__medium,value_manipulation,0.05,MEDIUM,selected_feature_visibility_rate,5,1.0,0.0,1.0,1.0,1.0,1.0
logistic_regression,mutual_information_select_k_best_k11,value_manipulation__r0p05__medium,value_manipulation,0.05,MEDIUM,visible_attack_recall,5,0.48133333333333334,0.05630275304103698,0.41333333333333333,0.5466666666666666,0.41142423188246463,0.551242434784202
logistic_regression,mutual_information_select_k_best_k11,value_manipulation__r0p05__medium,value_manipulation,0.05,MEDIUM,invisible_attack_recall,0,,,,,,
logistic_regression,mutual_information_select_k_best_k11,value_manipulation__r0p05__medium,value_manipulation,0.05,MEDIUM,visible_attack_f1,5,0.08749327012230694,0.004919998454330763,0.08033169214822493,0.09213483146067415,0.08138428517034141,0.09360225507427247
logistic_regression,mutual_information_select_k_best_k11,value_manipulation__r0p05__medium,value_manipulation,0.05,MEDIUM,paired_induced_attack_induced_detection_rate,5,0.04,0.037043517951488115,0.0,0.09333333333333334,-0.005995602607214198,0.0859956026072142
logistic_regression,mutual_information_select_k_best_k11,value_manipulation__r0p05__medium,value_manipulation,0.05,MEDIUM,paired_induced_mean_anomaly_score_delta,5,0.0004638720408601538,0.0006001525563735177,-4.9440058592173743e-05,0.0014240272672150557,-0.0002813157818193904,0.001209059863539698
logistic_regression,mutual_information_select_k_best_k11,value_manipulation__r0p05__medium,value_manipulation,0.05,MEDIUM,paired_induced_median_anomaly_score_delta,5,0.0001762472427634776,0.0016090941505514397,-0.0010304564860363352,0.0029763826065845322,-0.0018217070336981006,0.002174201519225056
logistic_regression,mutual_information_select_k_best_k11,value_manipulation__r0p05__medium,value_manipulation,0.05,MEDIUM,selected_feature_count,5,11.0,0.0,11.0,11.0,11.0,11.0
logistic_regression,mutual_information_select_k_best_k11,value_manipulation__r0p05__medium,value_manipulation,0.05,MEDIUM,source_block_count,5,5.0,0.7071067811865476,4.0,6.0,4.122010966914219,5.877989033085781
logistic_regression,mutual_information_select_k_best_k11,value_manipulation__r0p05__medium,value_manipulation,0.05,MEDIUM,selected_input_bytes,5,528132.0,0.0,528132.0,528132.0,528132.0,528132.0
logistic_regression,mutual_information_select_k_best_k11,value_manipulation__r0p05__medium,value_manipulation,0.05,MEDIUM,model_fit_wall_time_sec,5,0.27497685859998455,0.02091021720342391,0.24763035999785643,0.29918557299970416,0.24901339470385145,0.30094032249611763
logistic_regression,mutual_information_select_k_best_k11,value_manipulation__r0p05__medium,value_manipulation,0.05,MEDIUM,model_fit_cpu_time_sec,5,0.09213092119999988,0.014315567471356337,0.07548344399999962,0.10902960499999992,0.07435579645694569,0.10990604594305407
logistic_regression,mutual_information_select_k_best_k11,value_manipulation__r0p05__medium,value_manipulation,0.05,MEDIUM,model_fit_peak_rss_mib,5,163.92734375,0.3541635550567968,163.37890625,164.25390625,163.48759161420978,164.36709588579023
logistic_regression,mutual_information_select_k_best_k11,value_manipulation__r0p05__medium,value_manipulation,0.05,MEDIUM,combined_fit_wall_time_sec,5,0.27497685859998455,0.02091021720342391,0.24763035999785643,0.29918557299970416,0.24901339470385145,0.30094032249611763
logistic_regression,mutual_information_select_k_best_k11,value_manipulation__r0p05__medium,value_manipulation,0.05,MEDIUM,inference_wall_time_sec,5,0.002812328460277058,0.0017028188907997743,0.0013006684006541037,0.005493619100161595,0.0006979995481080311,0.004926657372446085
logistic_regression,mutual_information_select_k_best_k11,value_manipulation__r0p05__medium,value_manipulation,0.05,MEDIUM,per_record_inference_sec,5,4.6872141004617633e-07,2.83803148466629e-07,2.1677806677568396e-07,9.156031833602658e-07,1.1633325801800522e-07,8.211095620743475e-07
logistic_regression,mutual_information_select_k_best_k11,value_manipulation__r0p05__medium,value_manipulation,0.05,MEDIUM,inference_cpu_time_sec,5,0.0028526754000017716,0.0017461942075736516,0.0013008581999997659,0.005594462200002681,0.0006844889185838947,0.005020861881419649
logistic_regression,mutual_information_select_k_best_k11,value_manipulation__r0p05__medium,value_manipulation,0.05,MEDIUM,inference_peak_rss_mib,5,803.40625,0.0,803.40625,803.40625,803.40625,803.40625
logistic_regression,mutual_information_select_k_best_k11,value_manipulation__r0p05__medium,value_manipulation,0.05,MEDIUM,peak_rss_mib,5,803.40625,0.0,803.40625,803.40625,803.40625,803.40625
logistic_regression,mutual_information_select_k_best_k11,value_manipulation__r0p05__medium,value_manipulation,0.05,MEDIUM,serialized_model_bytes,5,1353.2,13.386560424545209,1334.0,1366.0,1336.5783898610498,1369.8216101389503
logistic_regression,mutual_information_select_k_best_k11,value_manipulation__r0p05__medium,value_manipulation,0.05,MEDIUM,serialized_model_kib,5,1.321484375,0.01307281291459493,1.302734375,1.333984375,1.3052523338486814,1.3377164161513186
decision_tree,none_natural,shipping_delivery_manipulation__r0p05__medium,shipping_delivery_manipulation,0.05,MEDIUM,precision,5,0.047948805463882235,0.017082003650478725,0.019933554817275746,0.06666666666666667,0.026738696513880673,0.0691589144138838
decision_tree,none_natural,shipping_delivery_manipulation__r0p05__medium,shipping_delivery_manipulation,0.05,MEDIUM,recall,5,0.14933333333333335,0.17850303452135857,0.0033333333333333335,0.38333333333333336,-0.07230745820213744,0.3709741248688041
decision_tree,none_natural,shipping_delivery_manipulation__r0p05__medium,shipping_delivery_manipulation,0.05,MEDIUM,f1,5,0.04995313683609929,0.038646959113317385,0.006349206349206349,0.09225832330525471,0.0019665990650020865,0.09793967460719649
decision_tree,none_natural,shipping_delivery_manipulation__r0p05__medium,shipping_delivery_manipulation,0.05,MEDIUM,average_precision,5,0.0498372166259192,0.0015427316803360124,0.04823623929227533,0.051834190437976935,0.04792166223955605,0.05175277101228235
decision_tree,none_natural,shipping_delivery_manipulation__r0p05__medium,shipping_delivery_manipulation,0.05,MEDIUM,pr_auc_trapezoidal,5,0.0526569190462298,0.009355947577321102,0.04199791007649802,0.06726326733030769,0.041039975770379225,0.06427386232208038
decision_tree,none_natural,shipping_delivery_manipulation__r0p05__medium,shipping_delivery_manipulation,0.05,MEDIUM,roc_auc,5,0.4974829239766082,0.016691041217169123,0.4793763157894737,0.5180008771929825,0.4767582590046977,0.5182075889485187
decision_tree,none_natural,shipping_delivery_manipulation__r0p05__medium,shipping_delivery_manipulation,0.05,MEDIUM,TP,5,44.8,53.55091035640757,1.0,115.0,-21.692237460641223,111.29223746064122
decision_tree,none_natural,shipping_delivery_manipulation__r0p05__medium,shipping_delivery_manipulation,0.05,MEDIUM,TN,5,4840.0,948.4874801493164,3622.0,5686.0,3662.2972431506505,6017.7027568493495
decision_tree,none_natural,shipping_delivery_manipulation__r0p05__medium,shipping_delivery_manipulation,0.05,MEDIUM,FP,5,860.0,948.4874801493164,14.0,2078.0,-317.7027568493495,2037.7027568493495
decision_tree,none_natural,shipping_delivery_manipulation__r0p05__medium,shipping_delivery_manipulation,0.05,MEDIUM,FN,5,255.2,53.55091035640757,185.0,299.0,188.70776253935878,321.6922374606412
decision_tree,none_natural,shipping_delivery_manipulation__r0p05__medium,shipping_delivery_manipulation,0.05,MEDIUM,attack_prevalence,5,0.05,0.0,0.05,0.05,0.05,0.05
decision_tree,none_natural,shipping_delivery_manipulation__r0p05__medium,shipping_delivery_manipulation,0.05,MEDIUM,visible_feature_attack_count,5,0.0,0.0,0.0,0.0,0.0,0.0
decision_tree,none_natural,shipping_delivery_manipulation__r0p05__medium,shipping_delivery_manipulation,0.05,MEDIUM,invisible_feature_attack_count,5,300.0,0.0,300.0,300.0,300.0,300.0
decision_tree,none_natural,shipping_delivery_manipulation__r0p05__medium,shipping_delivery_manipulation,0.05,MEDIUM,selected_feature_visibility_rate,5,0.0,0.0,0.0,0.0,0.0,0.0
decision_tree,none_natural,shipping_delivery_manipulation__r0p05__medium,shipping_delivery_manipulation,0.05,MEDIUM,visible_attack_recall,0,,,,,,
decision_tree,none_natural,shipping_delivery_manipulation__r0p05__medium,shipping_delivery_manipulation,0.05,MEDIUM,invisible_attack_recall,5,0.14933333333333335,0.17850303452135857,0.0033333333333333335,0.38333333333333336,-0.07230745820213744,0.3709741248688041
decision_tree,none_natural,shipping_delivery_manipulation__r0p05__medium,shipping_delivery_manipulation,0.05,MEDIUM,visible_attack_f1,0,,,,,,
decision_tree,none_natural,shipping_delivery_manipulation__r0p05__medium,shipping_delivery_manipulation,0.05,MEDIUM,paired_induced_attack_induced_detection_rate,5,0.0,0.0,0.0,0.0,0.0,0.0
decision_tree,none_natural,shipping_delivery_manipulation__r0p05__medium,shipping_delivery_manipulation,0.05,MEDIUM,paired_induced_mean_anomaly_score_delta,5,0.0,0.0,0.0,0.0,0.0,0.0
decision_tree,none_natural,shipping_delivery_manipulation__r0p05__medium,shipping_delivery_manipulation,0.05,MEDIUM,paired_induced_median_anomaly_score_delta,5,0.0,0.0,0.0,0.0,0.0,0.0
decision_tree,none_natural,shipping_delivery_manipulation__r0p05__medium,shipping_delivery_manipulation,0.05,MEDIUM,selected_feature_count,5,43.0,0.0,43.0,43.0,43.0,43.0
decision_tree,none_natural,shipping_delivery_manipulation__r0p05__medium,shipping_delivery_manipulation,0.05,MEDIUM,source_block_count,5,10.0,0.0,10.0,10.0,10.0,10.0
decision_tree,none_natural,shipping_delivery_manipulation__r0p05__medium,shipping_delivery_manipulation,0.05,MEDIUM,selected_input_bytes,5,2064132.0,0.0,2064132.0,2064132.0,2064132.0,2064132.0
decision_tree,none_natural,shipping_delivery_manipulation__r0p05__medium,shipping_delivery_manipulation,0.05,MEDIUM,model_fit_wall_time_sec,0,,,,,,
decision_tree,none_natural,shipping_delivery_manipulation__r0p05__medium,shipping_delivery_manipulation,0.05,MEDIUM,model_fit_cpu_time_sec,0,,,,,,
decision_tree,none_natural,shipping_delivery_manipulation__r0p05__medium,shipping_delivery_manipulation,0.05,MEDIUM,model_fit_peak_rss_mib,0,,,,,,
decision_tree,none_natural,shipping_delivery_manipulation__r0p05__medium,shipping_delivery_manipulation,0.05,MEDIUM,combined_fit_wall_time_sec,0,,,,,,
decision_tree,none_natural,shipping_delivery_manipulation__r0p05__medium,shipping_delivery_manipulation,0.05,MEDIUM,inference_wall_time_sec,5,0.002803299380175304,0.0002250647010551042,0.002487145700433757,0.0031144961001700723,0.0025238446436084663,0.0030827541167421416
decision_tree,none_natural,shipping_delivery_manipulation__r0p05__medium,shipping_delivery_manipulation,0.05,MEDIUM,per_record_inference_sec,5,4.672165633625506e-07,3.7510783509184034e-08,4.145242834056262e-07,5.190826833616787e-07,4.206407739347443e-07,5.137923527903569e-07
decision_tree,none_natural,shipping_delivery_manipulation__r0p05__medium,shipping_delivery_manipulation,0.05,MEDIUM,inference_cpu_time_sec,5,0.0028741200399986155,0.00021958284106251793,0.0025362651000023105,0.0031510120999996617,0.002601471931627771,0.00314676814836946
decision_tree,none_natural,shipping_delivery_manipulation__r0p05__medium,shipping_delivery_manipulation,0.05,MEDIUM,inference_peak_rss_mib,5,803.578125,0.39311705079403514,803.390625,804.28125,803.0900057109486,804.0662442890514
decision_tree,none_natural,shipping_delivery_manipulation__r0p05__medium,shipping_delivery_manipulation,0.05,MEDIUM,peak_rss_mib,5,803.578125,0.39311705079403514,803.390625,804.28125,803.0900057109486,804.0662442890514
decision_tree,none_natural,shipping_delivery_manipulation__r0p05__medium,shipping_delivery_manipulation,0.05,MEDIUM,serialized_model_bytes,5,4132.0,327.90242451070714,3780.0,4420.0,3724.8553645610036,4539.144635438996
decision_tree,none_natural,shipping_delivery_manipulation__r0p05__medium,shipping_delivery_manipulation,0.05,MEDIUM,serialized_model_kib,5,4.03515625,0.32021721143623744,3.69140625,4.31640625,3.637554066954105,4.432758433045895
logistic_regression,none_natural,shipping_delivery_manipulation__r0p05__medium,shipping_delivery_manipulation,0.05,MEDIUM,precision,5,0.050276593647123245,0.004746653166878168,0.04508979747802828,0.05647668393782383,0.04438284529784606,0.05617034199640043
logistic_regression,none_natural,shipping_delivery_manipulation__r0p05__medium,shipping_delivery_manipulation,0.05,MEDIUM,recall,5,0.43133333333333335,0.061037329197430934,0.36333333333333334,0.5233333333333333,0.35554547912231166,0.507121187544355
logistic_regression,none_natural,shipping_delivery_manipulation__r0p05__medium,shipping_delivery_manipulation,0.05,MEDIUM,f1,5,0.08982694328656964,0.007334652414801644,0.08090503942406582,0.09775784753363229,0.0807197694437649,0.09893411712937437
logistic_regression,none_natural,shipping_delivery_manipulation__r0p05__medium,shipping_delivery_manipulation,0.05,MEDIUM,average_precision,5,0.052726927835686666,0.003832699318456843,0.04690785373345814,0.05759008655424181,0.04796800307601492,0.05748585259535841
logistic_regression,none_natural,shipping_delivery_manipulation__r0p05__medium,shipping_delivery_manipulation,0.05,MEDIUM,pr_auc_trapezoidal,5,0.05211761410698734,0.0037603105368860523,0.04641712012179537,0.056871772294030745,0.04744857189126595,0.05678665632270873
logistic_regression,none_natural,shipping_delivery_manipulation__r0p05__medium,shipping_delivery_manipulation,0.05,MEDIUM,roc_auc,5,0.5053941520467836,0.024614400623762828,0.4776362573099415,0.5311011695906432,0.47483133695486873,0.5359569671386984
logistic_regression,none_natural,shipping_delivery_manipulation__r0p05__medium,shipping_delivery_manipulation,0.05,MEDIUM,TP,5,129.4,18.31119875922928,109.0,157.0,106.6636437366935,152.1363562633065
logistic_regression,none_natural,shipping_delivery_manipulation__r0p05__medium,shipping_delivery_manipulation,0.05,MEDIUM,TN,5,3234.8,420.4048049202102,2837.0,3879.0,2712.798489058284,3756.8015109417165
logistic_regression,none_natural,shipping_delivery_manipulation__r0p05__medium,shipping_delivery_manipulation,0.05,MEDIUM,FP,5,2465.2,420.4048049202102,1821.0,2863.0,1943.1984890582833,2987.201510941716
logistic_regression,none_natural,shipping_delivery_manipulation__r0p05__medium,shipping_delivery_manipulation,0.05,MEDIUM,FN,5,170.6,18.31119875922928,143.0,191.0,147.8636437366935,193.3363562633065
logistic_regression,none_natural,shipping_delivery_manipulation__r0p05__medium,shipping_delivery_manipulation,0.05,MEDIUM,attack_prevalence,5,0.05,0.0,0.05,0.05,0.05,0.05
logistic_regression,none_natural,shipping_delivery_manipulation__r0p05__medium,shipping_delivery_manipulation,0.05,MEDIUM,visible_feature_attack_count,5,0.0,0.0,0.0,0.0,0.0,0.0
logistic_regression,none_natural,shipping_delivery_manipulation__r0p05__medium,shipping_delivery_manipulation,0.05,MEDIUM,invisible_feature_attack_count,5,300.0,0.0,300.0,300.0,300.0,300.0
logistic_regression,none_natural,shipping_delivery_manipulation__r0p05__medium,shipping_delivery_manipulation,0.05,MEDIUM,selected_feature_visibility_rate,5,0.0,0.0,0.0,0.0,0.0,0.0
logistic_regression,none_natural,shipping_delivery_manipulation__r0p05__medium,shipping_delivery_manipulation,0.05,MEDIUM,visible_attack_recall,0,,,,,,
logistic_regression,none_natural,shipping_delivery_manipulation__r0p05__medium,shipping_delivery_manipulation,0.05,MEDIUM,invisible_attack_recall,5,0.43133333333333335,0.061037329197430934,0.36333333333333334,0.5233333333333333,0.35554547912231166,0.507121187544355
logistic_regression,none_natural,shipping_delivery_manipulation__r0p05__medium,shipping_delivery_manipulation,0.05,MEDIUM,visible_attack_f1,0,,,,,,
logistic_regression,none_natural,shipping_delivery_manipulation__r0p05__medium,shipping_delivery_manipulation,0.05,MEDIUM,paired_induced_attack_induced_detection_rate,5,0.0,0.0,0.0,0.0,0.0,0.0
logistic_regression,none_natural,shipping_delivery_manipulation__r0p05__medium,shipping_delivery_manipulation,0.05,MEDIUM,paired_induced_mean_anomaly_score_delta,5,0.0,0.0,0.0,0.0,0.0,0.0
logistic_regression,none_natural,shipping_delivery_manipulation__r0p05__medium,shipping_delivery_manipulation,0.05,MEDIUM,paired_induced_median_anomaly_score_delta,5,0.0,0.0,0.0,0.0,0.0,0.0
logistic_regression,none_natural,shipping_delivery_manipulation__r0p05__medium,shipping_delivery_manipulation,0.05,MEDIUM,selected_feature_count,5,43.0,0.0,43.0,43.0,43.0,43.0
logistic_regression,none_natural,shipping_delivery_manipulation__r0p05__medium,shipping_delivery_manipulation,0.05,MEDIUM,source_block_count,5,10.0,0.0,10.0,10.0,10.0,10.0
logistic_regression,none_natural,shipping_delivery_manipulation__r0p05__medium,shipping_delivery_manipulation,0.05,MEDIUM,selected_input_bytes,5,2064132.0,0.0,2064132.0,2064132.0,2064132.0,2064132.0
logistic_regression,none_natural,shipping_delivery_manipulation__r0p05__medium,shipping_delivery_manipulation,0.05,MEDIUM,model_fit_wall_time_sec,5,0.49001829079934395,0.09719446902817075,0.4144513709979947,0.6605000540002948,0.3693354177824376,0.6107011638162503
logistic_regression,none_natural,shipping_delivery_manipulation__r0p05__medium,shipping_delivery_manipulation,0.05,MEDIUM,model_fit_cpu_time_sec,5,0.29261962500000005,0.07522294968955433,0.21856836799999968,0.4180874179999998,0.19921799653171318,0.3860212534682869
logistic_regression,none_natural,shipping_delivery_manipulation__r0p05__medium,shipping_delivery_manipulation,0.05,MEDIUM,model_fit_peak_rss_mib,5,182.0546875,0.12530480415894876,181.8984375,182.19140625,181.89910103587374,182.21027396412626
logistic_regression,none_natural,shipping_delivery_manipulation__r0p05__medium,shipping_delivery_manipulation,0.05,MEDIUM,combined_fit_wall_time_sec,5,0.49001829079934395,0.09719446902817075,0.4144513709979947,0.6605000540002948,0.3693354177824376,0.6107011638162503
logistic_regression,none_natural,shipping_delivery_manipulation__r0p05__medium,shipping_delivery_manipulation,0.05,MEDIUM,inference_wall_time_sec,5,0.0025270273801288566,0.000531305554677667,0.0017613796997466124,0.003148582200083183,0.0018673244008393917,0.0031867303594183215
logistic_regression,none_natural,shipping_delivery_manipulation__r0p05__medium,shipping_delivery_manipulation,0.05,MEDIUM,per_record_inference_sec,5,4.2117123002147617e-07,8.855092577961118e-08,2.935632832911021e-07,5.247637000138639e-07,3.1122073347323203e-07,5.311217265697203e-07
logistic_regression,none_natural,shipping_delivery_manipulation__r0p05__medium,shipping_delivery_manipulation,0.05,MEDIUM,inference_cpu_time_sec,5,0.0025914148000015305,0.0005431438413612299,0.0017841912999983834,0.0032216220000009345,0.001917012646336659,0.0032658169536664023
logistic_regression,none_natural,shipping_delivery_manipulation__r0p05__medium,shipping_delivery_manipulation,0.05,MEDIUM,inference_peak_rss_mib,5,803.57734375,0.39137038258814055,803.390625,804.27734375,803.0913932359766,804.0632942640233
logistic_regression,none_natural,shipping_delivery_manipulation__r0p05__medium,shipping_delivery_manipulation,0.05,MEDIUM,peak_rss_mib,5,803.57734375,0.39137038258814055,803.390625,804.27734375,803.0913932359766,804.0632942640233
logistic_regression,none_natural,shipping_delivery_manipulation__r0p05__medium,shipping_delivery_manipulation,0.05,MEDIUM,serialized_model_bytes,5,2342.0,0.0,2342.0,2342.0,2342.0,2342.0
logistic_regression,none_natural,shipping_delivery_manipulation__r0p05__medium,shipping_delivery_manipulation,0.05,MEDIUM,serialized_model_kib,5,2.287109375,0.0,2.287109375,2.287109375,2.287109375,2.287109375
decision_tree,pairwise_correlation_filter_natural,shipping_delivery_manipulation__r0p05__medium,shipping_delivery_manipulation,0.05,MEDIUM,precision,5,0.047948805463882235,0.017082003650478725,0.019933554817275746,0.06666666666666667,0.026738696513880673,0.0691589144138838
decision_tree,pairwise_correlation_filter_natural,shipping_delivery_manipulation__r0p05__medium,shipping_delivery_manipulation,0.05,MEDIUM,recall,5,0.14933333333333335,0.17850303452135857,0.0033333333333333335,0.38333333333333336,-0.07230745820213744,0.3709741248688041
decision_tree,pairwise_correlation_filter_natural,shipping_delivery_manipulation__r0p05__medium,shipping_delivery_manipulation,0.05,MEDIUM,f1,5,0.04995313683609929,0.038646959113317385,0.006349206349206349,0.09225832330525471,0.0019665990650020865,0.09793967460719649
decision_tree,pairwise_correlation_filter_natural,shipping_delivery_manipulation__r0p05__medium,shipping_delivery_manipulation,0.05,MEDIUM,average_precision,5,0.0498372166259192,0.0015427316803360124,0.04823623929227533,0.051834190437976935,0.04792166223955605,0.05175277101228235
decision_tree,pairwise_correlation_filter_natural,shipping_delivery_manipulation__r0p05__medium,shipping_delivery_manipulation,0.05,MEDIUM,pr_auc_trapezoidal,5,0.0526569190462298,0.009355947577321102,0.04199791007649802,0.06726326733030769,0.041039975770379225,0.06427386232208038
decision_tree,pairwise_correlation_filter_natural,shipping_delivery_manipulation__r0p05__medium,shipping_delivery_manipulation,0.05,MEDIUM,roc_auc,5,0.4974829239766082,0.016691041217169123,0.4793763157894737,0.5180008771929825,0.4767582590046977,0.5182075889485187
decision_tree,pairwise_correlation_filter_natural,shipping_delivery_manipulation__r0p05__medium,shipping_delivery_manipulation,0.05,MEDIUM,TP,5,44.8,53.55091035640757,1.0,115.0,-21.692237460641223,111.29223746064122
decision_tree,pairwise_correlation_filter_natural,shipping_delivery_manipulation__r0p05__medium,shipping_delivery_manipulation,0.05,MEDIUM,TN,5,4840.0,948.4874801493164,3622.0,5686.0,3662.2972431506505,6017.7027568493495
decision_tree,pairwise_correlation_filter_natural,shipping_delivery_manipulation__r0p05__medium,shipping_delivery_manipulation,0.05,MEDIUM,FP,5,860.0,948.4874801493164,14.0,2078.0,-317.7027568493495,2037.7027568493495
decision_tree,pairwise_correlation_filter_natural,shipping_delivery_manipulation__r0p05__medium,shipping_delivery_manipulation,0.05,MEDIUM,FN,5,255.2,53.55091035640757,185.0,299.0,188.70776253935878,321.6922374606412
decision_tree,pairwise_correlation_filter_natural,shipping_delivery_manipulation__r0p05__medium,shipping_delivery_manipulation,0.05,MEDIUM,attack_prevalence,5,0.05,0.0,0.05,0.05,0.05,0.05
decision_tree,pairwise_correlation_filter_natural,shipping_delivery_manipulation__r0p05__medium,shipping_delivery_manipulation,0.05,MEDIUM,visible_feature_attack_count,5,0.0,0.0,0.0,0.0,0.0,0.0
decision_tree,pairwise_correlation_filter_natural,shipping_delivery_manipulation__r0p05__medium,shipping_delivery_manipulation,0.05,MEDIUM,invisible_feature_attack_count,5,300.0,0.0,300.0,300.0,300.0,300.0
decision_tree,pairwise_correlation_filter_natural,shipping_delivery_manipulation__r0p05__medium,shipping_delivery_manipulation,0.05,MEDIUM,selected_feature_visibility_rate,5,0.0,0.0,0.0,0.0,0.0,0.0
decision_tree,pairwise_correlation_filter_natural,shipping_delivery_manipulation__r0p05__medium,shipping_delivery_manipulation,0.05,MEDIUM,visible_attack_recall,0,,,,,,
decision_tree,pairwise_correlation_filter_natural,shipping_delivery_manipulation__r0p05__medium,shipping_delivery_manipulation,0.05,MEDIUM,invisible_attack_recall,5,0.14933333333333335,0.17850303452135857,0.0033333333333333335,0.38333333333333336,-0.07230745820213744,0.3709741248688041
decision_tree,pairwise_correlation_filter_natural,shipping_delivery_manipulation__r0p05__medium,shipping_delivery_manipulation,0.05,MEDIUM,visible_attack_f1,0,,,,,,
decision_tree,pairwise_correlation_filter_natural,shipping_delivery_manipulation__r0p05__medium,shipping_delivery_manipulation,0.05,MEDIUM,paired_induced_attack_induced_detection_rate,5,0.0,0.0,0.0,0.0,0.0,0.0
decision_tree,pairwise_correlation_filter_natural,shipping_delivery_manipulation__r0p05__medium,shipping_delivery_manipulation,0.05,MEDIUM,paired_induced_mean_anomaly_score_delta,5,0.0,0.0,0.0,0.0,0.0,0.0
decision_tree,pairwise_correlation_filter_natural,shipping_delivery_manipulation__r0p05__medium,shipping_delivery_manipulation,0.05,MEDIUM,paired_induced_median_anomaly_score_delta,5,0.0,0.0,0.0,0.0,0.0,0.0
decision_tree,pairwise_correlation_filter_natural,shipping_delivery_manipulation__r0p05__medium,shipping_delivery_manipulation,0.05,MEDIUM,selected_feature_count,5,42.0,0.0,42.0,42.0,42.0,42.0
decision_tree,pairwise_correlation_filter_natural,shipping_delivery_manipulation__r0p05__medium,shipping_delivery_manipulation,0.05,MEDIUM,source_block_count,5,9.0,0.0,9.0,9.0,9.0,9.0
decision_tree,pairwise_correlation_filter_natural,shipping_delivery_manipulation__r0p05__medium,shipping_delivery_manipulation,0.05,MEDIUM,selected_input_bytes,5,2016132.0,0.0,2016132.0,2016132.0,2016132.0,2016132.0
decision_tree,pairwise_correlation_filter_natural,shipping_delivery_manipulation__r0p05__medium,shipping_delivery_manipulation,0.05,MEDIUM,model_fit_wall_time_sec,0,,,,,,
decision_tree,pairwise_correlation_filter_natural,shipping_delivery_manipulation__r0p05__medium,shipping_delivery_manipulation,0.05,MEDIUM,model_fit_cpu_time_sec,0,,,,,,
decision_tree,pairwise_correlation_filter_natural,shipping_delivery_manipulation__r0p05__medium,shipping_delivery_manipulation,0.05,MEDIUM,model_fit_peak_rss_mib,0,,,,,,
decision_tree,pairwise_correlation_filter_natural,shipping_delivery_manipulation__r0p05__medium,shipping_delivery_manipulation,0.05,MEDIUM,combined_fit_wall_time_sec,0,,,,,,
decision_tree,pairwise_correlation_filter_natural,shipping_delivery_manipulation__r0p05__medium,shipping_delivery_manipulation,0.05,MEDIUM,inference_wall_time_sec,5,0.003307990439934656,0.0007565109969402534,0.002642490299331257,0.004574251699523302,0.0023686579707879593,0.004247322909081353
decision_tree,pairwise_correlation_filter_natural,shipping_delivery_manipulation__r0p05__medium,shipping_delivery_manipulation,0.05,MEDIUM,per_record_inference_sec,5,5.513317399891094e-07,1.260851661567089e-07,4.4041504988854286e-07,7.623752832538836e-07,3.9477632846465995e-07,7.078871515135589e-07
decision_tree,pairwise_correlation_filter_natural,shipping_delivery_manipulation__r0p05__medium,shipping_delivery_manipulation,0.05,MEDIUM,inference_cpu_time_sec,5,0.0034270390000006048,0.0008179493229556706,0.0026816127000017786,0.004809163799995986,0.0024114207733305975,0.004442657226670612
decision_tree,pairwise_correlation_filter_natural,shipping_delivery_manipulation__r0p05__medium,shipping_delivery_manipulation,0.05,MEDIUM,inference_peak_rss_mib,5,803.5765625,0.39183990759440745,803.38671875,804.27734375,803.0900289936802,804.0630960063198
decision_tree,pairwise_correlation_filter_natural,shipping_delivery_manipulation__r0p05__medium,shipping_delivery_manipulation,0.05,MEDIUM,peak_rss_mib,5,803.5765625,0.39183990759440745,803.38671875,804.27734375,803.0900289936802,804.0630960063198
decision_tree,pairwise_correlation_filter_natural,shipping_delivery_manipulation__r0p05__medium,shipping_delivery_manipulation,0.05,MEDIUM,serialized_model_bytes,5,4116.0,327.90242451070714,3764.0,4404.0,3708.8553645610036,4523.144635438996
decision_tree,pairwise_correlation_filter_natural,shipping_delivery_manipulation__r0p05__medium,shipping_delivery_manipulation,0.05,MEDIUM,serialized_model_kib,5,4.01953125,0.32021721143623744,3.67578125,4.30078125,3.621929066954105,4.417133433045895
logistic_regression,pairwise_correlation_filter_natural,shipping_delivery_manipulation__r0p05__medium,shipping_delivery_manipulation,0.05,MEDIUM,precision,5,0.050276593647123245,0.004746653166878168,0.04508979747802828,0.05647668393782383,0.04438284529784606,0.05617034199640043
logistic_regression,pairwise_correlation_filter_natural,shipping_delivery_manipulation__r0p05__medium,shipping_delivery_manipulation,0.05,MEDIUM,recall,5,0.43133333333333335,0.061037329197430934,0.36333333333333334,0.5233333333333333,0.35554547912231166,0.507121187544355
logistic_regression,pairwise_correlation_filter_natural,shipping_delivery_manipulation__r0p05__medium,shipping_delivery_manipulation,0.05,MEDIUM,f1,5,0.08982694328656964,0.007334652414801644,0.08090503942406582,0.09775784753363229,0.0807197694437649,0.09893411712937437
logistic_regression,pairwise_correlation_filter_natural,shipping_delivery_manipulation__r0p05__medium,shipping_delivery_manipulation,0.05,MEDIUM,average_precision,5,0.05272614987579215,0.0038345650939319454,0.046902518260391914,0.057589503259810146,0.047964908449884235,0.05748739130170006
logistic_regression,pairwise_correlation_filter_natural,shipping_delivery_manipulation__r0p05__medium,shipping_delivery_manipulation,0.05,MEDIUM,pr_auc_trapezoidal,5,0.05211696765748545,0.003761878806501215,0.04641255321650849,0.05687119182217816,0.047445978177843434,0.05678795713712746
logistic_regression,pairwise_correlation_filter_natural,shipping_delivery_manipulation__r0p05__medium,shipping_delivery_manipulation,0.05,MEDIUM,roc_auc,5,0.5053918128654971,0.024612616258210006,0.4776356725146199,0.5310982456140352,0.4748312133560488,0.5359524123749454
logistic_regression,pairwise_correlation_filter_natural,shipping_delivery_manipulation__r0p05__medium,shipping_delivery_manipulation,0.05,MEDIUM,TP,5,129.4,18.31119875922928,109.0,157.0,106.6636437366935,152.1363562633065
logistic_regression,pairwise_correlation_filter_natural,shipping_delivery_manipulation__r0p05__medium,shipping_delivery_manipulation,0.05,MEDIUM,TN,5,3234.8,420.4048049202102,2837.0,3879.0,2712.798489058284,3756.8015109417165
logistic_regression,pairwise_correlation_filter_natural,shipping_delivery_manipulation__r0p05__medium,shipping_delivery_manipulation,0.05,MEDIUM,FP,5,2465.2,420.4048049202102,1821.0,2863.0,1943.1984890582833,2987.201510941716
logistic_regression,pairwise_correlation_filter_natural,shipping_delivery_manipulation__r0p05__medium,shipping_delivery_manipulation,0.05,MEDIUM,FN,5,170.6,18.31119875922928,143.0,191.0,147.8636437366935,193.3363562633065
logistic_regression,pairwise_correlation_filter_natural,shipping_delivery_manipulation__r0p05__medium,shipping_delivery_manipulation,0.05,MEDIUM,attack_prevalence,5,0.05,0.0,0.05,0.05,0.05,0.05
logistic_regression,pairwise_correlation_filter_natural,shipping_delivery_manipulation__r0p05__medium,shipping_delivery_manipulation,0.05,MEDIUM,visible_feature_attack_count,5,0.0,0.0,0.0,0.0,0.0,0.0
logistic_regression,pairwise_correlation_filter_natural,shipping_delivery_manipulation__r0p05__medium,shipping_delivery_manipulation,0.05,MEDIUM,invisible_feature_attack_count,5,300.0,0.0,300.0,300.0,300.0,300.0
logistic_regression,pairwise_correlation_filter_natural,shipping_delivery_manipulation__r0p05__medium,shipping_delivery_manipulation,0.05,MEDIUM,selected_feature_visibility_rate,5,0.0,0.0,0.0,0.0,0.0,0.0
logistic_regression,pairwise_correlation_filter_natural,shipping_delivery_manipulation__r0p05__medium,shipping_delivery_manipulation,0.05,MEDIUM,visible_attack_recall,0,,,,,,
logistic_regression,pairwise_correlation_filter_natural,shipping_delivery_manipulation__r0p05__medium,shipping_delivery_manipulation,0.05,MEDIUM,invisible_attack_recall,5,0.43133333333333335,0.061037329197430934,0.36333333333333334,0.5233333333333333,0.35554547912231166,0.507121187544355
logistic_regression,pairwise_correlation_filter_natural,shipping_delivery_manipulation__r0p05__medium,shipping_delivery_manipulation,0.05,MEDIUM,visible_attack_f1,0,,,,,,
logistic_regression,pairwise_correlation_filter_natural,shipping_delivery_manipulation__r0p05__medium,shipping_delivery_manipulation,0.05,MEDIUM,paired_induced_attack_induced_detection_rate,5,0.0,0.0,0.0,0.0,0.0,0.0
logistic_regression,pairwise_correlation_filter_natural,shipping_delivery_manipulation__r0p05__medium,shipping_delivery_manipulation,0.05,MEDIUM,paired_induced_mean_anomaly_score_delta,5,0.0,0.0,0.0,0.0,0.0,0.0
logistic_regression,pairwise_correlation_filter_natural,shipping_delivery_manipulation__r0p05__medium,shipping_delivery_manipulation,0.05,MEDIUM,paired_induced_median_anomaly_score_delta,5,0.0,0.0,0.0,0.0,0.0,0.0
logistic_regression,pairwise_correlation_filter_natural,shipping_delivery_manipulation__r0p05__medium,shipping_delivery_manipulation,0.05,MEDIUM,selected_feature_count,5,42.0,0.0,42.0,42.0,42.0,42.0
logistic_regression,pairwise_correlation_filter_natural,shipping_delivery_manipulation__r0p05__medium,shipping_delivery_manipulation,0.05,MEDIUM,source_block_count,5,9.0,0.0,9.0,9.0,9.0,9.0
logistic_regression,pairwise_correlation_filter_natural,shipping_delivery_manipulation__r0p05__medium,shipping_delivery_manipulation,0.05,MEDIUM,selected_input_bytes,5,2016132.0,0.0,2016132.0,2016132.0,2016132.0,2016132.0
logistic_regression,pairwise_correlation_filter_natural,shipping_delivery_manipulation__r0p05__medium,shipping_delivery_manipulation,0.05,MEDIUM,model_fit_wall_time_sec,5,0.5226187851993018,0.1320858923339655,0.33173528499901295,0.6544766820006771,0.358612488017468,0.6866250823811357
logistic_regression,pairwise_correlation_filter_natural,shipping_delivery_manipulation__r0p05__medium,shipping_delivery_manipulation,0.05,MEDIUM,model_fit_cpu_time_sec,5,0.32897909459999986,0.11776488132572177,0.18253484599999936,0.47190246899999977,0.18275468120499616,0.47520350799500355
logistic_regression,pairwise_correlation_filter_natural,shipping_delivery_manipulation__r0p05__medium,shipping_delivery_manipulation,0.05,MEDIUM,model_fit_peak_rss_mib,5,181.35625,0.274181465592076,181.0546875,181.63671875,181.01580874519928,181.6966912548007
logistic_regression,pairwise_correlation_filter_natural,shipping_delivery_manipulation__r0p05__medium,shipping_delivery_manipulation,0.05,MEDIUM,combined_fit_wall_time_sec,5,0.5226187851993018,0.1320858923339655,0.33173528499901295,0.6544766820006771,0.358612488017468,0.6866250823811357
logistic_regression,pairwise_correlation_filter_natural,shipping_delivery_manipulation__r0p05__medium,shipping_delivery_manipulation,0.05,MEDIUM,inference_wall_time_sec,5,0.0024791685400123243,0.000557890570914129,0.0019998882999061607,0.0032905258005484937,0.0017864559031703555,0.003171881176854293
logistic_regression,pairwise_correlation_filter_natural,shipping_delivery_manipulation__r0p05__medium,shipping_delivery_manipulation,0.05,MEDIUM,per_record_inference_sec,5,4.1319475666872066e-07,9.29817618190215e-08,3.333147166510268e-07,5.484209667580823e-07,2.9774265052839254e-07,5.286468628090488e-07
logistic_regression,pairwise_correlation_filter_natural,shipping_delivery_manipulation__r0p05__medium,shipping_delivery_manipulation,0.05,MEDIUM,inference_cpu_time_sec,5,0.002557585020000488,0.000567296597114754,0.0020292784999980996,0.0033873059999962154,0.0018531932590590328,0.0032619767809419433
logistic_regression,pairwise_correlation_filter_natural,shipping_delivery_manipulation__r0p05__medium,shipping_delivery_manipulation,0.05,MEDIUM,inference_peak_rss_mib,5,803.5765625,0.39183990759440745,803.38671875,804.27734375,803.0900289936802,804.0630960063198
logistic_regression,pairwise_correlation_filter_natural,shipping_delivery_manipulation__r0p05__medium,shipping_delivery_manipulation,0.05,MEDIUM,peak_rss_mib,5,803.5765625,0.39183990759440745,803.38671875,804.27734375,803.0900289936802,804.0630960063198
logistic_regression,pairwise_correlation_filter_natural,shipping_delivery_manipulation__r0p05__medium,shipping_delivery_manipulation,0.05,MEDIUM,serialized_model_bytes,5,2310.0,0.0,2310.0,2310.0,2310.0,2310.0
logistic_regression,pairwise_correlation_filter_natural,shipping_delivery_manipulation__r0p05__medium,shipping_delivery_manipulation,0.05,MEDIUM,serialized_model_kib,5,2.255859375,0.0,2.255859375,2.255859375,2.255859375,2.255859375
decision_tree,mutual_information_select_k_best_k11,shipping_delivery_manipulation__r0p05__medium,shipping_delivery_manipulation,0.05,MEDIUM,precision,5,0.0349799911349024,0.023806697203776126,0.0,0.05303030303030303,0.00542007230081187,0.06453990996899292
decision_tree,mutual_information_select_k_best_k11,shipping_delivery_manipulation__r0p05__medium,shipping_delivery_manipulation,0.05,MEDIUM,recall,5,0.142,0.1771628252954515,0.0,0.37333333333333335,-0.0779767019896001,0.3619767019896001
decision_tree,mutual_information_select_k_best_k11,shipping_delivery_manipulation__r0p05__medium,shipping_delivery_manipulation,0.05,MEDIUM,f1,5,0.04572577079155481,0.04035924019815068,0.0,0.09035901573215006,-0.004386844757386876,0.09583838634049649
decision_tree,mutual_information_select_k_best_k11,shipping_delivery_manipulation__r0p05__medium,shipping_delivery_manipulation,0.05,MEDIUM,average_precision,5,0.04965751847960783,0.0011230480228161179,0.04846461575711224,0.05080137008929517,0.04826307018142203,0.05105196677779363
decision_tree,mutual_information_select_k_best_k11,shipping_delivery_manipulation__r0p05__medium,shipping_delivery_manipulation,0.05,MEDIUM,pr_auc_trapezoidal,5,0.049654543650855525,0.004407046621056406,0.04233572895199188,0.05354681608752866,0.044182472523079885,0.055126614778631164
decision_tree,mutual_information_select_k_best_k11,shipping_delivery_manipulation__r0p05__medium,shipping_delivery_manipulation,0.05,MEDIUM,roc_auc,5,0.49530239766081874,0.013908674213721278,0.48026959064327485,0.508626023391813,0.47803249762688227,0.5125722976947552
decision_tree,mutual_information_select_k_best_k11,shipping_delivery_manipulation__r0p05__medium,shipping_delivery_manipulation,0.05,MEDIUM,TP,5,42.6,53.14884758863545,0.0,112.0,-23.393010596880025,108.59301059688002
decision_tree,mutual_information_select_k_best_k11,shipping_delivery_manipulation__r0p05__medium,shipping_delivery_manipulation,0.05,MEDIUM,TN,5,4868.4,960.047811309416,3633.0,5689.0,3676.34319614183,6060.456803858169
decision_tree,mutual_information_select_k_best_k11,shipping_delivery_manipulation__r0p05__medium,shipping_delivery_manipulation,0.05,MEDIUM,FP,5,831.6,960.047811309416,11.0,2067.0,-360.4568038581698,2023.65680385817
decision_tree,mutual_information_select_k_best_k11,shipping_delivery_manipulation__r0p05__medium,shipping_delivery_manipulation,0.05,MEDIUM,FN,5,257.4,53.14884758863545,188.0,300.0,191.40698940311995,323.39301059688
decision_tree,mutual_information_select_k_best_k11,shipping_delivery_manipulation__r0p05__medium,shipping_delivery_manipulation,0.05,MEDIUM,attack_prevalence,5,0.05,0.0,0.05,0.05,0.05,0.05
decision_tree,mutual_information_select_k_best_k11,shipping_delivery_manipulation__r0p05__medium,shipping_delivery_manipulation,0.05,MEDIUM,visible_feature_attack_count,5,0.0,0.0,0.0,0.0,0.0,0.0
decision_tree,mutual_information_select_k_best_k11,shipping_delivery_manipulation__r0p05__medium,shipping_delivery_manipulation,0.05,MEDIUM,invisible_feature_attack_count,5,300.0,0.0,300.0,300.0,300.0,300.0
decision_tree,mutual_information_select_k_best_k11,shipping_delivery_manipulation__r0p05__medium,shipping_delivery_manipulation,0.05,MEDIUM,selected_feature_visibility_rate,5,0.0,0.0,0.0,0.0,0.0,0.0
decision_tree,mutual_information_select_k_best_k11,shipping_delivery_manipulation__r0p05__medium,shipping_delivery_manipulation,0.05,MEDIUM,visible_attack_recall,0,,,,,,
decision_tree,mutual_information_select_k_best_k11,shipping_delivery_manipulation__r0p05__medium,shipping_delivery_manipulation,0.05,MEDIUM,invisible_attack_recall,5,0.142,0.1771628252954515,0.0,0.37333333333333335,-0.0779767019896001,0.3619767019896001
decision_tree,mutual_information_select_k_best_k11,shipping_delivery_manipulation__r0p05__medium,shipping_delivery_manipulation,0.05,MEDIUM,visible_attack_f1,0,,,,,,
decision_tree,mutual_information_select_k_best_k11,shipping_delivery_manipulation__r0p05__medium,shipping_delivery_manipulation,0.05,MEDIUM,paired_induced_attack_induced_detection_rate,5,0.0,0.0,0.0,0.0,0.0,0.0
decision_tree,mutual_information_select_k_best_k11,shipping_delivery_manipulation__r0p05__medium,shipping_delivery_manipulation,0.05,MEDIUM,paired_induced_mean_anomaly_score_delta,5,0.0,0.0,0.0,0.0,0.0,0.0
decision_tree,mutual_information_select_k_best_k11,shipping_delivery_manipulation__r0p05__medium,shipping_delivery_manipulation,0.05,MEDIUM,paired_induced_median_anomaly_score_delta,5,0.0,0.0,0.0,0.0,0.0,0.0
decision_tree,mutual_information_select_k_best_k11,shipping_delivery_manipulation__r0p05__medium,shipping_delivery_manipulation,0.05,MEDIUM,selected_feature_count,5,11.0,0.0,11.0,11.0,11.0,11.0
decision_tree,mutual_information_select_k_best_k11,shipping_delivery_manipulation__r0p05__medium,shipping_delivery_manipulation,0.05,MEDIUM,source_block_count,5,5.0,0.7071067811865476,4.0,6.0,4.122010966914219,5.877989033085781
decision_tree,mutual_information_select_k_best_k11,shipping_delivery_manipulation__r0p05__medium,shipping_delivery_manipulation,0.05,MEDIUM,selected_input_bytes,5,528132.0,0.0,528132.0,528132.0,528132.0,528132.0
decision_tree,mutual_information_select_k_best_k11,shipping_delivery_manipulation__r0p05__medium,shipping_delivery_manipulation,0.05,MEDIUM,model_fit_wall_time_sec,0,,,,,,
decision_tree,mutual_information_select_k_best_k11,shipping_delivery_manipulation__r0p05__medium,shipping_delivery_manipulation,0.05,MEDIUM,model_fit_cpu_time_sec,0,,,,,,
decision_tree,mutual_information_select_k_best_k11,shipping_delivery_manipulation__r0p05__medium,shipping_delivery_manipulation,0.05,MEDIUM,model_fit_peak_rss_mib,0,,,,,,
decision_tree,mutual_information_select_k_best_k11,shipping_delivery_manipulation__r0p05__medium,shipping_delivery_manipulation,0.05,MEDIUM,combined_fit_wall_time_sec,0,,,,,,
decision_tree,mutual_information_select_k_best_k11,shipping_delivery_manipulation__r0p05__medium,shipping_delivery_manipulation,0.05,MEDIUM,inference_wall_time_sec,5,0.0019842735197744326,0.000298594602616958,0.0015871715993853285,0.0023933307995321227,0.0016135193516467017,0.0023550276879021636
decision_tree,mutual_information_select_k_best_k11,shipping_delivery_manipulation__r0p05__medium,shipping_delivery_manipulation,0.05,MEDIUM,per_record_inference_sec,5,3.3071225329573885e-07,4.976576710282635e-08,2.6452859989755476e-07,3.9888846658868715e-07,2.68919891941117e-07,3.925046146503607e-07
decision_tree,mutual_information_select_k_best_k11,shipping_delivery_manipulation__r0p05__medium,shipping_delivery_manipulation,0.05,MEDIUM,inference_cpu_time_sec,5,0.0020406237800000325,0.0003045299705227614,0.001598773099999562,0.0024311818999990463,0.0016624998792275658,0.0024187476807724993
decision_tree,mutual_information_select_k_best_k11,shipping_delivery_manipulation__r0p05__medium,shipping_delivery_manipulation,0.05,MEDIUM,inference_peak_rss_mib,5,803.5890625,0.3852105216580847,803.40625,804.27734375,803.1107604635274,804.0673645364725
decision_tree,mutual_information_select_k_best_k11,shipping_delivery_manipulation__r0p05__medium,shipping_delivery_manipulation,0.05,MEDIUM,peak_rss_mib,5,803.5890625,0.3852105216580847,803.40625,804.27734375,803.1107604635274,804.0673645364725
decision_tree,mutual_information_select_k_best_k11,shipping_delivery_manipulation__r0p05__medium,shipping_delivery_manipulation,0.05,MEDIUM,serialized_model_bytes,5,3402.4,341.02903102228703,3028.0,3716.0,2978.9565298369753,3825.843470163025
decision_tree,mutual_information_select_k_best_k11,shipping_delivery_manipulation__r0p05__medium,shipping_delivery_manipulation,0.05,MEDIUM,serialized_model_kib,5,3.32265625,0.3330361631077022,2.95703125,3.62890625,2.909137236168921,3.736175263831079
logistic_regression,mutual_information_select_k_best_k11,shipping_delivery_manipulation__r0p05__medium,shipping_delivery_manipulation,0.05,MEDIUM,precision,5,0.0488825229972648,0.003193525328789384,0.04462531574515857,0.05234159779614325,0.04491723756915204,0.05284780842537757
logistic_regression,mutual_information_select_k_best_k11,shipping_delivery_manipulation__r0p05__medium,shipping_delivery_manipulation,0.05,MEDIUM,recall,5,0.4893333333333333,0.06508114592995083,0.41,0.57,0.4085244174702037,0.570142249196463
logistic_regression,mutual_information_select_k_best_k11,shipping_delivery_manipulation__r0p05__medium,shipping_delivery_manipulation,0.05,MEDIUM,f1,5,0.08877468608899974,0.00563290817835564,0.08231944084908102,0.095878889823381,0.08178050679874244,0.09576886537925705
logistic_regression,mutual_information_select_k_best_k11,shipping_delivery_manipulation__r0p05__medium,shipping_delivery_manipulation,0.05,MEDIUM,average_precision,5,0.049439560355306375,0.004319325905976085,0.04389865595348351,0.055142675460964075,0.04407640888134275,0.05480271182927
logistic_regression,mutual_information_select_k_best_k11,shipping_delivery_manipulation__r0p05__medium,shipping_delivery_manipulation,0.05,MEDIUM,pr_auc_trapezoidal,5,0.04896356470227355,0.004214245605095776,0.043536983618996036,0.054527569774445346,0.04373088765483353,0.054196241749713575
logistic_regression,mutual_information_select_k_best_k11,shipping_delivery_manipulation__r0p05__medium,shipping_delivery_manipulation,0.05,MEDIUM,roc_auc,5,0.4899480116959064,0.02680424684066545,0.44972280701754386,0.5224347953216374,0.45666614339485867,0.5232298799969541
logistic_regression,mutual_information_select_k_best_k11,shipping_delivery_manipulation__r0p05__medium,shipping_delivery_manipulation,0.05,MEDIUM,TP,5,146.8,19.524343778985248,123.0,171.0,122.55732524106114,171.0426747589389
logistic_regression,mutual_information_select_k_best_k11,shipping_delivery_manipulation__r0p05__medium,shipping_delivery_manipulation,0.05,MEDIUM,TN,5,2836.8,402.4856519181771,2296.0,3257.0,2337.0480562192306,3336.5519437807698
logistic_regression,mutual_information_select_k_best_k11,shipping_delivery_manipulation__r0p05__medium,shipping_delivery_manipulation,0.05,MEDIUM,FP,5,2863.2,402.4856519181771,2443.0,3404.0,2363.4480562192302,3362.9519437807694
logistic_regression,mutual_information_select_k_best_k11,shipping_delivery_manipulation__r0p05__medium,shipping_delivery_manipulation,0.05,MEDIUM,FN,5,153.2,19.524343778985248,129.0,177.0,128.9573252410611,177.44267475893886
logistic_regression,mutual_information_select_k_best_k11,shipping_delivery_manipulation__r0p05__medium,shipping_delivery_manipulation,0.05,MEDIUM,attack_prevalence,5,0.05,0.0,0.05,0.05,0.05,0.05
logistic_regression,mutual_information_select_k_best_k11,shipping_delivery_manipulation__r0p05__medium,shipping_delivery_manipulation,0.05,MEDIUM,visible_feature_attack_count,5,0.0,0.0,0.0,0.0,0.0,0.0
logistic_regression,mutual_information_select_k_best_k11,shipping_delivery_manipulation__r0p05__medium,shipping_delivery_manipulation,0.05,MEDIUM,invisible_feature_attack_count,5,300.0,0.0,300.0,300.0,300.0,300.0
logistic_regression,mutual_information_select_k_best_k11,shipping_delivery_manipulation__r0p05__medium,shipping_delivery_manipulation,0.05,MEDIUM,selected_feature_visibility_rate,5,0.0,0.0,0.0,0.0,0.0,0.0
logistic_regression,mutual_information_select_k_best_k11,shipping_delivery_manipulation__r0p05__medium,shipping_delivery_manipulation,0.05,MEDIUM,visible_attack_recall,0,,,,,,
logistic_regression,mutual_information_select_k_best_k11,shipping_delivery_manipulation__r0p05__medium,shipping_delivery_manipulation,0.05,MEDIUM,invisible_attack_recall,5,0.4893333333333333,0.06508114592995083,0.41,0.57,0.4085244174702037,0.570142249196463
logistic_regression,mutual_information_select_k_best_k11,shipping_delivery_manipulation__r0p05__medium,shipping_delivery_manipulation,0.05,MEDIUM,visible_attack_f1,0,,,,,,
logistic_regression,mutual_information_select_k_best_k11,shipping_delivery_manipulation__r0p05__medium,shipping_delivery_manipulation,0.05,MEDIUM,paired_induced_attack_induced_detection_rate,5,0.0,0.0,0.0,0.0,0.0,0.0
logistic_regression,mutual_information_select_k_best_k11,shipping_delivery_manipulation__r0p05__medium,shipping_delivery_manipulation,0.05,MEDIUM,paired_induced_mean_anomaly_score_delta,5,0.0,0.0,0.0,0.0,0.0,0.0
logistic_regression,mutual_information_select_k_best_k11,shipping_delivery_manipulation__r0p05__medium,shipping_delivery_manipulation,0.05,MEDIUM,paired_induced_median_anomaly_score_delta,5,0.0,0.0,0.0,0.0,0.0,0.0
logistic_regression,mutual_information_select_k_best_k11,shipping_delivery_manipulation__r0p05__medium,shipping_delivery_manipulation,0.05,MEDIUM,selected_feature_count,5,11.0,0.0,11.0,11.0,11.0,11.0
logistic_regression,mutual_information_select_k_best_k11,shipping_delivery_manipulation__r0p05__medium,shipping_delivery_manipulation,0.05,MEDIUM,source_block_count,5,5.0,0.7071067811865476,4.0,6.0,4.122010966914219,5.877989033085781
logistic_regression,mutual_information_select_k_best_k11,shipping_delivery_manipulation__r0p05__medium,shipping_delivery_manipulation,0.05,MEDIUM,selected_input_bytes,5,528132.0,0.0,528132.0,528132.0,528132.0,528132.0
logistic_regression,mutual_information_select_k_best_k11,shipping_delivery_manipulation__r0p05__medium,shipping_delivery_manipulation,0.05,MEDIUM,model_fit_wall_time_sec,5,0.27497685859998455,0.02091021720342391,0.24763035999785643,0.29918557299970416,0.24901339470385145,0.30094032249611763
logistic_regression,mutual_information_select_k_best_k11,shipping_delivery_manipulation__r0p05__medium,shipping_delivery_manipulation,0.05,MEDIUM,model_fit_cpu_time_sec,5,0.09213092119999988,0.014315567471356337,0.07548344399999962,0.10902960499999992,0.07435579645694569,0.10990604594305407
logistic_regression,mutual_information_select_k_best_k11,shipping_delivery_manipulation__r0p05__medium,shipping_delivery_manipulation,0.05,MEDIUM,model_fit_peak_rss_mib,5,163.92734375,0.3541635550567968,163.37890625,164.25390625,163.48759161420978,164.36709588579023
logistic_regression,mutual_information_select_k_best_k11,shipping_delivery_manipulation__r0p05__medium,shipping_delivery_manipulation,0.05,MEDIUM,combined_fit_wall_time_sec,5,0.27497685859998455,0.02091021720342391,0.24763035999785643,0.29918557299970416,0.24901339470385145,0.30094032249611763
logistic_regression,mutual_information_select_k_best_k11,shipping_delivery_manipulation__r0p05__medium,shipping_delivery_manipulation,0.05,MEDIUM,inference_wall_time_sec,5,0.0019720427598804236,0.00028549198283517405,0.0017036201999871992,0.0023297029998502693,0.0016175576430178993,0.002326527876742948
logistic_regression,mutual_information_select_k_best_k11,shipping_delivery_manipulation__r0p05__medium,shipping_delivery_manipulation,0.05,MEDIUM,per_record_inference_sec,5,3.286737933134039e-07,4.7581997139195695e-08,2.839366999978665e-07,3.8828383330837824e-07,2.695929405029832e-07,3.8775464612382466e-07
logistic_regression,mutual_information_select_k_best_k11,shipping_delivery_manipulation__r0p05__medium,shipping_delivery_manipulation,0.05,MEDIUM,inference_cpu_time_sec,5,0.0020345565600007375,0.0003030116883924804,0.001741628600001377,0.002448705599999812,0.0016583178554885581,0.0024107952645129166
logistic_regression,mutual_information_select_k_best_k11,shipping_delivery_manipulation__r0p05__medium,shipping_delivery_manipulation,0.05,MEDIUM,inference_peak_rss_mib,5,803.41171875,0.022027925281049507,803.390625,803.44921875,803.3843674682233,803.4390700317766
logistic_regression,mutual_information_select_k_best_k11,shipping_delivery_manipulation__r0p05__medium,shipping_delivery_manipulation,0.05,MEDIUM,peak_rss_mib,5,803.41171875,0.022027925281049507,803.390625,803.44921875,803.3843674682233,803.4390700317766
logistic_regression,mutual_information_select_k_best_k11,shipping_delivery_manipulation__r0p05__medium,shipping_delivery_manipulation,0.05,MEDIUM,serialized_model_bytes,5,1353.2,13.386560424545209,1334.0,1366.0,1336.5783898610498,1369.8216101389503
logistic_regression,mutual_information_select_k_best_k11,shipping_delivery_manipulation__r0p05__medium,shipping_delivery_manipulation,0.05,MEDIUM,serialized_model_kib,5,1.321484375,0.01307281291459493,1.302734375,1.333984375,1.3052523338486814,1.3377164161513186
decision_tree,none_natural,transaction_status_manipulation__r0p05__medium,transaction_status_manipulation,0.05,MEDIUM,precision,5,0.047948805463882235,0.017082003650478725,0.019933554817275746,0.06666666666666667,0.026738696513880673,0.0691589144138838
decision_tree,none_natural,transaction_status_manipulation__r0p05__medium,transaction_status_manipulation,0.05,MEDIUM,recall,5,0.14933333333333335,0.17850303452135857,0.0033333333333333335,0.38333333333333336,-0.07230745820213744,0.3709741248688041
decision_tree,none_natural,transaction_status_manipulation__r0p05__medium,transaction_status_manipulation,0.05,MEDIUM,f1,5,0.04995313683609929,0.038646959113317385,0.006349206349206349,0.09225832330525471,0.0019665990650020865,0.09793967460719649
decision_tree,none_natural,transaction_status_manipulation__r0p05__medium,transaction_status_manipulation,0.05,MEDIUM,average_precision,5,0.0498372166259192,0.0015427316803360124,0.04823623929227533,0.051834190437976935,0.04792166223955605,0.05175277101228235
decision_tree,none_natural,transaction_status_manipulation__r0p05__medium,transaction_status_manipulation,0.05,MEDIUM,pr_auc_trapezoidal,5,0.0526569190462298,0.009355947577321102,0.04199791007649802,0.06726326733030769,0.041039975770379225,0.06427386232208038
decision_tree,none_natural,transaction_status_manipulation__r0p05__medium,transaction_status_manipulation,0.05,MEDIUM,roc_auc,5,0.4974829239766082,0.016691041217169123,0.4793763157894737,0.5180008771929825,0.4767582590046977,0.5182075889485187
decision_tree,none_natural,transaction_status_manipulation__r0p05__medium,transaction_status_manipulation,0.05,MEDIUM,TP,5,44.8,53.55091035640757,1.0,115.0,-21.692237460641223,111.29223746064122
decision_tree,none_natural,transaction_status_manipulation__r0p05__medium,transaction_status_manipulation,0.05,MEDIUM,TN,5,4840.0,948.4874801493164,3622.0,5686.0,3662.2972431506505,6017.7027568493495
decision_tree,none_natural,transaction_status_manipulation__r0p05__medium,transaction_status_manipulation,0.05,MEDIUM,FP,5,860.0,948.4874801493164,14.0,2078.0,-317.7027568493495,2037.7027568493495
decision_tree,none_natural,transaction_status_manipulation__r0p05__medium,transaction_status_manipulation,0.05,MEDIUM,FN,5,255.2,53.55091035640757,185.0,299.0,188.70776253935878,321.6922374606412
decision_tree,none_natural,transaction_status_manipulation__r0p05__medium,transaction_status_manipulation,0.05,MEDIUM,attack_prevalence,5,0.05,0.0,0.05,0.05,0.05,0.05
decision_tree,none_natural,transaction_status_manipulation__r0p05__medium,transaction_status_manipulation,0.05,MEDIUM,visible_feature_attack_count,5,0.0,0.0,0.0,0.0,0.0,0.0
decision_tree,none_natural,transaction_status_manipulation__r0p05__medium,transaction_status_manipulation,0.05,MEDIUM,invisible_feature_attack_count,5,300.0,0.0,300.0,300.0,300.0,300.0
decision_tree,none_natural,transaction_status_manipulation__r0p05__medium,transaction_status_manipulation,0.05,MEDIUM,selected_feature_visibility_rate,5,0.0,0.0,0.0,0.0,0.0,0.0
decision_tree,none_natural,transaction_status_manipulation__r0p05__medium,transaction_status_manipulation,0.05,MEDIUM,visible_attack_recall,0,,,,,,
decision_tree,none_natural,transaction_status_manipulation__r0p05__medium,transaction_status_manipulation,0.05,MEDIUM,invisible_attack_recall,5,0.14933333333333335,0.17850303452135857,0.0033333333333333335,0.38333333333333336,-0.07230745820213744,0.3709741248688041
decision_tree,none_natural,transaction_status_manipulation__r0p05__medium,transaction_status_manipulation,0.05,MEDIUM,visible_attack_f1,0,,,,,,
decision_tree,none_natural,transaction_status_manipulation__r0p05__medium,transaction_status_manipulation,0.05,MEDIUM,paired_induced_attack_induced_detection_rate,5,0.0,0.0,0.0,0.0,0.0,0.0
decision_tree,none_natural,transaction_status_manipulation__r0p05__medium,transaction_status_manipulation,0.05,MEDIUM,paired_induced_mean_anomaly_score_delta,5,0.0,0.0,0.0,0.0,0.0,0.0
decision_tree,none_natural,transaction_status_manipulation__r0p05__medium,transaction_status_manipulation,0.05,MEDIUM,paired_induced_median_anomaly_score_delta,5,0.0,0.0,0.0,0.0,0.0,0.0
decision_tree,none_natural,transaction_status_manipulation__r0p05__medium,transaction_status_manipulation,0.05,MEDIUM,selected_feature_count,5,43.0,0.0,43.0,43.0,43.0,43.0
decision_tree,none_natural,transaction_status_manipulation__r0p05__medium,transaction_status_manipulation,0.05,MEDIUM,source_block_count,5,10.0,0.0,10.0,10.0,10.0,10.0
decision_tree,none_natural,transaction_status_manipulation__r0p05__medium,transaction_status_manipulation,0.05,MEDIUM,selected_input_bytes,5,2064132.0,0.0,2064132.0,2064132.0,2064132.0,2064132.0
decision_tree,none_natural,transaction_status_manipulation__r0p05__medium,transaction_status_manipulation,0.05,MEDIUM,model_fit_wall_time_sec,0,,,,,,
decision_tree,none_natural,transaction_status_manipulation__r0p05__medium,transaction_status_manipulation,0.05,MEDIUM,model_fit_cpu_time_sec,0,,,,,,
decision_tree,none_natural,transaction_status_manipulation__r0p05__medium,transaction_status_manipulation,0.05,MEDIUM,model_fit_peak_rss_mib,0,,,,,,
decision_tree,none_natural,transaction_status_manipulation__r0p05__medium,transaction_status_manipulation,0.05,MEDIUM,combined_fit_wall_time_sec,0,,,,,,
decision_tree,none_natural,transaction_status_manipulation__r0p05__medium,transaction_status_manipulation,0.05,MEDIUM,inference_wall_time_sec,5,0.0028368236399546735,0.00037232973649671395,0.0021718205003708134,0.003025731699744938,0.0023745152106856423,0.0032991320692237047
decision_tree,none_natural,transaction_status_manipulation__r0p05__medium,transaction_status_manipulation,0.05,MEDIUM,per_record_inference_sec,5,4.7280393999244547e-07,6.205495608278565e-08,3.6197008339513556e-07,5.042886166241563e-07,3.957525351142736e-07,5.498553448706173e-07
decision_tree,none_natural,transaction_status_manipulation__r0p05__medium,transaction_status_manipulation,0.05,MEDIUM,inference_cpu_time_sec,5,0.0029216604199996253,0.0003449636381829395,0.002306809300000623,0.0031218284999965816,0.0024933314897781396,0.003349989350221111
decision_tree,none_natural,transaction_status_manipulation__r0p05__medium,transaction_status_manipulation,0.05,MEDIUM,inference_peak_rss_mib,5,803.44140625,0.04555431167847891,803.37109375,803.48046875,803.3848431012258,803.4979693987742
decision_tree,none_natural,transaction_status_manipulation__r0p05__medium,transaction_status_manipulation,0.05,MEDIUM,peak_rss_mib,5,803.44140625,0.04555431167847891,803.37109375,803.48046875,803.3848431012258,803.4979693987742
decision_tree,none_natural,transaction_status_manipulation__r0p05__medium,transaction_status_manipulation,0.05,MEDIUM,serialized_model_bytes,5,4132.0,327.90242451070714,3780.0,4420.0,3724.8553645610036,4539.144635438996
decision_tree,none_natural,transaction_status_manipulation__r0p05__medium,transaction_status_manipulation,0.05,MEDIUM,serialized_model_kib,5,4.03515625,0.32021721143623744,3.69140625,4.31640625,3.637554066954105,4.432758433045895
logistic_regression,none_natural,transaction_status_manipulation__r0p05__medium,transaction_status_manipulation,0.05,MEDIUM,precision,5,0.050276593647123245,0.004746653166878168,0.04508979747802828,0.05647668393782383,0.04438284529784606,0.05617034199640043
logistic_regression,none_natural,transaction_status_manipulation__r0p05__medium,transaction_status_manipulation,0.05,MEDIUM,recall,5,0.43133333333333335,0.061037329197430934,0.36333333333333334,0.5233333333333333,0.35554547912231166,0.507121187544355
logistic_regression,none_natural,transaction_status_manipulation__r0p05__medium,transaction_status_manipulation,0.05,MEDIUM,f1,5,0.08982694328656964,0.007334652414801644,0.08090503942406582,0.09775784753363229,0.0807197694437649,0.09893411712937437
logistic_regression,none_natural,transaction_status_manipulation__r0p05__medium,transaction_status_manipulation,0.05,MEDIUM,average_precision,5,0.052726927835686666,0.003832699318456843,0.04690785373345814,0.05759008655424181,0.04796800307601492,0.05748585259535841
logistic_regression,none_natural,transaction_status_manipulation__r0p05__medium,transaction_status_manipulation,0.05,MEDIUM,pr_auc_trapezoidal,5,0.05211761410698734,0.0037603105368860523,0.04641712012179537,0.056871772294030745,0.04744857189126595,0.05678665632270873
logistic_regression,none_natural,transaction_status_manipulation__r0p05__medium,transaction_status_manipulation,0.05,MEDIUM,roc_auc,5,0.5053941520467836,0.024614400623762828,0.4776362573099415,0.5311011695906432,0.47483133695486873,0.5359569671386984
logistic_regression,none_natural,transaction_status_manipulation__r0p05__medium,transaction_status_manipulation,0.05,MEDIUM,TP,5,129.4,18.31119875922928,109.0,157.0,106.6636437366935,152.1363562633065
logistic_regression,none_natural,transaction_status_manipulation__r0p05__medium,transaction_status_manipulation,0.05,MEDIUM,TN,5,3234.8,420.4048049202102,2837.0,3879.0,2712.798489058284,3756.8015109417165
logistic_regression,none_natural,transaction_status_manipulation__r0p05__medium,transaction_status_manipulation,0.05,MEDIUM,FP,5,2465.2,420.4048049202102,1821.0,2863.0,1943.1984890582833,2987.201510941716
logistic_regression,none_natural,transaction_status_manipulation__r0p05__medium,transaction_status_manipulation,0.05,MEDIUM,FN,5,170.6,18.31119875922928,143.0,191.0,147.8636437366935,193.3363562633065
logistic_regression,none_natural,transaction_status_manipulation__r0p05__medium,transaction_status_manipulation,0.05,MEDIUM,attack_prevalence,5,0.05,0.0,0.05,0.05,0.05,0.05
logistic_regression,none_natural,transaction_status_manipulation__r0p05__medium,transaction_status_manipulation,0.05,MEDIUM,visible_feature_attack_count,5,0.0,0.0,0.0,0.0,0.0,0.0
logistic_regression,none_natural,transaction_status_manipulation__r0p05__medium,transaction_status_manipulation,0.05,MEDIUM,invisible_feature_attack_count,5,300.0,0.0,300.0,300.0,300.0,300.0
logistic_regression,none_natural,transaction_status_manipulation__r0p05__medium,transaction_status_manipulation,0.05,MEDIUM,selected_feature_visibility_rate,5,0.0,0.0,0.0,0.0,0.0,0.0
logistic_regression,none_natural,transaction_status_manipulation__r0p05__medium,transaction_status_manipulation,0.05,MEDIUM,visible_attack_recall,0,,,,,,
logistic_regression,none_natural,transaction_status_manipulation__r0p05__medium,transaction_status_manipulation,0.05,MEDIUM,invisible_attack_recall,5,0.43133333333333335,0.061037329197430934,0.36333333333333334,0.5233333333333333,0.35554547912231166,0.507121187544355
logistic_regression,none_natural,transaction_status_manipulation__r0p05__medium,transaction_status_manipulation,0.05,MEDIUM,visible_attack_f1,0,,,,,,
logistic_regression,none_natural,transaction_status_manipulation__r0p05__medium,transaction_status_manipulation,0.05,MEDIUM,paired_induced_attack_induced_detection_rate,5,0.0,0.0,0.0,0.0,0.0,0.0
logistic_regression,none_natural,transaction_status_manipulation__r0p05__medium,transaction_status_manipulation,0.05,MEDIUM,paired_induced_mean_anomaly_score_delta,5,0.0,0.0,0.0,0.0,0.0,0.0
logistic_regression,none_natural,transaction_status_manipulation__r0p05__medium,transaction_status_manipulation,0.05,MEDIUM,paired_induced_median_anomaly_score_delta,5,0.0,0.0,0.0,0.0,0.0,0.0
logistic_regression,none_natural,transaction_status_manipulation__r0p05__medium,transaction_status_manipulation,0.05,MEDIUM,selected_feature_count,5,43.0,0.0,43.0,43.0,43.0,43.0
logistic_regression,none_natural,transaction_status_manipulation__r0p05__medium,transaction_status_manipulation,0.05,MEDIUM,source_block_count,5,10.0,0.0,10.0,10.0,10.0,10.0
logistic_regression,none_natural,transaction_status_manipulation__r0p05__medium,transaction_status_manipulation,0.05,MEDIUM,selected_input_bytes,5,2064132.0,0.0,2064132.0,2064132.0,2064132.0,2064132.0
logistic_regression,none_natural,transaction_status_manipulation__r0p05__medium,transaction_status_manipulation,0.05,MEDIUM,model_fit_wall_time_sec,5,0.49001829079934395,0.09719446902817075,0.4144513709979947,0.6605000540002948,0.3693354177824376,0.6107011638162503
logistic_regression,none_natural,transaction_status_manipulation__r0p05__medium,transaction_status_manipulation,0.05,MEDIUM,model_fit_cpu_time_sec,5,0.29261962500000005,0.07522294968955433,0.21856836799999968,0.4180874179999998,0.19921799653171318,0.3860212534682869
logistic_regression,none_natural,transaction_status_manipulation__r0p05__medium,transaction_status_manipulation,0.05,MEDIUM,model_fit_peak_rss_mib,5,182.0546875,0.12530480415894876,181.8984375,182.19140625,181.89910103587374,182.21027396412626
logistic_regression,none_natural,transaction_status_manipulation__r0p05__medium,transaction_status_manipulation,0.05,MEDIUM,combined_fit_wall_time_sec,5,0.49001829079934395,0.09719446902817075,0.4144513709979947,0.6605000540002948,0.3693354177824376,0.6107011638162503
logistic_regression,none_natural,transaction_status_manipulation__r0p05__medium,transaction_status_manipulation,0.05,MEDIUM,inference_wall_time_sec,5,0.002268027960235486,0.000644012947743282,0.0017739367998728995,0.003392278500541579,0.001468380268644935,0.0030676756518260365
logistic_regression,none_natural,transaction_status_manipulation__r0p05__medium,transaction_status_manipulation,0.05,MEDIUM,per_record_inference_sec,5,3.7800466003924763e-07,1.07335491290547e-07,2.956561333121499e-07,5.653797500902632e-07,2.447300447741558e-07,5.112792753043394e-07
logistic_regression,none_natural,transaction_status_manipulation__r0p05__medium,transaction_status_manipulation,0.05,MEDIUM,inference_cpu_time_sec,5,0.002341238540001314,0.0006967762860514674,0.0017950041000005968,0.0035498679999989235,0.0014760765108083915,0.0032064005691942363
logistic_regression,none_natural,transaction_status_manipulation__r0p05__medium,transaction_status_manipulation,0.05,MEDIUM,inference_peak_rss_mib,5,803.4921875,0.048317644050206957,803.4453125,803.57421875,803.4321932209048,803.5521817790952
logistic_regression,none_natural,transaction_status_manipulation__r0p05__medium,transaction_status_manipulation,0.05,MEDIUM,peak_rss_mib,5,803.4921875,0.048317644050206957,803.4453125,803.57421875,803.4321932209048,803.5521817790952
logistic_regression,none_natural,transaction_status_manipulation__r0p05__medium,transaction_status_manipulation,0.05,MEDIUM,serialized_model_bytes,5,2342.0,0.0,2342.0,2342.0,2342.0,2342.0
logistic_regression,none_natural,transaction_status_manipulation__r0p05__medium,transaction_status_manipulation,0.05,MEDIUM,serialized_model_kib,5,2.287109375,0.0,2.287109375,2.287109375,2.287109375,2.287109375
decision_tree,pairwise_correlation_filter_natural,transaction_status_manipulation__r0p05__medium,transaction_status_manipulation,0.05,MEDIUM,precision,5,0.047948805463882235,0.017082003650478725,0.019933554817275746,0.06666666666666667,0.026738696513880673,0.0691589144138838
decision_tree,pairwise_correlation_filter_natural,transaction_status_manipulation__r0p05__medium,transaction_status_manipulation,0.05,MEDIUM,recall,5,0.14933333333333335,0.17850303452135857,0.0033333333333333335,0.38333333333333336,-0.07230745820213744,0.3709741248688041
decision_tree,pairwise_correlation_filter_natural,transaction_status_manipulation__r0p05__medium,transaction_status_manipulation,0.05,MEDIUM,f1,5,0.04995313683609929,0.038646959113317385,0.006349206349206349,0.09225832330525471,0.0019665990650020865,0.09793967460719649
decision_tree,pairwise_correlation_filter_natural,transaction_status_manipulation__r0p05__medium,transaction_status_manipulation,0.05,MEDIUM,average_precision,5,0.0498372166259192,0.0015427316803360124,0.04823623929227533,0.051834190437976935,0.04792166223955605,0.05175277101228235
decision_tree,pairwise_correlation_filter_natural,transaction_status_manipulation__r0p05__medium,transaction_status_manipulation,0.05,MEDIUM,pr_auc_trapezoidal,5,0.0526569190462298,0.009355947577321102,0.04199791007649802,0.06726326733030769,0.041039975770379225,0.06427386232208038
decision_tree,pairwise_correlation_filter_natural,transaction_status_manipulation__r0p05__medium,transaction_status_manipulation,0.05,MEDIUM,roc_auc,5,0.4974829239766082,0.016691041217169123,0.4793763157894737,0.5180008771929825,0.4767582590046977,0.5182075889485187
decision_tree,pairwise_correlation_filter_natural,transaction_status_manipulation__r0p05__medium,transaction_status_manipulation,0.05,MEDIUM,TP,5,44.8,53.55091035640757,1.0,115.0,-21.692237460641223,111.29223746064122
decision_tree,pairwise_correlation_filter_natural,transaction_status_manipulation__r0p05__medium,transaction_status_manipulation,0.05,MEDIUM,TN,5,4840.0,948.4874801493164,3622.0,5686.0,3662.2972431506505,6017.7027568493495
decision_tree,pairwise_correlation_filter_natural,transaction_status_manipulation__r0p05__medium,transaction_status_manipulation,0.05,MEDIUM,FP,5,860.0,948.4874801493164,14.0,2078.0,-317.7027568493495,2037.7027568493495
decision_tree,pairwise_correlation_filter_natural,transaction_status_manipulation__r0p05__medium,transaction_status_manipulation,0.05,MEDIUM,FN,5,255.2,53.55091035640757,185.0,299.0,188.70776253935878,321.6922374606412
decision_tree,pairwise_correlation_filter_natural,transaction_status_manipulation__r0p05__medium,transaction_status_manipulation,0.05,MEDIUM,attack_prevalence,5,0.05,0.0,0.05,0.05,0.05,0.05
decision_tree,pairwise_correlation_filter_natural,transaction_status_manipulation__r0p05__medium,transaction_status_manipulation,0.05,MEDIUM,visible_feature_attack_count,5,0.0,0.0,0.0,0.0,0.0,0.0
decision_tree,pairwise_correlation_filter_natural,transaction_status_manipulation__r0p05__medium,transaction_status_manipulation,0.05,MEDIUM,invisible_feature_attack_count,5,300.0,0.0,300.0,300.0,300.0,300.0
decision_tree,pairwise_correlation_filter_natural,transaction_status_manipulation__r0p05__medium,transaction_status_manipulation,0.05,MEDIUM,selected_feature_visibility_rate,5,0.0,0.0,0.0,0.0,0.0,0.0
decision_tree,pairwise_correlation_filter_natural,transaction_status_manipulation__r0p05__medium,transaction_status_manipulation,0.05,MEDIUM,visible_attack_recall,0,,,,,,
decision_tree,pairwise_correlation_filter_natural,transaction_status_manipulation__r0p05__medium,transaction_status_manipulation,0.05,MEDIUM,invisible_attack_recall,5,0.14933333333333335,0.17850303452135857,0.0033333333333333335,0.38333333333333336,-0.07230745820213744,0.3709741248688041
decision_tree,pairwise_correlation_filter_natural,transaction_status_manipulation__r0p05__medium,transaction_status_manipulation,0.05,MEDIUM,visible_attack_f1,0,,,,,,
decision_tree,pairwise_correlation_filter_natural,transaction_status_manipulation__r0p05__medium,transaction_status_manipulation,0.05,MEDIUM,paired_induced_attack_induced_detection_rate,5,0.0,0.0,0.0,0.0,0.0,0.0
decision_tree,pairwise_correlation_filter_natural,transaction_status_manipulation__r0p05__medium,transaction_status_manipulation,0.05,MEDIUM,paired_induced_mean_anomaly_score_delta,5,0.0,0.0,0.0,0.0,0.0,0.0
decision_tree,pairwise_correlation_filter_natural,transaction_status_manipulation__r0p05__medium,transaction_status_manipulation,0.05,MEDIUM,paired_induced_median_anomaly_score_delta,5,0.0,0.0,0.0,0.0,0.0,0.0
decision_tree,pairwise_correlation_filter_natural,transaction_status_manipulation__r0p05__medium,transaction_status_manipulation,0.05,MEDIUM,selected_feature_count,5,42.0,0.0,42.0,42.0,42.0,42.0
decision_tree,pairwise_correlation_filter_natural,transaction_status_manipulation__r0p05__medium,transaction_status_manipulation,0.05,MEDIUM,source_block_count,5,9.0,0.0,9.0,9.0,9.0,9.0
decision_tree,pairwise_correlation_filter_natural,transaction_status_manipulation__r0p05__medium,transaction_status_manipulation,0.05,MEDIUM,selected_input_bytes,5,2016132.0,0.0,2016132.0,2016132.0,2016132.0,2016132.0
decision_tree,pairwise_correlation_filter_natural,transaction_status_manipulation__r0p05__medium,transaction_status_manipulation,0.05,MEDIUM,model_fit_wall_time_sec,0,,,,,,
decision_tree,pairwise_correlation_filter_natural,transaction_status_manipulation__r0p05__medium,transaction_status_manipulation,0.05,MEDIUM,model_fit_cpu_time_sec,0,,,,,,
decision_tree,pairwise_correlation_filter_natural,transaction_status_manipulation__r0p05__medium,transaction_status_manipulation,0.05,MEDIUM,model_fit_peak_rss_mib,0,,,,,,
decision_tree,pairwise_correlation_filter_natural,transaction_status_manipulation__r0p05__medium,transaction_status_manipulation,0.05,MEDIUM,combined_fit_wall_time_sec,0,,,,,,
decision_tree,pairwise_correlation_filter_natural,transaction_status_manipulation__r0p05__medium,transaction_status_manipulation,0.05,MEDIUM,inference_wall_time_sec,5,0.00285867518017767,0.00037558827724219724,0.0024823437997838482,0.0033862960000988094,0.0023923207381782888,0.003325029622177051
decision_tree,pairwise_correlation_filter_natural,transaction_status_manipulation__r0p05__medium,transaction_status_manipulation,0.05,MEDIUM,per_record_inference_sec,5,4.764458633629451e-07,6.259804620703286e-08,4.1372396663064135e-07,5.643826666831349e-07,3.987201230297149e-07,5.541716036961753e-07
decision_tree,pairwise_correlation_filter_natural,transaction_status_manipulation__r0p05__medium,transaction_status_manipulation,0.05,MEDIUM,inference_cpu_time_sec,5,0.002938374580000982,0.0004265512118685015,0.0025500058999966767,0.0035723440000026583,0.0024087412968332566,0.003468007863168707
decision_tree,pairwise_correlation_filter_natural,transaction_status_manipulation__r0p05__medium,transaction_status_manipulation,0.05,MEDIUM,inference_peak_rss_mib,5,803.47421875,0.010186253758129139,803.45703125,803.48046875,803.4615708454319,803.4868666545681
decision_tree,pairwise_correlation_filter_natural,transaction_status_manipulation__r0p05__medium,transaction_status_manipulation,0.05,MEDIUM,peak_rss_mib,5,803.47421875,0.010186253758129139,803.45703125,803.48046875,803.4615708454319,803.4868666545681
decision_tree,pairwise_correlation_filter_natural,transaction_status_manipulation__r0p05__medium,transaction_status_manipulation,0.05,MEDIUM,serialized_model_bytes,5,4116.0,327.90242451070714,3764.0,4404.0,3708.8553645610036,4523.144635438996
decision_tree,pairwise_correlation_filter_natural,transaction_status_manipulation__r0p05__medium,transaction_status_manipulation,0.05,MEDIUM,serialized_model_kib,5,4.01953125,0.32021721143623744,3.67578125,4.30078125,3.621929066954105,4.417133433045895
logistic_regression,pairwise_correlation_filter_natural,transaction_status_manipulation__r0p05__medium,transaction_status_manipulation,0.05,MEDIUM,precision,5,0.050276593647123245,0.004746653166878168,0.04508979747802828,0.05647668393782383,0.04438284529784606,0.05617034199640043
logistic_regression,pairwise_correlation_filter_natural,transaction_status_manipulation__r0p05__medium,transaction_status_manipulation,0.05,MEDIUM,recall,5,0.43133333333333335,0.061037329197430934,0.36333333333333334,0.5233333333333333,0.35554547912231166,0.507121187544355
logistic_regression,pairwise_correlation_filter_natural,transaction_status_manipulation__r0p05__medium,transaction_status_manipulation,0.05,MEDIUM,f1,5,0.08982694328656964,0.007334652414801644,0.08090503942406582,0.09775784753363229,0.0807197694437649,0.09893411712937437
logistic_regression,pairwise_correlation_filter_natural,transaction_status_manipulation__r0p05__medium,transaction_status_manipulation,0.05,MEDIUM,average_precision,5,0.05272614987579215,0.0038345650939319454,0.046902518260391914,0.057589503259810146,0.047964908449884235,0.05748739130170006
logistic_regression,pairwise_correlation_filter_natural,transaction_status_manipulation__r0p05__medium,transaction_status_manipulation,0.05,MEDIUM,pr_auc_trapezoidal,5,0.05211696765748545,0.003761878806501215,0.04641255321650849,0.05687119182217816,0.047445978177843434,0.05678795713712746
logistic_regression,pairwise_correlation_filter_natural,transaction_status_manipulation__r0p05__medium,transaction_status_manipulation,0.05,MEDIUM,roc_auc,5,0.5053918128654971,0.024612616258210006,0.4776356725146199,0.5310982456140352,0.4748312133560488,0.5359524123749454
logistic_regression,pairwise_correlation_filter_natural,transaction_status_manipulation__r0p05__medium,transaction_status_manipulation,0.05,MEDIUM,TP,5,129.4,18.31119875922928,109.0,157.0,106.6636437366935,152.1363562633065
logistic_regression,pairwise_correlation_filter_natural,transaction_status_manipulation__r0p05__medium,transaction_status_manipulation,0.05,MEDIUM,TN,5,3234.8,420.4048049202102,2837.0,3879.0,2712.798489058284,3756.8015109417165
logistic_regression,pairwise_correlation_filter_natural,transaction_status_manipulation__r0p05__medium,transaction_status_manipulation,0.05,MEDIUM,FP,5,2465.2,420.4048049202102,1821.0,2863.0,1943.1984890582833,2987.201510941716
logistic_regression,pairwise_correlation_filter_natural,transaction_status_manipulation__r0p05__medium,transaction_status_manipulation,0.05,MEDIUM,FN,5,170.6,18.31119875922928,143.0,191.0,147.8636437366935,193.3363562633065
logistic_regression,pairwise_correlation_filter_natural,transaction_status_manipulation__r0p05__medium,transaction_status_manipulation,0.05,MEDIUM,attack_prevalence,5,0.05,0.0,0.05,0.05,0.05,0.05
logistic_regression,pairwise_correlation_filter_natural,transaction_status_manipulation__r0p05__medium,transaction_status_manipulation,0.05,MEDIUM,visible_feature_attack_count,5,0.0,0.0,0.0,0.0,0.0,0.0
logistic_regression,pairwise_correlation_filter_natural,transaction_status_manipulation__r0p05__medium,transaction_status_manipulation,0.05,MEDIUM,invisible_feature_attack_count,5,300.0,0.0,300.0,300.0,300.0,300.0
logistic_regression,pairwise_correlation_filter_natural,transaction_status_manipulation__r0p05__medium,transaction_status_manipulation,0.05,MEDIUM,selected_feature_visibility_rate,5,0.0,0.0,0.0,0.0,0.0,0.0
logistic_regression,pairwise_correlation_filter_natural,transaction_status_manipulation__r0p05__medium,transaction_status_manipulation,0.05,MEDIUM,visible_attack_recall,0,,,,,,
logistic_regression,pairwise_correlation_filter_natural,transaction_status_manipulation__r0p05__medium,transaction_status_manipulation,0.05,MEDIUM,invisible_attack_recall,5,0.43133333333333335,0.061037329197430934,0.36333333333333334,0.5233333333333333,0.35554547912231166,0.507121187544355
logistic_regression,pairwise_correlation_filter_natural,transaction_status_manipulation__r0p05__medium,transaction_status_manipulation,0.05,MEDIUM,visible_attack_f1,0,,,,,,
logistic_regression,pairwise_correlation_filter_natural,transaction_status_manipulation__r0p05__medium,transaction_status_manipulation,0.05,MEDIUM,paired_induced_attack_induced_detection_rate,5,0.0,0.0,0.0,0.0,0.0,0.0
logistic_regression,pairwise_correlation_filter_natural,transaction_status_manipulation__r0p05__medium,transaction_status_manipulation,0.05,MEDIUM,paired_induced_mean_anomaly_score_delta,5,0.0,0.0,0.0,0.0,0.0,0.0
logistic_regression,pairwise_correlation_filter_natural,transaction_status_manipulation__r0p05__medium,transaction_status_manipulation,0.05,MEDIUM,paired_induced_median_anomaly_score_delta,5,0.0,0.0,0.0,0.0,0.0,0.0
logistic_regression,pairwise_correlation_filter_natural,transaction_status_manipulation__r0p05__medium,transaction_status_manipulation,0.05,MEDIUM,selected_feature_count,5,42.0,0.0,42.0,42.0,42.0,42.0
logistic_regression,pairwise_correlation_filter_natural,transaction_status_manipulation__r0p05__medium,transaction_status_manipulation,0.05,MEDIUM,source_block_count,5,9.0,0.0,9.0,9.0,9.0,9.0
logistic_regression,pairwise_correlation_filter_natural,transaction_status_manipulation__r0p05__medium,transaction_status_manipulation,0.05,MEDIUM,selected_input_bytes,5,2016132.0,0.0,2016132.0,2016132.0,2016132.0,2016132.0
logistic_regression,pairwise_correlation_filter_natural,transaction_status_manipulation__r0p05__medium,transaction_status_manipulation,0.05,MEDIUM,model_fit_wall_time_sec,5,0.5226187851993018,0.1320858923339655,0.33173528499901295,0.6544766820006771,0.358612488017468,0.6866250823811357
logistic_regression,pairwise_correlation_filter_natural,transaction_status_manipulation__r0p05__medium,transaction_status_manipulation,0.05,MEDIUM,model_fit_cpu_time_sec,5,0.32897909459999986,0.11776488132572177,0.18253484599999936,0.47190246899999977,0.18275468120499616,0.47520350799500355
logistic_regression,pairwise_correlation_filter_natural,transaction_status_manipulation__r0p05__medium,transaction_status_manipulation,0.05,MEDIUM,model_fit_peak_rss_mib,5,181.35625,0.274181465592076,181.0546875,181.63671875,181.01580874519928,181.6966912548007
logistic_regression,pairwise_correlation_filter_natural,transaction_status_manipulation__r0p05__medium,transaction_status_manipulation,0.05,MEDIUM,combined_fit_wall_time_sec,5,0.5226187851993018,0.1320858923339655,0.33173528499901295,0.6544766820006771,0.358612488017468,0.6866250823811357
logistic_regression,pairwise_correlation_filter_natural,transaction_status_manipulation__r0p05__medium,transaction_status_manipulation,0.05,MEDIUM,inference_wall_time_sec,5,0.002966475260036532,0.0013873703288821045,0.0016806043997348752,0.004943677600385854,0.001243827470486138,0.004689123049586926
logistic_regression,pairwise_correlation_filter_natural,transaction_status_manipulation__r0p05__medium,transaction_status_manipulation,0.05,MEDIUM,per_record_inference_sec,5,4.944125433394219e-07,2.312283881470174e-07,2.8010073328914585e-07,8.239462667309757e-07,2.0730457841435628e-07,7.815205082644876e-07
logistic_regression,pairwise_correlation_filter_natural,transaction_status_manipulation__r0p05__medium,transaction_status_manipulation,0.05,MEDIUM,inference_cpu_time_sec,5,0.0030521186200007833,0.0014502810931018675,0.0017491660000018782,0.005096019000001206,0.001251356799419162,0.004852880440582404
logistic_regression,pairwise_correlation_filter_natural,transaction_status_manipulation__r0p05__medium,transaction_status_manipulation,0.05,MEDIUM,inference_peak_rss_mib,5,803.4875,0.020372507516258277,803.47265625,803.5234375,803.4622041908639,803.512795809136
logistic_regression,pairwise_correlation_filter_natural,transaction_status_manipulation__r0p05__medium,transaction_status_manipulation,0.05,MEDIUM,peak_rss_mib,5,803.4875,0.020372507516258277,803.47265625,803.5234375,803.4622041908639,803.512795809136
logistic_regression,pairwise_correlation_filter_natural,transaction_status_manipulation__r0p05__medium,transaction_status_manipulation,0.05,MEDIUM,serialized_model_bytes,5,2310.0,0.0,2310.0,2310.0,2310.0,2310.0
logistic_regression,pairwise_correlation_filter_natural,transaction_status_manipulation__r0p05__medium,transaction_status_manipulation,0.05,MEDIUM,serialized_model_kib,5,2.255859375,0.0,2.255859375,2.255859375,2.255859375,2.255859375
decision_tree,mutual_information_select_k_best_k11,transaction_status_manipulation__r0p05__medium,transaction_status_manipulation,0.05,MEDIUM,precision,5,0.0349799911349024,0.023806697203776126,0.0,0.05303030303030303,0.00542007230081187,0.06453990996899292
decision_tree,mutual_information_select_k_best_k11,transaction_status_manipulation__r0p05__medium,transaction_status_manipulation,0.05,MEDIUM,recall,5,0.142,0.1771628252954515,0.0,0.37333333333333335,-0.0779767019896001,0.3619767019896001
decision_tree,mutual_information_select_k_best_k11,transaction_status_manipulation__r0p05__medium,transaction_status_manipulation,0.05,MEDIUM,f1,5,0.04572577079155481,0.04035924019815068,0.0,0.09035901573215006,-0.004386844757386876,0.09583838634049649
decision_tree,mutual_information_select_k_best_k11,transaction_status_manipulation__r0p05__medium,transaction_status_manipulation,0.05,MEDIUM,average_precision,5,0.04965751847960783,0.0011230480228161179,0.04846461575711224,0.05080137008929517,0.04826307018142203,0.05105196677779363
decision_tree,mutual_information_select_k_best_k11,transaction_status_manipulation__r0p05__medium,transaction_status_manipulation,0.05,MEDIUM,pr_auc_trapezoidal,5,0.049654543650855525,0.004407046621056406,0.04233572895199188,0.05354681608752866,0.044182472523079885,0.055126614778631164
decision_tree,mutual_information_select_k_best_k11,transaction_status_manipulation__r0p05__medium,transaction_status_manipulation,0.05,MEDIUM,roc_auc,5,0.49530239766081874,0.013908674213721278,0.48026959064327485,0.508626023391813,0.47803249762688227,0.5125722976947552
decision_tree,mutual_information_select_k_best_k11,transaction_status_manipulation__r0p05__medium,transaction_status_manipulation,0.05,MEDIUM,TP,5,42.6,53.14884758863545,0.0,112.0,-23.393010596880025,108.59301059688002
decision_tree,mutual_information_select_k_best_k11,transaction_status_manipulation__r0p05__medium,transaction_status_manipulation,0.05,MEDIUM,TN,5,4868.4,960.047811309416,3633.0,5689.0,3676.34319614183,6060.456803858169
decision_tree,mutual_information_select_k_best_k11,transaction_status_manipulation__r0p05__medium,transaction_status_manipulation,0.05,MEDIUM,FP,5,831.6,960.047811309416,11.0,2067.0,-360.4568038581698,2023.65680385817
decision_tree,mutual_information_select_k_best_k11,transaction_status_manipulation__r0p05__medium,transaction_status_manipulation,0.05,MEDIUM,FN,5,257.4,53.14884758863545,188.0,300.0,191.40698940311995,323.39301059688
decision_tree,mutual_information_select_k_best_k11,transaction_status_manipulation__r0p05__medium,transaction_status_manipulation,0.05,MEDIUM,attack_prevalence,5,0.05,0.0,0.05,0.05,0.05,0.05
decision_tree,mutual_information_select_k_best_k11,transaction_status_manipulation__r0p05__medium,transaction_status_manipulation,0.05,MEDIUM,visible_feature_attack_count,5,0.0,0.0,0.0,0.0,0.0,0.0
decision_tree,mutual_information_select_k_best_k11,transaction_status_manipulation__r0p05__medium,transaction_status_manipulation,0.05,MEDIUM,invisible_feature_attack_count,5,300.0,0.0,300.0,300.0,300.0,300.0
decision_tree,mutual_information_select_k_best_k11,transaction_status_manipulation__r0p05__medium,transaction_status_manipulation,0.05,MEDIUM,selected_feature_visibility_rate,5,0.0,0.0,0.0,0.0,0.0,0.0
decision_tree,mutual_information_select_k_best_k11,transaction_status_manipulation__r0p05__medium,transaction_status_manipulation,0.05,MEDIUM,visible_attack_recall,0,,,,,,
decision_tree,mutual_information_select_k_best_k11,transaction_status_manipulation__r0p05__medium,transaction_status_manipulation,0.05,MEDIUM,invisible_attack_recall,5,0.142,0.1771628252954515,0.0,0.37333333333333335,-0.0779767019896001,0.3619767019896001
decision_tree,mutual_information_select_k_best_k11,transaction_status_manipulation__r0p05__medium,transaction_status_manipulation,0.05,MEDIUM,visible_attack_f1,0,,,,,,
decision_tree,mutual_information_select_k_best_k11,transaction_status_manipulation__r0p05__medium,transaction_status_manipulation,0.05,MEDIUM,paired_induced_attack_induced_detection_rate,5,0.0,0.0,0.0,0.0,0.0,0.0
decision_tree,mutual_information_select_k_best_k11,transaction_status_manipulation__r0p05__medium,transaction_status_manipulation,0.05,MEDIUM,paired_induced_mean_anomaly_score_delta,5,0.0,0.0,0.0,0.0,0.0,0.0
decision_tree,mutual_information_select_k_best_k11,transaction_status_manipulation__r0p05__medium,transaction_status_manipulation,0.05,MEDIUM,paired_induced_median_anomaly_score_delta,5,0.0,0.0,0.0,0.0,0.0,0.0
decision_tree,mutual_information_select_k_best_k11,transaction_status_manipulation__r0p05__medium,transaction_status_manipulation,0.05,MEDIUM,selected_feature_count,5,11.0,0.0,11.0,11.0,11.0,11.0
decision_tree,mutual_information_select_k_best_k11,transaction_status_manipulation__r0p05__medium,transaction_status_manipulation,0.05,MEDIUM,source_block_count,5,5.0,0.7071067811865476,4.0,6.0,4.122010966914219,5.877989033085781
decision_tree,mutual_information_select_k_best_k11,transaction_status_manipulation__r0p05__medium,transaction_status_manipulation,0.05,MEDIUM,selected_input_bytes,5,528132.0,0.0,528132.0,528132.0,528132.0,528132.0
decision_tree,mutual_information_select_k_best_k11,transaction_status_manipulation__r0p05__medium,transaction_status_manipulation,0.05,MEDIUM,model_fit_wall_time_sec,0,,,,,,
decision_tree,mutual_information_select_k_best_k11,transaction_status_manipulation__r0p05__medium,transaction_status_manipulation,0.05,MEDIUM,model_fit_cpu_time_sec,0,,,,,,
decision_tree,mutual_information_select_k_best_k11,transaction_status_manipulation__r0p05__medium,transaction_status_manipulation,0.05,MEDIUM,model_fit_peak_rss_mib,0,,,,,,
decision_tree,mutual_information_select_k_best_k11,transaction_status_manipulation__r0p05__medium,transaction_status_manipulation,0.05,MEDIUM,combined_fit_wall_time_sec,0,,,,,,
decision_tree,mutual_information_select_k_best_k11,transaction_status_manipulation__r0p05__medium,transaction_status_manipulation,0.05,MEDIUM,inference_wall_time_sec,5,0.0021111827999993693,0.000578069072119435,0.001712538699939614,0.003096320300392108,0.0013934152446730412,0.0028289503553256975
decision_tree,mutual_information_select_k_best_k11,transaction_status_manipulation__r0p05__medium,transaction_status_manipulation,0.05,MEDIUM,per_record_inference_sec,5,3.518637999998949e-07,9.634484535323916e-08,2.8542311665660236e-07,5.160533833986847e-07,2.3223587411217353e-07,4.714917258876163e-07
decision_tree,mutual_information_select_k_best_k11,transaction_status_manipulation__r0p05__medium,transaction_status_manipulation,0.05,MEDIUM,inference_cpu_time_sec,5,0.0021732433200008926,0.0005903749602587031,0.0017146651000018664,0.0031656728000029944,0.0014401959864061005,0.0029062906535956847
decision_tree,mutual_information_select_k_best_k11,transaction_status_manipulation__r0p05__medium,transaction_status_manipulation,0.05,MEDIUM,inference_peak_rss_mib,5,803.46953125,0.05835890436557218,803.37109375,803.52734375,803.3970690994746,803.5419934005255
decision_tree,mutual_information_select_k_best_k11,transaction_status_manipulation__r0p05__medium,transaction_status_manipulation,0.05,MEDIUM,peak_rss_mib,5,803.46953125,0.05835890436557218,803.37109375,803.52734375,803.3970690994746,803.5419934005255
decision_tree,mutual_information_select_k_best_k11,transaction_status_manipulation__r0p05__medium,transaction_status_manipulation,0.05,MEDIUM,serialized_model_bytes,5,3402.4,341.02903102228703,3028.0,3716.0,2978.9565298369753,3825.843470163025
decision_tree,mutual_information_select_k_best_k11,transaction_status_manipulation__r0p05__medium,transaction_status_manipulation,0.05,MEDIUM,serialized_model_kib,5,3.32265625,0.3330361631077022,2.95703125,3.62890625,2.909137236168921,3.736175263831079
logistic_regression,mutual_information_select_k_best_k11,transaction_status_manipulation__r0p05__medium,transaction_status_manipulation,0.05,MEDIUM,precision,5,0.0488825229972648,0.003193525328789384,0.04462531574515857,0.05234159779614325,0.04491723756915204,0.05284780842537757
logistic_regression,mutual_information_select_k_best_k11,transaction_status_manipulation__r0p05__medium,transaction_status_manipulation,0.05,MEDIUM,recall,5,0.4893333333333333,0.06508114592995083,0.41,0.57,0.4085244174702037,0.570142249196463
logistic_regression,mutual_information_select_k_best_k11,transaction_status_manipulation__r0p05__medium,transaction_status_manipulation,0.05,MEDIUM,f1,5,0.08877468608899974,0.00563290817835564,0.08231944084908102,0.095878889823381,0.08178050679874244,0.09576886537925705
logistic_regression,mutual_information_select_k_best_k11,transaction_status_manipulation__r0p05__medium,transaction_status_manipulation,0.05,MEDIUM,average_precision,5,0.049439560355306375,0.004319325905976085,0.04389865595348351,0.055142675460964075,0.04407640888134275,0.05480271182927
logistic_regression,mutual_information_select_k_best_k11,transaction_status_manipulation__r0p05__medium,transaction_status_manipulation,0.05,MEDIUM,pr_auc_trapezoidal,5,0.04896356470227355,0.004214245605095776,0.043536983618996036,0.054527569774445346,0.04373088765483353,0.054196241749713575
logistic_regression,mutual_information_select_k_best_k11,transaction_status_manipulation__r0p05__medium,transaction_status_manipulation,0.05,MEDIUM,roc_auc,5,0.4899480116959064,0.02680424684066545,0.44972280701754386,0.5224347953216374,0.45666614339485867,0.5232298799969541
logistic_regression,mutual_information_select_k_best_k11,transaction_status_manipulation__r0p05__medium,transaction_status_manipulation,0.05,MEDIUM,TP,5,146.8,19.524343778985248,123.0,171.0,122.55732524106114,171.0426747589389
logistic_regression,mutual_information_select_k_best_k11,transaction_status_manipulation__r0p05__medium,transaction_status_manipulation,0.05,MEDIUM,TN,5,2836.8,402.4856519181771,2296.0,3257.0,2337.0480562192306,3336.5519437807698
logistic_regression,mutual_information_select_k_best_k11,transaction_status_manipulation__r0p05__medium,transaction_status_manipulation,0.05,MEDIUM,FP,5,2863.2,402.4856519181771,2443.0,3404.0,2363.4480562192302,3362.9519437807694
logistic_regression,mutual_information_select_k_best_k11,transaction_status_manipulation__r0p05__medium,transaction_status_manipulation,0.05,MEDIUM,FN,5,153.2,19.524343778985248,129.0,177.0,128.9573252410611,177.44267475893886
logistic_regression,mutual_information_select_k_best_k11,transaction_status_manipulation__r0p05__medium,transaction_status_manipulation,0.05,MEDIUM,attack_prevalence,5,0.05,0.0,0.05,0.05,0.05,0.05
logistic_regression,mutual_information_select_k_best_k11,transaction_status_manipulation__r0p05__medium,transaction_status_manipulation,0.05,MEDIUM,visible_feature_attack_count,5,0.0,0.0,0.0,0.0,0.0,0.0
logistic_regression,mutual_information_select_k_best_k11,transaction_status_manipulation__r0p05__medium,transaction_status_manipulation,0.05,MEDIUM,invisible_feature_attack_count,5,300.0,0.0,300.0,300.0,300.0,300.0
logistic_regression,mutual_information_select_k_best_k11,transaction_status_manipulation__r0p05__medium,transaction_status_manipulation,0.05,MEDIUM,selected_feature_visibility_rate,5,0.0,0.0,0.0,0.0,0.0,0.0
logistic_regression,mutual_information_select_k_best_k11,transaction_status_manipulation__r0p05__medium,transaction_status_manipulation,0.05,MEDIUM,visible_attack_recall,0,,,,,,
logistic_regression,mutual_information_select_k_best_k11,transaction_status_manipulation__r0p05__medium,transaction_status_manipulation,0.05,MEDIUM,invisible_attack_recall,5,0.4893333333333333,0.06508114592995083,0.41,0.57,0.4085244174702037,0.570142249196463
logistic_regression,mutual_information_select_k_best_k11,transaction_status_manipulation__r0p05__medium,transaction_status_manipulation,0.05,MEDIUM,visible_attack_f1,0,,,,,,
logistic_regression,mutual_information_select_k_best_k11,transaction_status_manipulation__r0p05__medium,transaction_status_manipulation,0.05,MEDIUM,paired_induced_attack_induced_detection_rate,5,0.0,0.0,0.0,0.0,0.0,0.0
logistic_regression,mutual_information_select_k_best_k11,transaction_status_manipulation__r0p05__medium,transaction_status_manipulation,0.05,MEDIUM,paired_induced_mean_anomaly_score_delta,5,0.0,0.0,0.0,0.0,0.0,0.0
logistic_regression,mutual_information_select_k_best_k11,transaction_status_manipulation__r0p05__medium,transaction_status_manipulation,0.05,MEDIUM,paired_induced_median_anomaly_score_delta,5,0.0,0.0,0.0,0.0,0.0,0.0
logistic_regression,mutual_information_select_k_best_k11,transaction_status_manipulation__r0p05__medium,transaction_status_manipulation,0.05,MEDIUM,selected_feature_count,5,11.0,0.0,11.0,11.0,11.0,11.0
logistic_regression,mutual_information_select_k_best_k11,transaction_status_manipulation__r0p05__medium,transaction_status_manipulation,0.05,MEDIUM,source_block_count,5,5.0,0.7071067811865476,4.0,6.0,4.122010966914219,5.877989033085781
logistic_regression,mutual_information_select_k_best_k11,transaction_status_manipulation__r0p05__medium,transaction_status_manipulation,0.05,MEDIUM,selected_input_bytes,5,528132.0,0.0,528132.0,528132.0,528132.0,528132.0
logistic_regression,mutual_information_select_k_best_k11,transaction_status_manipulation__r0p05__medium,transaction_status_manipulation,0.05,MEDIUM,model_fit_wall_time_sec,5,0.27497685859998455,0.02091021720342391,0.24763035999785643,0.29918557299970416,0.24901339470385145,0.30094032249611763
logistic_regression,mutual_information_select_k_best_k11,transaction_status_manipulation__r0p05__medium,transaction_status_manipulation,0.05,MEDIUM,model_fit_cpu_time_sec,5,0.09213092119999988,0.014315567471356337,0.07548344399999962,0.10902960499999992,0.07435579645694569,0.10990604594305407
logistic_regression,mutual_information_select_k_best_k11,transaction_status_manipulation__r0p05__medium,transaction_status_manipulation,0.05,MEDIUM,model_fit_peak_rss_mib,5,163.92734375,0.3541635550567968,163.37890625,164.25390625,163.48759161420978,164.36709588579023
logistic_regression,mutual_information_select_k_best_k11,transaction_status_manipulation__r0p05__medium,transaction_status_manipulation,0.05,MEDIUM,combined_fit_wall_time_sec,5,0.27497685859998455,0.02091021720342391,0.24763035999785643,0.29918557299970416,0.24901339470385145,0.30094032249611763
logistic_regression,mutual_information_select_k_best_k11,transaction_status_manipulation__r0p05__medium,transaction_status_manipulation,0.05,MEDIUM,inference_wall_time_sec,5,0.0016102742600196506,0.00013352848180903833,0.001461974600533722,0.0018032343999948353,0.0014444767514224298,0.0017760717686168715
logistic_regression,mutual_information_select_k_best_k11,transaction_status_manipulation__r0p05__medium,transaction_status_manipulation,0.05,MEDIUM,per_record_inference_sec,5,2.683790433366084e-07,2.225474696817305e-08,2.43662433422287e-07,3.0053906666580587e-07,2.407461252370716e-07,2.960119614361452e-07
logistic_regression,mutual_information_select_k_best_k11,transaction_status_manipulation__r0p05__medium,transaction_status_manipulation,0.05,MEDIUM,inference_cpu_time_sec,5,0.0016578388799996444,0.0001554461598390168,0.0015005003999988276,0.0018607775999953447,0.001464826979668356,0.0018508507803309327
logistic_regression,mutual_information_select_k_best_k11,transaction_status_manipulation__r0p05__medium,transaction_status_manipulation,0.05,MEDIUM,inference_peak_rss_mib,5,803.44921875,0.050328510651270024,803.37109375,803.48828125,803.386727650241,803.511709849759
logistic_regression,mutual_information_select_k_best_k11,transaction_status_manipulation__r0p05__medium,transaction_status_manipulation,0.05,MEDIUM,peak_rss_mib,5,803.44921875,0.050328510651270024,803.37109375,803.48828125,803.386727650241,803.511709849759
logistic_regression,mutual_information_select_k_best_k11,transaction_status_manipulation__r0p05__medium,transaction_status_manipulation,0.05,MEDIUM,serialized_model_bytes,5,1353.2,13.386560424545209,1334.0,1366.0,1336.5783898610498,1369.8216101389503
logistic_regression,mutual_information_select_k_best_k11,transaction_status_manipulation__r0p05__medium,transaction_status_manipulation,0.05,MEDIUM,serialized_model_kib,5,1.321484375,0.01307281291459493,1.302734375,1.333984375,1.3052523338486814,1.3377164161513186
decision_tree,none_natural,timestamp_manipulation__r0p05__medium,timestamp_manipulation,0.05,MEDIUM,precision,5,0.047948805463882235,0.017082003650478725,0.019933554817275746,0.06666666666666667,0.026738696513880673,0.0691589144138838
decision_tree,none_natural,timestamp_manipulation__r0p05__medium,timestamp_manipulation,0.05,MEDIUM,recall,5,0.14933333333333335,0.17850303452135857,0.0033333333333333335,0.38333333333333336,-0.07230745820213744,0.3709741248688041
decision_tree,none_natural,timestamp_manipulation__r0p05__medium,timestamp_manipulation,0.05,MEDIUM,f1,5,0.04995313683609929,0.038646959113317385,0.006349206349206349,0.09225832330525471,0.0019665990650020865,0.09793967460719649
decision_tree,none_natural,timestamp_manipulation__r0p05__medium,timestamp_manipulation,0.05,MEDIUM,average_precision,5,0.0498372166259192,0.0015427316803360124,0.04823623929227533,0.051834190437976935,0.04792166223955605,0.05175277101228235
decision_tree,none_natural,timestamp_manipulation__r0p05__medium,timestamp_manipulation,0.05,MEDIUM,pr_auc_trapezoidal,5,0.0526569190462298,0.009355947577321102,0.04199791007649802,0.06726326733030769,0.041039975770379225,0.06427386232208038
decision_tree,none_natural,timestamp_manipulation__r0p05__medium,timestamp_manipulation,0.05,MEDIUM,roc_auc,5,0.4974829239766082,0.016691041217169123,0.4793763157894737,0.5180008771929825,0.4767582590046977,0.5182075889485187
decision_tree,none_natural,timestamp_manipulation__r0p05__medium,timestamp_manipulation,0.05,MEDIUM,TP,5,44.8,53.55091035640757,1.0,115.0,-21.692237460641223,111.29223746064122
decision_tree,none_natural,timestamp_manipulation__r0p05__medium,timestamp_manipulation,0.05,MEDIUM,TN,5,4840.0,948.4874801493164,3622.0,5686.0,3662.2972431506505,6017.7027568493495
decision_tree,none_natural,timestamp_manipulation__r0p05__medium,timestamp_manipulation,0.05,MEDIUM,FP,5,860.0,948.4874801493164,14.0,2078.0,-317.7027568493495,2037.7027568493495
decision_tree,none_natural,timestamp_manipulation__r0p05__medium,timestamp_manipulation,0.05,MEDIUM,FN,5,255.2,53.55091035640757,185.0,299.0,188.70776253935878,321.6922374606412
decision_tree,none_natural,timestamp_manipulation__r0p05__medium,timestamp_manipulation,0.05,MEDIUM,attack_prevalence,5,0.05,0.0,0.05,0.05,0.05,0.05
decision_tree,none_natural,timestamp_manipulation__r0p05__medium,timestamp_manipulation,0.05,MEDIUM,visible_feature_attack_count,5,300.0,0.0,300.0,300.0,300.0,300.0
decision_tree,none_natural,timestamp_manipulation__r0p05__medium,timestamp_manipulation,0.05,MEDIUM,invisible_feature_attack_count,5,0.0,0.0,0.0,0.0,0.0,0.0
decision_tree,none_natural,timestamp_manipulation__r0p05__medium,timestamp_manipulation,0.05,MEDIUM,selected_feature_visibility_rate,5,1.0,0.0,1.0,1.0,1.0,1.0
decision_tree,none_natural,timestamp_manipulation__r0p05__medium,timestamp_manipulation,0.05,MEDIUM,visible_attack_recall,5,0.14933333333333335,0.17850303452135857,0.0033333333333333335,0.38333333333333336,-0.07230745820213744,0.3709741248688041
decision_tree,none_natural,timestamp_manipulation__r0p05__medium,timestamp_manipulation,0.05,MEDIUM,invisible_attack_recall,0,,,,,,
decision_tree,none_natural,timestamp_manipulation__r0p05__medium,timestamp_manipulation,0.05,MEDIUM,visible_attack_f1,5,0.04995313683609929,0.038646959113317385,0.006349206349206349,0.09225832330525471,0.0019665990650020865,0.09793967460719649
decision_tree,none_natural,timestamp_manipulation__r0p05__medium,timestamp_manipulation,0.05,MEDIUM,paired_induced_attack_induced_detection_rate,5,0.0,0.0,0.0,0.0,0.0,0.0
decision_tree,none_natural,timestamp_manipulation__r0p05__medium,timestamp_manipulation,0.05,MEDIUM,paired_induced_mean_anomaly_score_delta,5,0.0,0.0,0.0,0.0,0.0,0.0
decision_tree,none_natural,timestamp_manipulation__r0p05__medium,timestamp_manipulation,0.05,MEDIUM,paired_induced_median_anomaly_score_delta,5,0.0,0.0,0.0,0.0,0.0,0.0
decision_tree,none_natural,timestamp_manipulation__r0p05__medium,timestamp_manipulation,0.05,MEDIUM,selected_feature_count,5,43.0,0.0,43.0,43.0,43.0,43.0
decision_tree,none_natural,timestamp_manipulation__r0p05__medium,timestamp_manipulation,0.05,MEDIUM,source_block_count,5,10.0,0.0,10.0,10.0,10.0,10.0
decision_tree,none_natural,timestamp_manipulation__r0p05__medium,timestamp_manipulation,0.05,MEDIUM,selected_input_bytes,5,2064132.0,0.0,2064132.0,2064132.0,2064132.0,2064132.0
decision_tree,none_natural,timestamp_manipulation__r0p05__medium,timestamp_manipulation,0.05,MEDIUM,model_fit_wall_time_sec,0,,,,,,
decision_tree,none_natural,timestamp_manipulation__r0p05__medium,timestamp_manipulation,0.05,MEDIUM,model_fit_cpu_time_sec,0,,,,,,
decision_tree,none_natural,timestamp_manipulation__r0p05__medium,timestamp_manipulation,0.05,MEDIUM,model_fit_peak_rss_mib,0,,,,,,
decision_tree,none_natural,timestamp_manipulation__r0p05__medium,timestamp_manipulation,0.05,MEDIUM,combined_fit_wall_time_sec,0,,,,,,
decision_tree,none_natural,timestamp_manipulation__r0p05__medium,timestamp_manipulation,0.05,MEDIUM,inference_wall_time_sec,5,0.0027397279397700916,0.00038496998085248217,0.0023520034999819474,0.0033367266994901003,0.002261724574155992,0.003217731305384191
decision_tree,none_natural,timestamp_manipulation__r0p05__medium,timestamp_manipulation,0.05,MEDIUM,per_record_inference_sec,5,4.5662132329501517e-07,6.416166347541369e-08,3.9200058333032455e-07,5.561211165816834e-07,3.769540956926653e-07,5.36288550897365e-07
decision_tree,none_natural,timestamp_manipulation__r0p05__medium,timestamp_manipulation,0.05,MEDIUM,inference_cpu_time_sec,5,0.0028277876999993623,0.00037487334337015063,0.0025020369000003486,0.003408421799997541,0.0023623209656499985,0.003293254434348726
decision_tree,none_natural,timestamp_manipulation__r0p05__medium,timestamp_manipulation,0.05,MEDIUM,inference_peak_rss_mib,5,803.23828125,0.07554327971020983,803.1875,803.37109375,803.1444818792776,803.3320806207224
decision_tree,none_natural,timestamp_manipulation__r0p05__medium,timestamp_manipulation,0.05,MEDIUM,peak_rss_mib,5,803.23828125,0.07554327971020983,803.1875,803.37109375,803.1444818792776,803.3320806207224
decision_tree,none_natural,timestamp_manipulation__r0p05__medium,timestamp_manipulation,0.05,MEDIUM,serialized_model_bytes,5,4132.0,327.90242451070714,3780.0,4420.0,3724.8553645610036,4539.144635438996
decision_tree,none_natural,timestamp_manipulation__r0p05__medium,timestamp_manipulation,0.05,MEDIUM,serialized_model_kib,5,4.03515625,0.32021721143623744,3.69140625,4.31640625,3.637554066954105,4.432758433045895
logistic_regression,none_natural,timestamp_manipulation__r0p05__medium,timestamp_manipulation,0.05,MEDIUM,precision,5,0.051951416604362935,0.004579882453796474,0.0452534875808098,0.05647668393782383,0.04626474144547422,0.05763809176325165
logistic_regression,none_natural,timestamp_manipulation__r0p05__medium,timestamp_manipulation,0.05,MEDIUM,recall,5,0.44733333333333325,0.06941821726959636,0.36333333333333334,0.5566666666666666,0.3611392321301201,0.5335274345365464
logistic_regression,none_natural,timestamp_manipulation__r0p05__medium,timestamp_manipulation,0.05,MEDIUM,f1,5,0.09285820721871321,0.007374136658571771,0.08212411238036431,0.1003003003003003,0.08370200721192277,0.10201440722550366
logistic_regression,none_natural,timestamp_manipulation__r0p05__medium,timestamp_manipulation,0.05,MEDIUM,average_precision,5,0.05290837327676253,0.0035027607847544916,0.04777972157177267,0.05721289501260339,0.04855912131600946,0.057257625237515604
logistic_regression,none_natural,timestamp_manipulation__r0p05__medium,timestamp_manipulation,0.05,MEDIUM,pr_auc_trapezoidal,5,0.0523068867616404,0.003404407298899228,0.047273081380265494,0.05650206382230806,0.04807975678337175,0.05653401673990905
logistic_regression,none_natural,timestamp_manipulation__r0p05__medium,timestamp_manipulation,0.05,MEDIUM,roc_auc,5,0.5100592982456141,0.025114834515188086,0.4770415204678362,0.5340105263157895,0.478875112407235,0.5412434840839933
logistic_regression,none_natural,timestamp_manipulation__r0p05__medium,timestamp_manipulation,0.05,MEDIUM,TP,5,134.2,20.825465180878915,109.0,167.0,108.34176963903604,160.05823036096393
logistic_regression,none_natural,timestamp_manipulation__r0p05__medium,timestamp_manipulation,0.05,MEDIUM,TN,5,3234.8,420.4048049202102,2837.0,3879.0,2712.798489058284,3756.8015109417165
logistic_regression,none_natural,timestamp_manipulation__r0p05__medium,timestamp_manipulation,0.05,MEDIUM,FP,5,2465.2,420.4048049202102,1821.0,2863.0,1943.1984890582833,2987.201510941716
logistic_regression,none_natural,timestamp_manipulation__r0p05__medium,timestamp_manipulation,0.05,MEDIUM,FN,5,165.8,20.825465180878915,133.0,191.0,139.94176963903607,191.65823036096396
logistic_regression,none_natural,timestamp_manipulation__r0p05__medium,timestamp_manipulation,0.05,MEDIUM,attack_prevalence,5,0.05,0.0,0.05,0.05,0.05,0.05
logistic_regression,none_natural,timestamp_manipulation__r0p05__medium,timestamp_manipulation,0.05,MEDIUM,visible_feature_attack_count,5,300.0,0.0,300.0,300.0,300.0,300.0
logistic_regression,none_natural,timestamp_manipulation__r0p05__medium,timestamp_manipulation,0.05,MEDIUM,invisible_feature_attack_count,5,0.0,0.0,0.0,0.0,0.0,0.0
logistic_regression,none_natural,timestamp_manipulation__r0p05__medium,timestamp_manipulation,0.05,MEDIUM,selected_feature_visibility_rate,5,1.0,0.0,1.0,1.0,1.0,1.0
logistic_regression,none_natural,timestamp_manipulation__r0p05__medium,timestamp_manipulation,0.05,MEDIUM,visible_attack_recall,5,0.44733333333333325,0.06941821726959636,0.36333333333333334,0.5566666666666666,0.3611392321301201,0.5335274345365464
logistic_regression,none_natural,timestamp_manipulation__r0p05__medium,timestamp_manipulation,0.05,MEDIUM,invisible_attack_recall,0,,,,,,
logistic_regression,none_natural,timestamp_manipulation__r0p05__medium,timestamp_manipulation,0.05,MEDIUM,visible_attack_f1,5,0.09285820721871321,0.007374136658571771,0.08212411238036431,0.1003003003003003,0.08370200721192277,0.10201440722550366
logistic_regression,none_natural,timestamp_manipulation__r0p05__medium,timestamp_manipulation,0.05,MEDIUM,paired_induced_attack_induced_detection_rate,5,0.043333333333333335,0.027788886667555114,0.006666666666666667,0.07333333333333333,0.00882887320803815,0.07783779345862851
logistic_regression,none_natural,timestamp_manipulation__r0p05__medium,timestamp_manipulation,0.05,MEDIUM,paired_induced_mean_anomaly_score_delta,5,0.00022375690935306537,0.0010340257215429327,-0.0007849853055185977,0.001958238097516854,-0.0010601556023044848,0.0015076694210106156
logistic_regression,none_natural,timestamp_manipulation__r0p05__medium,timestamp_manipulation,0.05,MEDIUM,paired_induced_median_anomaly_score_delta,5,-0.002246775301544554,0.004213738825097859,-0.008387644236066638,0.002373422250208257,-0.007478823098506152,0.0029852724954170435
logistic_regression,none_natural,timestamp_manipulation__r0p05__medium,timestamp_manipulation,0.05,MEDIUM,selected_feature_count,5,43.0,0.0,43.0,43.0,43.0,43.0
logistic_regression,none_natural,timestamp_manipulation__r0p05__medium,timestamp_manipulation,0.05,MEDIUM,source_block_count,5,10.0,0.0,10.0,10.0,10.0,10.0
logistic_regression,none_natural,timestamp_manipulation__r0p05__medium,timestamp_manipulation,0.05,MEDIUM,selected_input_bytes,5,2064132.0,0.0,2064132.0,2064132.0,2064132.0,2064132.0
logistic_regression,none_natural,timestamp_manipulation__r0p05__medium,timestamp_manipulation,0.05,MEDIUM,model_fit_wall_time_sec,5,0.49001829079934395,0.09719446902817075,0.4144513709979947,0.6605000540002948,0.3693354177824376,0.6107011638162503
logistic_regression,none_natural,timestamp_manipulation__r0p05__medium,timestamp_manipulation,0.05,MEDIUM,model_fit_cpu_time_sec,5,0.29261962500000005,0.07522294968955433,0.21856836799999968,0.4180874179999998,0.19921799653171318,0.3860212534682869
logistic_regression,none_natural,timestamp_manipulation__r0p05__medium,timestamp_manipulation,0.05,MEDIUM,model_fit_peak_rss_mib,5,182.0546875,0.12530480415894876,181.8984375,182.19140625,181.89910103587374,182.21027396412626
logistic_regression,none_natural,timestamp_manipulation__r0p05__medium,timestamp_manipulation,0.05,MEDIUM,combined_fit_wall_time_sec,5,0.49001829079934395,0.09719446902817075,0.4144513709979947,0.6605000540002948,0.3693354177824376,0.6107011638162503
logistic_regression,none_natural,timestamp_manipulation__r0p05__medium,timestamp_manipulation,0.05,MEDIUM,inference_wall_time_sec,5,0.003182042020052904,0.0009900893840787384,0.0017844857000454794,0.004492483899957734,0.0019526836768376185,0.00441140036326819
logistic_regression,none_natural,timestamp_manipulation__r0p05__medium,timestamp_manipulation,0.05,MEDIUM,per_record_inference_sec,5,5.30340336675484e-07,1.650148973464564e-07,2.974142833409132e-07,7.487473166596223e-07,3.254472794729364e-07,7.352333938780317e-07
logistic_regression,none_natural,timestamp_manipulation__r0p05__medium,timestamp_manipulation,0.05,MEDIUM,inference_cpu_time_sec,5,0.0032840095200015185,0.001039648154863109,0.001812306400000807,0.0046179246000008336,0.0019931158353079983,0.004574903204695039
logistic_regression,none_natural,timestamp_manipulation__r0p05__medium,timestamp_manipulation,0.05,MEDIUM,inference_peak_rss_mib,5,803.23828125,0.07554327971020983,803.1875,803.37109375,803.1444818792776,803.3320806207224
logistic_regression,none_natural,timestamp_manipulation__r0p05__medium,timestamp_manipulation,0.05,MEDIUM,peak_rss_mib,5,803.23828125,0.07554327971020983,803.1875,803.37109375,803.1444818792776,803.3320806207224
logistic_regression,none_natural,timestamp_manipulation__r0p05__medium,timestamp_manipulation,0.05,MEDIUM,serialized_model_bytes,5,2342.0,0.0,2342.0,2342.0,2342.0,2342.0
logistic_regression,none_natural,timestamp_manipulation__r0p05__medium,timestamp_manipulation,0.05,MEDIUM,serialized_model_kib,5,2.287109375,0.0,2.287109375,2.287109375,2.287109375,2.287109375
decision_tree,pairwise_correlation_filter_natural,timestamp_manipulation__r0p05__medium,timestamp_manipulation,0.05,MEDIUM,precision,5,0.047948805463882235,0.017082003650478725,0.019933554817275746,0.06666666666666667,0.026738696513880673,0.0691589144138838
decision_tree,pairwise_correlation_filter_natural,timestamp_manipulation__r0p05__medium,timestamp_manipulation,0.05,MEDIUM,recall,5,0.14933333333333335,0.17850303452135857,0.0033333333333333335,0.38333333333333336,-0.07230745820213744,0.3709741248688041
decision_tree,pairwise_correlation_filter_natural,timestamp_manipulation__r0p05__medium,timestamp_manipulation,0.05,MEDIUM,f1,5,0.04995313683609929,0.038646959113317385,0.006349206349206349,0.09225832330525471,0.0019665990650020865,0.09793967460719649
decision_tree,pairwise_correlation_filter_natural,timestamp_manipulation__r0p05__medium,timestamp_manipulation,0.05,MEDIUM,average_precision,5,0.0498372166259192,0.0015427316803360124,0.04823623929227533,0.051834190437976935,0.04792166223955605,0.05175277101228235
decision_tree,pairwise_correlation_filter_natural,timestamp_manipulation__r0p05__medium,timestamp_manipulation,0.05,MEDIUM,pr_auc_trapezoidal,5,0.0526569190462298,0.009355947577321102,0.04199791007649802,0.06726326733030769,0.041039975770379225,0.06427386232208038
decision_tree,pairwise_correlation_filter_natural,timestamp_manipulation__r0p05__medium,timestamp_manipulation,0.05,MEDIUM,roc_auc,5,0.4974829239766082,0.016691041217169123,0.4793763157894737,0.5180008771929825,0.4767582590046977,0.5182075889485187
decision_tree,pairwise_correlation_filter_natural,timestamp_manipulation__r0p05__medium,timestamp_manipulation,0.05,MEDIUM,TP,5,44.8,53.55091035640757,1.0,115.0,-21.692237460641223,111.29223746064122
decision_tree,pairwise_correlation_filter_natural,timestamp_manipulation__r0p05__medium,timestamp_manipulation,0.05,MEDIUM,TN,5,4840.0,948.4874801493164,3622.0,5686.0,3662.2972431506505,6017.7027568493495
decision_tree,pairwise_correlation_filter_natural,timestamp_manipulation__r0p05__medium,timestamp_manipulation,0.05,MEDIUM,FP,5,860.0,948.4874801493164,14.0,2078.0,-317.7027568493495,2037.7027568493495
decision_tree,pairwise_correlation_filter_natural,timestamp_manipulation__r0p05__medium,timestamp_manipulation,0.05,MEDIUM,FN,5,255.2,53.55091035640757,185.0,299.0,188.70776253935878,321.6922374606412
decision_tree,pairwise_correlation_filter_natural,timestamp_manipulation__r0p05__medium,timestamp_manipulation,0.05,MEDIUM,attack_prevalence,5,0.05,0.0,0.05,0.05,0.05,0.05
decision_tree,pairwise_correlation_filter_natural,timestamp_manipulation__r0p05__medium,timestamp_manipulation,0.05,MEDIUM,visible_feature_attack_count,5,300.0,0.0,300.0,300.0,300.0,300.0
decision_tree,pairwise_correlation_filter_natural,timestamp_manipulation__r0p05__medium,timestamp_manipulation,0.05,MEDIUM,invisible_feature_attack_count,5,0.0,0.0,0.0,0.0,0.0,0.0
decision_tree,pairwise_correlation_filter_natural,timestamp_manipulation__r0p05__medium,timestamp_manipulation,0.05,MEDIUM,selected_feature_visibility_rate,5,1.0,0.0,1.0,1.0,1.0,1.0
decision_tree,pairwise_correlation_filter_natural,timestamp_manipulation__r0p05__medium,timestamp_manipulation,0.05,MEDIUM,visible_attack_recall,5,0.14933333333333335,0.17850303452135857,0.0033333333333333335,0.38333333333333336,-0.07230745820213744,0.3709741248688041
decision_tree,pairwise_correlation_filter_natural,timestamp_manipulation__r0p05__medium,timestamp_manipulation,0.05,MEDIUM,invisible_attack_recall,0,,,,,,
decision_tree,pairwise_correlation_filter_natural,timestamp_manipulation__r0p05__medium,timestamp_manipulation,0.05,MEDIUM,visible_attack_f1,5,0.04995313683609929,0.038646959113317385,0.006349206349206349,0.09225832330525471,0.0019665990650020865,0.09793967460719649
decision_tree,pairwise_correlation_filter_natural,timestamp_manipulation__r0p05__medium,timestamp_manipulation,0.05,MEDIUM,paired_induced_attack_induced_detection_rate,5,0.0,0.0,0.0,0.0,0.0,0.0
decision_tree,pairwise_correlation_filter_natural,timestamp_manipulation__r0p05__medium,timestamp_manipulation,0.05,MEDIUM,paired_induced_mean_anomaly_score_delta,5,0.0,0.0,0.0,0.0,0.0,0.0
decision_tree,pairwise_correlation_filter_natural,timestamp_manipulation__r0p05__medium,timestamp_manipulation,0.05,MEDIUM,paired_induced_median_anomaly_score_delta,5,0.0,0.0,0.0,0.0,0.0,0.0
decision_tree,pairwise_correlation_filter_natural,timestamp_manipulation__r0p05__medium,timestamp_manipulation,0.05,MEDIUM,selected_feature_count,5,42.0,0.0,42.0,42.0,42.0,42.0
decision_tree,pairwise_correlation_filter_natural,timestamp_manipulation__r0p05__medium,timestamp_manipulation,0.05,MEDIUM,source_block_count,5,9.0,0.0,9.0,9.0,9.0,9.0
decision_tree,pairwise_correlation_filter_natural,timestamp_manipulation__r0p05__medium,timestamp_manipulation,0.05,MEDIUM,selected_input_bytes,5,2016132.0,0.0,2016132.0,2016132.0,2016132.0,2016132.0
decision_tree,pairwise_correlation_filter_natural,timestamp_manipulation__r0p05__medium,timestamp_manipulation,0.05,MEDIUM,model_fit_wall_time_sec,0,,,,,,
decision_tree,pairwise_correlation_filter_natural,timestamp_manipulation__r0p05__medium,timestamp_manipulation,0.05,MEDIUM,model_fit_cpu_time_sec,0,,,,,,
decision_tree,pairwise_correlation_filter_natural,timestamp_manipulation__r0p05__medium,timestamp_manipulation,0.05,MEDIUM,model_fit_peak_rss_mib,0,,,,,,
decision_tree,pairwise_correlation_filter_natural,timestamp_manipulation__r0p05__medium,timestamp_manipulation,0.05,MEDIUM,combined_fit_wall_time_sec,0,,,,,,
decision_tree,pairwise_correlation_filter_natural,timestamp_manipulation__r0p05__medium,timestamp_manipulation,0.05,MEDIUM,inference_wall_time_sec,5,0.0029569575001369233,0.0004773830595928002,0.0025218718001269735,0.0034907187000499107,0.0023642081416877098,0.0035497068585861368
decision_tree,pairwise_correlation_filter_natural,timestamp_manipulation__r0p05__medium,timestamp_manipulation,0.05,MEDIUM,per_record_inference_sec,5,4.928262500228206e-07,7.956384326546671e-08,4.2031196668782894e-07,5.817864500083185e-07,3.94034690281285e-07,5.916178097643561e-07
decision_tree,pairwise_correlation_filter_natural,timestamp_manipulation__r0p05__medium,timestamp_manipulation,0.05,MEDIUM,inference_cpu_time_sec,5,0.0030338973600009924,0.00047881386546973936,0.0026003758000001653,0.0035650137000004635,0.002439371421405964,0.0036284232985960207
decision_tree,pairwise_correlation_filter_natural,timestamp_manipulation__r0p05__medium,timestamp_manipulation,0.05,MEDIUM,inference_peak_rss_mib,5,803.221875,0.03353465004896055,803.1875,803.26171875,803.1802362323417,803.2635137676582
decision_tree,pairwise_correlation_filter_natural,timestamp_manipulation__r0p05__medium,timestamp_manipulation,0.05,MEDIUM,peak_rss_mib,5,803.221875,0.03353465004896055,803.1875,803.26171875,803.1802362323417,803.2635137676582
decision_tree,pairwise_correlation_filter_natural,timestamp_manipulation__r0p05__medium,timestamp_manipulation,0.05,MEDIUM,serialized_model_bytes,5,4116.0,327.90242451070714,3764.0,4404.0,3708.8553645610036,4523.144635438996
decision_tree,pairwise_correlation_filter_natural,timestamp_manipulation__r0p05__medium,timestamp_manipulation,0.05,MEDIUM,serialized_model_kib,5,4.01953125,0.32021721143623744,3.67578125,4.30078125,3.621929066954105,4.417133433045895
logistic_regression,pairwise_correlation_filter_natural,timestamp_manipulation__r0p05__medium,timestamp_manipulation,0.05,MEDIUM,precision,5,0.051951416604362935,0.004579882453796474,0.0452534875808098,0.05647668393782383,0.04626474144547422,0.05763809176325165
logistic_regression,pairwise_correlation_filter_natural,timestamp_manipulation__r0p05__medium,timestamp_manipulation,0.05,MEDIUM,recall,5,0.44733333333333325,0.06941821726959636,0.36333333333333334,0.5566666666666666,0.3611392321301201,0.5335274345365464
logistic_regression,pairwise_correlation_filter_natural,timestamp_manipulation__r0p05__medium,timestamp_manipulation,0.05,MEDIUM,f1,5,0.09285820721871321,0.007374136658571771,0.08212411238036431,0.1003003003003003,0.08370200721192277,0.10201440722550366
logistic_regression,pairwise_correlation_filter_natural,timestamp_manipulation__r0p05__medium,timestamp_manipulation,0.05,MEDIUM,average_precision,5,0.05290821828067296,0.0035026794838748185,0.047780180893793364,0.05721290012364452,0.048559067268295196,0.05725736929305072
logistic_regression,pairwise_correlation_filter_natural,timestamp_manipulation__r0p05__medium,timestamp_manipulation,0.05,MEDIUM,pr_auc_trapezoidal,5,0.052306732256692114,0.003404307779673407,0.04727353784876341,0.056502069071866716,0.04807972584786329,0.05653373866552094
logistic_regression,pairwise_correlation_filter_natural,timestamp_manipulation__r0p05__medium,timestamp_manipulation,0.05,MEDIUM,roc_auc,5,0.5100588304093567,0.025113036594370357,0.4770456140350877,0.5340111111111111,0.47887687698452863,0.5412407838341848
logistic_regression,pairwise_correlation_filter_natural,timestamp_manipulation__r0p05__medium,timestamp_manipulation,0.05,MEDIUM,TP,5,134.2,20.825465180878915,109.0,167.0,108.34176963903604,160.05823036096393
logistic_regression,pairwise_correlation_filter_natural,timestamp_manipulation__r0p05__medium,timestamp_manipulation,0.05,MEDIUM,TN,5,3234.8,420.4048049202102,2837.0,3879.0,2712.798489058284,3756.8015109417165
logistic_regression,pairwise_correlation_filter_natural,timestamp_manipulation__r0p05__medium,timestamp_manipulation,0.05,MEDIUM,FP,5,2465.2,420.4048049202102,1821.0,2863.0,1943.1984890582833,2987.201510941716
logistic_regression,pairwise_correlation_filter_natural,timestamp_manipulation__r0p05__medium,timestamp_manipulation,0.05,MEDIUM,FN,5,165.8,20.825465180878915,133.0,191.0,139.94176963903607,191.65823036096396
logistic_regression,pairwise_correlation_filter_natural,timestamp_manipulation__r0p05__medium,timestamp_manipulation,0.05,MEDIUM,attack_prevalence,5,0.05,0.0,0.05,0.05,0.05,0.05
logistic_regression,pairwise_correlation_filter_natural,timestamp_manipulation__r0p05__medium,timestamp_manipulation,0.05,MEDIUM,visible_feature_attack_count,5,300.0,0.0,300.0,300.0,300.0,300.0
logistic_regression,pairwise_correlation_filter_natural,timestamp_manipulation__r0p05__medium,timestamp_manipulation,0.05,MEDIUM,invisible_feature_attack_count,5,0.0,0.0,0.0,0.0,0.0,0.0
logistic_regression,pairwise_correlation_filter_natural,timestamp_manipulation__r0p05__medium,timestamp_manipulation,0.05,MEDIUM,selected_feature_visibility_rate,5,1.0,0.0,1.0,1.0,1.0,1.0
logistic_regression,pairwise_correlation_filter_natural,timestamp_manipulation__r0p05__medium,timestamp_manipulation,0.05,MEDIUM,visible_attack_recall,5,0.44733333333333325,0.06941821726959636,0.36333333333333334,0.5566666666666666,0.3611392321301201,0.5335274345365464
logistic_regression,pairwise_correlation_filter_natural,timestamp_manipulation__r0p05__medium,timestamp_manipulation,0.05,MEDIUM,invisible_attack_recall,0,,,,,,
logistic_regression,pairwise_correlation_filter_natural,timestamp_manipulation__r0p05__medium,timestamp_manipulation,0.05,MEDIUM,visible_attack_f1,5,0.09285820721871321,0.007374136658571771,0.08212411238036431,0.1003003003003003,0.08370200721192277,0.10201440722550366
logistic_regression,pairwise_correlation_filter_natural,timestamp_manipulation__r0p05__medium,timestamp_manipulation,0.05,MEDIUM,paired_induced_attack_induced_detection_rate,5,0.043333333333333335,0.027788886667555114,0.006666666666666667,0.07333333333333333,0.00882887320803815,0.07783779345862851
logistic_regression,pairwise_correlation_filter_natural,timestamp_manipulation__r0p05__medium,timestamp_manipulation,0.05,MEDIUM,paired_induced_mean_anomaly_score_delta,5,0.00022376561820928602,0.0010340274741791548,-0.0007849806097067367,0.0019582466722548593,-0.0010601490696335633,0.0015076803060521352
logistic_regression,pairwise_correlation_filter_natural,timestamp_manipulation__r0p05__medium,timestamp_manipulation,0.05,MEDIUM,paired_induced_median_anomaly_score_delta,5,-0.002246708309273618,0.004213787195013924,-0.00838764415145915,0.0023737281298325252,-0.0074788161654185895,0.0029853995468713534
logistic_regression,pairwise_correlation_filter_natural,timestamp_manipulation__r0p05__medium,timestamp_manipulation,0.05,MEDIUM,selected_feature_count,5,42.0,0.0,42.0,42.0,42.0,42.0
logistic_regression,pairwise_correlation_filter_natural,timestamp_manipulation__r0p05__medium,timestamp_manipulation,0.05,MEDIUM,source_block_count,5,9.0,0.0,9.0,9.0,9.0,9.0
logistic_regression,pairwise_correlation_filter_natural,timestamp_manipulation__r0p05__medium,timestamp_manipulation,0.05,MEDIUM,selected_input_bytes,5,2016132.0,0.0,2016132.0,2016132.0,2016132.0,2016132.0
logistic_regression,pairwise_correlation_filter_natural,timestamp_manipulation__r0p05__medium,timestamp_manipulation,0.05,MEDIUM,model_fit_wall_time_sec,5,0.5226187851993018,0.1320858923339655,0.33173528499901295,0.6544766820006771,0.358612488017468,0.6866250823811357
logistic_regression,pairwise_correlation_filter_natural,timestamp_manipulation__r0p05__medium,timestamp_manipulation,0.05,MEDIUM,model_fit_cpu_time_sec,5,0.32897909459999986,0.11776488132572177,0.18253484599999936,0.47190246899999977,0.18275468120499616,0.47520350799500355
logistic_regression,pairwise_correlation_filter_natural,timestamp_manipulation__r0p05__medium,timestamp_manipulation,0.05,MEDIUM,model_fit_peak_rss_mib,5,181.35625,0.274181465592076,181.0546875,181.63671875,181.01580874519928,181.6966912548007
logistic_regression,pairwise_correlation_filter_natural,timestamp_manipulation__r0p05__medium,timestamp_manipulation,0.05,MEDIUM,combined_fit_wall_time_sec,5,0.5226187851993018,0.1320858923339655,0.33173528499901295,0.6544766820006771,0.358612488017468,0.6866250823811357
logistic_regression,pairwise_correlation_filter_natural,timestamp_manipulation__r0p05__medium,timestamp_manipulation,0.05,MEDIUM,inference_wall_time_sec,5,0.0028202073801367076,0.00046778865061986193,0.0020320417002949397,0.003150956200261135,0.0022393710538932445,0.003401043706380171
logistic_regression,pairwise_correlation_filter_natural,timestamp_manipulation__r0p05__medium,timestamp_manipulation,0.05,MEDIUM,per_record_inference_sec,5,4.70034563356118e-07,7.796477510331032e-08,3.386736167158233e-07,5.251593667101891e-07,3.732285089822075e-07,5.668406177300286e-07
logistic_regression,pairwise_correlation_filter_natural,timestamp_manipulation__r0p05__medium,timestamp_manipulation,0.05,MEDIUM,inference_cpu_time_sec,5,0.002903307000000268,0.00046350107925325886,0.0021316893000005166,0.003247028399999863,0.0023277943967624495,0.0034788196032380864
logistic_regression,pairwise_correlation_filter_natural,timestamp_manipulation__r0p05__medium,timestamp_manipulation,0.05,MEDIUM,inference_peak_rss_mib,5,803.221875,0.04128446122067297,803.1875,803.27734375,803.170613570817,803.273136429183
logistic_regression,pairwise_correlation_filter_natural,timestamp_manipulation__r0p05__medium,timestamp_manipulation,0.05,MEDIUM,peak_rss_mib,5,803.221875,0.04128446122067297,803.1875,803.27734375,803.170613570817,803.273136429183
logistic_regression,pairwise_correlation_filter_natural,timestamp_manipulation__r0p05__medium,timestamp_manipulation,0.05,MEDIUM,serialized_model_bytes,5,2310.0,0.0,2310.0,2310.0,2310.0,2310.0
logistic_regression,pairwise_correlation_filter_natural,timestamp_manipulation__r0p05__medium,timestamp_manipulation,0.05,MEDIUM,serialized_model_kib,5,2.255859375,0.0,2.255859375,2.255859375,2.255859375,2.255859375
decision_tree,mutual_information_select_k_best_k11,timestamp_manipulation__r0p05__medium,timestamp_manipulation,0.05,MEDIUM,precision,5,0.0349799911349024,0.023806697203776126,0.0,0.05303030303030303,0.00542007230081187,0.06453990996899292
decision_tree,mutual_information_select_k_best_k11,timestamp_manipulation__r0p05__medium,timestamp_manipulation,0.05,MEDIUM,recall,5,0.142,0.1771628252954515,0.0,0.37333333333333335,-0.0779767019896001,0.3619767019896001
decision_tree,mutual_information_select_k_best_k11,timestamp_manipulation__r0p05__medium,timestamp_manipulation,0.05,MEDIUM,f1,5,0.04572577079155481,0.04035924019815068,0.0,0.09035901573215006,-0.004386844757386876,0.09583838634049649
decision_tree,mutual_information_select_k_best_k11,timestamp_manipulation__r0p05__medium,timestamp_manipulation,0.05,MEDIUM,average_precision,5,0.04965751847960783,0.0011230480228161179,0.04846461575711224,0.05080137008929517,0.04826307018142203,0.05105196677779363
decision_tree,mutual_information_select_k_best_k11,timestamp_manipulation__r0p05__medium,timestamp_manipulation,0.05,MEDIUM,pr_auc_trapezoidal,5,0.049654543650855525,0.004407046621056406,0.04233572895199188,0.05354681608752866,0.044182472523079885,0.055126614778631164
decision_tree,mutual_information_select_k_best_k11,timestamp_manipulation__r0p05__medium,timestamp_manipulation,0.05,MEDIUM,roc_auc,5,0.49530239766081874,0.013908674213721278,0.48026959064327485,0.508626023391813,0.47803249762688227,0.5125722976947552
decision_tree,mutual_information_select_k_best_k11,timestamp_manipulation__r0p05__medium,timestamp_manipulation,0.05,MEDIUM,TP,5,42.6,53.14884758863545,0.0,112.0,-23.393010596880025,108.59301059688002
decision_tree,mutual_information_select_k_best_k11,timestamp_manipulation__r0p05__medium,timestamp_manipulation,0.05,MEDIUM,TN,5,4868.4,960.047811309416,3633.0,5689.0,3676.34319614183,6060.456803858169
decision_tree,mutual_information_select_k_best_k11,timestamp_manipulation__r0p05__medium,timestamp_manipulation,0.05,MEDIUM,FP,5,831.6,960.047811309416,11.0,2067.0,-360.4568038581698,2023.65680385817
decision_tree,mutual_information_select_k_best_k11,timestamp_manipulation__r0p05__medium,timestamp_manipulation,0.05,MEDIUM,FN,5,257.4,53.14884758863545,188.0,300.0,191.40698940311995,323.39301059688
decision_tree,mutual_information_select_k_best_k11,timestamp_manipulation__r0p05__medium,timestamp_manipulation,0.05,MEDIUM,attack_prevalence,5,0.05,0.0,0.05,0.05,0.05,0.05
decision_tree,mutual_information_select_k_best_k11,timestamp_manipulation__r0p05__medium,timestamp_manipulation,0.05,MEDIUM,visible_feature_attack_count,5,300.0,0.0,300.0,300.0,300.0,300.0
decision_tree,mutual_information_select_k_best_k11,timestamp_manipulation__r0p05__medium,timestamp_manipulation,0.05,MEDIUM,invisible_feature_attack_count,5,0.0,0.0,0.0,0.0,0.0,0.0
decision_tree,mutual_information_select_k_best_k11,timestamp_manipulation__r0p05__medium,timestamp_manipulation,0.05,MEDIUM,selected_feature_visibility_rate,5,1.0,0.0,1.0,1.0,1.0,1.0
decision_tree,mutual_information_select_k_best_k11,timestamp_manipulation__r0p05__medium,timestamp_manipulation,0.05,MEDIUM,visible_attack_recall,5,0.142,0.1771628252954515,0.0,0.37333333333333335,-0.0779767019896001,0.3619767019896001
decision_tree,mutual_information_select_k_best_k11,timestamp_manipulation__r0p05__medium,timestamp_manipulation,0.05,MEDIUM,invisible_attack_recall,0,,,,,,
decision_tree,mutual_information_select_k_best_k11,timestamp_manipulation__r0p05__medium,timestamp_manipulation,0.05,MEDIUM,visible_attack_f1,5,0.04572577079155481,0.04035924019815068,0.0,0.09035901573215006,-0.004386844757386876,0.09583838634049649
decision_tree,mutual_information_select_k_best_k11,timestamp_manipulation__r0p05__medium,timestamp_manipulation,0.05,MEDIUM,paired_induced_attack_induced_detection_rate,5,0.0,0.0,0.0,0.0,0.0,0.0
decision_tree,mutual_information_select_k_best_k11,timestamp_manipulation__r0p05__medium,timestamp_manipulation,0.05,MEDIUM,paired_induced_mean_anomaly_score_delta,5,0.0,0.0,0.0,0.0,0.0,0.0
decision_tree,mutual_information_select_k_best_k11,timestamp_manipulation__r0p05__medium,timestamp_manipulation,0.05,MEDIUM,paired_induced_median_anomaly_score_delta,5,0.0,0.0,0.0,0.0,0.0,0.0
decision_tree,mutual_information_select_k_best_k11,timestamp_manipulation__r0p05__medium,timestamp_manipulation,0.05,MEDIUM,selected_feature_count,5,11.0,0.0,11.0,11.0,11.0,11.0
decision_tree,mutual_information_select_k_best_k11,timestamp_manipulation__r0p05__medium,timestamp_manipulation,0.05,MEDIUM,source_block_count,5,5.0,0.7071067811865476,4.0,6.0,4.122010966914219,5.877989033085781
decision_tree,mutual_information_select_k_best_k11,timestamp_manipulation__r0p05__medium,timestamp_manipulation,0.05,MEDIUM,selected_input_bytes,5,528132.0,0.0,528132.0,528132.0,528132.0,528132.0
decision_tree,mutual_information_select_k_best_k11,timestamp_manipulation__r0p05__medium,timestamp_manipulation,0.05,MEDIUM,model_fit_wall_time_sec,0,,,,,,
decision_tree,mutual_information_select_k_best_k11,timestamp_manipulation__r0p05__medium,timestamp_manipulation,0.05,MEDIUM,model_fit_cpu_time_sec,0,,,,,,
decision_tree,mutual_information_select_k_best_k11,timestamp_manipulation__r0p05__medium,timestamp_manipulation,0.05,MEDIUM,model_fit_peak_rss_mib,0,,,,,,
decision_tree,mutual_information_select_k_best_k11,timestamp_manipulation__r0p05__medium,timestamp_manipulation,0.05,MEDIUM,combined_fit_wall_time_sec,0,,,,,,
decision_tree,mutual_information_select_k_best_k11,timestamp_manipulation__r0p05__medium,timestamp_manipulation,0.05,MEDIUM,inference_wall_time_sec,5,0.002378704159782501,0.0005850584214192022,0.0018955774998175912,0.003345445400191238,0.0016522581810597746,0.003105150138505228
decision_tree,mutual_information_select_k_best_k11,timestamp_manipulation__r0p05__medium,timestamp_manipulation,0.05,MEDIUM,per_record_inference_sec,5,3.9645069329708347e-07,9.750973690320039e-08,3.159295833029319e-07,5.575742333652064e-07,2.7537636350996234e-07,5.175250230842046e-07
decision_tree,mutual_information_select_k_best_k11,timestamp_manipulation__r0p05__medium,timestamp_manipulation,0.05,MEDIUM,inference_cpu_time_sec,5,0.002438473879999492,0.0006037120302099144,0.0019194285000025957,0.003440476399998715,0.0016888663868047426,0.0031880813731942417
decision_tree,mutual_information_select_k_best_k11,timestamp_manipulation__r0p05__medium,timestamp_manipulation,0.05,MEDIUM,inference_peak_rss_mib,5,803.24296875,0.0959380089563047,803.1875,803.4140625,803.1238459782196,803.3620915217805
decision_tree,mutual_information_select_k_best_k11,timestamp_manipulation__r0p05__medium,timestamp_manipulation,0.05,MEDIUM,peak_rss_mib,5,803.24296875,0.0959380089563047,803.1875,803.4140625,803.1238459782196,803.3620915217805
decision_tree,mutual_information_select_k_best_k11,timestamp_manipulation__r0p05__medium,timestamp_manipulation,0.05,MEDIUM,serialized_model_bytes,5,3402.4,341.02903102228703,3028.0,3716.0,2978.9565298369753,3825.843470163025
decision_tree,mutual_information_select_k_best_k11,timestamp_manipulation__r0p05__medium,timestamp_manipulation,0.05,MEDIUM,serialized_model_kib,5,3.32265625,0.3330361631077022,2.95703125,3.62890625,2.909137236168921,3.736175263831079
logistic_regression,mutual_information_select_k_best_k11,timestamp_manipulation__r0p05__medium,timestamp_manipulation,0.05,MEDIUM,precision,5,0.049852924496925625,0.0033037356613623966,0.04569666386319036,0.054078826764436295,0.045750794866626775,0.053955054127224476
logistic_regression,mutual_information_select_k_best_k11,timestamp_manipulation__r0p05__medium,timestamp_manipulation,0.05,MEDIUM,recall,5,0.4993333333333333,0.06563366344931369,0.43666666666666665,0.59,0.41783837635803345,0.5808282903086331
logistic_regression,mutual_information_select_k_best_k11,timestamp_manipulation__r0p05__medium,timestamp_manipulation,0.05,MEDIUM,f1,5,0.09054108269751053,0.005758198821689196,0.08430307732092061,0.09907640638119228,0.08339133452611404,0.09769083086890702
logistic_regression,mutual_information_select_k_best_k11,timestamp_manipulation__r0p05__medium,timestamp_manipulation,0.05,MEDIUM,average_precision,5,0.0495189679937963,0.003259541495211945,0.045763524568294946,0.05452853905004848,0.04547171266853714,0.05356622331905546
logistic_regression,mutual_information_select_k_best_k11,timestamp_manipulation__r0p05__medium,timestamp_manipulation,0.05,MEDIUM,pr_auc_trapezoidal,5,0.04896457637592254,0.0032951298669549266,0.04497374142345571,0.053919920470480165,0.044873132250715396,0.05305602050112968
logistic_regression,mutual_information_select_k_best_k11,timestamp_manipulation__r0p05__medium,timestamp_manipulation,0.05,MEDIUM,roc_auc,5,0.4917647953216374,0.0241821351576844,0.45393859649122803,0.5195245614035088,0.4617387086966193,0.5217908819466555
logistic_regression,mutual_information_select_k_best_k11,timestamp_manipulation__r0p05__medium,timestamp_manipulation,0.05,MEDIUM,TP,5,149.8,19.690099034794112,131.0,177.0,125.35151290741004,174.24848709258998
logistic_regression,mutual_information_select_k_best_k11,timestamp_manipulation__r0p05__medium,timestamp_manipulation,0.05,MEDIUM,TN,5,2836.8,402.4856519181771,2296.0,3257.0,2337.0480562192306,3336.5519437807698
logistic_regression,mutual_information_select_k_best_k11,timestamp_manipulation__r0p05__medium,timestamp_manipulation,0.05,MEDIUM,FP,5,2863.2,402.4856519181771,2443.0,3404.0,2363.4480562192302,3362.9519437807694
logistic_regression,mutual_information_select_k_best_k11,timestamp_manipulation__r0p05__medium,timestamp_manipulation,0.05,MEDIUM,FN,5,150.2,19.690099034794112,123.0,169.0,125.75151290741002,174.64848709258996
logistic_regression,mutual_information_select_k_best_k11,timestamp_manipulation__r0p05__medium,timestamp_manipulation,0.05,MEDIUM,attack_prevalence,5,0.05,0.0,0.05,0.05,0.05,0.05
logistic_regression,mutual_information_select_k_best_k11,timestamp_manipulation__r0p05__medium,timestamp_manipulation,0.05,MEDIUM,visible_feature_attack_count,5,300.0,0.0,300.0,300.0,300.0,300.0
logistic_regression,mutual_information_select_k_best_k11,timestamp_manipulation__r0p05__medium,timestamp_manipulation,0.05,MEDIUM,invisible_feature_attack_count,5,0.0,0.0,0.0,0.0,0.0,0.0
logistic_regression,mutual_information_select_k_best_k11,timestamp_manipulation__r0p05__medium,timestamp_manipulation,0.05,MEDIUM,selected_feature_visibility_rate,5,1.0,0.0,1.0,1.0,1.0,1.0
logistic_regression,mutual_information_select_k_best_k11,timestamp_manipulation__r0p05__medium,timestamp_manipulation,0.05,MEDIUM,visible_attack_recall,5,0.4993333333333333,0.06563366344931369,0.43666666666666665,0.59,0.41783837635803345,0.5808282903086331
logistic_regression,mutual_information_select_k_best_k11,timestamp_manipulation__r0p05__medium,timestamp_manipulation,0.05,MEDIUM,invisible_attack_recall,0,,,,,,
logistic_regression,mutual_information_select_k_best_k11,timestamp_manipulation__r0p05__medium,timestamp_manipulation,0.05,MEDIUM,visible_attack_f1,5,0.09054108269751053,0.005758198821689196,0.08430307732092061,0.09907640638119228,0.08339133452611404,0.09769083086890702
logistic_regression,mutual_information_select_k_best_k11,timestamp_manipulation__r0p05__medium,timestamp_manipulation,0.05,MEDIUM,paired_induced_attack_induced_detection_rate,5,0.058666666666666666,0.02433561633125864,0.03666666666666667,0.08666666666666667,0.028450007994019227,0.0888833253393141
logistic_regression,mutual_information_select_k_best_k11,timestamp_manipulation__r0p05__medium,timestamp_manipulation,0.05,MEDIUM,paired_induced_mean_anomaly_score_delta,5,5.65226889074132e-05,0.00048238915760052655,-0.0005910949354974854,0.000617845438419895,-0.0005424425612094784,0.0006554879390243047
logistic_regression,mutual_information_select_k_best_k11,timestamp_manipulation__r0p05__medium,timestamp_manipulation,0.05,MEDIUM,paired_induced_median_anomaly_score_delta,5,-0.002540470907917286,0.0038877893694875066,-0.008103396935418894,0.0009623546335753019,-0.007367799000613072,0.0022868571847784996
logistic_regression,mutual_information_select_k_best_k11,timestamp_manipulation__r0p05__medium,timestamp_manipulation,0.05,MEDIUM,selected_feature_count,5,11.0,0.0,11.0,11.0,11.0,11.0
logistic_regression,mutual_information_select_k_best_k11,timestamp_manipulation__r0p05__medium,timestamp_manipulation,0.05,MEDIUM,source_block_count,5,5.0,0.7071067811865476,4.0,6.0,4.122010966914219,5.877989033085781
logistic_regression,mutual_information_select_k_best_k11,timestamp_manipulation__r0p05__medium,timestamp_manipulation,0.05,MEDIUM,selected_input_bytes,5,528132.0,0.0,528132.0,528132.0,528132.0,528132.0
logistic_regression,mutual_information_select_k_best_k11,timestamp_manipulation__r0p05__medium,timestamp_manipulation,0.05,MEDIUM,model_fit_wall_time_sec,5,0.27497685859998455,0.02091021720342391,0.24763035999785643,0.29918557299970416,0.24901339470385145,0.30094032249611763
logistic_regression,mutual_information_select_k_best_k11,timestamp_manipulation__r0p05__medium,timestamp_manipulation,0.05,MEDIUM,model_fit_cpu_time_sec,5,0.09213092119999988,0.014315567471356337,0.07548344399999962,0.10902960499999992,0.07435579645694569,0.10990604594305407
logistic_regression,mutual_information_select_k_best_k11,timestamp_manipulation__r0p05__medium,timestamp_manipulation,0.05,MEDIUM,model_fit_peak_rss_mib,5,163.92734375,0.3541635550567968,163.37890625,164.25390625,163.48759161420978,164.36709588579023
logistic_regression,mutual_information_select_k_best_k11,timestamp_manipulation__r0p05__medium,timestamp_manipulation,0.05,MEDIUM,combined_fit_wall_time_sec,5,0.27497685859998455,0.02091021720342391,0.24763035999785643,0.29918557299970416,0.24901339470385145,0.30094032249611763
logistic_regression,mutual_information_select_k_best_k11,timestamp_manipulation__r0p05__medium,timestamp_manipulation,0.05,MEDIUM,inference_wall_time_sec,5,0.0022319436402176503,0.000641416125230101,0.0015753304003737866,0.0032626599000650457,0.0014355203296514438,0.003028366950783857
logistic_regression,mutual_information_select_k_best_k11,timestamp_manipulation__r0p05__medium,timestamp_manipulation,0.05,MEDIUM,per_record_inference_sec,5,3.719906067029418e-07,1.0690268753835016e-07,2.6255506672896443e-07,5.43776650010841e-07,2.3925338827524075e-07,5.047278251306428e-07
logistic_regression,mutual_information_select_k_best_k11,timestamp_manipulation__r0p05__medium,timestamp_manipulation,0.05,MEDIUM,inference_cpu_time_sec,5,0.002303709779997689,0.0006419274259697702,0.0016258651999976337,0.003318896599995469,0.0015066516057107796,0.0031007679542845983
logistic_regression,mutual_information_select_k_best_k11,timestamp_manipulation__r0p05__medium,timestamp_manipulation,0.05,MEDIUM,inference_peak_rss_mib,5,803.24609375,0.09472152853892297,803.1875,803.4140625,803.1284814381582,803.3637060618418
logistic_regression,mutual_information_select_k_best_k11,timestamp_manipulation__r0p05__medium,timestamp_manipulation,0.05,MEDIUM,peak_rss_mib,5,803.24609375,0.09472152853892297,803.1875,803.4140625,803.1284814381582,803.3637060618418
logistic_regression,mutual_information_select_k_best_k11,timestamp_manipulation__r0p05__medium,timestamp_manipulation,0.05,MEDIUM,serialized_model_bytes,5,1353.2,13.386560424545209,1334.0,1366.0,1336.5783898610498,1369.8216101389503
logistic_regression,mutual_information_select_k_best_k11,timestamp_manipulation__r0p05__medium,timestamp_manipulation,0.05,MEDIUM,serialized_model_kib,5,1.321484375,0.01307281291459493,1.302734375,1.333984375,1.3052523338486814,1.3377164161513186
decision_tree,none_natural,geographic_route_manipulation__r0p05__medium,geographic_route_manipulation,0.05,MEDIUM,precision,5,0.047948805463882235,0.017082003650478725,0.019933554817275746,0.06666666666666667,0.026738696513880673,0.0691589144138838
decision_tree,none_natural,geographic_route_manipulation__r0p05__medium,geographic_route_manipulation,0.05,MEDIUM,recall,5,0.14933333333333335,0.17850303452135857,0.0033333333333333335,0.38333333333333336,-0.07230745820213744,0.3709741248688041
decision_tree,none_natural,geographic_route_manipulation__r0p05__medium,geographic_route_manipulation,0.05,MEDIUM,f1,5,0.04995313683609929,0.038646959113317385,0.006349206349206349,0.09225832330525471,0.0019665990650020865,0.09793967460719649
decision_tree,none_natural,geographic_route_manipulation__r0p05__medium,geographic_route_manipulation,0.05,MEDIUM,average_precision,5,0.0498372166259192,0.0015427316803360124,0.04823623929227533,0.051834190437976935,0.04792166223955605,0.05175277101228235
decision_tree,none_natural,geographic_route_manipulation__r0p05__medium,geographic_route_manipulation,0.05,MEDIUM,pr_auc_trapezoidal,5,0.0526569190462298,0.009355947577321102,0.04199791007649802,0.06726326733030769,0.041039975770379225,0.06427386232208038
decision_tree,none_natural,geographic_route_manipulation__r0p05__medium,geographic_route_manipulation,0.05,MEDIUM,roc_auc,5,0.4974829239766082,0.016691041217169123,0.4793763157894737,0.5180008771929825,0.4767582590046977,0.5182075889485187
decision_tree,none_natural,geographic_route_manipulation__r0p05__medium,geographic_route_manipulation,0.05,MEDIUM,TP,5,44.8,53.55091035640757,1.0,115.0,-21.692237460641223,111.29223746064122
decision_tree,none_natural,geographic_route_manipulation__r0p05__medium,geographic_route_manipulation,0.05,MEDIUM,TN,5,4840.0,948.4874801493164,3622.0,5686.0,3662.2972431506505,6017.7027568493495
decision_tree,none_natural,geographic_route_manipulation__r0p05__medium,geographic_route_manipulation,0.05,MEDIUM,FP,5,860.0,948.4874801493164,14.0,2078.0,-317.7027568493495,2037.7027568493495
decision_tree,none_natural,geographic_route_manipulation__r0p05__medium,geographic_route_manipulation,0.05,MEDIUM,FN,5,255.2,53.55091035640757,185.0,299.0,188.70776253935878,321.6922374606412
decision_tree,none_natural,geographic_route_manipulation__r0p05__medium,geographic_route_manipulation,0.05,MEDIUM,attack_prevalence,5,0.05,0.0,0.05,0.05,0.05,0.05
decision_tree,none_natural,geographic_route_manipulation__r0p05__medium,geographic_route_manipulation,0.05,MEDIUM,visible_feature_attack_count,5,0.0,0.0,0.0,0.0,0.0,0.0
decision_tree,none_natural,geographic_route_manipulation__r0p05__medium,geographic_route_manipulation,0.05,MEDIUM,invisible_feature_attack_count,5,300.0,0.0,300.0,300.0,300.0,300.0
decision_tree,none_natural,geographic_route_manipulation__r0p05__medium,geographic_route_manipulation,0.05,MEDIUM,selected_feature_visibility_rate,5,0.0,0.0,0.0,0.0,0.0,0.0
decision_tree,none_natural,geographic_route_manipulation__r0p05__medium,geographic_route_manipulation,0.05,MEDIUM,visible_attack_recall,0,,,,,,
decision_tree,none_natural,geographic_route_manipulation__r0p05__medium,geographic_route_manipulation,0.05,MEDIUM,invisible_attack_recall,5,0.14933333333333335,0.17850303452135857,0.0033333333333333335,0.38333333333333336,-0.07230745820213744,0.3709741248688041
decision_tree,none_natural,geographic_route_manipulation__r0p05__medium,geographic_route_manipulation,0.05,MEDIUM,visible_attack_f1,0,,,,,,
decision_tree,none_natural,geographic_route_manipulation__r0p05__medium,geographic_route_manipulation,0.05,MEDIUM,paired_induced_attack_induced_detection_rate,5,0.0,0.0,0.0,0.0,0.0,0.0
decision_tree,none_natural,geographic_route_manipulation__r0p05__medium,geographic_route_manipulation,0.05,MEDIUM,paired_induced_mean_anomaly_score_delta,5,0.0,0.0,0.0,0.0,0.0,0.0
decision_tree,none_natural,geographic_route_manipulation__r0p05__medium,geographic_route_manipulation,0.05,MEDIUM,paired_induced_median_anomaly_score_delta,5,0.0,0.0,0.0,0.0,0.0,0.0
decision_tree,none_natural,geographic_route_manipulation__r0p05__medium,geographic_route_manipulation,0.05,MEDIUM,selected_feature_count,5,43.0,0.0,43.0,43.0,43.0,43.0
decision_tree,none_natural,geographic_route_manipulation__r0p05__medium,geographic_route_manipulation,0.05,MEDIUM,source_block_count,5,10.0,0.0,10.0,10.0,10.0,10.0
decision_tree,none_natural,geographic_route_manipulation__r0p05__medium,geographic_route_manipulation,0.05,MEDIUM,selected_input_bytes,5,2064132.0,0.0,2064132.0,2064132.0,2064132.0,2064132.0
decision_tree,none_natural,geographic_route_manipulation__r0p05__medium,geographic_route_manipulation,0.05,MEDIUM,model_fit_wall_time_sec,0,,,,,,
decision_tree,none_natural,geographic_route_manipulation__r0p05__medium,geographic_route_manipulation,0.05,MEDIUM,model_fit_cpu_time_sec,0,,,,,,
decision_tree,none_natural,geographic_route_manipulation__r0p05__medium,geographic_route_manipulation,0.05,MEDIUM,model_fit_peak_rss_mib,0,,,,,,
decision_tree,none_natural,geographic_route_manipulation__r0p05__medium,geographic_route_manipulation,0.05,MEDIUM,combined_fit_wall_time_sec,0,,,,,,
decision_tree,none_natural,geographic_route_manipulation__r0p05__medium,geographic_route_manipulation,0.05,MEDIUM,inference_wall_time_sec,5,0.002547894800227368,0.00036028878409580587,0.002137635800318094,0.002964193600200815,0.0021005371880586416,0.0029952524123960946
decision_tree,none_natural,geographic_route_manipulation__r0p05__medium,geographic_route_manipulation,0.05,MEDIUM,per_record_inference_sec,5,4.246491333712281e-07,6.00481306826343e-08,3.56272633386349e-07,4.940322667001358e-07,3.50089531343107e-07,4.992087353993492e-07
decision_tree,none_natural,geographic_route_manipulation__r0p05__medium,geographic_route_manipulation,0.05,MEDIUM,inference_cpu_time_sec,5,0.0026040696600000504,0.0003426031671515639,0.002243624200002614,0.0030064839999965898,0.002178671641677029,0.003029467678323072
decision_tree,none_natural,geographic_route_manipulation__r0p05__medium,geographic_route_manipulation,0.05,MEDIUM,inference_peak_rss_mib,5,803.5203125,0.05429546985591891,803.4296875,803.5625,803.4528957698143,803.5877292301858
decision_tree,none_natural,geographic_route_manipulation__r0p05__medium,geographic_route_manipulation,0.05,MEDIUM,peak_rss_mib,5,803.5203125,0.05429546985591891,803.4296875,803.5625,803.4528957698143,803.5877292301858
decision_tree,none_natural,geographic_route_manipulation__r0p05__medium,geographic_route_manipulation,0.05,MEDIUM,serialized_model_bytes,5,4132.0,327.90242451070714,3780.0,4420.0,3724.8553645610036,4539.144635438996
decision_tree,none_natural,geographic_route_manipulation__r0p05__medium,geographic_route_manipulation,0.05,MEDIUM,serialized_model_kib,5,4.03515625,0.32021721143623744,3.69140625,4.31640625,3.637554066954105,4.432758433045895
logistic_regression,none_natural,geographic_route_manipulation__r0p05__medium,geographic_route_manipulation,0.05,MEDIUM,precision,5,0.050276593647123245,0.004746653166878168,0.04508979747802828,0.05647668393782383,0.04438284529784606,0.05617034199640043
logistic_regression,none_natural,geographic_route_manipulation__r0p05__medium,geographic_route_manipulation,0.05,MEDIUM,recall,5,0.43133333333333335,0.061037329197430934,0.36333333333333334,0.5233333333333333,0.35554547912231166,0.507121187544355
logistic_regression,none_natural,geographic_route_manipulation__r0p05__medium,geographic_route_manipulation,0.05,MEDIUM,f1,5,0.08982694328656964,0.007334652414801644,0.08090503942406582,0.09775784753363229,0.0807197694437649,0.09893411712937437
logistic_regression,none_natural,geographic_route_manipulation__r0p05__medium,geographic_route_manipulation,0.05,MEDIUM,average_precision,5,0.052726927835686666,0.003832699318456843,0.04690785373345814,0.05759008655424181,0.04796800307601492,0.05748585259535841
logistic_regression,none_natural,geographic_route_manipulation__r0p05__medium,geographic_route_manipulation,0.05,MEDIUM,pr_auc_trapezoidal,5,0.05211761410698734,0.0037603105368860523,0.04641712012179537,0.056871772294030745,0.04744857189126595,0.05678665632270873
logistic_regression,none_natural,geographic_route_manipulation__r0p05__medium,geographic_route_manipulation,0.05,MEDIUM,roc_auc,5,0.5053941520467836,0.024614400623762828,0.4776362573099415,0.5311011695906432,0.47483133695486873,0.5359569671386984
logistic_regression,none_natural,geographic_route_manipulation__r0p05__medium,geographic_route_manipulation,0.05,MEDIUM,TP,5,129.4,18.31119875922928,109.0,157.0,106.6636437366935,152.1363562633065
logistic_regression,none_natural,geographic_route_manipulation__r0p05__medium,geographic_route_manipulation,0.05,MEDIUM,TN,5,3234.8,420.4048049202102,2837.0,3879.0,2712.798489058284,3756.8015109417165
logistic_regression,none_natural,geographic_route_manipulation__r0p05__medium,geographic_route_manipulation,0.05,MEDIUM,FP,5,2465.2,420.4048049202102,1821.0,2863.0,1943.1984890582833,2987.201510941716
logistic_regression,none_natural,geographic_route_manipulation__r0p05__medium,geographic_route_manipulation,0.05,MEDIUM,FN,5,170.6,18.31119875922928,143.0,191.0,147.8636437366935,193.3363562633065
logistic_regression,none_natural,geographic_route_manipulation__r0p05__medium,geographic_route_manipulation,0.05,MEDIUM,attack_prevalence,5,0.05,0.0,0.05,0.05,0.05,0.05
logistic_regression,none_natural,geographic_route_manipulation__r0p05__medium,geographic_route_manipulation,0.05,MEDIUM,visible_feature_attack_count,5,0.0,0.0,0.0,0.0,0.0,0.0
logistic_regression,none_natural,geographic_route_manipulation__r0p05__medium,geographic_route_manipulation,0.05,MEDIUM,invisible_feature_attack_count,5,300.0,0.0,300.0,300.0,300.0,300.0
logistic_regression,none_natural,geographic_route_manipulation__r0p05__medium,geographic_route_manipulation,0.05,MEDIUM,selected_feature_visibility_rate,5,0.0,0.0,0.0,0.0,0.0,0.0
logistic_regression,none_natural,geographic_route_manipulation__r0p05__medium,geographic_route_manipulation,0.05,MEDIUM,visible_attack_recall,0,,,,,,
logistic_regression,none_natural,geographic_route_manipulation__r0p05__medium,geographic_route_manipulation,0.05,MEDIUM,invisible_attack_recall,5,0.43133333333333335,0.061037329197430934,0.36333333333333334,0.5233333333333333,0.35554547912231166,0.507121187544355
logistic_regression,none_natural,geographic_route_manipulation__r0p05__medium,geographic_route_manipulation,0.05,MEDIUM,visible_attack_f1,0,,,,,,
logistic_regression,none_natural,geographic_route_manipulation__r0p05__medium,geographic_route_manipulation,0.05,MEDIUM,paired_induced_attack_induced_detection_rate,5,0.0,0.0,0.0,0.0,0.0,0.0
logistic_regression,none_natural,geographic_route_manipulation__r0p05__medium,geographic_route_manipulation,0.05,MEDIUM,paired_induced_mean_anomaly_score_delta,5,0.0,0.0,0.0,0.0,0.0,0.0
logistic_regression,none_natural,geographic_route_manipulation__r0p05__medium,geographic_route_manipulation,0.05,MEDIUM,paired_induced_median_anomaly_score_delta,5,0.0,0.0,0.0,0.0,0.0,0.0
logistic_regression,none_natural,geographic_route_manipulation__r0p05__medium,geographic_route_manipulation,0.05,MEDIUM,selected_feature_count,5,43.0,0.0,43.0,43.0,43.0,43.0
logistic_regression,none_natural,geographic_route_manipulation__r0p05__medium,geographic_route_manipulation,0.05,MEDIUM,source_block_count,5,10.0,0.0,10.0,10.0,10.0,10.0
logistic_regression,none_natural,geographic_route_manipulation__r0p05__medium,geographic_route_manipulation,0.05,MEDIUM,selected_input_bytes,5,2064132.0,0.0,2064132.0,2064132.0,2064132.0,2064132.0
logistic_regression,none_natural,geographic_route_manipulation__r0p05__medium,geographic_route_manipulation,0.05,MEDIUM,model_fit_wall_time_sec,5,0.49001829079934395,0.09719446902817075,0.4144513709979947,0.6605000540002948,0.3693354177824376,0.6107011638162503
logistic_regression,none_natural,geographic_route_manipulation__r0p05__medium,geographic_route_manipulation,0.05,MEDIUM,model_fit_cpu_time_sec,5,0.29261962500000005,0.07522294968955433,0.21856836799999968,0.4180874179999998,0.19921799653171318,0.3860212534682869
logistic_regression,none_natural,geographic_route_manipulation__r0p05__medium,geographic_route_manipulation,0.05,MEDIUM,model_fit_peak_rss_mib,5,182.0546875,0.12530480415894876,181.8984375,182.19140625,181.89910103587374,182.21027396412626
logistic_regression,none_natural,geographic_route_manipulation__r0p05__medium,geographic_route_manipulation,0.05,MEDIUM,combined_fit_wall_time_sec,5,0.49001829079934395,0.09719446902817075,0.4144513709979947,0.6605000540002948,0.3693354177824376,0.6107011638162503
logistic_regression,none_natural,geographic_route_manipulation__r0p05__medium,geographic_route_manipulation,0.05,MEDIUM,inference_wall_time_sec,5,0.002798024339863332,0.0009742166562863472,0.0020261306999600492,0.004483697700197809,0.0015883745913011626,0.004007674088425501
logistic_regression,none_natural,geographic_route_manipulation__r0p05__medium,geographic_route_manipulation,0.05,MEDIUM,per_record_inference_sec,5,4.663373899772221e-07,1.6236944271439122e-07,3.376884499933415e-07,7.472829500329681e-07,2.647290985501938e-07,6.679456814042504e-07
logistic_regression,none_natural,geographic_route_manipulation__r0p05__medium,geographic_route_manipulation,0.05,MEDIUM,inference_cpu_time_sec,5,0.0028857894199995826,0.001030531789132969,0.0020681399000011423,0.0046692253999992776,0.001606215198427645,0.00416536364157152
logistic_regression,none_natural,geographic_route_manipulation__r0p05__medium,geographic_route_manipulation,0.05,MEDIUM,inference_peak_rss_mib,5,803.88984375,0.5735699991677672,803.30859375,804.5078125,803.177662531583,804.6020249684169
logistic_regression,none_natural,geographic_route_manipulation__r0p05__medium,geographic_route_manipulation,0.05,MEDIUM,peak_rss_mib,5,803.88984375,0.5735699991677672,803.30859375,804.5078125,803.177662531583,804.6020249684169
logistic_regression,none_natural,geographic_route_manipulation__r0p05__medium,geographic_route_manipulation,0.05,MEDIUM,serialized_model_bytes,5,2342.0,0.0,2342.0,2342.0,2342.0,2342.0
logistic_regression,none_natural,geographic_route_manipulation__r0p05__medium,geographic_route_manipulation,0.05,MEDIUM,serialized_model_kib,5,2.287109375,0.0,2.287109375,2.287109375,2.287109375,2.287109375
decision_tree,pairwise_correlation_filter_natural,geographic_route_manipulation__r0p05__medium,geographic_route_manipulation,0.05,MEDIUM,precision,5,0.047948805463882235,0.017082003650478725,0.019933554817275746,0.06666666666666667,0.026738696513880673,0.0691589144138838
decision_tree,pairwise_correlation_filter_natural,geographic_route_manipulation__r0p05__medium,geographic_route_manipulation,0.05,MEDIUM,recall,5,0.14933333333333335,0.17850303452135857,0.0033333333333333335,0.38333333333333336,-0.07230745820213744,0.3709741248688041
decision_tree,pairwise_correlation_filter_natural,geographic_route_manipulation__r0p05__medium,geographic_route_manipulation,0.05,MEDIUM,f1,5,0.04995313683609929,0.038646959113317385,0.006349206349206349,0.09225832330525471,0.0019665990650020865,0.09793967460719649
decision_tree,pairwise_correlation_filter_natural,geographic_route_manipulation__r0p05__medium,geographic_route_manipulation,0.05,MEDIUM,average_precision,5,0.0498372166259192,0.0015427316803360124,0.04823623929227533,0.051834190437976935,0.04792166223955605,0.05175277101228235
decision_tree,pairwise_correlation_filter_natural,geographic_route_manipulation__r0p05__medium,geographic_route_manipulation,0.05,MEDIUM,pr_auc_trapezoidal,5,0.0526569190462298,0.009355947577321102,0.04199791007649802,0.06726326733030769,0.041039975770379225,0.06427386232208038
decision_tree,pairwise_correlation_filter_natural,geographic_route_manipulation__r0p05__medium,geographic_route_manipulation,0.05,MEDIUM,roc_auc,5,0.4974829239766082,0.016691041217169123,0.4793763157894737,0.5180008771929825,0.4767582590046977,0.5182075889485187
decision_tree,pairwise_correlation_filter_natural,geographic_route_manipulation__r0p05__medium,geographic_route_manipulation,0.05,MEDIUM,TP,5,44.8,53.55091035640757,1.0,115.0,-21.692237460641223,111.29223746064122
decision_tree,pairwise_correlation_filter_natural,geographic_route_manipulation__r0p05__medium,geographic_route_manipulation,0.05,MEDIUM,TN,5,4840.0,948.4874801493164,3622.0,5686.0,3662.2972431506505,6017.7027568493495
decision_tree,pairwise_correlation_filter_natural,geographic_route_manipulation__r0p05__medium,geographic_route_manipulation,0.05,MEDIUM,FP,5,860.0,948.4874801493164,14.0,2078.0,-317.7027568493495,2037.7027568493495
decision_tree,pairwise_correlation_filter_natural,geographic_route_manipulation__r0p05__medium,geographic_route_manipulation,0.05,MEDIUM,FN,5,255.2,53.55091035640757,185.0,299.0,188.70776253935878,321.6922374606412
decision_tree,pairwise_correlation_filter_natural,geographic_route_manipulation__r0p05__medium,geographic_route_manipulation,0.05,MEDIUM,attack_prevalence,5,0.05,0.0,0.05,0.05,0.05,0.05
decision_tree,pairwise_correlation_filter_natural,geographic_route_manipulation__r0p05__medium,geographic_route_manipulation,0.05,MEDIUM,visible_feature_attack_count,5,0.0,0.0,0.0,0.0,0.0,0.0
decision_tree,pairwise_correlation_filter_natural,geographic_route_manipulation__r0p05__medium,geographic_route_manipulation,0.05,MEDIUM,invisible_feature_attack_count,5,300.0,0.0,300.0,300.0,300.0,300.0
decision_tree,pairwise_correlation_filter_natural,geographic_route_manipulation__r0p05__medium,geographic_route_manipulation,0.05,MEDIUM,selected_feature_visibility_rate,5,0.0,0.0,0.0,0.0,0.0,0.0
decision_tree,pairwise_correlation_filter_natural,geographic_route_manipulation__r0p05__medium,geographic_route_manipulation,0.05,MEDIUM,visible_attack_recall,0,,,,,,
decision_tree,pairwise_correlation_filter_natural,geographic_route_manipulation__r0p05__medium,geographic_route_manipulation,0.05,MEDIUM,invisible_attack_recall,5,0.14933333333333335,0.17850303452135857,0.0033333333333333335,0.38333333333333336,-0.07230745820213744,0.3709741248688041
decision_tree,pairwise_correlation_filter_natural,geographic_route_manipulation__r0p05__medium,geographic_route_manipulation,0.05,MEDIUM,visible_attack_f1,0,,,,,,
decision_tree,pairwise_correlation_filter_natural,geographic_route_manipulation__r0p05__medium,geographic_route_manipulation,0.05,MEDIUM,paired_induced_attack_induced_detection_rate,5,0.0,0.0,0.0,0.0,0.0,0.0
decision_tree,pairwise_correlation_filter_natural,geographic_route_manipulation__r0p05__medium,geographic_route_manipulation,0.05,MEDIUM,paired_induced_mean_anomaly_score_delta,5,0.0,0.0,0.0,0.0,0.0,0.0
decision_tree,pairwise_correlation_filter_natural,geographic_route_manipulation__r0p05__medium,geographic_route_manipulation,0.05,MEDIUM,paired_induced_median_anomaly_score_delta,5,0.0,0.0,0.0,0.0,0.0,0.0
decision_tree,pairwise_correlation_filter_natural,geographic_route_manipulation__r0p05__medium,geographic_route_manipulation,0.05,MEDIUM,selected_feature_count,5,42.0,0.0,42.0,42.0,42.0,42.0
decision_tree,pairwise_correlation_filter_natural,geographic_route_manipulation__r0p05__medium,geographic_route_manipulation,0.05,MEDIUM,source_block_count,5,9.0,0.0,9.0,9.0,9.0,9.0
decision_tree,pairwise_correlation_filter_natural,geographic_route_manipulation__r0p05__medium,geographic_route_manipulation,0.05,MEDIUM,selected_input_bytes,5,2016132.0,0.0,2016132.0,2016132.0,2016132.0,2016132.0
decision_tree,pairwise_correlation_filter_natural,geographic_route_manipulation__r0p05__medium,geographic_route_manipulation,0.05,MEDIUM,model_fit_wall_time_sec,0,,,,,,
decision_tree,pairwise_correlation_filter_natural,geographic_route_manipulation__r0p05__medium,geographic_route_manipulation,0.05,MEDIUM,model_fit_cpu_time_sec,0,,,,,,
decision_tree,pairwise_correlation_filter_natural,geographic_route_manipulation__r0p05__medium,geographic_route_manipulation,0.05,MEDIUM,model_fit_peak_rss_mib,0,,,,,,
decision_tree,pairwise_correlation_filter_natural,geographic_route_manipulation__r0p05__medium,geographic_route_manipulation,0.05,MEDIUM,combined_fit_wall_time_sec,0,,,,,,
decision_tree,pairwise_correlation_filter_natural,geographic_route_manipulation__r0p05__medium,geographic_route_manipulation,0.05,MEDIUM,inference_wall_time_sec,5,0.002928380640078103,0.0004370048795748898,0.002432604900241131,0.003610333400138188,0.0023857674140701597,0.003470993866086046
decision_tree,pairwise_correlation_filter_natural,geographic_route_manipulation__r0p05__medium,geographic_route_manipulation,0.05,MEDIUM,per_record_inference_sec,5,4.880634400130173e-07,7.283414659581498e-08,4.054341500401885e-07,6.017222333563647e-07,3.976279023450267e-07,5.784989776810079e-07
decision_tree,pairwise_correlation_filter_natural,geographic_route_manipulation__r0p05__medium,geographic_route_manipulation,0.05,MEDIUM,inference_cpu_time_sec,5,0.00299747388000128,0.0004334686614059095,0.002487453999998479,0.00366392780000524,0.0024592514487835567,0.003535696311219003
decision_tree,pairwise_correlation_filter_natural,geographic_route_manipulation__r0p05__medium,geographic_route_manipulation,0.05,MEDIUM,inference_peak_rss_mib,5,803.70078125,0.4643478184339569,803.30859375,804.5078125,803.1242172812056,804.2773452187944
decision_tree,pairwise_correlation_filter_natural,geographic_route_manipulation__r0p05__medium,geographic_route_manipulation,0.05,MEDIUM,peak_rss_mib,5,803.70078125,0.4643478184339569,803.30859375,804.5078125,803.1242172812056,804.2773452187944
decision_tree,pairwise_correlation_filter_natural,geographic_route_manipulation__r0p05__medium,geographic_route_manipulation,0.05,MEDIUM,serialized_model_bytes,5,4116.0,327.90242451070714,3764.0,4404.0,3708.8553645610036,4523.144635438996
decision_tree,pairwise_correlation_filter_natural,geographic_route_manipulation__r0p05__medium,geographic_route_manipulation,0.05,MEDIUM,serialized_model_kib,5,4.01953125,0.32021721143623744,3.67578125,4.30078125,3.621929066954105,4.417133433045895
logistic_regression,pairwise_correlation_filter_natural,geographic_route_manipulation__r0p05__medium,geographic_route_manipulation,0.05,MEDIUM,precision,5,0.050276593647123245,0.004746653166878168,0.04508979747802828,0.05647668393782383,0.04438284529784606,0.05617034199640043
logistic_regression,pairwise_correlation_filter_natural,geographic_route_manipulation__r0p05__medium,geographic_route_manipulation,0.05,MEDIUM,recall,5,0.43133333333333335,0.061037329197430934,0.36333333333333334,0.5233333333333333,0.35554547912231166,0.507121187544355
logistic_regression,pairwise_correlation_filter_natural,geographic_route_manipulation__r0p05__medium,geographic_route_manipulation,0.05,MEDIUM,f1,5,0.08982694328656964,0.007334652414801644,0.08090503942406582,0.09775784753363229,0.0807197694437649,0.09893411712937437
logistic_regression,pairwise_correlation_filter_natural,geographic_route_manipulation__r0p05__medium,geographic_route_manipulation,0.05,MEDIUM,average_precision,5,0.05272614987579215,0.0038345650939319454,0.046902518260391914,0.057589503259810146,0.047964908449884235,0.05748739130170006
logistic_regression,pairwise_correlation_filter_natural,geographic_route_manipulation__r0p05__medium,geographic_route_manipulation,0.05,MEDIUM,pr_auc_trapezoidal,5,0.05211696765748545,0.003761878806501215,0.04641255321650849,0.05687119182217816,0.047445978177843434,0.05678795713712746
logistic_regression,pairwise_correlation_filter_natural,geographic_route_manipulation__r0p05__medium,geographic_route_manipulation,0.05,MEDIUM,roc_auc,5,0.5053918128654971,0.024612616258210006,0.4776356725146199,0.5310982456140352,0.4748312133560488,0.5359524123749454
logistic_regression,pairwise_correlation_filter_natural,geographic_route_manipulation__r0p05__medium,geographic_route_manipulation,0.05,MEDIUM,TP,5,129.4,18.31119875922928,109.0,157.0,106.6636437366935,152.1363562633065
logistic_regression,pairwise_correlation_filter_natural,geographic_route_manipulation__r0p05__medium,geographic_route_manipulation,0.05,MEDIUM,TN,5,3234.8,420.4048049202102,2837.0,3879.0,2712.798489058284,3756.8015109417165
logistic_regression,pairwise_correlation_filter_natural,geographic_route_manipulation__r0p05__medium,geographic_route_manipulation,0.05,MEDIUM,FP,5,2465.2,420.4048049202102,1821.0,2863.0,1943.1984890582833,2987.201510941716
logistic_regression,pairwise_correlation_filter_natural,geographic_route_manipulation__r0p05__medium,geographic_route_manipulation,0.05,MEDIUM,FN,5,170.6,18.31119875922928,143.0,191.0,147.8636437366935,193.3363562633065
logistic_regression,pairwise_correlation_filter_natural,geographic_route_manipulation__r0p05__medium,geographic_route_manipulation,0.05,MEDIUM,attack_prevalence,5,0.05,0.0,0.05,0.05,0.05,0.05
logistic_regression,pairwise_correlation_filter_natural,geographic_route_manipulation__r0p05__medium,geographic_route_manipulation,0.05,MEDIUM,visible_feature_attack_count,5,0.0,0.0,0.0,0.0,0.0,0.0
logistic_regression,pairwise_correlation_filter_natural,geographic_route_manipulation__r0p05__medium,geographic_route_manipulation,0.05,MEDIUM,invisible_feature_attack_count,5,300.0,0.0,300.0,300.0,300.0,300.0
logistic_regression,pairwise_correlation_filter_natural,geographic_route_manipulation__r0p05__medium,geographic_route_manipulation,0.05,MEDIUM,selected_feature_visibility_rate,5,0.0,0.0,0.0,0.0,0.0,0.0
logistic_regression,pairwise_correlation_filter_natural,geographic_route_manipulation__r0p05__medium,geographic_route_manipulation,0.05,MEDIUM,visible_attack_recall,0,,,,,,
logistic_regression,pairwise_correlation_filter_natural,geographic_route_manipulation__r0p05__medium,geographic_route_manipulation,0.05,MEDIUM,invisible_attack_recall,5,0.43133333333333335,0.061037329197430934,0.36333333333333334,0.5233333333333333,0.35554547912231166,0.507121187544355
logistic_regression,pairwise_correlation_filter_natural,geographic_route_manipulation__r0p05__medium,geographic_route_manipulation,0.05,MEDIUM,visible_attack_f1,0,,,,,,
logistic_regression,pairwise_correlation_filter_natural,geographic_route_manipulation__r0p05__medium,geographic_route_manipulation,0.05,MEDIUM,paired_induced_attack_induced_detection_rate,5,0.0,0.0,0.0,0.0,0.0,0.0
logistic_regression,pairwise_correlation_filter_natural,geographic_route_manipulation__r0p05__medium,geographic_route_manipulation,0.05,MEDIUM,paired_induced_mean_anomaly_score_delta,5,0.0,0.0,0.0,0.0,0.0,0.0
logistic_regression,pairwise_correlation_filter_natural,geographic_route_manipulation__r0p05__medium,geographic_route_manipulation,0.05,MEDIUM,paired_induced_median_anomaly_score_delta,5,0.0,0.0,0.0,0.0,0.0,0.0
logistic_regression,pairwise_correlation_filter_natural,geographic_route_manipulation__r0p05__medium,geographic_route_manipulation,0.05,MEDIUM,selected_feature_count,5,42.0,0.0,42.0,42.0,42.0,42.0
logistic_regression,pairwise_correlation_filter_natural,geographic_route_manipulation__r0p05__medium,geographic_route_manipulation,0.05,MEDIUM,source_block_count,5,9.0,0.0,9.0,9.0,9.0,9.0
logistic_regression,pairwise_correlation_filter_natural,geographic_route_manipulation__r0p05__medium,geographic_route_manipulation,0.05,MEDIUM,selected_input_bytes,5,2016132.0,0.0,2016132.0,2016132.0,2016132.0,2016132.0
logistic_regression,pairwise_correlation_filter_natural,geographic_route_manipulation__r0p05__medium,geographic_route_manipulation,0.05,MEDIUM,model_fit_wall_time_sec,5,0.5226187851993018,0.1320858923339655,0.33173528499901295,0.6544766820006771,0.358612488017468,0.6866250823811357
logistic_regression,pairwise_correlation_filter_natural,geographic_route_manipulation__r0p05__medium,geographic_route_manipulation,0.05,MEDIUM,model_fit_cpu_time_sec,5,0.32897909459999986,0.11776488132572177,0.18253484599999936,0.47190246899999977,0.18275468120499616,0.47520350799500355
logistic_regression,pairwise_correlation_filter_natural,geographic_route_manipulation__r0p05__medium,geographic_route_manipulation,0.05,MEDIUM,model_fit_peak_rss_mib,5,181.35625,0.274181465592076,181.0546875,181.63671875,181.01580874519928,181.6966912548007
logistic_regression,pairwise_correlation_filter_natural,geographic_route_manipulation__r0p05__medium,geographic_route_manipulation,0.05,MEDIUM,combined_fit_wall_time_sec,5,0.5226187851993018,0.1320858923339655,0.33173528499901295,0.6544766820006771,0.358612488017468,0.6866250823811357
logistic_regression,pairwise_correlation_filter_natural,geographic_route_manipulation__r0p05__medium,geographic_route_manipulation,0.05,MEDIUM,inference_wall_time_sec,5,0.003387935560022015,0.0012219216482819034,0.0022465636997367256,0.00518504200008465,0.0018707194407233676,0.004905151679320663
logistic_regression,pairwise_correlation_filter_natural,geographic_route_manipulation__r0p05__medium,geographic_route_manipulation,0.05,MEDIUM,per_record_inference_sec,5,5.646559266703359e-07,2.036536080469839e-07,3.744272832894543e-07,8.64173666680775e-07,3.1178657345389465e-07,8.175252798867771e-07
logistic_regression,pairwise_correlation_filter_natural,geographic_route_manipulation__r0p05__medium,geographic_route_manipulation,0.05,MEDIUM,inference_cpu_time_sec,5,0.003488163779998104,0.0012732612949344978,0.00225711129999695,0.005331751300002452,0.001907201069770377,0.0050691264902258315
logistic_regression,pairwise_correlation_filter_natural,geographic_route_manipulation__r0p05__medium,geographic_route_manipulation,0.05,MEDIUM,inference_peak_rss_mib,5,803.71875,0.4467834805760224,803.3984375,804.5078125,803.1639950371762,804.2735049628238
logistic_regression,pairwise_correlation_filter_natural,geographic_route_manipulation__r0p05__medium,geographic_route_manipulation,0.05,MEDIUM,peak_rss_mib,5,803.71875,0.4467834805760224,803.3984375,804.5078125,803.1639950371762,804.2735049628238
logistic_regression,pairwise_correlation_filter_natural,geographic_route_manipulation__r0p05__medium,geographic_route_manipulation,0.05,MEDIUM,serialized_model_bytes,5,2310.0,0.0,2310.0,2310.0,2310.0,2310.0
logistic_regression,pairwise_correlation_filter_natural,geographic_route_manipulation__r0p05__medium,geographic_route_manipulation,0.05,MEDIUM,serialized_model_kib,5,2.255859375,0.0,2.255859375,2.255859375,2.255859375,2.255859375
decision_tree,mutual_information_select_k_best_k11,geographic_route_manipulation__r0p05__medium,geographic_route_manipulation,0.05,MEDIUM,precision,5,0.0349799911349024,0.023806697203776126,0.0,0.05303030303030303,0.00542007230081187,0.06453990996899292
decision_tree,mutual_information_select_k_best_k11,geographic_route_manipulation__r0p05__medium,geographic_route_manipulation,0.05,MEDIUM,recall,5,0.142,0.1771628252954515,0.0,0.37333333333333335,-0.0779767019896001,0.3619767019896001
decision_tree,mutual_information_select_k_best_k11,geographic_route_manipulation__r0p05__medium,geographic_route_manipulation,0.05,MEDIUM,f1,5,0.04572577079155481,0.04035924019815068,0.0,0.09035901573215006,-0.004386844757386876,0.09583838634049649
decision_tree,mutual_information_select_k_best_k11,geographic_route_manipulation__r0p05__medium,geographic_route_manipulation,0.05,MEDIUM,average_precision,5,0.04965751847960783,0.0011230480228161179,0.04846461575711224,0.05080137008929517,0.04826307018142203,0.05105196677779363
decision_tree,mutual_information_select_k_best_k11,geographic_route_manipulation__r0p05__medium,geographic_route_manipulation,0.05,MEDIUM,pr_auc_trapezoidal,5,0.049654543650855525,0.004407046621056406,0.04233572895199188,0.05354681608752866,0.044182472523079885,0.055126614778631164
decision_tree,mutual_information_select_k_best_k11,geographic_route_manipulation__r0p05__medium,geographic_route_manipulation,0.05,MEDIUM,roc_auc,5,0.49530239766081874,0.013908674213721278,0.48026959064327485,0.508626023391813,0.47803249762688227,0.5125722976947552
decision_tree,mutual_information_select_k_best_k11,geographic_route_manipulation__r0p05__medium,geographic_route_manipulation,0.05,MEDIUM,TP,5,42.6,53.14884758863545,0.0,112.0,-23.393010596880025,108.59301059688002
decision_tree,mutual_information_select_k_best_k11,geographic_route_manipulation__r0p05__medium,geographic_route_manipulation,0.05,MEDIUM,TN,5,4868.4,960.047811309416,3633.0,5689.0,3676.34319614183,6060.456803858169
decision_tree,mutual_information_select_k_best_k11,geographic_route_manipulation__r0p05__medium,geographic_route_manipulation,0.05,MEDIUM,FP,5,831.6,960.047811309416,11.0,2067.0,-360.4568038581698,2023.65680385817
decision_tree,mutual_information_select_k_best_k11,geographic_route_manipulation__r0p05__medium,geographic_route_manipulation,0.05,MEDIUM,FN,5,257.4,53.14884758863545,188.0,300.0,191.40698940311995,323.39301059688
decision_tree,mutual_information_select_k_best_k11,geographic_route_manipulation__r0p05__medium,geographic_route_manipulation,0.05,MEDIUM,attack_prevalence,5,0.05,0.0,0.05,0.05,0.05,0.05
decision_tree,mutual_information_select_k_best_k11,geographic_route_manipulation__r0p05__medium,geographic_route_manipulation,0.05,MEDIUM,visible_feature_attack_count,5,0.0,0.0,0.0,0.0,0.0,0.0
decision_tree,mutual_information_select_k_best_k11,geographic_route_manipulation__r0p05__medium,geographic_route_manipulation,0.05,MEDIUM,invisible_feature_attack_count,5,300.0,0.0,300.0,300.0,300.0,300.0
decision_tree,mutual_information_select_k_best_k11,geographic_route_manipulation__r0p05__medium,geographic_route_manipulation,0.05,MEDIUM,selected_feature_visibility_rate,5,0.0,0.0,0.0,0.0,0.0,0.0
decision_tree,mutual_information_select_k_best_k11,geographic_route_manipulation__r0p05__medium,geographic_route_manipulation,0.05,MEDIUM,visible_attack_recall,0,,,,,,
decision_tree,mutual_information_select_k_best_k11,geographic_route_manipulation__r0p05__medium,geographic_route_manipulation,0.05,MEDIUM,invisible_attack_recall,5,0.142,0.1771628252954515,0.0,0.37333333333333335,-0.0779767019896001,0.3619767019896001
decision_tree,mutual_information_select_k_best_k11,geographic_route_manipulation__r0p05__medium,geographic_route_manipulation,0.05,MEDIUM,visible_attack_f1,0,,,,,,
decision_tree,mutual_information_select_k_best_k11,geographic_route_manipulation__r0p05__medium,geographic_route_manipulation,0.05,MEDIUM,paired_induced_attack_induced_detection_rate,5,0.0,0.0,0.0,0.0,0.0,0.0
decision_tree,mutual_information_select_k_best_k11,geographic_route_manipulation__r0p05__medium,geographic_route_manipulation,0.05,MEDIUM,paired_induced_mean_anomaly_score_delta,5,0.0,0.0,0.0,0.0,0.0,0.0
decision_tree,mutual_information_select_k_best_k11,geographic_route_manipulation__r0p05__medium,geographic_route_manipulation,0.05,MEDIUM,paired_induced_median_anomaly_score_delta,5,0.0,0.0,0.0,0.0,0.0,0.0
decision_tree,mutual_information_select_k_best_k11,geographic_route_manipulation__r0p05__medium,geographic_route_manipulation,0.05,MEDIUM,selected_feature_count,5,11.0,0.0,11.0,11.0,11.0,11.0
decision_tree,mutual_information_select_k_best_k11,geographic_route_manipulation__r0p05__medium,geographic_route_manipulation,0.05,MEDIUM,source_block_count,5,5.0,0.7071067811865476,4.0,6.0,4.122010966914219,5.877989033085781
decision_tree,mutual_information_select_k_best_k11,geographic_route_manipulation__r0p05__medium,geographic_route_manipulation,0.05,MEDIUM,selected_input_bytes,5,528132.0,0.0,528132.0,528132.0,528132.0,528132.0
decision_tree,mutual_information_select_k_best_k11,geographic_route_manipulation__r0p05__medium,geographic_route_manipulation,0.05,MEDIUM,model_fit_wall_time_sec,0,,,,,,
decision_tree,mutual_information_select_k_best_k11,geographic_route_manipulation__r0p05__medium,geographic_route_manipulation,0.05,MEDIUM,model_fit_cpu_time_sec,0,,,,,,
decision_tree,mutual_information_select_k_best_k11,geographic_route_manipulation__r0p05__medium,geographic_route_manipulation,0.05,MEDIUM,model_fit_peak_rss_mib,0,,,,,,
decision_tree,mutual_information_select_k_best_k11,geographic_route_manipulation__r0p05__medium,geographic_route_manipulation,0.05,MEDIUM,combined_fit_wall_time_sec,0,,,,,,
decision_tree,mutual_information_select_k_best_k11,geographic_route_manipulation__r0p05__medium,geographic_route_manipulation,0.05,MEDIUM,inference_wall_time_sec,5,0.0024740045801445376,0.0009423865567421975,0.0018675405000976753,0.004132375599874649,0.0013038771202456122,0.003644132040043463
decision_tree,mutual_information_select_k_best_k11,geographic_route_manipulation__r0p05__medium,geographic_route_manipulation,0.05,MEDIUM,per_record_inference_sec,5,4.1233409669075624e-07,1.570644261236996e-07,3.112567500162792e-07,6.887292666457748e-07,2.1731285337426866e-07,6.073553400072438e-07
decision_tree,mutual_information_select_k_best_k11,geographic_route_manipulation__r0p05__medium,geographic_route_manipulation,0.05,MEDIUM,inference_cpu_time_sec,5,0.0025487233599994852,0.0009822775722950884,0.0019220685999982833,0.004275985700002138,0.0013290646622367095,0.003768382057762261
decision_tree,mutual_information_select_k_best_k11,geographic_route_manipulation__r0p05__medium,geographic_route_manipulation,0.05,MEDIUM,inference_peak_rss_mib,5,803.71953125,0.44342734198196165,803.44140625,804.5078125,803.1689434836414,804.2701190163586
decision_tree,mutual_information_select_k_best_k11,geographic_route_manipulation__r0p05__medium,geographic_route_manipulation,0.05,MEDIUM,peak_rss_mib,5,803.71953125,0.44342734198196165,803.44140625,804.5078125,803.1689434836414,804.2701190163586
decision_tree,mutual_information_select_k_best_k11,geographic_route_manipulation__r0p05__medium,geographic_route_manipulation,0.05,MEDIUM,serialized_model_bytes,5,3402.4,341.02903102228703,3028.0,3716.0,2978.9565298369753,3825.843470163025
decision_tree,mutual_information_select_k_best_k11,geographic_route_manipulation__r0p05__medium,geographic_route_manipulation,0.05,MEDIUM,serialized_model_kib,5,3.32265625,0.3330361631077022,2.95703125,3.62890625,2.909137236168921,3.736175263831079
logistic_regression,mutual_information_select_k_best_k11,geographic_route_manipulation__r0p05__medium,geographic_route_manipulation,0.05,MEDIUM,precision,5,0.0488825229972648,0.003193525328789384,0.04462531574515857,0.05234159779614325,0.04491723756915204,0.05284780842537757
logistic_regression,mutual_information_select_k_best_k11,geographic_route_manipulation__r0p05__medium,geographic_route_manipulation,0.05,MEDIUM,recall,5,0.4893333333333333,0.06508114592995083,0.41,0.57,0.4085244174702037,0.570142249196463
logistic_regression,mutual_information_select_k_best_k11,geographic_route_manipulation__r0p05__medium,geographic_route_manipulation,0.05,MEDIUM,f1,5,0.08877468608899974,0.00563290817835564,0.08231944084908102,0.095878889823381,0.08178050679874244,0.09576886537925705
logistic_regression,mutual_information_select_k_best_k11,geographic_route_manipulation__r0p05__medium,geographic_route_manipulation,0.05,MEDIUM,average_precision,5,0.049439560355306375,0.004319325905976085,0.04389865595348351,0.055142675460964075,0.04407640888134275,0.05480271182927
logistic_regression,mutual_information_select_k_best_k11,geographic_route_manipulation__r0p05__medium,geographic_route_manipulation,0.05,MEDIUM,pr_auc_trapezoidal,5,0.04896356470227355,0.004214245605095776,0.043536983618996036,0.054527569774445346,0.04373088765483353,0.054196241749713575
logistic_regression,mutual_information_select_k_best_k11,geographic_route_manipulation__r0p05__medium,geographic_route_manipulation,0.05,MEDIUM,roc_auc,5,0.4899480116959064,0.02680424684066545,0.44972280701754386,0.5224347953216374,0.45666614339485867,0.5232298799969541
logistic_regression,mutual_information_select_k_best_k11,geographic_route_manipulation__r0p05__medium,geographic_route_manipulation,0.05,MEDIUM,TP,5,146.8,19.524343778985248,123.0,171.0,122.55732524106114,171.0426747589389
logistic_regression,mutual_information_select_k_best_k11,geographic_route_manipulation__r0p05__medium,geographic_route_manipulation,0.05,MEDIUM,TN,5,2836.8,402.4856519181771,2296.0,3257.0,2337.0480562192306,3336.5519437807698
logistic_regression,mutual_information_select_k_best_k11,geographic_route_manipulation__r0p05__medium,geographic_route_manipulation,0.05,MEDIUM,FP,5,2863.2,402.4856519181771,2443.0,3404.0,2363.4480562192302,3362.9519437807694
logistic_regression,mutual_information_select_k_best_k11,geographic_route_manipulation__r0p05__medium,geographic_route_manipulation,0.05,MEDIUM,FN,5,153.2,19.524343778985248,129.0,177.0,128.9573252410611,177.44267475893886
logistic_regression,mutual_information_select_k_best_k11,geographic_route_manipulation__r0p05__medium,geographic_route_manipulation,0.05,MEDIUM,attack_prevalence,5,0.05,0.0,0.05,0.05,0.05,0.05
logistic_regression,mutual_information_select_k_best_k11,geographic_route_manipulation__r0p05__medium,geographic_route_manipulation,0.05,MEDIUM,visible_feature_attack_count,5,0.0,0.0,0.0,0.0,0.0,0.0
logistic_regression,mutual_information_select_k_best_k11,geographic_route_manipulation__r0p05__medium,geographic_route_manipulation,0.05,MEDIUM,invisible_feature_attack_count,5,300.0,0.0,300.0,300.0,300.0,300.0
logistic_regression,mutual_information_select_k_best_k11,geographic_route_manipulation__r0p05__medium,geographic_route_manipulation,0.05,MEDIUM,selected_feature_visibility_rate,5,0.0,0.0,0.0,0.0,0.0,0.0
logistic_regression,mutual_information_select_k_best_k11,geographic_route_manipulation__r0p05__medium,geographic_route_manipulation,0.05,MEDIUM,visible_attack_recall,0,,,,,,
logistic_regression,mutual_information_select_k_best_k11,geographic_route_manipulation__r0p05__medium,geographic_route_manipulation,0.05,MEDIUM,invisible_attack_recall,5,0.4893333333333333,0.06508114592995083,0.41,0.57,0.4085244174702037,0.570142249196463
logistic_regression,mutual_information_select_k_best_k11,geographic_route_manipulation__r0p05__medium,geographic_route_manipulation,0.05,MEDIUM,visible_attack_f1,0,,,,,,
logistic_regression,mutual_information_select_k_best_k11,geographic_route_manipulation__r0p05__medium,geographic_route_manipulation,0.05,MEDIUM,paired_induced_attack_induced_detection_rate,5,0.0,0.0,0.0,0.0,0.0,0.0
logistic_regression,mutual_information_select_k_best_k11,geographic_route_manipulation__r0p05__medium,geographic_route_manipulation,0.05,MEDIUM,paired_induced_mean_anomaly_score_delta,5,0.0,0.0,0.0,0.0,0.0,0.0
logistic_regression,mutual_information_select_k_best_k11,geographic_route_manipulation__r0p05__medium,geographic_route_manipulation,0.05,MEDIUM,paired_induced_median_anomaly_score_delta,5,0.0,0.0,0.0,0.0,0.0,0.0
logistic_regression,mutual_information_select_k_best_k11,geographic_route_manipulation__r0p05__medium,geographic_route_manipulation,0.05,MEDIUM,selected_feature_count,5,11.0,0.0,11.0,11.0,11.0,11.0
logistic_regression,mutual_information_select_k_best_k11,geographic_route_manipulation__r0p05__medium,geographic_route_manipulation,0.05,MEDIUM,source_block_count,5,5.0,0.7071067811865476,4.0,6.0,4.122010966914219,5.877989033085781
logistic_regression,mutual_information_select_k_best_k11,geographic_route_manipulation__r0p05__medium,geographic_route_manipulation,0.05,MEDIUM,selected_input_bytes,5,528132.0,0.0,528132.0,528132.0,528132.0,528132.0
logistic_regression,mutual_information_select_k_best_k11,geographic_route_manipulation__r0p05__medium,geographic_route_manipulation,0.05,MEDIUM,model_fit_wall_time_sec,5,0.27497685859998455,0.02091021720342391,0.24763035999785643,0.29918557299970416,0.24901339470385145,0.30094032249611763
logistic_regression,mutual_information_select_k_best_k11,geographic_route_manipulation__r0p05__medium,geographic_route_manipulation,0.05,MEDIUM,model_fit_cpu_time_sec,5,0.09213092119999988,0.014315567471356337,0.07548344399999962,0.10902960499999992,0.07435579645694569,0.10990604594305407
logistic_regression,mutual_information_select_k_best_k11,geographic_route_manipulation__r0p05__medium,geographic_route_manipulation,0.05,MEDIUM,model_fit_peak_rss_mib,5,163.92734375,0.3541635550567968,163.37890625,164.25390625,163.48759161420978,164.36709588579023
logistic_regression,mutual_information_select_k_best_k11,geographic_route_manipulation__r0p05__medium,geographic_route_manipulation,0.05,MEDIUM,combined_fit_wall_time_sec,5,0.27497685859998455,0.02091021720342391,0.24763035999785643,0.29918557299970416,0.24901339470385145,0.30094032249611763
logistic_regression,mutual_information_select_k_best_k11,geographic_route_manipulation__r0p05__medium,geographic_route_manipulation,0.05,MEDIUM,inference_wall_time_sec,5,0.0019209903400042097,0.0002424411751948373,0.0015095802998985163,0.002150332999735838,0.0016199598610823296,0.00222202081892609
logistic_regression,mutual_information_select_k_best_k11,geographic_route_manipulation__r0p05__medium,geographic_route_manipulation,0.05,MEDIUM,per_record_inference_sec,5,3.2016505666736826e-07,4.0406862532472884e-08,2.5159671664975273e-07,3.5838883328930635e-07,2.6999331018038825e-07,3.7033680315434827e-07
logistic_regression,mutual_information_select_k_best_k11,geographic_route_manipulation__r0p05__medium,geographic_route_manipulation,0.05,MEDIUM,inference_cpu_time_sec,5,0.001966359799998827,0.00024933266684242726,0.001531435300000794,0.0021663189999969745,0.0016567724040042059,0.0022759471959934484
logistic_regression,mutual_information_select_k_best_k11,geographic_route_manipulation__r0p05__medium,geographic_route_manipulation,0.05,MEDIUM,inference_peak_rss_mib,5,803.52265625,0.04944146041342731,803.44140625,803.5625,803.461266568586,803.5840459314139
logistic_regression,mutual_information_select_k_best_k11,geographic_route_manipulation__r0p05__medium,geographic_route_manipulation,0.05,MEDIUM,peak_rss_mib,5,803.52265625,0.04944146041342731,803.44140625,803.5625,803.461266568586,803.5840459314139
logistic_regression,mutual_information_select_k_best_k11,geographic_route_manipulation__r0p05__medium,geographic_route_manipulation,0.05,MEDIUM,serialized_model_bytes,5,1353.2,13.386560424545209,1334.0,1366.0,1336.5783898610498,1369.8216101389503
logistic_regression,mutual_information_select_k_best_k11,geographic_route_manipulation__r0p05__medium,geographic_route_manipulation,0.05,MEDIUM,serialized_model_kib,5,1.321484375,0.01307281291459493,1.302734375,1.333984375,1.3052523338486814,1.3377164161513186
decision_tree,none_natural,transaction_record_tampering__r0p05__medium,transaction_record_tampering,0.05,MEDIUM,precision,5,0.3656720162926801,0.3289787548021035,0.09848156182212581,0.9047619047619048,-0.04280905971932014,0.7741530923046803
decision_tree,none_natural,transaction_record_tampering__r0p05__medium,transaction_record_tampering,0.05,MEDIUM,recall,5,0.5633333333333334,0.13129694927487423,0.44333333333333336,0.7566666666666667,0.40030663834460667,0.72636002832206
decision_tree,none_natural,transaction_record_tampering__r0p05__medium,transaction_record_tampering,0.05,MEDIUM,f1,5,0.35500787445036647,0.18016864163482602,0.17428023032629558,0.5950782997762863,0.13129895852694945,0.5787167903737835
decision_tree,none_natural,transaction_record_tampering__r0p05__medium,transaction_record_tampering,0.05,MEDIUM,average_precision,5,0.4711506614910322,0.02144326749555617,0.44322092006899927,0.49655996410886705,0.44452532823792595,0.4977759947441384
decision_tree,none_natural,transaction_record_tampering__r0p05__medium,transaction_record_tampering,0.05,MEDIUM,pr_auc_trapezoidal,5,0.534560013869177,0.045657547224573936,0.47475184330343373,0.5993951515733245,0.47786868123409026,0.5912513465042637
decision_tree,none_natural,transaction_record_tampering__r0p05__medium,transaction_record_tampering,0.05,MEDIUM,roc_auc,5,0.7684121052631578,0.016068181965457236,0.7423368421052632,0.7842043859649123,0.7484608222000467,0.788363388326269
decision_tree,none_natural,transaction_record_tampering__r0p05__medium,transaction_record_tampering,0.05,MEDIUM,TP,5,169.0,39.38908478246226,133.0,227.0,120.09199150338199,217.908008496618
decision_tree,none_natural,transaction_record_tampering__r0p05__medium,transaction_record_tampering,0.05,MEDIUM,TN,5,4840.0,948.4874801493164,3622.0,5686.0,3662.2972431506505,6017.7027568493495
decision_tree,none_natural,transaction_record_tampering__r0p05__medium,transaction_record_tampering,0.05,MEDIUM,FP,5,860.0,948.4874801493164,14.0,2078.0,-317.7027568493495,2037.7027568493495
decision_tree,none_natural,transaction_record_tampering__r0p05__medium,transaction_record_tampering,0.05,MEDIUM,FN,5,131.0,39.38908478246226,73.0,167.0,82.09199150338199,179.908008496618
decision_tree,none_natural,transaction_record_tampering__r0p05__medium,transaction_record_tampering,0.05,MEDIUM,attack_prevalence,5,0.05,0.0,0.05,0.05,0.05,0.05
decision_tree,none_natural,transaction_record_tampering__r0p05__medium,transaction_record_tampering,0.05,MEDIUM,visible_feature_attack_count,5,300.0,0.0,300.0,300.0,300.0,300.0
decision_tree,none_natural,transaction_record_tampering__r0p05__medium,transaction_record_tampering,0.05,MEDIUM,invisible_feature_attack_count,5,0.0,0.0,0.0,0.0,0.0,0.0
decision_tree,none_natural,transaction_record_tampering__r0p05__medium,transaction_record_tampering,0.05,MEDIUM,selected_feature_visibility_rate,5,1.0,0.0,1.0,1.0,1.0,1.0
decision_tree,none_natural,transaction_record_tampering__r0p05__medium,transaction_record_tampering,0.05,MEDIUM,visible_attack_recall,5,0.5633333333333334,0.13129694927487423,0.44333333333333336,0.7566666666666667,0.40030663834460667,0.72636002832206
decision_tree,none_natural,transaction_record_tampering__r0p05__medium,transaction_record_tampering,0.05,MEDIUM,invisible_attack_recall,0,,,,,,
decision_tree,none_natural,transaction_record_tampering__r0p05__medium,transaction_record_tampering,0.05,MEDIUM,visible_attack_f1,5,0.35500787445036647,0.18016864163482602,0.17428023032629558,0.5950782997762863,0.13129895852694945,0.5787167903737835
decision_tree,none_natural,transaction_record_tampering__r0p05__medium,transaction_record_tampering,0.05,MEDIUM,paired_induced_attack_induced_detection_rate,5,0.4213333333333334,0.04425933674253252,0.37333333333333335,0.47333333333333333,0.36637810831571005,0.47628855835095674
decision_tree,none_natural,transaction_record_tampering__r0p05__medium,transaction_record_tampering,0.05,MEDIUM,paired_induced_mean_anomaly_score_delta,5,0.2399208374700957,0.015341812160216513,0.2206967691938191,0.2558400742584707,0.220871461643535,0.2589702132966564
decision_tree,none_natural,transaction_record_tampering__r0p05__medium,transaction_record_tampering,0.05,MEDIUM,paired_induced_median_anomaly_score_delta,5,0.0,0.0,0.0,0.0,0.0,0.0
decision_tree,none_natural,transaction_record_tampering__r0p05__medium,transaction_record_tampering,0.05,MEDIUM,selected_feature_count,5,43.0,0.0,43.0,43.0,43.0,43.0
decision_tree,none_natural,transaction_record_tampering__r0p05__medium,transaction_record_tampering,0.05,MEDIUM,source_block_count,5,10.0,0.0,10.0,10.0,10.0,10.0
decision_tree,none_natural,transaction_record_tampering__r0p05__medium,transaction_record_tampering,0.05,MEDIUM,selected_input_bytes,5,2064132.0,0.0,2064132.0,2064132.0,2064132.0,2064132.0
decision_tree,none_natural,transaction_record_tampering__r0p05__medium,transaction_record_tampering,0.05,MEDIUM,model_fit_wall_time_sec,0,,,,,,
decision_tree,none_natural,transaction_record_tampering__r0p05__medium,transaction_record_tampering,0.05,MEDIUM,model_fit_cpu_time_sec,0,,,,,,
decision_tree,none_natural,transaction_record_tampering__r0p05__medium,transaction_record_tampering,0.05,MEDIUM,model_fit_peak_rss_mib,0,,,,,,
decision_tree,none_natural,transaction_record_tampering__r0p05__medium,transaction_record_tampering,0.05,MEDIUM,combined_fit_wall_time_sec,0,,,,,,
decision_tree,none_natural,transaction_record_tampering__r0p05__medium,transaction_record_tampering,0.05,MEDIUM,inference_wall_time_sec,5,0.00343656124008703,0.0009623993338467318,0.0026030189997982233,0.0044919188003405,0.002241584635353308,0.004631537844820751
decision_tree,none_natural,transaction_record_tampering__r0p05__medium,transaction_record_tampering,0.05,MEDIUM,per_record_inference_sec,5,5.727602066811718e-07,1.6039988897445531e-07,4.3383649996637055e-07,7.486531333900833e-07,3.735974392255515e-07,7.719229741367921e-07
decision_tree,none_natural,transaction_record_tampering__r0p05__medium,transaction_record_tampering,0.05,MEDIUM,inference_cpu_time_sec,5,0.0035277764399984333,0.0010346269114742987,0.0026222089999976108,0.004674647199999526,0.0022431174524470228,0.004812435427549844
decision_tree,none_natural,transaction_record_tampering__r0p05__medium,transaction_record_tampering,0.05,MEDIUM,inference_peak_rss_mib,5,803.615625,0.45146855099670286,803.33203125,804.40625,803.0550527539058,804.1761972460943
decision_tree,none_natural,transaction_record_tampering__r0p05__medium,transaction_record_tampering,0.05,MEDIUM,peak_rss_mib,5,803.615625,0.45146855099670286,803.33203125,804.40625,803.0550527539058,804.1761972460943
decision_tree,none_natural,transaction_record_tampering__r0p05__medium,transaction_record_tampering,0.05,MEDIUM,serialized_model_bytes,5,4132.0,327.90242451070714,3780.0,4420.0,3724.8553645610036,4539.144635438996
decision_tree,none_natural,transaction_record_tampering__r0p05__medium,transaction_record_tampering,0.05,MEDIUM,serialized_model_kib,5,4.03515625,0.32021721143623744,3.69140625,4.31640625,3.637554066954105,4.432758433045895
logistic_regression,none_natural,transaction_record_tampering__r0p05__medium,transaction_record_tampering,0.05,MEDIUM,precision,5,0.05194328386361846,0.006802819491125821,0.04557823129251701,0.06278950077200206,0.043496467815201965,0.06039009991203496
logistic_regression,none_natural,transaction_record_tampering__r0p05__medium,transaction_record_tampering,0.05,MEDIUM,recall,5,0.44333333333333336,0.044409708648247455,0.4066666666666667,0.5166666666666667,0.3881913969340423,0.4984752697326244
logistic_regression,none_natural,transaction_record_tampering__r0p05__medium,transaction_record_tampering,0.05,MEDIUM,f1,5,0.09275415946463868,0.010429642161158674,0.08271604938271605,0.10878288007133304,0.07980404827896956,0.1057042706503078
logistic_regression,none_natural,transaction_record_tampering__r0p05__medium,transaction_record_tampering,0.05,MEDIUM,average_precision,5,0.05642133969010308,0.007599203755734201,0.047165628051172956,0.06804777094278888,0.04698568197158559,0.06585699740862057
logistic_regression,none_natural,transaction_record_tampering__r0p05__medium,transaction_record_tampering,0.05,MEDIUM,pr_auc_trapezoidal,5,0.05569634188065666,0.007396062938703789,0.04665604648665084,0.0669746276343916,0.04651291680121174,0.06487976696010159
logistic_regression,none_natural,transaction_record_tampering__r0p05__medium,transaction_record_tampering,0.05,MEDIUM,roc_auc,5,0.5091899415204678,0.02219252177826651,0.47990116959064333,0.5275309941520467,0.48163428619901943,0.5367455968419163
logistic_regression,none_natural,transaction_record_tampering__r0p05__medium,transaction_record_tampering,0.05,MEDIUM,TP,5,133.0,13.322912594474229,122.0,155.0,116.4574190802127,149.5425809197873
logistic_regression,none_natural,transaction_record_tampering__r0p05__medium,transaction_record_tampering,0.05,MEDIUM,TN,5,3234.8,420.4048049202102,2837.0,3879.0,2712.798489058284,3756.8015109417165
logistic_regression,none_natural,transaction_record_tampering__r0p05__medium,transaction_record_tampering,0.05,MEDIUM,FP,5,2465.2,420.4048049202102,1821.0,2863.0,1943.1984890582833,2987.201510941716
logistic_regression,none_natural,transaction_record_tampering__r0p05__medium,transaction_record_tampering,0.05,MEDIUM,FN,5,167.0,13.322912594474229,145.0,178.0,150.4574190802127,183.5425809197873
logistic_regression,none_natural,transaction_record_tampering__r0p05__medium,transaction_record_tampering,0.05,MEDIUM,attack_prevalence,5,0.05,0.0,0.05,0.05,0.05,0.05
logistic_regression,none_natural,transaction_record_tampering__r0p05__medium,transaction_record_tampering,0.05,MEDIUM,visible_feature_attack_count,5,300.0,0.0,300.0,300.0,300.0,300.0
logistic_regression,none_natural,transaction_record_tampering__r0p05__medium,transaction_record_tampering,0.05,MEDIUM,invisible_feature_attack_count,5,0.0,0.0,0.0,0.0,0.0,0.0
logistic_regression,none_natural,transaction_record_tampering__r0p05__medium,transaction_record_tampering,0.05,MEDIUM,selected_feature_visibility_rate,5,1.0,0.0,1.0,1.0,1.0,1.0
logistic_regression,none_natural,transaction_record_tampering__r0p05__medium,transaction_record_tampering,0.05,MEDIUM,visible_attack_recall,5,0.44333333333333336,0.044409708648247455,0.4066666666666667,0.5166666666666667,0.3881913969340423,0.4984752697326244
logistic_regression,none_natural,transaction_record_tampering__r0p05__medium,transaction_record_tampering,0.05,MEDIUM,invisible_attack_recall,0,,,,,,
logistic_regression,none_natural,transaction_record_tampering__r0p05__medium,transaction_record_tampering,0.05,MEDIUM,visible_attack_f1,5,0.09275415946463868,0.010429642161158674,0.08271604938271605,0.10878288007133304,0.07980404827896956,0.1057042706503078
logistic_regression,none_natural,transaction_record_tampering__r0p05__medium,transaction_record_tampering,0.05,MEDIUM,paired_induced_attack_induced_detection_rate,5,0.048,0.03905836089181874,0.013333333333333334,0.11,-0.0004973605482597315,0.09649736054825973
logistic_regression,none_natural,transaction_record_tampering__r0p05__medium,transaction_record_tampering,0.05,MEDIUM,paired_induced_mean_anomaly_score_delta,5,0.001127864646984241,0.0005660051155799733,0.0003647787175391119,0.0016848417822248334,0.00042507647216886925,0.0018306528217996128
logistic_regression,none_natural,transaction_record_tampering__r0p05__medium,transaction_record_tampering,0.05,MEDIUM,paired_induced_median_anomaly_score_delta,5,0.0008461105706914163,0.002394894050192201,-0.0031546342793330184,0.0028733946769468888,-0.0021275431509470014,0.0038197642923298337
logistic_regression,none_natural,transaction_record_tampering__r0p05__medium,transaction_record_tampering,0.05,MEDIUM,selected_feature_count,5,43.0,0.0,43.0,43.0,43.0,43.0
logistic_regression,none_natural,transaction_record_tampering__r0p05__medium,transaction_record_tampering,0.05,MEDIUM,source_block_count,5,10.0,0.0,10.0,10.0,10.0,10.0
logistic_regression,none_natural,transaction_record_tampering__r0p05__medium,transaction_record_tampering,0.05,MEDIUM,selected_input_bytes,5,2064132.0,0.0,2064132.0,2064132.0,2064132.0,2064132.0
logistic_regression,none_natural,transaction_record_tampering__r0p05__medium,transaction_record_tampering,0.05,MEDIUM,model_fit_wall_time_sec,5,0.49001829079934395,0.09719446902817075,0.4144513709979947,0.6605000540002948,0.3693354177824376,0.6107011638162503
logistic_regression,none_natural,transaction_record_tampering__r0p05__medium,transaction_record_tampering,0.05,MEDIUM,model_fit_cpu_time_sec,5,0.29261962500000005,0.07522294968955433,0.21856836799999968,0.4180874179999998,0.19921799653171318,0.3860212534682869
logistic_regression,none_natural,transaction_record_tampering__r0p05__medium,transaction_record_tampering,0.05,MEDIUM,model_fit_peak_rss_mib,5,182.0546875,0.12530480415894876,181.8984375,182.19140625,181.89910103587374,182.21027396412626
logistic_regression,none_natural,transaction_record_tampering__r0p05__medium,transaction_record_tampering,0.05,MEDIUM,combined_fit_wall_time_sec,5,0.49001829079934395,0.09719446902817075,0.4144513709979947,0.6605000540002948,0.3693354177824376,0.6107011638162503
logistic_regression,none_natural,transaction_record_tampering__r0p05__medium,transaction_record_tampering,0.05,MEDIUM,inference_wall_time_sec,5,0.0036630581597273705,0.001571106005265537,0.0024144076996890362,0.006369068299682113,0.0017122723956258692,0.005613843923828871
logistic_regression,none_natural,transaction_record_tampering__r0p05__medium,transaction_record_tampering,0.05,MEDIUM,per_record_inference_sec,5,6.105096932878951e-07,2.618510008775894e-07,4.0240128328150605e-07,1.061511383280352e-06,2.8537873260431167e-07,9.356406539714786e-07
logistic_regression,none_natural,transaction_record_tampering__r0p05__medium,transaction_record_tampering,0.05,MEDIUM,inference_cpu_time_sec,5,0.0037626186199997843,0.001639583914959779,0.0024605053000016142,0.0065783941000006506,0.0017268063007586268,0.005798430939240942
logistic_regression,none_natural,transaction_record_tampering__r0p05__medium,transaction_record_tampering,0.05,MEDIUM,inference_peak_rss_mib,5,803.615625,0.45146855099670286,803.33203125,804.40625,803.0550527539058,804.1761972460943
logistic_regression,none_natural,transaction_record_tampering__r0p05__medium,transaction_record_tampering,0.05,MEDIUM,peak_rss_mib,5,803.615625,0.45146855099670286,803.33203125,804.40625,803.0550527539058,804.1761972460943
logistic_regression,none_natural,transaction_record_tampering__r0p05__medium,transaction_record_tampering,0.05,MEDIUM,serialized_model_bytes,5,2342.0,0.0,2342.0,2342.0,2342.0,2342.0
logistic_regression,none_natural,transaction_record_tampering__r0p05__medium,transaction_record_tampering,0.05,MEDIUM,serialized_model_kib,5,2.287109375,0.0,2.287109375,2.287109375,2.287109375,2.287109375
decision_tree,pairwise_correlation_filter_natural,transaction_record_tampering__r0p05__medium,transaction_record_tampering,0.05,MEDIUM,precision,5,0.3656720162926801,0.3289787548021035,0.09848156182212581,0.9047619047619048,-0.04280905971932014,0.7741530923046803
decision_tree,pairwise_correlation_filter_natural,transaction_record_tampering__r0p05__medium,transaction_record_tampering,0.05,MEDIUM,recall,5,0.5633333333333334,0.13129694927487423,0.44333333333333336,0.7566666666666667,0.40030663834460667,0.72636002832206
decision_tree,pairwise_correlation_filter_natural,transaction_record_tampering__r0p05__medium,transaction_record_tampering,0.05,MEDIUM,f1,5,0.35500787445036647,0.18016864163482602,0.17428023032629558,0.5950782997762863,0.13129895852694945,0.5787167903737835
decision_tree,pairwise_correlation_filter_natural,transaction_record_tampering__r0p05__medium,transaction_record_tampering,0.05,MEDIUM,average_precision,5,0.4711506614910322,0.02144326749555617,0.44322092006899927,0.49655996410886705,0.44452532823792595,0.4977759947441384
decision_tree,pairwise_correlation_filter_natural,transaction_record_tampering__r0p05__medium,transaction_record_tampering,0.05,MEDIUM,pr_auc_trapezoidal,5,0.534560013869177,0.045657547224573936,0.47475184330343373,0.5993951515733245,0.47786868123409026,0.5912513465042637
decision_tree,pairwise_correlation_filter_natural,transaction_record_tampering__r0p05__medium,transaction_record_tampering,0.05,MEDIUM,roc_auc,5,0.7684121052631578,0.016068181965457236,0.7423368421052632,0.7842043859649123,0.7484608222000467,0.788363388326269
decision_tree,pairwise_correlation_filter_natural,transaction_record_tampering__r0p05__medium,transaction_record_tampering,0.05,MEDIUM,TP,5,169.0,39.38908478246226,133.0,227.0,120.09199150338199,217.908008496618
decision_tree,pairwise_correlation_filter_natural,transaction_record_tampering__r0p05__medium,transaction_record_tampering,0.05,MEDIUM,TN,5,4840.0,948.4874801493164,3622.0,5686.0,3662.2972431506505,6017.7027568493495
decision_tree,pairwise_correlation_filter_natural,transaction_record_tampering__r0p05__medium,transaction_record_tampering,0.05,MEDIUM,FP,5,860.0,948.4874801493164,14.0,2078.0,-317.7027568493495,2037.7027568493495
decision_tree,pairwise_correlation_filter_natural,transaction_record_tampering__r0p05__medium,transaction_record_tampering,0.05,MEDIUM,FN,5,131.0,39.38908478246226,73.0,167.0,82.09199150338199,179.908008496618
decision_tree,pairwise_correlation_filter_natural,transaction_record_tampering__r0p05__medium,transaction_record_tampering,0.05,MEDIUM,attack_prevalence,5,0.05,0.0,0.05,0.05,0.05,0.05
decision_tree,pairwise_correlation_filter_natural,transaction_record_tampering__r0p05__medium,transaction_record_tampering,0.05,MEDIUM,visible_feature_attack_count,5,300.0,0.0,300.0,300.0,300.0,300.0
decision_tree,pairwise_correlation_filter_natural,transaction_record_tampering__r0p05__medium,transaction_record_tampering,0.05,MEDIUM,invisible_feature_attack_count,5,0.0,0.0,0.0,0.0,0.0,0.0
decision_tree,pairwise_correlation_filter_natural,transaction_record_tampering__r0p05__medium,transaction_record_tampering,0.05,MEDIUM,selected_feature_visibility_rate,5,1.0,0.0,1.0,1.0,1.0,1.0
decision_tree,pairwise_correlation_filter_natural,transaction_record_tampering__r0p05__medium,transaction_record_tampering,0.05,MEDIUM,visible_attack_recall,5,0.5633333333333334,0.13129694927487423,0.44333333333333336,0.7566666666666667,0.40030663834460667,0.72636002832206
decision_tree,pairwise_correlation_filter_natural,transaction_record_tampering__r0p05__medium,transaction_record_tampering,0.05,MEDIUM,invisible_attack_recall,0,,,,,,
decision_tree,pairwise_correlation_filter_natural,transaction_record_tampering__r0p05__medium,transaction_record_tampering,0.05,MEDIUM,visible_attack_f1,5,0.35500787445036647,0.18016864163482602,0.17428023032629558,0.5950782997762863,0.13129895852694945,0.5787167903737835
decision_tree,pairwise_correlation_filter_natural,transaction_record_tampering__r0p05__medium,transaction_record_tampering,0.05,MEDIUM,paired_induced_attack_induced_detection_rate,5,0.4213333333333334,0.04425933674253252,0.37333333333333335,0.47333333333333333,0.36637810831571005,0.47628855835095674
decision_tree,pairwise_correlation_filter_natural,transaction_record_tampering__r0p05__medium,transaction_record_tampering,0.05,MEDIUM,paired_induced_mean_anomaly_score_delta,5,0.23992083747009577,0.015341812160216909,0.2206967691938191,0.25584007425847083,0.22087146164353458,0.258970213296657
decision_tree,pairwise_correlation_filter_natural,transaction_record_tampering__r0p05__medium,transaction_record_tampering,0.05,MEDIUM,paired_induced_median_anomaly_score_delta,5,0.0,0.0,0.0,0.0,0.0,0.0
decision_tree,pairwise_correlation_filter_natural,transaction_record_tampering__r0p05__medium,transaction_record_tampering,0.05,MEDIUM,selected_feature_count,5,42.0,0.0,42.0,42.0,42.0,42.0
decision_tree,pairwise_correlation_filter_natural,transaction_record_tampering__r0p05__medium,transaction_record_tampering,0.05,MEDIUM,source_block_count,5,9.0,0.0,9.0,9.0,9.0,9.0
decision_tree,pairwise_correlation_filter_natural,transaction_record_tampering__r0p05__medium,transaction_record_tampering,0.05,MEDIUM,selected_input_bytes,5,2016132.0,0.0,2016132.0,2016132.0,2016132.0,2016132.0
decision_tree,pairwise_correlation_filter_natural,transaction_record_tampering__r0p05__medium,transaction_record_tampering,0.05,MEDIUM,model_fit_wall_time_sec,0,,,,,,
decision_tree,pairwise_correlation_filter_natural,transaction_record_tampering__r0p05__medium,transaction_record_tampering,0.05,MEDIUM,model_fit_cpu_time_sec,0,,,,,,
decision_tree,pairwise_correlation_filter_natural,transaction_record_tampering__r0p05__medium,transaction_record_tampering,0.05,MEDIUM,model_fit_peak_rss_mib,0,,,,,,
decision_tree,pairwise_correlation_filter_natural,transaction_record_tampering__r0p05__medium,transaction_record_tampering,0.05,MEDIUM,combined_fit_wall_time_sec,0,,,,,,
decision_tree,pairwise_correlation_filter_natural,transaction_record_tampering__r0p05__medium,transaction_record_tampering,0.05,MEDIUM,inference_wall_time_sec,5,0.0034230804198887204,0.0006749174201628719,0.0023554872997920027,0.004070638100529322,0.002585059757511253,0.0042611010822661876
decision_tree,pairwise_correlation_filter_natural,transaction_record_tampering__r0p05__medium,transaction_record_tampering,0.05,MEDIUM,per_record_inference_sec,5,5.705134033147867e-07,1.1248623669381198e-07,3.9258121663200045e-07,6.784396834215538e-07,4.308432929185421e-07,7.101835137110312e-07
decision_tree,pairwise_correlation_filter_natural,transaction_record_tampering__r0p05__medium,transaction_record_tampering,0.05,MEDIUM,inference_cpu_time_sec,5,0.0035191012200004937,0.0007166426571311847,0.0023977234000028603,0.004201293900001702,0.0026292718330629106,0.004408930606938077
decision_tree,pairwise_correlation_filter_natural,transaction_record_tampering__r0p05__medium,transaction_record_tampering,0.05,MEDIUM,inference_peak_rss_mib,5,803.5296875,0.22876755610567356,803.33203125,803.92578125,803.2456350616263,803.8137399383737
decision_tree,pairwise_correlation_filter_natural,transaction_record_tampering__r0p05__medium,transaction_record_tampering,0.05,MEDIUM,peak_rss_mib,5,803.5296875,0.22876755610567356,803.33203125,803.92578125,803.2456350616263,803.8137399383737
decision_tree,pairwise_correlation_filter_natural,transaction_record_tampering__r0p05__medium,transaction_record_tampering,0.05,MEDIUM,serialized_model_bytes,5,4116.0,327.90242451070714,3764.0,4404.0,3708.8553645610036,4523.144635438996
decision_tree,pairwise_correlation_filter_natural,transaction_record_tampering__r0p05__medium,transaction_record_tampering,0.05,MEDIUM,serialized_model_kib,5,4.01953125,0.32021721143623744,3.67578125,4.30078125,3.621929066954105,4.417133433045895
logistic_regression,pairwise_correlation_filter_natural,transaction_record_tampering__r0p05__medium,transaction_record_tampering,0.05,MEDIUM,precision,5,0.05194328386361846,0.006802819491125821,0.04557823129251701,0.06278950077200206,0.043496467815201965,0.06039009991203496
logistic_regression,pairwise_correlation_filter_natural,transaction_record_tampering__r0p05__medium,transaction_record_tampering,0.05,MEDIUM,recall,5,0.44333333333333336,0.044409708648247455,0.4066666666666667,0.5166666666666667,0.3881913969340423,0.4984752697326244
logistic_regression,pairwise_correlation_filter_natural,transaction_record_tampering__r0p05__medium,transaction_record_tampering,0.05,MEDIUM,f1,5,0.09275415946463868,0.010429642161158674,0.08271604938271605,0.10878288007133304,0.07980404827896956,0.1057042706503078
logistic_regression,pairwise_correlation_filter_natural,transaction_record_tampering__r0p05__medium,transaction_record_tampering,0.05,MEDIUM,average_precision,5,0.056421465638406776,0.007598839008998872,0.04716688504304326,0.06804763200820085,0.04698626081277901,0.06585667046403454
logistic_regression,pairwise_correlation_filter_natural,transaction_record_tampering__r0p05__medium,transaction_record_tampering,0.05,MEDIUM,pr_auc_trapezoidal,5,0.05569645613529748,0.007395725516838912,0.04665723828076915,0.06697448966007953,0.04651345002043438,0.06487946225016059
logistic_regression,pairwise_correlation_filter_natural,transaction_record_tampering__r0p05__medium,transaction_record_tampering,0.05,MEDIUM,roc_auc,5,0.5091893567251462,0.022190963411997857,0.4799029239766082,0.5275228070175438,0.4816356363709896,0.5367430770793028
logistic_regression,pairwise_correlation_filter_natural,transaction_record_tampering__r0p05__medium,transaction_record_tampering,0.05,MEDIUM,TP,5,133.0,13.322912594474229,122.0,155.0,116.4574190802127,149.5425809197873
logistic_regression,pairwise_correlation_filter_natural,transaction_record_tampering__r0p05__medium,transaction_record_tampering,0.05,MEDIUM,TN,5,3234.8,420.4048049202102,2837.0,3879.0,2712.798489058284,3756.8015109417165
logistic_regression,pairwise_correlation_filter_natural,transaction_record_tampering__r0p05__medium,transaction_record_tampering,0.05,MEDIUM,FP,5,2465.2,420.4048049202102,1821.0,2863.0,1943.1984890582833,2987.201510941716
logistic_regression,pairwise_correlation_filter_natural,transaction_record_tampering__r0p05__medium,transaction_record_tampering,0.05,MEDIUM,FN,5,167.0,13.322912594474229,145.0,178.0,150.4574190802127,183.5425809197873
logistic_regression,pairwise_correlation_filter_natural,transaction_record_tampering__r0p05__medium,transaction_record_tampering,0.05,MEDIUM,attack_prevalence,5,0.05,0.0,0.05,0.05,0.05,0.05
logistic_regression,pairwise_correlation_filter_natural,transaction_record_tampering__r0p05__medium,transaction_record_tampering,0.05,MEDIUM,visible_feature_attack_count,5,300.0,0.0,300.0,300.0,300.0,300.0
logistic_regression,pairwise_correlation_filter_natural,transaction_record_tampering__r0p05__medium,transaction_record_tampering,0.05,MEDIUM,invisible_feature_attack_count,5,0.0,0.0,0.0,0.0,0.0,0.0
logistic_regression,pairwise_correlation_filter_natural,transaction_record_tampering__r0p05__medium,transaction_record_tampering,0.05,MEDIUM,selected_feature_visibility_rate,5,1.0,0.0,1.0,1.0,1.0,1.0
logistic_regression,pairwise_correlation_filter_natural,transaction_record_tampering__r0p05__medium,transaction_record_tampering,0.05,MEDIUM,visible_attack_recall,5,0.44333333333333336,0.044409708648247455,0.4066666666666667,0.5166666666666667,0.3881913969340423,0.4984752697326244
logistic_regression,pairwise_correlation_filter_natural,transaction_record_tampering__r0p05__medium,transaction_record_tampering,0.05,MEDIUM,invisible_attack_recall,0,,,,,,
logistic_regression,pairwise_correlation_filter_natural,transaction_record_tampering__r0p05__medium,transaction_record_tampering,0.05,MEDIUM,visible_attack_f1,5,0.09275415946463868,0.010429642161158674,0.08271604938271605,0.10878288007133304,0.07980404827896956,0.1057042706503078
logistic_regression,pairwise_correlation_filter_natural,transaction_record_tampering__r0p05__medium,transaction_record_tampering,0.05,MEDIUM,paired_induced_attack_induced_detection_rate,5,0.048,0.03905836089181874,0.013333333333333334,0.11,-0.0004973605482597315,0.09649736054825973
logistic_regression,pairwise_correlation_filter_natural,transaction_record_tampering__r0p05__medium,transaction_record_tampering,0.05,MEDIUM,paired_induced_mean_anomaly_score_delta,5,0.0011279613749824665,0.0005663523780868854,0.00036467677819735164,0.0016857812141118777,0.0004247420168143357,0.0018311807331505975
logistic_regression,pairwise_correlation_filter_natural,transaction_record_tampering__r0p05__medium,transaction_record_tampering,0.05,MEDIUM,paired_induced_median_anomaly_score_delta,5,0.0008454422180368016,0.002393549066540011,-0.0031520084357370415,0.0028723644244382784,-0.0021265414858225177,0.0038174259218961212
logistic_regression,pairwise_correlation_filter_natural,transaction_record_tampering__r0p05__medium,transaction_record_tampering,0.05,MEDIUM,selected_feature_count,5,42.0,0.0,42.0,42.0,42.0,42.0
logistic_regression,pairwise_correlation_filter_natural,transaction_record_tampering__r0p05__medium,transaction_record_tampering,0.05,MEDIUM,source_block_count,5,9.0,0.0,9.0,9.0,9.0,9.0
logistic_regression,pairwise_correlation_filter_natural,transaction_record_tampering__r0p05__medium,transaction_record_tampering,0.05,MEDIUM,selected_input_bytes,5,2016132.0,0.0,2016132.0,2016132.0,2016132.0,2016132.0
logistic_regression,pairwise_correlation_filter_natural,transaction_record_tampering__r0p05__medium,transaction_record_tampering,0.05,MEDIUM,model_fit_wall_time_sec,5,0.5226187851993018,0.1320858923339655,0.33173528499901295,0.6544766820006771,0.358612488017468,0.6866250823811357
logistic_regression,pairwise_correlation_filter_natural,transaction_record_tampering__r0p05__medium,transaction_record_tampering,0.05,MEDIUM,model_fit_cpu_time_sec,5,0.32897909459999986,0.11776488132572177,0.18253484599999936,0.47190246899999977,0.18275468120499616,0.47520350799500355
logistic_regression,pairwise_correlation_filter_natural,transaction_record_tampering__r0p05__medium,transaction_record_tampering,0.05,MEDIUM,model_fit_peak_rss_mib,5,181.35625,0.274181465592076,181.0546875,181.63671875,181.01580874519928,181.6966912548007
logistic_regression,pairwise_correlation_filter_natural,transaction_record_tampering__r0p05__medium,transaction_record_tampering,0.05,MEDIUM,combined_fit_wall_time_sec,5,0.5226187851993018,0.1320858923339655,0.33173528499901295,0.6544766820006771,0.358612488017468,0.6866250823811357
logistic_regression,pairwise_correlation_filter_natural,transaction_record_tampering__r0p05__medium,transaction_record_tampering,0.05,MEDIUM,inference_wall_time_sec,5,0.002615388759877533,0.0003790342823651362,0.0021378997997089757,0.0031637784995837137,0.0021447555373793692,0.003086021982375697
logistic_regression,pairwise_correlation_filter_natural,transaction_record_tampering__r0p05__medium,transaction_record_tampering,0.05,MEDIUM,per_record_inference_sec,5,4.358981266462555e-07,6.317238039418937e-08,3.563166332848293e-07,5.272964165972856e-07,3.574592562298949e-07,5.143369970626161e-07
logistic_regression,pairwise_correlation_filter_natural,transaction_record_tampering__r0p05__medium,transaction_record_tampering,0.05,MEDIUM,inference_cpu_time_sec,5,0.002664792860000489,0.0004061785342571671,0.0021548455000015565,0.0032520868000005974,0.0021604555971697892,0.0031691301228311884
logistic_regression,pairwise_correlation_filter_natural,transaction_record_tampering__r0p05__medium,transaction_record_tampering,0.05,MEDIUM,inference_peak_rss_mib,5,803.52578125,0.24001355450819076,803.33203125,803.94140625,803.2277650602861,803.823797439714
logistic_regression,pairwise_correlation_filter_natural,transaction_record_tampering__r0p05__medium,transaction_record_tampering,0.05,MEDIUM,peak_rss_mib,5,803.52578125,0.24001355450819076,803.33203125,803.94140625,803.2277650602861,803.823797439714
logistic_regression,pairwise_correlation_filter_natural,transaction_record_tampering__r0p05__medium,transaction_record_tampering,0.05,MEDIUM,serialized_model_bytes,5,2310.0,0.0,2310.0,2310.0,2310.0,2310.0
logistic_regression,pairwise_correlation_filter_natural,transaction_record_tampering__r0p05__medium,transaction_record_tampering,0.05,MEDIUM,serialized_model_kib,5,2.255859375,0.0,2.255859375,2.255859375,2.255859375,2.255859375
decision_tree,mutual_information_select_k_best_k11,transaction_record_tampering__r0p05__medium,transaction_record_tampering,0.05,MEDIUM,precision,5,0.3971405359259182,0.3451287466085947,0.09500875656742556,0.9251700680272109,-0.03139340348350389,0.8256744753353402
decision_tree,mutual_information_select_k_best_k11,transaction_record_tampering__r0p05__medium,transaction_record_tampering,0.05,MEDIUM,recall,5,0.5533333333333333,0.12057731498457283,0.4533333333333333,0.7233333333333334,0.403616822316795,0.7030498443498716
decision_tree,mutual_information_select_k_best_k11,transaction_record_tampering__r0p05__medium,transaction_record_tampering,0.05,MEDIUM,f1,5,0.36899053090215905,0.19384301270436857,0.16795665634674922,0.6085011185682326,0.12830264072359843,0.6096784210807197
decision_tree,mutual_information_select_k_best_k11,transaction_record_tampering__r0p05__medium,transaction_record_tampering,0.05,MEDIUM,average_precision,5,0.4763650266031231,0.02226500442198836,0.4388430024286354,0.4922417171913066,0.44871937219247054,0.5040106810137756
decision_tree,mutual_information_select_k_best_k11,transaction_record_tampering__r0p05__medium,transaction_record_tampering,0.05,MEDIUM,pr_auc_trapezoidal,5,0.5390890260365192,0.04916474391504217,0.46715472814993353,0.6020984097681741,0.47804293353625527,0.6001351185367831
decision_tree,mutual_information_select_k_best_k11,transaction_record_tampering__r0p05__medium,transaction_record_tampering,0.05,MEDIUM,roc_auc,5,0.7632852631578947,0.017401083553922333,0.7392438596491228,0.7850055555555555,0.7416789641792365,0.7848915621365529
decision_tree,mutual_information_select_k_best_k11,transaction_record_tampering__r0p05__medium,transaction_record_tampering,0.05,MEDIUM,TP,5,166.0,36.173194495371845,136.0,217.0,121.0850466950385,210.9149533049615
decision_tree,mutual_information_select_k_best_k11,transaction_record_tampering__r0p05__medium,transaction_record_tampering,0.05,MEDIUM,TN,5,4868.4,960.047811309416,3633.0,5689.0,3676.34319614183,6060.456803858169
decision_tree,mutual_information_select_k_best_k11,transaction_record_tampering__r0p05__medium,transaction_record_tampering,0.05,MEDIUM,FP,5,831.6,960.047811309416,11.0,2067.0,-360.4568038581698,2023.65680385817
decision_tree,mutual_information_select_k_best_k11,transaction_record_tampering__r0p05__medium,transaction_record_tampering,0.05,MEDIUM,FN,5,134.0,36.173194495371845,83.0,164.0,89.0850466950385,178.9149533049615
decision_tree,mutual_information_select_k_best_k11,transaction_record_tampering__r0p05__medium,transaction_record_tampering,0.05,MEDIUM,attack_prevalence,5,0.05,0.0,0.05,0.05,0.05,0.05
decision_tree,mutual_information_select_k_best_k11,transaction_record_tampering__r0p05__medium,transaction_record_tampering,0.05,MEDIUM,visible_feature_attack_count,5,300.0,0.0,300.0,300.0,300.0,300.0
decision_tree,mutual_information_select_k_best_k11,transaction_record_tampering__r0p05__medium,transaction_record_tampering,0.05,MEDIUM,invisible_feature_attack_count,5,0.0,0.0,0.0,0.0,0.0,0.0
decision_tree,mutual_information_select_k_best_k11,transaction_record_tampering__r0p05__medium,transaction_record_tampering,0.05,MEDIUM,selected_feature_visibility_rate,5,1.0,0.0,1.0,1.0,1.0,1.0
decision_tree,mutual_information_select_k_best_k11,transaction_record_tampering__r0p05__medium,transaction_record_tampering,0.05,MEDIUM,visible_attack_recall,5,0.5533333333333333,0.12057731498457283,0.4533333333333333,0.7233333333333334,0.403616822316795,0.7030498443498716
decision_tree,mutual_information_select_k_best_k11,transaction_record_tampering__r0p05__medium,transaction_record_tampering,0.05,MEDIUM,invisible_attack_recall,0,,,,,,
decision_tree,mutual_information_select_k_best_k11,transaction_record_tampering__r0p05__medium,transaction_record_tampering,0.05,MEDIUM,visible_attack_f1,5,0.36899053090215905,0.19384301270436857,0.16795665634674922,0.6085011185682326,0.12830264072359843,0.6096784210807197
decision_tree,mutual_information_select_k_best_k11,transaction_record_tampering__r0p05__medium,transaction_record_tampering,0.05,MEDIUM,paired_induced_attack_induced_detection_rate,5,0.41933333333333334,0.05117508074140077,0.35,0.47333333333333333,0.3557910779715147,0.48287558869515196
decision_tree,mutual_information_select_k_best_k11,transaction_record_tampering__r0p05__medium,transaction_record_tampering,0.05,MEDIUM,paired_induced_mean_anomaly_score_delta,5,0.24203821637929437,0.014799029650277216,0.22068733865234766,0.25816250386835476,0.22366279405418052,0.26041363870440826
decision_tree,mutual_information_select_k_best_k11,transaction_record_tampering__r0p05__medium,transaction_record_tampering,0.05,MEDIUM,paired_induced_median_anomaly_score_delta,5,0.0,0.0,0.0,0.0,0.0,0.0
decision_tree,mutual_information_select_k_best_k11,transaction_record_tampering__r0p05__medium,transaction_record_tampering,0.05,MEDIUM,selected_feature_count,5,11.0,0.0,11.0,11.0,11.0,11.0
decision_tree,mutual_information_select_k_best_k11,transaction_record_tampering__r0p05__medium,transaction_record_tampering,0.05,MEDIUM,source_block_count,5,5.0,0.7071067811865476,4.0,6.0,4.122010966914219,5.877989033085781
decision_tree,mutual_information_select_k_best_k11,transaction_record_tampering__r0p05__medium,transaction_record_tampering,0.05,MEDIUM,selected_input_bytes,5,528132.0,0.0,528132.0,528132.0,528132.0,528132.0
decision_tree,mutual_information_select_k_best_k11,transaction_record_tampering__r0p05__medium,transaction_record_tampering,0.05,MEDIUM,model_fit_wall_time_sec,0,,,,,,
decision_tree,mutual_information_select_k_best_k11,transaction_record_tampering__r0p05__medium,transaction_record_tampering,0.05,MEDIUM,model_fit_cpu_time_sec,0,,,,,,
decision_tree,mutual_information_select_k_best_k11,transaction_record_tampering__r0p05__medium,transaction_record_tampering,0.05,MEDIUM,model_fit_peak_rss_mib,0,,,,,,
decision_tree,mutual_information_select_k_best_k11,transaction_record_tampering__r0p05__medium,transaction_record_tampering,0.05,MEDIUM,combined_fit_wall_time_sec,0,,,,,,
decision_tree,mutual_information_select_k_best_k11,transaction_record_tampering__r0p05__medium,transaction_record_tampering,0.05,MEDIUM,inference_wall_time_sec,5,0.002290004200185649,0.0004642783110168275,0.002007569000124931,0.0031145003005804027,0.0017135265362487459,0.002866481864122552
decision_tree,mutual_information_select_k_best_k11,transaction_record_tampering__r0p05__medium,transaction_record_tampering,0.05,MEDIUM,per_record_inference_sec,5,3.816673666976082e-07,7.737971850280459e-08,3.345948333541552e-07,5.190833834300671e-07,2.8558775604145773e-07,4.777469773537587e-07
decision_tree,mutual_information_select_k_best_k11,transaction_record_tampering__r0p05__medium,transaction_record_tampering,0.05,MEDIUM,inference_cpu_time_sec,5,0.002334722479998845,0.00048677092138769073,0.002049144199997954,0.0031992059999993217,0.0017303165515387944,0.0029391284084588952
decision_tree,mutual_information_select_k_best_k11,transaction_record_tampering__r0p05__medium,transaction_record_tampering,0.05,MEDIUM,inference_peak_rss_mib,5,803.73125,0.445213119393047,803.33203125,804.40625,803.1784448981213,804.2840551018788
decision_tree,mutual_information_select_k_best_k11,transaction_record_tampering__r0p05__medium,transaction_record_tampering,0.05,MEDIUM,peak_rss_mib,5,803.73125,0.445213119393047,803.33203125,804.40625,803.1784448981213,804.2840551018788
decision_tree,mutual_information_select_k_best_k11,transaction_record_tampering__r0p05__medium,transaction_record_tampering,0.05,MEDIUM,serialized_model_bytes,5,3402.4,341.02903102228703,3028.0,3716.0,2978.9565298369753,3825.843470163025
decision_tree,mutual_information_select_k_best_k11,transaction_record_tampering__r0p05__medium,transaction_record_tampering,0.05,MEDIUM,serialized_model_kib,5,3.32265625,0.3330361631077022,2.95703125,3.62890625,2.909137236168921,3.736175263831079
logistic_regression,mutual_information_select_k_best_k11,transaction_record_tampering__r0p05__medium,transaction_record_tampering,0.05,MEDIUM,precision,5,0.0494471659751621,0.0034665905864413264,0.045429052159282106,0.05436774587660354,0.04514282524746241,0.05375150670286179
logistic_regression,mutual_information_select_k_best_k11,transaction_record_tampering__r0p05__medium,transaction_record_tampering,0.05,MEDIUM,recall,5,0.496,0.07376388758133016,0.41333333333333333,0.5933333333333334,0.40441003642263984,0.5875899635773602
logistic_regression,mutual_information_select_k_best_k11,transaction_record_tampering__r0p05__medium,transaction_record_tampering,0.05,MEDIUM,f1,5,0.0898160135727204,0.006360216057151615,0.08380755302638386,0.09960828203693341,0.08191876227375147,0.09771326487168933
logistic_regression,mutual_information_select_k_best_k11,transaction_record_tampering__r0p05__medium,transaction_record_tampering,0.05,MEDIUM,average_precision,5,0.05522472770261968,0.009196459355183876,0.044093843010718184,0.06751716037844051,0.04380581521033458,0.06664364019490478
logistic_regression,mutual_information_select_k_best_k11,transaction_record_tampering__r0p05__medium,transaction_record_tampering,0.05,MEDIUM,pr_auc_trapezoidal,5,0.05453877290529664,0.009002364122287547,0.04369625923706846,0.06664007218145937,0.04336086147592208,0.0657166843346712
logistic_regression,mutual_information_select_k_best_k11,transaction_record_tampering__r0p05__medium,transaction_record_tampering,0.05,MEDIUM,roc_auc,5,0.49421005847953214,0.025825539921949046,0.4525251461988304,0.5185140350877193,0.46214341532424846,0.5262767016348158
logistic_regression,mutual_information_select_k_best_k11,transaction_record_tampering__r0p05__medium,transaction_record_tampering,0.05,MEDIUM,TP,5,148.8,22.129166274399044,124.0,178.0,121.32301092679197,176.27698907320806
logistic_regression,mutual_information_select_k_best_k11,transaction_record_tampering__r0p05__medium,transaction_record_tampering,0.05,MEDIUM,TN,5,2836.8,402.4856519181771,2296.0,3257.0,2337.0480562192306,3336.5519437807698
logistic_regression,mutual_information_select_k_best_k11,transaction_record_tampering__r0p05__medium,transaction_record_tampering,0.05,MEDIUM,FP,5,2863.2,402.4856519181771,2443.0,3404.0,2363.4480562192302,3362.9519437807694
logistic_regression,mutual_information_select_k_best_k11,transaction_record_tampering__r0p05__medium,transaction_record_tampering,0.05,MEDIUM,FN,5,151.2,22.129166274399044,122.0,176.0,123.72301092679194,178.67698907320803
logistic_regression,mutual_information_select_k_best_k11,transaction_record_tampering__r0p05__medium,transaction_record_tampering,0.05,MEDIUM,attack_prevalence,5,0.05,0.0,0.05,0.05,0.05,0.05
logistic_regression,mutual_information_select_k_best_k11,transaction_record_tampering__r0p05__medium,transaction_record_tampering,0.05,MEDIUM,visible_feature_attack_count,5,300.0,0.0,300.0,300.0,300.0,300.0
logistic_regression,mutual_information_select_k_best_k11,transaction_record_tampering__r0p05__medium,transaction_record_tampering,0.05,MEDIUM,invisible_feature_attack_count,5,0.0,0.0,0.0,0.0,0.0,0.0
logistic_regression,mutual_information_select_k_best_k11,transaction_record_tampering__r0p05__medium,transaction_record_tampering,0.05,MEDIUM,selected_feature_visibility_rate,5,1.0,0.0,1.0,1.0,1.0,1.0
logistic_regression,mutual_information_select_k_best_k11,transaction_record_tampering__r0p05__medium,transaction_record_tampering,0.05,MEDIUM,visible_attack_recall,5,0.496,0.07376388758133016,0.41333333333333333,0.5933333333333334,0.40441003642263984,0.5875899635773602
logistic_regression,mutual_information_select_k_best_k11,transaction_record_tampering__r0p05__medium,transaction_record_tampering,0.05,MEDIUM,invisible_attack_recall,0,,,,,,
logistic_regression,mutual_information_select_k_best_k11,transaction_record_tampering__r0p05__medium,transaction_record_tampering,0.05,MEDIUM,visible_attack_f1,5,0.0898160135727204,0.006360216057151615,0.08380755302638386,0.09960828203693341,0.08191876227375147,0.09771326487168933
logistic_regression,mutual_information_select_k_best_k11,transaction_record_tampering__r0p05__medium,transaction_record_tampering,0.05,MEDIUM,paired_induced_attack_induced_detection_rate,5,0.044,0.024540216425741283,0.02,0.07666666666666666,0.013529296756004172,0.07447070324399582
logistic_regression,mutual_information_select_k_best_k11,transaction_record_tampering__r0p05__medium,transaction_record_tampering,0.05,MEDIUM,paired_induced_mean_anomaly_score_delta,5,0.0005850914725203475,0.0005580901032306335,8.630956989352956e-05,0.0014650789954889876,-0.00010786891641550306,0.0012780518614561981
logistic_regression,mutual_information_select_k_best_k11,transaction_record_tampering__r0p05__medium,transaction_record_tampering,0.05,MEDIUM,paired_induced_median_anomaly_score_delta,5,0.0009058741801407033,0.0010969276993132802,-0.00013098346115564263,0.002576438097881495,-0.0004561414527301629,0.0022678898130115695
logistic_regression,mutual_information_select_k_best_k11,transaction_record_tampering__r0p05__medium,transaction_record_tampering,0.05,MEDIUM,selected_feature_count,5,11.0,0.0,11.0,11.0,11.0,11.0
logistic_regression,mutual_information_select_k_best_k11,transaction_record_tampering__r0p05__medium,transaction_record_tampering,0.05,MEDIUM,source_block_count,5,5.0,0.7071067811865476,4.0,6.0,4.122010966914219,5.877989033085781
logistic_regression,mutual_information_select_k_best_k11,transaction_record_tampering__r0p05__medium,transaction_record_tampering,0.05,MEDIUM,selected_input_bytes,5,528132.0,0.0,528132.0,528132.0,528132.0,528132.0
logistic_regression,mutual_information_select_k_best_k11,transaction_record_tampering__r0p05__medium,transaction_record_tampering,0.05,MEDIUM,model_fit_wall_time_sec,5,0.27497685859998455,0.02091021720342391,0.24763035999785643,0.29918557299970416,0.24901339470385145,0.30094032249611763
logistic_regression,mutual_information_select_k_best_k11,transaction_record_tampering__r0p05__medium,transaction_record_tampering,0.05,MEDIUM,model_fit_cpu_time_sec,5,0.09213092119999988,0.014315567471356337,0.07548344399999962,0.10902960499999992,0.07435579645694569,0.10990604594305407
logistic_regression,mutual_information_select_k_best_k11,transaction_record_tampering__r0p05__medium,transaction_record_tampering,0.05,MEDIUM,model_fit_peak_rss_mib,5,163.92734375,0.3541635550567968,163.37890625,164.25390625,163.48759161420978,164.36709588579023
logistic_regression,mutual_information_select_k_best_k11,transaction_record_tampering__r0p05__medium,transaction_record_tampering,0.05,MEDIUM,combined_fit_wall_time_sec,5,0.27497685859998455,0.02091021720342391,0.24763035999785643,0.29918557299970416,0.24901339470385145,0.30094032249611763
logistic_regression,mutual_information_select_k_best_k11,transaction_record_tampering__r0p05__medium,transaction_record_tampering,0.05,MEDIUM,inference_wall_time_sec,5,0.0021488791200681588,0.0007270034152521265,0.0014707119000377134,0.0033709549003106075,0.0012461851527776947,0.003051573087358623
logistic_regression,mutual_information_select_k_best_k11,transaction_record_tampering__r0p05__medium,transaction_record_tampering,0.05,MEDIUM,per_record_inference_sec,5,3.5814652001135987e-07,1.2116723587535444e-07,2.4511865000628555e-07,5.618258167184346e-07,2.0769752546294912e-07,5.085955145597706e-07
logistic_regression,mutual_information_select_k_best_k11,transaction_record_tampering__r0p05__medium,transaction_record_tampering,0.05,MEDIUM,inference_cpu_time_sec,5,0.00219014819999984,0.0007527094333710373,0.0014846487999989222,0.003454260500001283,0.001255535995473925,0.0031247604045257548
logistic_regression,mutual_information_select_k_best_k11,transaction_record_tampering__r0p05__medium,transaction_record_tampering,0.05,MEDIUM,inference_peak_rss_mib,5,803.734375,0.4432690230072619,803.33203125,804.40625,803.1839838126125,804.2847661873875
logistic_regression,mutual_information_select_k_best_k11,transaction_record_tampering__r0p05__medium,transaction_record_tampering,0.05,MEDIUM,peak_rss_mib,5,803.734375,0.4432690230072619,803.33203125,804.40625,803.1839838126125,804.2847661873875
logistic_regression,mutual_information_select_k_best_k11,transaction_record_tampering__r0p05__medium,transaction_record_tampering,0.05,MEDIUM,serialized_model_bytes,5,1353.2,13.386560424545209,1334.0,1366.0,1336.5783898610498,1369.8216101389503
logistic_regression,mutual_information_select_k_best_k11,transaction_record_tampering__r0p05__medium,transaction_record_tampering,0.05,MEDIUM,serialized_model_kib,5,1.321484375,0.01307281291459493,1.302734375,1.333984375,1.3052523338486814,1.3377164161513186
