classifier,configuration_id,scenario_id,attack_type,attack_rate,attack_severity,metric,count,mean,std,min,max,ci95_low,ci95_high
decision_tree,none_natural,quantity_manipulation__r0p05__medium,quantity_manipulation,0.05,MEDIUM,selected_feature_count,5,43.0,0.0,43.0,43.0,43.0,43.0
decision_tree,none_natural,quantity_manipulation__r0p05__medium,quantity_manipulation,0.05,MEDIUM,source_block_count,5,10.0,0.0,10.0,10.0,10.0,10.0
decision_tree,none_natural,quantity_manipulation__r0p05__medium,quantity_manipulation,0.05,MEDIUM,selected_input_bytes,5,2064132.0,0.0,2064132.0,2064132.0,2064132.0,2064132.0
decision_tree,none_natural,quantity_manipulation__r0p05__medium,quantity_manipulation,0.05,MEDIUM,model_fit_wall_time_sec,0,,,,,,
decision_tree,none_natural,quantity_manipulation__r0p05__medium,quantity_manipulation,0.05,MEDIUM,model_fit_cpu_time_sec,0,,,,,,
decision_tree,none_natural,quantity_manipulation__r0p05__medium,quantity_manipulation,0.05,MEDIUM,model_fit_peak_rss_mib,0,,,,,,
decision_tree,none_natural,quantity_manipulation__r0p05__medium,quantity_manipulation,0.05,MEDIUM,combined_fit_wall_time_sec,0,,,,,,
decision_tree,none_natural,quantity_manipulation__r0p05__medium,quantity_manipulation,0.05,MEDIUM,inference_wall_time_sec,5,0.0025672485398536083,0.0004409331879279095,0.002018935499654617,0.003236928899423219,0.0020197576747898733,0.003114739404917343
decision_tree,none_natural,quantity_manipulation__r0p05__medium,quantity_manipulation,0.05,MEDIUM,per_record_inference_sec,5,4.2787475664226805e-07,7.348886465465162e-08,3.3648924994243617e-07,5.394881499038699e-07,3.366262791316455e-07,5.191232341528905e-07
decision_tree,none_natural,quantity_manipulation__r0p05__medium,quantity_manipulation,0.05,MEDIUM,inference_cpu_time_sec,5,0.0026238665600010337,0.00041639215964774616,0.0021501650999994127,0.0032812785000032817,0.002106847406231702,0.0031408857137703652
decision_tree,none_natural,quantity_manipulation__r0p05__medium,quantity_manipulation,0.05,MEDIUM,inference_peak_rss_mib,5,802.45625,2.1242645786248002,798.65625,803.40625,799.8186271500599,805.09387284994
decision_tree,none_natural,quantity_manipulation__r0p05__medium,quantity_manipulation,0.05,MEDIUM,peak_rss_mib,5,802.45625,2.1242645786248002,798.65625,803.40625,799.8186271500599,805.09387284994
decision_tree,none_natural,quantity_manipulation__r0p05__medium,quantity_manipulation,0.05,MEDIUM,serialized_model_bytes,5,4132.0,327.90242451070714,3780.0,4420.0,3724.8553645610036,4539.144635438996
decision_tree,none_natural,quantity_manipulation__r0p05__medium,quantity_manipulation,0.05,MEDIUM,serialized_model_kib,5,4.03515625,0.32021721143623744,3.69140625,4.31640625,3.637554066954105,4.432758433045895
logistic_regression,none_natural,quantity_manipulation__r0p05__medium,quantity_manipulation,0.05,MEDIUM,selected_feature_count,5,43.0,0.0,43.0,43.0,43.0,43.0
logistic_regression,none_natural,quantity_manipulation__r0p05__medium,quantity_manipulation,0.05,MEDIUM,source_block_count,5,10.0,0.0,10.0,10.0,10.0,10.0
logistic_regression,none_natural,quantity_manipulation__r0p05__medium,quantity_manipulation,0.05,MEDIUM,selected_input_bytes,5,2064132.0,0.0,2064132.0,2064132.0,2064132.0,2064132.0
logistic_regression,none_natural,quantity_manipulation__r0p05__medium,quantity_manipulation,0.05,MEDIUM,model_fit_wall_time_sec,5,0.49001829079934395,0.09719446902817075,0.4144513709979947,0.6605000540002948,0.3693354177824376,0.6107011638162503
logistic_regression,none_natural,quantity_manipulation__r0p05__medium,quantity_manipulation,0.05,MEDIUM,model_fit_cpu_time_sec,5,0.29261962500000005,0.07522294968955433,0.21856836799999968,0.4180874179999998,0.19921799653171318,0.3860212534682869
logistic_regression,none_natural,quantity_manipulation__r0p05__medium,quantity_manipulation,0.05,MEDIUM,model_fit_peak_rss_mib,5,182.0546875,0.12530480415894876,181.8984375,182.19140625,181.89910103587374,182.21027396412626
logistic_regression,none_natural,quantity_manipulation__r0p05__medium,quantity_manipulation,0.05,MEDIUM,combined_fit_wall_time_sec,5,0.49001829079934395,0.09719446902817075,0.4144513709979947,0.6605000540002948,0.3693354177824376,0.6107011638162503
logistic_regression,none_natural,quantity_manipulation__r0p05__medium,quantity_manipulation,0.05,MEDIUM,inference_wall_time_sec,5,0.0023602063399448523,0.00038247991810720123,0.0018057211993436795,0.0028665278005064465,0.0018852947955948392,0.0028351178842948655
logistic_regression,none_natural,quantity_manipulation__r0p05__medium,quantity_manipulation,0.05,MEDIUM,per_record_inference_sec,5,3.9336772332414207e-07,6.374665301786687e-08,3.009535332239466e-07,4.777546334177411e-07,3.1421579926580653e-07,4.725196473824776e-07
logistic_regression,none_natural,quantity_manipulation__r0p05__medium,quantity_manipulation,0.05,MEDIUM,inference_cpu_time_sec,5,0.002425031760001275,0.0004445044693840442,0.0018058472999996412,0.0030455148000044117,0.0018731065633260011,0.0029769569566765485
logistic_regression,none_natural,quantity_manipulation__r0p05__medium,quantity_manipulation,0.05,MEDIUM,inference_peak_rss_mib,5,802.63125,1.7329526825623371,799.53125,803.40625,800.47950504347,804.78299495653
logistic_regression,none_natural,quantity_manipulation__r0p05__medium,quantity_manipulation,0.05,MEDIUM,peak_rss_mib,5,802.63125,1.7329526825623371,799.53125,803.40625,800.47950504347,804.78299495653
logistic_regression,none_natural,quantity_manipulation__r0p05__medium,quantity_manipulation,0.05,MEDIUM,serialized_model_bytes,5,2342.0,0.0,2342.0,2342.0,2342.0,2342.0
logistic_regression,none_natural,quantity_manipulation__r0p05__medium,quantity_manipulation,0.05,MEDIUM,serialized_model_kib,5,2.287109375,0.0,2.287109375,2.287109375,2.287109375,2.287109375
decision_tree,pairwise_correlation_filter_natural,quantity_manipulation__r0p05__medium,quantity_manipulation,0.05,MEDIUM,selected_feature_count,5,42.0,0.0,42.0,42.0,42.0,42.0
decision_tree,pairwise_correlation_filter_natural,quantity_manipulation__r0p05__medium,quantity_manipulation,0.05,MEDIUM,source_block_count,5,9.0,0.0,9.0,9.0,9.0,9.0
decision_tree,pairwise_correlation_filter_natural,quantity_manipulation__r0p05__medium,quantity_manipulation,0.05,MEDIUM,selected_input_bytes,5,2016132.0,0.0,2016132.0,2016132.0,2016132.0,2016132.0
decision_tree,pairwise_correlation_filter_natural,quantity_manipulation__r0p05__medium,quantity_manipulation,0.05,MEDIUM,model_fit_wall_time_sec,0,,,,,,
decision_tree,pairwise_correlation_filter_natural,quantity_manipulation__r0p05__medium,quantity_manipulation,0.05,MEDIUM,model_fit_cpu_time_sec,0,,,,,,
decision_tree,pairwise_correlation_filter_natural,quantity_manipulation__r0p05__medium,quantity_manipulation,0.05,MEDIUM,model_fit_peak_rss_mib,0,,,,,,
decision_tree,pairwise_correlation_filter_natural,quantity_manipulation__r0p05__medium,quantity_manipulation,0.05,MEDIUM,combined_fit_wall_time_sec,0,,,,,,
decision_tree,pairwise_correlation_filter_natural,quantity_manipulation__r0p05__medium,quantity_manipulation,0.05,MEDIUM,inference_wall_time_sec,5,0.0024593082199862695,0.0003997845281156922,0.00199813310027821,0.002942085199902067,0.0019629101643857394,0.0029557062755867997
decision_tree,pairwise_correlation_filter_natural,quantity_manipulation__r0p05__medium,quantity_manipulation,0.05,MEDIUM,per_record_inference_sec,5,4.098847033310449e-07,6.663075468594869e-08,3.3302218337970166e-07,4.903475333170111e-07,3.271516940642899e-07,4.926177125977999e-07
decision_tree,pairwise_correlation_filter_natural,quantity_manipulation__r0p05__medium,quantity_manipulation,0.05,MEDIUM,inference_cpu_time_sec,5,0.002505475860000388,0.00039148290212138613,0.002090463600001158,0.0029982582000002366,0.002019385634523548,0.0029915660854772275
decision_tree,pairwise_correlation_filter_natural,quantity_manipulation__r0p05__medium,quantity_manipulation,0.05,MEDIUM,inference_peak_rss_mib,5,802.63125,1.7329526825623371,799.53125,803.40625,800.47950504347,804.78299495653
decision_tree,pairwise_correlation_filter_natural,quantity_manipulation__r0p05__medium,quantity_manipulation,0.05,MEDIUM,peak_rss_mib,5,802.63125,1.7329526825623371,799.53125,803.40625,800.47950504347,804.78299495653
decision_tree,pairwise_correlation_filter_natural,quantity_manipulation__r0p05__medium,quantity_manipulation,0.05,MEDIUM,serialized_model_bytes,5,4116.0,327.90242451070714,3764.0,4404.0,3708.8553645610036,4523.144635438996
decision_tree,pairwise_correlation_filter_natural,quantity_manipulation__r0p05__medium,quantity_manipulation,0.05,MEDIUM,serialized_model_kib,5,4.01953125,0.32021721143623744,3.67578125,4.30078125,3.621929066954105,4.417133433045895
logistic_regression,pairwise_correlation_filter_natural,quantity_manipulation__r0p05__medium,quantity_manipulation,0.05,MEDIUM,selected_feature_count,5,42.0,0.0,42.0,42.0,42.0,42.0
logistic_regression,pairwise_correlation_filter_natural,quantity_manipulation__r0p05__medium,quantity_manipulation,0.05,MEDIUM,source_block_count,5,9.0,0.0,9.0,9.0,9.0,9.0
logistic_regression,pairwise_correlation_filter_natural,quantity_manipulation__r0p05__medium,quantity_manipulation,0.05,MEDIUM,selected_input_bytes,5,2016132.0,0.0,2016132.0,2016132.0,2016132.0,2016132.0
logistic_regression,pairwise_correlation_filter_natural,quantity_manipulation__r0p05__medium,quantity_manipulation,0.05,MEDIUM,model_fit_wall_time_sec,5,0.5226187851993018,0.1320858923339655,0.33173528499901295,0.6544766820006771,0.358612488017468,0.6866250823811357
logistic_regression,pairwise_correlation_filter_natural,quantity_manipulation__r0p05__medium,quantity_manipulation,0.05,MEDIUM,model_fit_cpu_time_sec,5,0.32897909459999986,0.11776488132572177,0.18253484599999936,0.47190246899999977,0.18275468120499616,0.47520350799500355
logistic_regression,pairwise_correlation_filter_natural,quantity_manipulation__r0p05__medium,quantity_manipulation,0.05,MEDIUM,model_fit_peak_rss_mib,5,181.35625,0.274181465592076,181.0546875,181.63671875,181.01580874519928,181.6966912548007
logistic_regression,pairwise_correlation_filter_natural,quantity_manipulation__r0p05__medium,quantity_manipulation,0.05,MEDIUM,combined_fit_wall_time_sec,5,0.5226187851993018,0.1320858923339655,0.33173528499901295,0.6544766820006771,0.358612488017468,0.6866250823811357
logistic_regression,pairwise_correlation_filter_natural,quantity_manipulation__r0p05__medium,quantity_manipulation,0.05,MEDIUM,inference_wall_time_sec,5,0.002931242459744681,0.0003991515031207584,0.0022338209993904455,0.003213895399676403,0.002435630408490324,0.003426854510999038
logistic_regression,pairwise_correlation_filter_natural,quantity_manipulation__r0p05__medium,quantity_manipulation,0.05,MEDIUM,per_record_inference_sec,5,4.885404099574468e-07,6.65252505201264e-08,3.7230349989840757e-07,5.356492332794005e-07,4.0593840141505394e-07,5.711424184998396e-07
logistic_regression,pairwise_correlation_filter_natural,quantity_manipulation__r0p05__medium,quantity_manipulation,0.05,MEDIUM,inference_cpu_time_sec,5,0.0029989746999990533,0.00042146832934741955,0.002251616999996031,0.0032719412999995257,0.0024756526490648596,0.003522296750933247
logistic_regression,pairwise_correlation_filter_natural,quantity_manipulation__r0p05__medium,quantity_manipulation,0.05,MEDIUM,inference_peak_rss_mib,5,803.40625,0.0,803.40625,803.40625,803.40625,803.40625
logistic_regression,pairwise_correlation_filter_natural,quantity_manipulation__r0p05__medium,quantity_manipulation,0.05,MEDIUM,peak_rss_mib,5,803.40625,0.0,803.40625,803.40625,803.40625,803.40625
logistic_regression,pairwise_correlation_filter_natural,quantity_manipulation__r0p05__medium,quantity_manipulation,0.05,MEDIUM,serialized_model_bytes,5,2310.0,0.0,2310.0,2310.0,2310.0,2310.0
logistic_regression,pairwise_correlation_filter_natural,quantity_manipulation__r0p05__medium,quantity_manipulation,0.05,MEDIUM,serialized_model_kib,5,2.255859375,0.0,2.255859375,2.255859375,2.255859375,2.255859375
decision_tree,mutual_information_select_k_best_k11,quantity_manipulation__r0p05__medium,quantity_manipulation,0.05,MEDIUM,selected_feature_count,5,11.0,0.0,11.0,11.0,11.0,11.0
decision_tree,mutual_information_select_k_best_k11,quantity_manipulation__r0p05__medium,quantity_manipulation,0.05,MEDIUM,source_block_count,5,5.0,0.7071067811865476,4.0,6.0,4.122010966914219,5.877989033085781
decision_tree,mutual_information_select_k_best_k11,quantity_manipulation__r0p05__medium,quantity_manipulation,0.05,MEDIUM,selected_input_bytes,5,528132.0,0.0,528132.0,528132.0,528132.0,528132.0
decision_tree,mutual_information_select_k_best_k11,quantity_manipulation__r0p05__medium,quantity_manipulation,0.05,MEDIUM,model_fit_wall_time_sec,0,,,,,,
decision_tree,mutual_information_select_k_best_k11,quantity_manipulation__r0p05__medium,quantity_manipulation,0.05,MEDIUM,model_fit_cpu_time_sec,0,,,,,,
decision_tree,mutual_information_select_k_best_k11,quantity_manipulation__r0p05__medium,quantity_manipulation,0.05,MEDIUM,model_fit_peak_rss_mib,0,,,,,,
decision_tree,mutual_information_select_k_best_k11,quantity_manipulation__r0p05__medium,quantity_manipulation,0.05,MEDIUM,combined_fit_wall_time_sec,0,,,,,,
decision_tree,mutual_information_select_k_best_k11,quantity_manipulation__r0p05__medium,quantity_manipulation,0.05,MEDIUM,inference_wall_time_sec,5,0.0022479877799923996,0.0005907546843376966,0.001705346899689175,0.0032438185000501106,0.0015144689566794697,0.0029815066033053294
decision_tree,mutual_information_select_k_best_k11,quantity_manipulation__r0p05__medium,quantity_manipulation,0.05,MEDIUM,per_record_inference_sec,5,3.7466462999873327e-07,9.84591140562828e-08,2.842244832815292e-07,5.406364166750185e-07,2.524114927799116e-07,4.969177672175549e-07
decision_tree,mutual_information_select_k_best_k11,quantity_manipulation__r0p05__medium,quantity_manipulation,0.05,MEDIUM,inference_cpu_time_sec,5,0.002308152839998456,0.0006638996180430876,0.0017243749999977353,0.003439200999997638,0.0014838125858524691,0.003132493094144443
decision_tree,mutual_information_select_k_best_k11,quantity_manipulation__r0p05__medium,quantity_manipulation,0.05,MEDIUM,inference_peak_rss_mib,5,803.40625,0.0,803.40625,803.40625,803.40625,803.40625
decision_tree,mutual_information_select_k_best_k11,quantity_manipulation__r0p05__medium,quantity_manipulation,0.05,MEDIUM,peak_rss_mib,5,803.40625,0.0,803.40625,803.40625,803.40625,803.40625
decision_tree,mutual_information_select_k_best_k11,quantity_manipulation__r0p05__medium,quantity_manipulation,0.05,MEDIUM,serialized_model_bytes,5,3402.4,341.02903102228703,3028.0,3716.0,2978.9565298369753,3825.843470163025
decision_tree,mutual_information_select_k_best_k11,quantity_manipulation__r0p05__medium,quantity_manipulation,0.05,MEDIUM,serialized_model_kib,5,3.32265625,0.3330361631077022,2.95703125,3.62890625,2.909137236168921,3.736175263831079
logistic_regression,mutual_information_select_k_best_k11,quantity_manipulation__r0p05__medium,quantity_manipulation,0.05,MEDIUM,selected_feature_count,5,11.0,0.0,11.0,11.0,11.0,11.0
logistic_regression,mutual_information_select_k_best_k11,quantity_manipulation__r0p05__medium,quantity_manipulation,0.05,MEDIUM,source_block_count,5,5.0,0.7071067811865476,4.0,6.0,4.122010966914219,5.877989033085781
logistic_regression,mutual_information_select_k_best_k11,quantity_manipulation__r0p05__medium,quantity_manipulation,0.05,MEDIUM,selected_input_bytes,5,528132.0,0.0,528132.0,528132.0,528132.0,528132.0
logistic_regression,mutual_information_select_k_best_k11,quantity_manipulation__r0p05__medium,quantity_manipulation,0.05,MEDIUM,model_fit_wall_time_sec,5,0.27497685859998455,0.02091021720342391,0.24763035999785643,0.29918557299970416,0.24901339470385145,0.30094032249611763
logistic_regression,mutual_information_select_k_best_k11,quantity_manipulation__r0p05__medium,quantity_manipulation,0.05,MEDIUM,model_fit_cpu_time_sec,5,0.09213092119999988,0.014315567471356337,0.07548344399999962,0.10902960499999992,0.07435579645694569,0.10990604594305407
logistic_regression,mutual_information_select_k_best_k11,quantity_manipulation__r0p05__medium,quantity_manipulation,0.05,MEDIUM,model_fit_peak_rss_mib,5,163.92734375,0.3541635550567968,163.37890625,164.25390625,163.48759161420978,164.36709588579023
logistic_regression,mutual_information_select_k_best_k11,quantity_manipulation__r0p05__medium,quantity_manipulation,0.05,MEDIUM,combined_fit_wall_time_sec,5,0.27497685859998455,0.02091021720342391,0.24763035999785643,0.29918557299970416,0.24901339470385145,0.30094032249611763
logistic_regression,mutual_information_select_k_best_k11,quantity_manipulation__r0p05__medium,quantity_manipulation,0.05,MEDIUM,inference_wall_time_sec,5,0.0017032685600861439,0.00021254702359633186,0.0014845685996988322,0.0019951212001615205,0.001439356572961003,0.0019671805472112848
logistic_regression,mutual_information_select_k_best_k11,quantity_manipulation__r0p05__medium,quantity_manipulation,0.05,MEDIUM,per_record_inference_sec,5,2.8387809334769066e-07,3.5424503932721975e-08,2.474280999498054e-07,3.325202000269201e-07,2.398927621601672e-07,3.2786342453521413e-07
logistic_regression,mutual_information_select_k_best_k11,quantity_manipulation__r0p05__medium,quantity_manipulation,0.05,MEDIUM,inference_cpu_time_sec,5,0.001754026899999417,0.00026709726154417,0.0014919422999980724,0.0021546967000006132,0.0014223818463209427,0.002085671953677891
logistic_regression,mutual_information_select_k_best_k11,quantity_manipulation__r0p05__medium,quantity_manipulation,0.05,MEDIUM,inference_peak_rss_mib,5,803.40625,0.0,803.40625,803.40625,803.40625,803.40625
logistic_regression,mutual_information_select_k_best_k11,quantity_manipulation__r0p05__medium,quantity_manipulation,0.05,MEDIUM,peak_rss_mib,5,803.40625,0.0,803.40625,803.40625,803.40625,803.40625
logistic_regression,mutual_information_select_k_best_k11,quantity_manipulation__r0p05__medium,quantity_manipulation,0.05,MEDIUM,serialized_model_bytes,5,1353.2,13.386560424545209,1334.0,1366.0,1336.5783898610498,1369.8216101389503
logistic_regression,mutual_information_select_k_best_k11,quantity_manipulation__r0p05__medium,quantity_manipulation,0.05,MEDIUM,serialized_model_kib,5,1.321484375,0.01307281291459493,1.302734375,1.333984375,1.3052523338486814,1.3377164161513186
decision_tree,none_natural,value_manipulation__r0p05__medium,value_manipulation,0.05,MEDIUM,selected_feature_count,5,43.0,0.0,43.0,43.0,43.0,43.0
decision_tree,none_natural,value_manipulation__r0p05__medium,value_manipulation,0.05,MEDIUM,source_block_count,5,10.0,0.0,10.0,10.0,10.0,10.0
decision_tree,none_natural,value_manipulation__r0p05__medium,value_manipulation,0.05,MEDIUM,selected_input_bytes,5,2064132.0,0.0,2064132.0,2064132.0,2064132.0,2064132.0
decision_tree,none_natural,value_manipulation__r0p05__medium,value_manipulation,0.05,MEDIUM,model_fit_wall_time_sec,0,,,,,,
decision_tree,none_natural,value_manipulation__r0p05__medium,value_manipulation,0.05,MEDIUM,model_fit_cpu_time_sec,0,,,,,,
decision_tree,none_natural,value_manipulation__r0p05__medium,value_manipulation,0.05,MEDIUM,model_fit_peak_rss_mib,0,,,,,,
decision_tree,none_natural,value_manipulation__r0p05__medium,value_manipulation,0.05,MEDIUM,combined_fit_wall_time_sec,0,,,,,,
decision_tree,none_natural,value_manipulation__r0p05__medium,value_manipulation,0.05,MEDIUM,inference_wall_time_sec,5,0.0024121065197687127,0.000300834577570366,0.00213267309954972,0.0027609021999523975,0.0020385710553844547,0.0027856419841529706
decision_tree,none_natural,value_manipulation__r0p05__medium,value_manipulation,0.05,MEDIUM,per_record_inference_sec,5,4.0201775329478546e-07,5.013909626172766e-08,3.5544551659161997e-07,4.601503666587329e-07,3.397618425640758e-07,4.6427366402549513e-07
decision_tree,none_natural,value_manipulation__r0p05__medium,value_manipulation,0.05,MEDIUM,inference_cpu_time_sec,5,0.0024630048199992412,0.0003553799066185052,0.002107842999998866,0.0028602906999992683,0.002021742384265677,0.0029042672557328055
decision_tree,none_natural,value_manipulation__r0p05__medium,value_manipulation,0.05,MEDIUM,inference_peak_rss_mib,5,803.40625,0.0,803.40625,803.40625,803.40625,803.40625
decision_tree,none_natural,value_manipulation__r0p05__medium,value_manipulation,0.05,MEDIUM,peak_rss_mib,5,803.40625,0.0,803.40625,803.40625,803.40625,803.40625
decision_tree,none_natural,value_manipulation__r0p05__medium,value_manipulation,0.05,MEDIUM,serialized_model_bytes,5,4132.0,327.90242451070714,3780.0,4420.0,3724.8553645610036,4539.144635438996
decision_tree,none_natural,value_manipulation__r0p05__medium,value_manipulation,0.05,MEDIUM,serialized_model_kib,5,4.03515625,0.32021721143623744,3.69140625,4.31640625,3.637554066954105,4.432758433045895
logistic_regression,none_natural,value_manipulation__r0p05__medium,value_manipulation,0.05,MEDIUM,selected_feature_count,5,43.0,0.0,43.0,43.0,43.0,43.0
logistic_regression,none_natural,value_manipulation__r0p05__medium,value_manipulation,0.05,MEDIUM,source_block_count,5,10.0,0.0,10.0,10.0,10.0,10.0
logistic_regression,none_natural,value_manipulation__r0p05__medium,value_manipulation,0.05,MEDIUM,selected_input_bytes,5,2064132.0,0.0,2064132.0,2064132.0,2064132.0,2064132.0
logistic_regression,none_natural,value_manipulation__r0p05__medium,value_manipulation,0.05,MEDIUM,model_fit_wall_time_sec,5,0.49001829079934395,0.09719446902817075,0.4144513709979947,0.6605000540002948,0.3693354177824376,0.6107011638162503
logistic_regression,none_natural,value_manipulation__r0p05__medium,value_manipulation,0.05,MEDIUM,model_fit_cpu_time_sec,5,0.29261962500000005,0.07522294968955433,0.21856836799999968,0.4180874179999998,0.19921799653171318,0.3860212534682869
logistic_regression,none_natural,value_manipulation__r0p05__medium,value_manipulation,0.05,MEDIUM,model_fit_peak_rss_mib,5,182.0546875,0.12530480415894876,181.8984375,182.19140625,181.89910103587374,182.21027396412626
logistic_regression,none_natural,value_manipulation__r0p05__medium,value_manipulation,0.05,MEDIUM,combined_fit_wall_time_sec,5,0.49001829079934395,0.09719446902817075,0.4144513709979947,0.6605000540002948,0.3693354177824376,0.6107011638162503
logistic_regression,none_natural,value_manipulation__r0p05__medium,value_manipulation,0.05,MEDIUM,inference_wall_time_sec,5,0.0024193494001519865,0.00037373797292861345,0.00198490659968229,0.0027518807000888046,0.0019552924144045055,0.0028834063858994676
logistic_regression,none_natural,value_manipulation__r0p05__medium,value_manipulation,0.05,MEDIUM,per_record_inference_sec,5,4.032249000253311e-07,6.228966215476892e-08,3.30817766613715e-07,4.586467833481341e-07,3.2588206906741757e-07,4.805677309832447e-07
logistic_regression,none_natural,value_manipulation__r0p05__medium,value_manipulation,0.05,MEDIUM,inference_cpu_time_sec,5,0.0024777812000002087,0.0003917538258717668,0.00201951960000315,0.0028081690000021807,0.001991354578256263,0.0029642078217441544
logistic_regression,none_natural,value_manipulation__r0p05__medium,value_manipulation,0.05,MEDIUM,inference_peak_rss_mib,5,803.40625,0.0,803.40625,803.40625,803.40625,803.40625
logistic_regression,none_natural,value_manipulation__r0p05__medium,value_manipulation,0.05,MEDIUM,peak_rss_mib,5,803.40625,0.0,803.40625,803.40625,803.40625,803.40625
logistic_regression,none_natural,value_manipulation__r0p05__medium,value_manipulation,0.05,MEDIUM,serialized_model_bytes,5,2342.0,0.0,2342.0,2342.0,2342.0,2342.0
logistic_regression,none_natural,value_manipulation__r0p05__medium,value_manipulation,0.05,MEDIUM,serialized_model_kib,5,2.287109375,0.0,2.287109375,2.287109375,2.287109375,2.287109375
decision_tree,pairwise_correlation_filter_natural,value_manipulation__r0p05__medium,value_manipulation,0.05,MEDIUM,selected_feature_count,5,42.0,0.0,42.0,42.0,42.0,42.0
decision_tree,pairwise_correlation_filter_natural,value_manipulation__r0p05__medium,value_manipulation,0.05,MEDIUM,source_block_count,5,9.0,0.0,9.0,9.0,9.0,9.0
decision_tree,pairwise_correlation_filter_natural,value_manipulation__r0p05__medium,value_manipulation,0.05,MEDIUM,selected_input_bytes,5,2016132.0,0.0,2016132.0,2016132.0,2016132.0,2016132.0
decision_tree,pairwise_correlation_filter_natural,value_manipulation__r0p05__medium,value_manipulation,0.05,MEDIUM,model_fit_wall_time_sec,0,,,,,,
decision_tree,pairwise_correlation_filter_natural,value_manipulation__r0p05__medium,value_manipulation,0.05,MEDIUM,model_fit_cpu_time_sec,0,,,,,,
decision_tree,pairwise_correlation_filter_natural,value_manipulation__r0p05__medium,value_manipulation,0.05,MEDIUM,model_fit_peak_rss_mib,0,,,,,,
decision_tree,pairwise_correlation_filter_natural,value_manipulation__r0p05__medium,value_manipulation,0.05,MEDIUM,combined_fit_wall_time_sec,0,,,,,,
decision_tree,pairwise_correlation_filter_natural,value_manipulation__r0p05__medium,value_manipulation,0.05,MEDIUM,inference_wall_time_sec,5,0.0026706714801548515,0.0004607087571541441,0.0021263665999867952,0.003290673199808225,0.002098626002738895,0.003242716957570808
decision_tree,pairwise_correlation_filter_natural,value_manipulation__r0p05__medium,value_manipulation,0.05,MEDIUM,per_record_inference_sec,5,4.451119133591419e-07,7.6784792859024e-08,3.543944333311325e-07,5.484455333013708e-07,3.4977100045648254e-07,5.404528262618013e-07
decision_tree,pairwise_correlation_filter_natural,value_manipulation__r0p05__medium,value_manipulation,0.05,MEDIUM,inference_cpu_time_sec,5,0.0027346966200013866,0.0005016670697419386,0.002167130200001566,0.0034522304000006443,0.0021117946804179496,0.0033575985595848236
decision_tree,pairwise_correlation_filter_natural,value_manipulation__r0p05__medium,value_manipulation,0.05,MEDIUM,inference_peak_rss_mib,5,803.40625,0.0,803.40625,803.40625,803.40625,803.40625
decision_tree,pairwise_correlation_filter_natural,value_manipulation__r0p05__medium,value_manipulation,0.05,MEDIUM,peak_rss_mib,5,803.40625,0.0,803.40625,803.40625,803.40625,803.40625
decision_tree,pairwise_correlation_filter_natural,value_manipulation__r0p05__medium,value_manipulation,0.05,MEDIUM,serialized_model_bytes,5,4116.0,327.90242451070714,3764.0,4404.0,3708.8553645610036,4523.144635438996
decision_tree,pairwise_correlation_filter_natural,value_manipulation__r0p05__medium,value_manipulation,0.05,MEDIUM,serialized_model_kib,5,4.01953125,0.32021721143623744,3.67578125,4.30078125,3.621929066954105,4.417133433045895
logistic_regression,pairwise_correlation_filter_natural,value_manipulation__r0p05__medium,value_manipulation,0.05,MEDIUM,selected_feature_count,5,42.0,0.0,42.0,42.0,42.0,42.0
logistic_regression,pairwise_correlation_filter_natural,value_manipulation__r0p05__medium,value_manipulation,0.05,MEDIUM,source_block_count,5,9.0,0.0,9.0,9.0,9.0,9.0
logistic_regression,pairwise_correlation_filter_natural,value_manipulation__r0p05__medium,value_manipulation,0.05,MEDIUM,selected_input_bytes,5,2016132.0,0.0,2016132.0,2016132.0,2016132.0,2016132.0
logistic_regression,pairwise_correlation_filter_natural,value_manipulation__r0p05__medium,value_manipulation,0.05,MEDIUM,model_fit_wall_time_sec,5,0.5226187851993018,0.1320858923339655,0.33173528499901295,0.6544766820006771,0.358612488017468,0.6866250823811357
logistic_regression,pairwise_correlation_filter_natural,value_manipulation__r0p05__medium,value_manipulation,0.05,MEDIUM,model_fit_cpu_time_sec,5,0.32897909459999986,0.11776488132572177,0.18253484599999936,0.47190246899999977,0.18275468120499616,0.47520350799500355
logistic_regression,pairwise_correlation_filter_natural,value_manipulation__r0p05__medium,value_manipulation,0.05,MEDIUM,model_fit_peak_rss_mib,5,181.35625,0.274181465592076,181.0546875,181.63671875,181.01580874519928,181.6966912548007
logistic_regression,pairwise_correlation_filter_natural,value_manipulation__r0p05__medium,value_manipulation,0.05,MEDIUM,combined_fit_wall_time_sec,5,0.5226187851993018,0.1320858923339655,0.33173528499901295,0.6544766820006771,0.358612488017468,0.6866250823811357
logistic_regression,pairwise_correlation_filter_natural,value_manipulation__r0p05__medium,value_manipulation,0.05,MEDIUM,inference_wall_time_sec,5,0.0025837987601698845,0.0005029819064958115,0.002092016499955207,0.00320712739994633,0.001959264235125647,0.003208333285214122
logistic_regression,pairwise_correlation_filter_natural,value_manipulation__r0p05__medium,value_manipulation,0.05,MEDIUM,per_record_inference_sec,5,4.3063312669498074e-07,8.383031774930192e-08,3.486694166592012e-07,5.345212333243884e-07,3.265440391876078e-07,5.347222142023537e-07
logistic_regression,pairwise_correlation_filter_natural,value_manipulation__r0p05__medium,value_manipulation,0.05,MEDIUM,inference_cpu_time_sec,5,0.0026490835599975076,0.0005431918951862279,0.002125337499995794,0.003345171600000185,0.0019746217396281597,0.0033235453803668554
logistic_regression,pairwise_correlation_filter_natural,value_manipulation__r0p05__medium,value_manipulation,0.05,MEDIUM,inference_peak_rss_mib,5,803.40625,0.0,803.40625,803.40625,803.40625,803.40625
logistic_regression,pairwise_correlation_filter_natural,value_manipulation__r0p05__medium,value_manipulation,0.05,MEDIUM,peak_rss_mib,5,803.40625,0.0,803.40625,803.40625,803.40625,803.40625
logistic_regression,pairwise_correlation_filter_natural,value_manipulation__r0p05__medium,value_manipulation,0.05,MEDIUM,serialized_model_bytes,5,2310.0,0.0,2310.0,2310.0,2310.0,2310.0
logistic_regression,pairwise_correlation_filter_natural,value_manipulation__r0p05__medium,value_manipulation,0.05,MEDIUM,serialized_model_kib,5,2.255859375,0.0,2.255859375,2.255859375,2.255859375,2.255859375
decision_tree,mutual_information_select_k_best_k11,value_manipulation__r0p05__medium,value_manipulation,0.05,MEDIUM,selected_feature_count,5,11.0,0.0,11.0,11.0,11.0,11.0
decision_tree,mutual_information_select_k_best_k11,value_manipulation__r0p05__medium,value_manipulation,0.05,MEDIUM,source_block_count,5,5.0,0.7071067811865476,4.0,6.0,4.122010966914219,5.877989033085781
decision_tree,mutual_information_select_k_best_k11,value_manipulation__r0p05__medium,value_manipulation,0.05,MEDIUM,selected_input_bytes,5,528132.0,0.0,528132.0,528132.0,528132.0,528132.0
decision_tree,mutual_information_select_k_best_k11,value_manipulation__r0p05__medium,value_manipulation,0.05,MEDIUM,model_fit_wall_time_sec,0,,,,,,
decision_tree,mutual_information_select_k_best_k11,value_manipulation__r0p05__medium,value_manipulation,0.05,MEDIUM,model_fit_cpu_time_sec,0,,,,,,
decision_tree,mutual_information_select_k_best_k11,value_manipulation__r0p05__medium,value_manipulation,0.05,MEDIUM,model_fit_peak_rss_mib,0,,,,,,
decision_tree,mutual_information_select_k_best_k11,value_manipulation__r0p05__medium,value_manipulation,0.05,MEDIUM,combined_fit_wall_time_sec,0,,,,,,
decision_tree,mutual_information_select_k_best_k11,value_manipulation__r0p05__medium,value_manipulation,0.05,MEDIUM,inference_wall_time_sec,5,0.0018184078001650052,0.0001635064349572844,0.0016207339001994114,0.0020197761994495524,0.0016153877464037383,0.002021427853926272
decision_tree,mutual_information_select_k_best_k11,value_manipulation__r0p05__medium,value_manipulation,0.05,MEDIUM,per_record_inference_sec,5,3.030679666941675e-07,2.725107249288073e-08,2.701223166999019e-07,3.366293665749254e-07,2.692312910672897e-07,3.369046423210453e-07
decision_tree,mutual_information_select_k_best_k11,value_manipulation__r0p05__medium,value_manipulation,0.05,MEDIUM,inference_cpu_time_sec,5,0.0018474369400007617,0.00017187264884326104,0.0016382766000049287,0.002057212099998651,0.001634028859655997,0.0020608450203455264
decision_tree,mutual_information_select_k_best_k11,value_manipulation__r0p05__medium,value_manipulation,0.05,MEDIUM,inference_peak_rss_mib,5,803.40625,0.0,803.40625,803.40625,803.40625,803.40625
decision_tree,mutual_information_select_k_best_k11,value_manipulation__r0p05__medium,value_manipulation,0.05,MEDIUM,peak_rss_mib,5,803.40625,0.0,803.40625,803.40625,803.40625,803.40625
decision_tree,mutual_information_select_k_best_k11,value_manipulation__r0p05__medium,value_manipulation,0.05,MEDIUM,serialized_model_bytes,5,3402.4,341.02903102228703,3028.0,3716.0,2978.9565298369753,3825.843470163025
decision_tree,mutual_information_select_k_best_k11,value_manipulation__r0p05__medium,value_manipulation,0.05,MEDIUM,serialized_model_kib,5,3.32265625,0.3330361631077022,2.95703125,3.62890625,2.909137236168921,3.736175263831079
logistic_regression,mutual_information_select_k_best_k11,value_manipulation__r0p05__medium,value_manipulation,0.05,MEDIUM,selected_feature_count,5,11.0,0.0,11.0,11.0,11.0,11.0
logistic_regression,mutual_information_select_k_best_k11,value_manipulation__r0p05__medium,value_manipulation,0.05,MEDIUM,source_block_count,5,5.0,0.7071067811865476,4.0,6.0,4.122010966914219,5.877989033085781
logistic_regression,mutual_information_select_k_best_k11,value_manipulation__r0p05__medium,value_manipulation,0.05,MEDIUM,selected_input_bytes,5,528132.0,0.0,528132.0,528132.0,528132.0,528132.0
logistic_regression,mutual_information_select_k_best_k11,value_manipulation__r0p05__medium,value_manipulation,0.05,MEDIUM,model_fit_wall_time_sec,5,0.27497685859998455,0.02091021720342391,0.24763035999785643,0.29918557299970416,0.24901339470385145,0.30094032249611763
logistic_regression,mutual_information_select_k_best_k11,value_manipulation__r0p05__medium,value_manipulation,0.05,MEDIUM,model_fit_cpu_time_sec,5,0.09213092119999988,0.014315567471356337,0.07548344399999962,0.10902960499999992,0.07435579645694569,0.10990604594305407
logistic_regression,mutual_information_select_k_best_k11,value_manipulation__r0p05__medium,value_manipulation,0.05,MEDIUM,model_fit_peak_rss_mib,5,163.92734375,0.3541635550567968,163.37890625,164.25390625,163.48759161420978,164.36709588579023
logistic_regression,mutual_information_select_k_best_k11,value_manipulation__r0p05__medium,value_manipulation,0.05,MEDIUM,combined_fit_wall_time_sec,5,0.27497685859998455,0.02091021720342391,0.24763035999785643,0.29918557299970416,0.24901339470385145,0.30094032249611763
logistic_regression,mutual_information_select_k_best_k11,value_manipulation__r0p05__medium,value_manipulation,0.05,MEDIUM,inference_wall_time_sec,5,0.002812328460277058,0.0017028188907997743,0.0013006684006541037,0.005493619100161595,0.0006979995481080311,0.004926657372446085
logistic_regression,mutual_information_select_k_best_k11,value_manipulation__r0p05__medium,value_manipulation,0.05,MEDIUM,per_record_inference_sec,5,4.6872141004617633e-07,2.83803148466629e-07,2.1677806677568396e-07,9.156031833602658e-07,1.1633325801800522e-07,8.211095620743475e-07
logistic_regression,mutual_information_select_k_best_k11,value_manipulation__r0p05__medium,value_manipulation,0.05,MEDIUM,inference_cpu_time_sec,5,0.0028526754000017716,0.0017461942075736516,0.0013008581999997659,0.005594462200002681,0.0006844889185838947,0.005020861881419649
logistic_regression,mutual_information_select_k_best_k11,value_manipulation__r0p05__medium,value_manipulation,0.05,MEDIUM,inference_peak_rss_mib,5,803.40625,0.0,803.40625,803.40625,803.40625,803.40625
logistic_regression,mutual_information_select_k_best_k11,value_manipulation__r0p05__medium,value_manipulation,0.05,MEDIUM,peak_rss_mib,5,803.40625,0.0,803.40625,803.40625,803.40625,803.40625
logistic_regression,mutual_information_select_k_best_k11,value_manipulation__r0p05__medium,value_manipulation,0.05,MEDIUM,serialized_model_bytes,5,1353.2,13.386560424545209,1334.0,1366.0,1336.5783898610498,1369.8216101389503
logistic_regression,mutual_information_select_k_best_k11,value_manipulation__r0p05__medium,value_manipulation,0.05,MEDIUM,serialized_model_kib,5,1.321484375,0.01307281291459493,1.302734375,1.333984375,1.3052523338486814,1.3377164161513186
decision_tree,none_natural,shipping_delivery_manipulation__r0p05__medium,shipping_delivery_manipulation,0.05,MEDIUM,selected_feature_count,5,43.0,0.0,43.0,43.0,43.0,43.0
decision_tree,none_natural,shipping_delivery_manipulation__r0p05__medium,shipping_delivery_manipulation,0.05,MEDIUM,source_block_count,5,10.0,0.0,10.0,10.0,10.0,10.0
decision_tree,none_natural,shipping_delivery_manipulation__r0p05__medium,shipping_delivery_manipulation,0.05,MEDIUM,selected_input_bytes,5,2064132.0,0.0,2064132.0,2064132.0,2064132.0,2064132.0
decision_tree,none_natural,shipping_delivery_manipulation__r0p05__medium,shipping_delivery_manipulation,0.05,MEDIUM,model_fit_wall_time_sec,0,,,,,,
decision_tree,none_natural,shipping_delivery_manipulation__r0p05__medium,shipping_delivery_manipulation,0.05,MEDIUM,model_fit_cpu_time_sec,0,,,,,,
decision_tree,none_natural,shipping_delivery_manipulation__r0p05__medium,shipping_delivery_manipulation,0.05,MEDIUM,model_fit_peak_rss_mib,0,,,,,,
decision_tree,none_natural,shipping_delivery_manipulation__r0p05__medium,shipping_delivery_manipulation,0.05,MEDIUM,combined_fit_wall_time_sec,0,,,,,,
decision_tree,none_natural,shipping_delivery_manipulation__r0p05__medium,shipping_delivery_manipulation,0.05,MEDIUM,inference_wall_time_sec,5,0.002803299380175304,0.0002250647010551042,0.002487145700433757,0.0031144961001700723,0.0025238446436084663,0.0030827541167421416
decision_tree,none_natural,shipping_delivery_manipulation__r0p05__medium,shipping_delivery_manipulation,0.05,MEDIUM,per_record_inference_sec,5,4.672165633625506e-07,3.7510783509184034e-08,4.145242834056262e-07,5.190826833616787e-07,4.206407739347443e-07,5.137923527903569e-07
decision_tree,none_natural,shipping_delivery_manipulation__r0p05__medium,shipping_delivery_manipulation,0.05,MEDIUM,inference_cpu_time_sec,5,0.0028741200399986155,0.00021958284106251793,0.0025362651000023105,0.0031510120999996617,0.002601471931627771,0.00314676814836946
decision_tree,none_natural,shipping_delivery_manipulation__r0p05__medium,shipping_delivery_manipulation,0.05,MEDIUM,inference_peak_rss_mib,5,803.578125,0.39311705079403514,803.390625,804.28125,803.0900057109486,804.0662442890514
decision_tree,none_natural,shipping_delivery_manipulation__r0p05__medium,shipping_delivery_manipulation,0.05,MEDIUM,peak_rss_mib,5,803.578125,0.39311705079403514,803.390625,804.28125,803.0900057109486,804.0662442890514
decision_tree,none_natural,shipping_delivery_manipulation__r0p05__medium,shipping_delivery_manipulation,0.05,MEDIUM,serialized_model_bytes,5,4132.0,327.90242451070714,3780.0,4420.0,3724.8553645610036,4539.144635438996
decision_tree,none_natural,shipping_delivery_manipulation__r0p05__medium,shipping_delivery_manipulation,0.05,MEDIUM,serialized_model_kib,5,4.03515625,0.32021721143623744,3.69140625,4.31640625,3.637554066954105,4.432758433045895
logistic_regression,none_natural,shipping_delivery_manipulation__r0p05__medium,shipping_delivery_manipulation,0.05,MEDIUM,selected_feature_count,5,43.0,0.0,43.0,43.0,43.0,43.0
logistic_regression,none_natural,shipping_delivery_manipulation__r0p05__medium,shipping_delivery_manipulation,0.05,MEDIUM,source_block_count,5,10.0,0.0,10.0,10.0,10.0,10.0
logistic_regression,none_natural,shipping_delivery_manipulation__r0p05__medium,shipping_delivery_manipulation,0.05,MEDIUM,selected_input_bytes,5,2064132.0,0.0,2064132.0,2064132.0,2064132.0,2064132.0
logistic_regression,none_natural,shipping_delivery_manipulation__r0p05__medium,shipping_delivery_manipulation,0.05,MEDIUM,model_fit_wall_time_sec,5,0.49001829079934395,0.09719446902817075,0.4144513709979947,0.6605000540002948,0.3693354177824376,0.6107011638162503
logistic_regression,none_natural,shipping_delivery_manipulation__r0p05__medium,shipping_delivery_manipulation,0.05,MEDIUM,model_fit_cpu_time_sec,5,0.29261962500000005,0.07522294968955433,0.21856836799999968,0.4180874179999998,0.19921799653171318,0.3860212534682869
logistic_regression,none_natural,shipping_delivery_manipulation__r0p05__medium,shipping_delivery_manipulation,0.05,MEDIUM,model_fit_peak_rss_mib,5,182.0546875,0.12530480415894876,181.8984375,182.19140625,181.89910103587374,182.21027396412626
logistic_regression,none_natural,shipping_delivery_manipulation__r0p05__medium,shipping_delivery_manipulation,0.05,MEDIUM,combined_fit_wall_time_sec,5,0.49001829079934395,0.09719446902817075,0.4144513709979947,0.6605000540002948,0.3693354177824376,0.6107011638162503
logistic_regression,none_natural,shipping_delivery_manipulation__r0p05__medium,shipping_delivery_manipulation,0.05,MEDIUM,inference_wall_time_sec,5,0.0025270273801288566,0.000531305554677667,0.0017613796997466124,0.003148582200083183,0.0018673244008393917,0.0031867303594183215
logistic_regression,none_natural,shipping_delivery_manipulation__r0p05__medium,shipping_delivery_manipulation,0.05,MEDIUM,per_record_inference_sec,5,4.2117123002147617e-07,8.855092577961118e-08,2.935632832911021e-07,5.247637000138639e-07,3.1122073347323203e-07,5.311217265697203e-07
logistic_regression,none_natural,shipping_delivery_manipulation__r0p05__medium,shipping_delivery_manipulation,0.05,MEDIUM,inference_cpu_time_sec,5,0.0025914148000015305,0.0005431438413612299,0.0017841912999983834,0.0032216220000009345,0.001917012646336659,0.0032658169536664023
logistic_regression,none_natural,shipping_delivery_manipulation__r0p05__medium,shipping_delivery_manipulation,0.05,MEDIUM,inference_peak_rss_mib,5,803.57734375,0.39137038258814055,803.390625,804.27734375,803.0913932359766,804.0632942640233
logistic_regression,none_natural,shipping_delivery_manipulation__r0p05__medium,shipping_delivery_manipulation,0.05,MEDIUM,peak_rss_mib,5,803.57734375,0.39137038258814055,803.390625,804.27734375,803.0913932359766,804.0632942640233
logistic_regression,none_natural,shipping_delivery_manipulation__r0p05__medium,shipping_delivery_manipulation,0.05,MEDIUM,serialized_model_bytes,5,2342.0,0.0,2342.0,2342.0,2342.0,2342.0
logistic_regression,none_natural,shipping_delivery_manipulation__r0p05__medium,shipping_delivery_manipulation,0.05,MEDIUM,serialized_model_kib,5,2.287109375,0.0,2.287109375,2.287109375,2.287109375,2.287109375
decision_tree,pairwise_correlation_filter_natural,shipping_delivery_manipulation__r0p05__medium,shipping_delivery_manipulation,0.05,MEDIUM,selected_feature_count,5,42.0,0.0,42.0,42.0,42.0,42.0
decision_tree,pairwise_correlation_filter_natural,shipping_delivery_manipulation__r0p05__medium,shipping_delivery_manipulation,0.05,MEDIUM,source_block_count,5,9.0,0.0,9.0,9.0,9.0,9.0
decision_tree,pairwise_correlation_filter_natural,shipping_delivery_manipulation__r0p05__medium,shipping_delivery_manipulation,0.05,MEDIUM,selected_input_bytes,5,2016132.0,0.0,2016132.0,2016132.0,2016132.0,2016132.0
decision_tree,pairwise_correlation_filter_natural,shipping_delivery_manipulation__r0p05__medium,shipping_delivery_manipulation,0.05,MEDIUM,model_fit_wall_time_sec,0,,,,,,
decision_tree,pairwise_correlation_filter_natural,shipping_delivery_manipulation__r0p05__medium,shipping_delivery_manipulation,0.05,MEDIUM,model_fit_cpu_time_sec,0,,,,,,
decision_tree,pairwise_correlation_filter_natural,shipping_delivery_manipulation__r0p05__medium,shipping_delivery_manipulation,0.05,MEDIUM,model_fit_peak_rss_mib,0,,,,,,
decision_tree,pairwise_correlation_filter_natural,shipping_delivery_manipulation__r0p05__medium,shipping_delivery_manipulation,0.05,MEDIUM,combined_fit_wall_time_sec,0,,,,,,
decision_tree,pairwise_correlation_filter_natural,shipping_delivery_manipulation__r0p05__medium,shipping_delivery_manipulation,0.05,MEDIUM,inference_wall_time_sec,5,0.003307990439934656,0.0007565109969402534,0.002642490299331257,0.004574251699523302,0.0023686579707879593,0.004247322909081353
decision_tree,pairwise_correlation_filter_natural,shipping_delivery_manipulation__r0p05__medium,shipping_delivery_manipulation,0.05,MEDIUM,per_record_inference_sec,5,5.513317399891094e-07,1.260851661567089e-07,4.4041504988854286e-07,7.623752832538836e-07,3.9477632846465995e-07,7.078871515135589e-07
decision_tree,pairwise_correlation_filter_natural,shipping_delivery_manipulation__r0p05__medium,shipping_delivery_manipulation,0.05,MEDIUM,inference_cpu_time_sec,5,0.0034270390000006048,0.0008179493229556706,0.0026816127000017786,0.004809163799995986,0.0024114207733305975,0.004442657226670612
decision_tree,pairwise_correlation_filter_natural,shipping_delivery_manipulation__r0p05__medium,shipping_delivery_manipulation,0.05,MEDIUM,inference_peak_rss_mib,5,803.5765625,0.39183990759440745,803.38671875,804.27734375,803.0900289936802,804.0630960063198
decision_tree,pairwise_correlation_filter_natural,shipping_delivery_manipulation__r0p05__medium,shipping_delivery_manipulation,0.05,MEDIUM,peak_rss_mib,5,803.5765625,0.39183990759440745,803.38671875,804.27734375,803.0900289936802,804.0630960063198
decision_tree,pairwise_correlation_filter_natural,shipping_delivery_manipulation__r0p05__medium,shipping_delivery_manipulation,0.05,MEDIUM,serialized_model_bytes,5,4116.0,327.90242451070714,3764.0,4404.0,3708.8553645610036,4523.144635438996
decision_tree,pairwise_correlation_filter_natural,shipping_delivery_manipulation__r0p05__medium,shipping_delivery_manipulation,0.05,MEDIUM,serialized_model_kib,5,4.01953125,0.32021721143623744,3.67578125,4.30078125,3.621929066954105,4.417133433045895
logistic_regression,pairwise_correlation_filter_natural,shipping_delivery_manipulation__r0p05__medium,shipping_delivery_manipulation,0.05,MEDIUM,selected_feature_count,5,42.0,0.0,42.0,42.0,42.0,42.0
logistic_regression,pairwise_correlation_filter_natural,shipping_delivery_manipulation__r0p05__medium,shipping_delivery_manipulation,0.05,MEDIUM,source_block_count,5,9.0,0.0,9.0,9.0,9.0,9.0
logistic_regression,pairwise_correlation_filter_natural,shipping_delivery_manipulation__r0p05__medium,shipping_delivery_manipulation,0.05,MEDIUM,selected_input_bytes,5,2016132.0,0.0,2016132.0,2016132.0,2016132.0,2016132.0
logistic_regression,pairwise_correlation_filter_natural,shipping_delivery_manipulation__r0p05__medium,shipping_delivery_manipulation,0.05,MEDIUM,model_fit_wall_time_sec,5,0.5226187851993018,0.1320858923339655,0.33173528499901295,0.6544766820006771,0.358612488017468,0.6866250823811357
logistic_regression,pairwise_correlation_filter_natural,shipping_delivery_manipulation__r0p05__medium,shipping_delivery_manipulation,0.05,MEDIUM,model_fit_cpu_time_sec,5,0.32897909459999986,0.11776488132572177,0.18253484599999936,0.47190246899999977,0.18275468120499616,0.47520350799500355
logistic_regression,pairwise_correlation_filter_natural,shipping_delivery_manipulation__r0p05__medium,shipping_delivery_manipulation,0.05,MEDIUM,model_fit_peak_rss_mib,5,181.35625,0.274181465592076,181.0546875,181.63671875,181.01580874519928,181.6966912548007
logistic_regression,pairwise_correlation_filter_natural,shipping_delivery_manipulation__r0p05__medium,shipping_delivery_manipulation,0.05,MEDIUM,combined_fit_wall_time_sec,5,0.5226187851993018,0.1320858923339655,0.33173528499901295,0.6544766820006771,0.358612488017468,0.6866250823811357
logistic_regression,pairwise_correlation_filter_natural,shipping_delivery_manipulation__r0p05__medium,shipping_delivery_manipulation,0.05,MEDIUM,inference_wall_time_sec,5,0.0024791685400123243,0.000557890570914129,0.0019998882999061607,0.0032905258005484937,0.0017864559031703555,0.003171881176854293
logistic_regression,pairwise_correlation_filter_natural,shipping_delivery_manipulation__r0p05__medium,shipping_delivery_manipulation,0.05,MEDIUM,per_record_inference_sec,5,4.1319475666872066e-07,9.29817618190215e-08,3.333147166510268e-07,5.484209667580823e-07,2.9774265052839254e-07,5.286468628090488e-07
logistic_regression,pairwise_correlation_filter_natural,shipping_delivery_manipulation__r0p05__medium,shipping_delivery_manipulation,0.05,MEDIUM,inference_cpu_time_sec,5,0.002557585020000488,0.000567296597114754,0.0020292784999980996,0.0033873059999962154,0.0018531932590590328,0.0032619767809419433
logistic_regression,pairwise_correlation_filter_natural,shipping_delivery_manipulation__r0p05__medium,shipping_delivery_manipulation,0.05,MEDIUM,inference_peak_rss_mib,5,803.5765625,0.39183990759440745,803.38671875,804.27734375,803.0900289936802,804.0630960063198
logistic_regression,pairwise_correlation_filter_natural,shipping_delivery_manipulation__r0p05__medium,shipping_delivery_manipulation,0.05,MEDIUM,peak_rss_mib,5,803.5765625,0.39183990759440745,803.38671875,804.27734375,803.0900289936802,804.0630960063198
logistic_regression,pairwise_correlation_filter_natural,shipping_delivery_manipulation__r0p05__medium,shipping_delivery_manipulation,0.05,MEDIUM,serialized_model_bytes,5,2310.0,0.0,2310.0,2310.0,2310.0,2310.0
logistic_regression,pairwise_correlation_filter_natural,shipping_delivery_manipulation__r0p05__medium,shipping_delivery_manipulation,0.05,MEDIUM,serialized_model_kib,5,2.255859375,0.0,2.255859375,2.255859375,2.255859375,2.255859375
decision_tree,mutual_information_select_k_best_k11,shipping_delivery_manipulation__r0p05__medium,shipping_delivery_manipulation,0.05,MEDIUM,selected_feature_count,5,11.0,0.0,11.0,11.0,11.0,11.0
decision_tree,mutual_information_select_k_best_k11,shipping_delivery_manipulation__r0p05__medium,shipping_delivery_manipulation,0.05,MEDIUM,source_block_count,5,5.0,0.7071067811865476,4.0,6.0,4.122010966914219,5.877989033085781
decision_tree,mutual_information_select_k_best_k11,shipping_delivery_manipulation__r0p05__medium,shipping_delivery_manipulation,0.05,MEDIUM,selected_input_bytes,5,528132.0,0.0,528132.0,528132.0,528132.0,528132.0
decision_tree,mutual_information_select_k_best_k11,shipping_delivery_manipulation__r0p05__medium,shipping_delivery_manipulation,0.05,MEDIUM,model_fit_wall_time_sec,0,,,,,,
decision_tree,mutual_information_select_k_best_k11,shipping_delivery_manipulation__r0p05__medium,shipping_delivery_manipulation,0.05,MEDIUM,model_fit_cpu_time_sec,0,,,,,,
decision_tree,mutual_information_select_k_best_k11,shipping_delivery_manipulation__r0p05__medium,shipping_delivery_manipulation,0.05,MEDIUM,model_fit_peak_rss_mib,0,,,,,,
decision_tree,mutual_information_select_k_best_k11,shipping_delivery_manipulation__r0p05__medium,shipping_delivery_manipulation,0.05,MEDIUM,combined_fit_wall_time_sec,0,,,,,,
decision_tree,mutual_information_select_k_best_k11,shipping_delivery_manipulation__r0p05__medium,shipping_delivery_manipulation,0.05,MEDIUM,inference_wall_time_sec,5,0.0019842735197744326,0.000298594602616958,0.0015871715993853285,0.0023933307995321227,0.0016135193516467017,0.0023550276879021636
decision_tree,mutual_information_select_k_best_k11,shipping_delivery_manipulation__r0p05__medium,shipping_delivery_manipulation,0.05,MEDIUM,per_record_inference_sec,5,3.3071225329573885e-07,4.976576710282635e-08,2.6452859989755476e-07,3.9888846658868715e-07,2.68919891941117e-07,3.925046146503607e-07
decision_tree,mutual_information_select_k_best_k11,shipping_delivery_manipulation__r0p05__medium,shipping_delivery_manipulation,0.05,MEDIUM,inference_cpu_time_sec,5,0.0020406237800000325,0.0003045299705227614,0.001598773099999562,0.0024311818999990463,0.0016624998792275658,0.0024187476807724993
decision_tree,mutual_information_select_k_best_k11,shipping_delivery_manipulation__r0p05__medium,shipping_delivery_manipulation,0.05,MEDIUM,inference_peak_rss_mib,5,803.5890625,0.3852105216580847,803.40625,804.27734375,803.1107604635274,804.0673645364725
decision_tree,mutual_information_select_k_best_k11,shipping_delivery_manipulation__r0p05__medium,shipping_delivery_manipulation,0.05,MEDIUM,peak_rss_mib,5,803.5890625,0.3852105216580847,803.40625,804.27734375,803.1107604635274,804.0673645364725
decision_tree,mutual_information_select_k_best_k11,shipping_delivery_manipulation__r0p05__medium,shipping_delivery_manipulation,0.05,MEDIUM,serialized_model_bytes,5,3402.4,341.02903102228703,3028.0,3716.0,2978.9565298369753,3825.843470163025
decision_tree,mutual_information_select_k_best_k11,shipping_delivery_manipulation__r0p05__medium,shipping_delivery_manipulation,0.05,MEDIUM,serialized_model_kib,5,3.32265625,0.3330361631077022,2.95703125,3.62890625,2.909137236168921,3.736175263831079
logistic_regression,mutual_information_select_k_best_k11,shipping_delivery_manipulation__r0p05__medium,shipping_delivery_manipulation,0.05,MEDIUM,selected_feature_count,5,11.0,0.0,11.0,11.0,11.0,11.0
logistic_regression,mutual_information_select_k_best_k11,shipping_delivery_manipulation__r0p05__medium,shipping_delivery_manipulation,0.05,MEDIUM,source_block_count,5,5.0,0.7071067811865476,4.0,6.0,4.122010966914219,5.877989033085781
logistic_regression,mutual_information_select_k_best_k11,shipping_delivery_manipulation__r0p05__medium,shipping_delivery_manipulation,0.05,MEDIUM,selected_input_bytes,5,528132.0,0.0,528132.0,528132.0,528132.0,528132.0
logistic_regression,mutual_information_select_k_best_k11,shipping_delivery_manipulation__r0p05__medium,shipping_delivery_manipulation,0.05,MEDIUM,model_fit_wall_time_sec,5,0.27497685859998455,0.02091021720342391,0.24763035999785643,0.29918557299970416,0.24901339470385145,0.30094032249611763
logistic_regression,mutual_information_select_k_best_k11,shipping_delivery_manipulation__r0p05__medium,shipping_delivery_manipulation,0.05,MEDIUM,model_fit_cpu_time_sec,5,0.09213092119999988,0.014315567471356337,0.07548344399999962,0.10902960499999992,0.07435579645694569,0.10990604594305407
logistic_regression,mutual_information_select_k_best_k11,shipping_delivery_manipulation__r0p05__medium,shipping_delivery_manipulation,0.05,MEDIUM,model_fit_peak_rss_mib,5,163.92734375,0.3541635550567968,163.37890625,164.25390625,163.48759161420978,164.36709588579023
logistic_regression,mutual_information_select_k_best_k11,shipping_delivery_manipulation__r0p05__medium,shipping_delivery_manipulation,0.05,MEDIUM,combined_fit_wall_time_sec,5,0.27497685859998455,0.02091021720342391,0.24763035999785643,0.29918557299970416,0.24901339470385145,0.30094032249611763
logistic_regression,mutual_information_select_k_best_k11,shipping_delivery_manipulation__r0p05__medium,shipping_delivery_manipulation,0.05,MEDIUM,inference_wall_time_sec,5,0.0019720427598804236,0.00028549198283517405,0.0017036201999871992,0.0023297029998502693,0.0016175576430178993,0.002326527876742948
logistic_regression,mutual_information_select_k_best_k11,shipping_delivery_manipulation__r0p05__medium,shipping_delivery_manipulation,0.05,MEDIUM,per_record_inference_sec,5,3.286737933134039e-07,4.7581997139195695e-08,2.839366999978665e-07,3.8828383330837824e-07,2.695929405029832e-07,3.8775464612382466e-07
logistic_regression,mutual_information_select_k_best_k11,shipping_delivery_manipulation__r0p05__medium,shipping_delivery_manipulation,0.05,MEDIUM,inference_cpu_time_sec,5,0.0020345565600007375,0.0003030116883924804,0.001741628600001377,0.002448705599999812,0.0016583178554885581,0.0024107952645129166
logistic_regression,mutual_information_select_k_best_k11,shipping_delivery_manipulation__r0p05__medium,shipping_delivery_manipulation,0.05,MEDIUM,inference_peak_rss_mib,5,803.41171875,0.022027925281049507,803.390625,803.44921875,803.3843674682233,803.4390700317766
logistic_regression,mutual_information_select_k_best_k11,shipping_delivery_manipulation__r0p05__medium,shipping_delivery_manipulation,0.05,MEDIUM,peak_rss_mib,5,803.41171875,0.022027925281049507,803.390625,803.44921875,803.3843674682233,803.4390700317766
logistic_regression,mutual_information_select_k_best_k11,shipping_delivery_manipulation__r0p05__medium,shipping_delivery_manipulation,0.05,MEDIUM,serialized_model_bytes,5,1353.2,13.386560424545209,1334.0,1366.0,1336.5783898610498,1369.8216101389503
logistic_regression,mutual_information_select_k_best_k11,shipping_delivery_manipulation__r0p05__medium,shipping_delivery_manipulation,0.05,MEDIUM,serialized_model_kib,5,1.321484375,0.01307281291459493,1.302734375,1.333984375,1.3052523338486814,1.3377164161513186
decision_tree,none_natural,transaction_status_manipulation__r0p05__medium,transaction_status_manipulation,0.05,MEDIUM,selected_feature_count,5,43.0,0.0,43.0,43.0,43.0,43.0
decision_tree,none_natural,transaction_status_manipulation__r0p05__medium,transaction_status_manipulation,0.05,MEDIUM,source_block_count,5,10.0,0.0,10.0,10.0,10.0,10.0
decision_tree,none_natural,transaction_status_manipulation__r0p05__medium,transaction_status_manipulation,0.05,MEDIUM,selected_input_bytes,5,2064132.0,0.0,2064132.0,2064132.0,2064132.0,2064132.0
decision_tree,none_natural,transaction_status_manipulation__r0p05__medium,transaction_status_manipulation,0.05,MEDIUM,model_fit_wall_time_sec,0,,,,,,
decision_tree,none_natural,transaction_status_manipulation__r0p05__medium,transaction_status_manipulation,0.05,MEDIUM,model_fit_cpu_time_sec,0,,,,,,
decision_tree,none_natural,transaction_status_manipulation__r0p05__medium,transaction_status_manipulation,0.05,MEDIUM,model_fit_peak_rss_mib,0,,,,,,
decision_tree,none_natural,transaction_status_manipulation__r0p05__medium,transaction_status_manipulation,0.05,MEDIUM,combined_fit_wall_time_sec,0,,,,,,
decision_tree,none_natural,transaction_status_manipulation__r0p05__medium,transaction_status_manipulation,0.05,MEDIUM,inference_wall_time_sec,5,0.0028368236399546735,0.00037232973649671395,0.0021718205003708134,0.003025731699744938,0.0023745152106856423,0.0032991320692237047
decision_tree,none_natural,transaction_status_manipulation__r0p05__medium,transaction_status_manipulation,0.05,MEDIUM,per_record_inference_sec,5,4.7280393999244547e-07,6.205495608278565e-08,3.6197008339513556e-07,5.042886166241563e-07,3.957525351142736e-07,5.498553448706173e-07
decision_tree,none_natural,transaction_status_manipulation__r0p05__medium,transaction_status_manipulation,0.05,MEDIUM,inference_cpu_time_sec,5,0.0029216604199996253,0.0003449636381829395,0.002306809300000623,0.0031218284999965816,0.0024933314897781396,0.003349989350221111
decision_tree,none_natural,transaction_status_manipulation__r0p05__medium,transaction_status_manipulation,0.05,MEDIUM,inference_peak_rss_mib,5,803.44140625,0.04555431167847891,803.37109375,803.48046875,803.3848431012258,803.4979693987742
decision_tree,none_natural,transaction_status_manipulation__r0p05__medium,transaction_status_manipulation,0.05,MEDIUM,peak_rss_mib,5,803.44140625,0.04555431167847891,803.37109375,803.48046875,803.3848431012258,803.4979693987742
decision_tree,none_natural,transaction_status_manipulation__r0p05__medium,transaction_status_manipulation,0.05,MEDIUM,serialized_model_bytes,5,4132.0,327.90242451070714,3780.0,4420.0,3724.8553645610036,4539.144635438996
decision_tree,none_natural,transaction_status_manipulation__r0p05__medium,transaction_status_manipulation,0.05,MEDIUM,serialized_model_kib,5,4.03515625,0.32021721143623744,3.69140625,4.31640625,3.637554066954105,4.432758433045895
logistic_regression,none_natural,transaction_status_manipulation__r0p05__medium,transaction_status_manipulation,0.05,MEDIUM,selected_feature_count,5,43.0,0.0,43.0,43.0,43.0,43.0
logistic_regression,none_natural,transaction_status_manipulation__r0p05__medium,transaction_status_manipulation,0.05,MEDIUM,source_block_count,5,10.0,0.0,10.0,10.0,10.0,10.0
logistic_regression,none_natural,transaction_status_manipulation__r0p05__medium,transaction_status_manipulation,0.05,MEDIUM,selected_input_bytes,5,2064132.0,0.0,2064132.0,2064132.0,2064132.0,2064132.0
logistic_regression,none_natural,transaction_status_manipulation__r0p05__medium,transaction_status_manipulation,0.05,MEDIUM,model_fit_wall_time_sec,5,0.49001829079934395,0.09719446902817075,0.4144513709979947,0.6605000540002948,0.3693354177824376,0.6107011638162503
logistic_regression,none_natural,transaction_status_manipulation__r0p05__medium,transaction_status_manipulation,0.05,MEDIUM,model_fit_cpu_time_sec,5,0.29261962500000005,0.07522294968955433,0.21856836799999968,0.4180874179999998,0.19921799653171318,0.3860212534682869
logistic_regression,none_natural,transaction_status_manipulation__r0p05__medium,transaction_status_manipulation,0.05,MEDIUM,model_fit_peak_rss_mib,5,182.0546875,0.12530480415894876,181.8984375,182.19140625,181.89910103587374,182.21027396412626
logistic_regression,none_natural,transaction_status_manipulation__r0p05__medium,transaction_status_manipulation,0.05,MEDIUM,combined_fit_wall_time_sec,5,0.49001829079934395,0.09719446902817075,0.4144513709979947,0.6605000540002948,0.3693354177824376,0.6107011638162503
logistic_regression,none_natural,transaction_status_manipulation__r0p05__medium,transaction_status_manipulation,0.05,MEDIUM,inference_wall_time_sec,5,0.002268027960235486,0.000644012947743282,0.0017739367998728995,0.003392278500541579,0.001468380268644935,0.0030676756518260365
logistic_regression,none_natural,transaction_status_manipulation__r0p05__medium,transaction_status_manipulation,0.05,MEDIUM,per_record_inference_sec,5,3.7800466003924763e-07,1.07335491290547e-07,2.956561333121499e-07,5.653797500902632e-07,2.447300447741558e-07,5.112792753043394e-07
logistic_regression,none_natural,transaction_status_manipulation__r0p05__medium,transaction_status_manipulation,0.05,MEDIUM,inference_cpu_time_sec,5,0.002341238540001314,0.0006967762860514674,0.0017950041000005968,0.0035498679999989235,0.0014760765108083915,0.0032064005691942363
logistic_regression,none_natural,transaction_status_manipulation__r0p05__medium,transaction_status_manipulation,0.05,MEDIUM,inference_peak_rss_mib,5,803.4921875,0.048317644050206957,803.4453125,803.57421875,803.4321932209048,803.5521817790952
logistic_regression,none_natural,transaction_status_manipulation__r0p05__medium,transaction_status_manipulation,0.05,MEDIUM,peak_rss_mib,5,803.4921875,0.048317644050206957,803.4453125,803.57421875,803.4321932209048,803.5521817790952
logistic_regression,none_natural,transaction_status_manipulation__r0p05__medium,transaction_status_manipulation,0.05,MEDIUM,serialized_model_bytes,5,2342.0,0.0,2342.0,2342.0,2342.0,2342.0
logistic_regression,none_natural,transaction_status_manipulation__r0p05__medium,transaction_status_manipulation,0.05,MEDIUM,serialized_model_kib,5,2.287109375,0.0,2.287109375,2.287109375,2.287109375,2.287109375
decision_tree,pairwise_correlation_filter_natural,transaction_status_manipulation__r0p05__medium,transaction_status_manipulation,0.05,MEDIUM,selected_feature_count,5,42.0,0.0,42.0,42.0,42.0,42.0
decision_tree,pairwise_correlation_filter_natural,transaction_status_manipulation__r0p05__medium,transaction_status_manipulation,0.05,MEDIUM,source_block_count,5,9.0,0.0,9.0,9.0,9.0,9.0
decision_tree,pairwise_correlation_filter_natural,transaction_status_manipulation__r0p05__medium,transaction_status_manipulation,0.05,MEDIUM,selected_input_bytes,5,2016132.0,0.0,2016132.0,2016132.0,2016132.0,2016132.0
decision_tree,pairwise_correlation_filter_natural,transaction_status_manipulation__r0p05__medium,transaction_status_manipulation,0.05,MEDIUM,model_fit_wall_time_sec,0,,,,,,
decision_tree,pairwise_correlation_filter_natural,transaction_status_manipulation__r0p05__medium,transaction_status_manipulation,0.05,MEDIUM,model_fit_cpu_time_sec,0,,,,,,
decision_tree,pairwise_correlation_filter_natural,transaction_status_manipulation__r0p05__medium,transaction_status_manipulation,0.05,MEDIUM,model_fit_peak_rss_mib,0,,,,,,
decision_tree,pairwise_correlation_filter_natural,transaction_status_manipulation__r0p05__medium,transaction_status_manipulation,0.05,MEDIUM,combined_fit_wall_time_sec,0,,,,,,
decision_tree,pairwise_correlation_filter_natural,transaction_status_manipulation__r0p05__medium,transaction_status_manipulation,0.05,MEDIUM,inference_wall_time_sec,5,0.00285867518017767,0.00037558827724219724,0.0024823437997838482,0.0033862960000988094,0.0023923207381782888,0.003325029622177051
decision_tree,pairwise_correlation_filter_natural,transaction_status_manipulation__r0p05__medium,transaction_status_manipulation,0.05,MEDIUM,per_record_inference_sec,5,4.764458633629451e-07,6.259804620703286e-08,4.1372396663064135e-07,5.643826666831349e-07,3.987201230297149e-07,5.541716036961753e-07
decision_tree,pairwise_correlation_filter_natural,transaction_status_manipulation__r0p05__medium,transaction_status_manipulation,0.05,MEDIUM,inference_cpu_time_sec,5,0.002938374580000982,0.0004265512118685015,0.0025500058999966767,0.0035723440000026583,0.0024087412968332566,0.003468007863168707
decision_tree,pairwise_correlation_filter_natural,transaction_status_manipulation__r0p05__medium,transaction_status_manipulation,0.05,MEDIUM,inference_peak_rss_mib,5,803.47421875,0.010186253758129139,803.45703125,803.48046875,803.4615708454319,803.4868666545681
decision_tree,pairwise_correlation_filter_natural,transaction_status_manipulation__r0p05__medium,transaction_status_manipulation,0.05,MEDIUM,peak_rss_mib,5,803.47421875,0.010186253758129139,803.45703125,803.48046875,803.4615708454319,803.4868666545681
decision_tree,pairwise_correlation_filter_natural,transaction_status_manipulation__r0p05__medium,transaction_status_manipulation,0.05,MEDIUM,serialized_model_bytes,5,4116.0,327.90242451070714,3764.0,4404.0,3708.8553645610036,4523.144635438996
decision_tree,pairwise_correlation_filter_natural,transaction_status_manipulation__r0p05__medium,transaction_status_manipulation,0.05,MEDIUM,serialized_model_kib,5,4.01953125,0.32021721143623744,3.67578125,4.30078125,3.621929066954105,4.417133433045895
logistic_regression,pairwise_correlation_filter_natural,transaction_status_manipulation__r0p05__medium,transaction_status_manipulation,0.05,MEDIUM,selected_feature_count,5,42.0,0.0,42.0,42.0,42.0,42.0
logistic_regression,pairwise_correlation_filter_natural,transaction_status_manipulation__r0p05__medium,transaction_status_manipulation,0.05,MEDIUM,source_block_count,5,9.0,0.0,9.0,9.0,9.0,9.0
logistic_regression,pairwise_correlation_filter_natural,transaction_status_manipulation__r0p05__medium,transaction_status_manipulation,0.05,MEDIUM,selected_input_bytes,5,2016132.0,0.0,2016132.0,2016132.0,2016132.0,2016132.0
logistic_regression,pairwise_correlation_filter_natural,transaction_status_manipulation__r0p05__medium,transaction_status_manipulation,0.05,MEDIUM,model_fit_wall_time_sec,5,0.5226187851993018,0.1320858923339655,0.33173528499901295,0.6544766820006771,0.358612488017468,0.6866250823811357
logistic_regression,pairwise_correlation_filter_natural,transaction_status_manipulation__r0p05__medium,transaction_status_manipulation,0.05,MEDIUM,model_fit_cpu_time_sec,5,0.32897909459999986,0.11776488132572177,0.18253484599999936,0.47190246899999977,0.18275468120499616,0.47520350799500355
logistic_regression,pairwise_correlation_filter_natural,transaction_status_manipulation__r0p05__medium,transaction_status_manipulation,0.05,MEDIUM,model_fit_peak_rss_mib,5,181.35625,0.274181465592076,181.0546875,181.63671875,181.01580874519928,181.6966912548007
logistic_regression,pairwise_correlation_filter_natural,transaction_status_manipulation__r0p05__medium,transaction_status_manipulation,0.05,MEDIUM,combined_fit_wall_time_sec,5,0.5226187851993018,0.1320858923339655,0.33173528499901295,0.6544766820006771,0.358612488017468,0.6866250823811357
logistic_regression,pairwise_correlation_filter_natural,transaction_status_manipulation__r0p05__medium,transaction_status_manipulation,0.05,MEDIUM,inference_wall_time_sec,5,0.002966475260036532,0.0013873703288821045,0.0016806043997348752,0.004943677600385854,0.001243827470486138,0.004689123049586926
logistic_regression,pairwise_correlation_filter_natural,transaction_status_manipulation__r0p05__medium,transaction_status_manipulation,0.05,MEDIUM,per_record_inference_sec,5,4.944125433394219e-07,2.312283881470174e-07,2.8010073328914585e-07,8.239462667309757e-07,2.0730457841435628e-07,7.815205082644876e-07
logistic_regression,pairwise_correlation_filter_natural,transaction_status_manipulation__r0p05__medium,transaction_status_manipulation,0.05,MEDIUM,inference_cpu_time_sec,5,0.0030521186200007833,0.0014502810931018675,0.0017491660000018782,0.005096019000001206,0.001251356799419162,0.004852880440582404
logistic_regression,pairwise_correlation_filter_natural,transaction_status_manipulation__r0p05__medium,transaction_status_manipulation,0.05,MEDIUM,inference_peak_rss_mib,5,803.4875,0.020372507516258277,803.47265625,803.5234375,803.4622041908639,803.512795809136
logistic_regression,pairwise_correlation_filter_natural,transaction_status_manipulation__r0p05__medium,transaction_status_manipulation,0.05,MEDIUM,peak_rss_mib,5,803.4875,0.020372507516258277,803.47265625,803.5234375,803.4622041908639,803.512795809136
logistic_regression,pairwise_correlation_filter_natural,transaction_status_manipulation__r0p05__medium,transaction_status_manipulation,0.05,MEDIUM,serialized_model_bytes,5,2310.0,0.0,2310.0,2310.0,2310.0,2310.0
logistic_regression,pairwise_correlation_filter_natural,transaction_status_manipulation__r0p05__medium,transaction_status_manipulation,0.05,MEDIUM,serialized_model_kib,5,2.255859375,0.0,2.255859375,2.255859375,2.255859375,2.255859375
decision_tree,mutual_information_select_k_best_k11,transaction_status_manipulation__r0p05__medium,transaction_status_manipulation,0.05,MEDIUM,selected_feature_count,5,11.0,0.0,11.0,11.0,11.0,11.0
decision_tree,mutual_information_select_k_best_k11,transaction_status_manipulation__r0p05__medium,transaction_status_manipulation,0.05,MEDIUM,source_block_count,5,5.0,0.7071067811865476,4.0,6.0,4.122010966914219,5.877989033085781
decision_tree,mutual_information_select_k_best_k11,transaction_status_manipulation__r0p05__medium,transaction_status_manipulation,0.05,MEDIUM,selected_input_bytes,5,528132.0,0.0,528132.0,528132.0,528132.0,528132.0
decision_tree,mutual_information_select_k_best_k11,transaction_status_manipulation__r0p05__medium,transaction_status_manipulation,0.05,MEDIUM,model_fit_wall_time_sec,0,,,,,,
decision_tree,mutual_information_select_k_best_k11,transaction_status_manipulation__r0p05__medium,transaction_status_manipulation,0.05,MEDIUM,model_fit_cpu_time_sec,0,,,,,,
decision_tree,mutual_information_select_k_best_k11,transaction_status_manipulation__r0p05__medium,transaction_status_manipulation,0.05,MEDIUM,model_fit_peak_rss_mib,0,,,,,,
decision_tree,mutual_information_select_k_best_k11,transaction_status_manipulation__r0p05__medium,transaction_status_manipulation,0.05,MEDIUM,combined_fit_wall_time_sec,0,,,,,,
decision_tree,mutual_information_select_k_best_k11,transaction_status_manipulation__r0p05__medium,transaction_status_manipulation,0.05,MEDIUM,inference_wall_time_sec,5,0.0021111827999993693,0.000578069072119435,0.001712538699939614,0.003096320300392108,0.0013934152446730412,0.0028289503553256975
decision_tree,mutual_information_select_k_best_k11,transaction_status_manipulation__r0p05__medium,transaction_status_manipulation,0.05,MEDIUM,per_record_inference_sec,5,3.518637999998949e-07,9.634484535323916e-08,2.8542311665660236e-07,5.160533833986847e-07,2.3223587411217353e-07,4.714917258876163e-07
decision_tree,mutual_information_select_k_best_k11,transaction_status_manipulation__r0p05__medium,transaction_status_manipulation,0.05,MEDIUM,inference_cpu_time_sec,5,0.0021732433200008926,0.0005903749602587031,0.0017146651000018664,0.0031656728000029944,0.0014401959864061005,0.0029062906535956847
decision_tree,mutual_information_select_k_best_k11,transaction_status_manipulation__r0p05__medium,transaction_status_manipulation,0.05,MEDIUM,inference_peak_rss_mib,5,803.46953125,0.05835890436557218,803.37109375,803.52734375,803.3970690994746,803.5419934005255
decision_tree,mutual_information_select_k_best_k11,transaction_status_manipulation__r0p05__medium,transaction_status_manipulation,0.05,MEDIUM,peak_rss_mib,5,803.46953125,0.05835890436557218,803.37109375,803.52734375,803.3970690994746,803.5419934005255
decision_tree,mutual_information_select_k_best_k11,transaction_status_manipulation__r0p05__medium,transaction_status_manipulation,0.05,MEDIUM,serialized_model_bytes,5,3402.4,341.02903102228703,3028.0,3716.0,2978.9565298369753,3825.843470163025
decision_tree,mutual_information_select_k_best_k11,transaction_status_manipulation__r0p05__medium,transaction_status_manipulation,0.05,MEDIUM,serialized_model_kib,5,3.32265625,0.3330361631077022,2.95703125,3.62890625,2.909137236168921,3.736175263831079
logistic_regression,mutual_information_select_k_best_k11,transaction_status_manipulation__r0p05__medium,transaction_status_manipulation,0.05,MEDIUM,selected_feature_count,5,11.0,0.0,11.0,11.0,11.0,11.0
logistic_regression,mutual_information_select_k_best_k11,transaction_status_manipulation__r0p05__medium,transaction_status_manipulation,0.05,MEDIUM,source_block_count,5,5.0,0.7071067811865476,4.0,6.0,4.122010966914219,5.877989033085781
logistic_regression,mutual_information_select_k_best_k11,transaction_status_manipulation__r0p05__medium,transaction_status_manipulation,0.05,MEDIUM,selected_input_bytes,5,528132.0,0.0,528132.0,528132.0,528132.0,528132.0
logistic_regression,mutual_information_select_k_best_k11,transaction_status_manipulation__r0p05__medium,transaction_status_manipulation,0.05,MEDIUM,model_fit_wall_time_sec,5,0.27497685859998455,0.02091021720342391,0.24763035999785643,0.29918557299970416,0.24901339470385145,0.30094032249611763
logistic_regression,mutual_information_select_k_best_k11,transaction_status_manipulation__r0p05__medium,transaction_status_manipulation,0.05,MEDIUM,model_fit_cpu_time_sec,5,0.09213092119999988,0.014315567471356337,0.07548344399999962,0.10902960499999992,0.07435579645694569,0.10990604594305407
logistic_regression,mutual_information_select_k_best_k11,transaction_status_manipulation__r0p05__medium,transaction_status_manipulation,0.05,MEDIUM,model_fit_peak_rss_mib,5,163.92734375,0.3541635550567968,163.37890625,164.25390625,163.48759161420978,164.36709588579023
logistic_regression,mutual_information_select_k_best_k11,transaction_status_manipulation__r0p05__medium,transaction_status_manipulation,0.05,MEDIUM,combined_fit_wall_time_sec,5,0.27497685859998455,0.02091021720342391,0.24763035999785643,0.29918557299970416,0.24901339470385145,0.30094032249611763
logistic_regression,mutual_information_select_k_best_k11,transaction_status_manipulation__r0p05__medium,transaction_status_manipulation,0.05,MEDIUM,inference_wall_time_sec,5,0.0016102742600196506,0.00013352848180903833,0.001461974600533722,0.0018032343999948353,0.0014444767514224298,0.0017760717686168715
logistic_regression,mutual_information_select_k_best_k11,transaction_status_manipulation__r0p05__medium,transaction_status_manipulation,0.05,MEDIUM,per_record_inference_sec,5,2.683790433366084e-07,2.225474696817305e-08,2.43662433422287e-07,3.0053906666580587e-07,2.407461252370716e-07,2.960119614361452e-07
logistic_regression,mutual_information_select_k_best_k11,transaction_status_manipulation__r0p05__medium,transaction_status_manipulation,0.05,MEDIUM,inference_cpu_time_sec,5,0.0016578388799996444,0.0001554461598390168,0.0015005003999988276,0.0018607775999953447,0.001464826979668356,0.0018508507803309327
logistic_regression,mutual_information_select_k_best_k11,transaction_status_manipulation__r0p05__medium,transaction_status_manipulation,0.05,MEDIUM,inference_peak_rss_mib,5,803.44921875,0.050328510651270024,803.37109375,803.48828125,803.386727650241,803.511709849759
logistic_regression,mutual_information_select_k_best_k11,transaction_status_manipulation__r0p05__medium,transaction_status_manipulation,0.05,MEDIUM,peak_rss_mib,5,803.44921875,0.050328510651270024,803.37109375,803.48828125,803.386727650241,803.511709849759
logistic_regression,mutual_information_select_k_best_k11,transaction_status_manipulation__r0p05__medium,transaction_status_manipulation,0.05,MEDIUM,serialized_model_bytes,5,1353.2,13.386560424545209,1334.0,1366.0,1336.5783898610498,1369.8216101389503
logistic_regression,mutual_information_select_k_best_k11,transaction_status_manipulation__r0p05__medium,transaction_status_manipulation,0.05,MEDIUM,serialized_model_kib,5,1.321484375,0.01307281291459493,1.302734375,1.333984375,1.3052523338486814,1.3377164161513186
decision_tree,none_natural,timestamp_manipulation__r0p05__medium,timestamp_manipulation,0.05,MEDIUM,selected_feature_count,5,43.0,0.0,43.0,43.0,43.0,43.0
decision_tree,none_natural,timestamp_manipulation__r0p05__medium,timestamp_manipulation,0.05,MEDIUM,source_block_count,5,10.0,0.0,10.0,10.0,10.0,10.0
decision_tree,none_natural,timestamp_manipulation__r0p05__medium,timestamp_manipulation,0.05,MEDIUM,selected_input_bytes,5,2064132.0,0.0,2064132.0,2064132.0,2064132.0,2064132.0
decision_tree,none_natural,timestamp_manipulation__r0p05__medium,timestamp_manipulation,0.05,MEDIUM,model_fit_wall_time_sec,0,,,,,,
decision_tree,none_natural,timestamp_manipulation__r0p05__medium,timestamp_manipulation,0.05,MEDIUM,model_fit_cpu_time_sec,0,,,,,,
decision_tree,none_natural,timestamp_manipulation__r0p05__medium,timestamp_manipulation,0.05,MEDIUM,model_fit_peak_rss_mib,0,,,,,,
decision_tree,none_natural,timestamp_manipulation__r0p05__medium,timestamp_manipulation,0.05,MEDIUM,combined_fit_wall_time_sec,0,,,,,,
decision_tree,none_natural,timestamp_manipulation__r0p05__medium,timestamp_manipulation,0.05,MEDIUM,inference_wall_time_sec,5,0.0027397279397700916,0.00038496998085248217,0.0023520034999819474,0.0033367266994901003,0.002261724574155992,0.003217731305384191
decision_tree,none_natural,timestamp_manipulation__r0p05__medium,timestamp_manipulation,0.05,MEDIUM,per_record_inference_sec,5,4.5662132329501517e-07,6.416166347541369e-08,3.9200058333032455e-07,5.561211165816834e-07,3.769540956926653e-07,5.36288550897365e-07
decision_tree,none_natural,timestamp_manipulation__r0p05__medium,timestamp_manipulation,0.05,MEDIUM,inference_cpu_time_sec,5,0.0028277876999993623,0.00037487334337015063,0.0025020369000003486,0.003408421799997541,0.0023623209656499985,0.003293254434348726
decision_tree,none_natural,timestamp_manipulation__r0p05__medium,timestamp_manipulation,0.05,MEDIUM,inference_peak_rss_mib,5,803.23828125,0.07554327971020983,803.1875,803.37109375,803.1444818792776,803.3320806207224
decision_tree,none_natural,timestamp_manipulation__r0p05__medium,timestamp_manipulation,0.05,MEDIUM,peak_rss_mib,5,803.23828125,0.07554327971020983,803.1875,803.37109375,803.1444818792776,803.3320806207224
decision_tree,none_natural,timestamp_manipulation__r0p05__medium,timestamp_manipulation,0.05,MEDIUM,serialized_model_bytes,5,4132.0,327.90242451070714,3780.0,4420.0,3724.8553645610036,4539.144635438996
decision_tree,none_natural,timestamp_manipulation__r0p05__medium,timestamp_manipulation,0.05,MEDIUM,serialized_model_kib,5,4.03515625,0.32021721143623744,3.69140625,4.31640625,3.637554066954105,4.432758433045895
logistic_regression,none_natural,timestamp_manipulation__r0p05__medium,timestamp_manipulation,0.05,MEDIUM,selected_feature_count,5,43.0,0.0,43.0,43.0,43.0,43.0
logistic_regression,none_natural,timestamp_manipulation__r0p05__medium,timestamp_manipulation,0.05,MEDIUM,source_block_count,5,10.0,0.0,10.0,10.0,10.0,10.0
logistic_regression,none_natural,timestamp_manipulation__r0p05__medium,timestamp_manipulation,0.05,MEDIUM,selected_input_bytes,5,2064132.0,0.0,2064132.0,2064132.0,2064132.0,2064132.0
logistic_regression,none_natural,timestamp_manipulation__r0p05__medium,timestamp_manipulation,0.05,MEDIUM,model_fit_wall_time_sec,5,0.49001829079934395,0.09719446902817075,0.4144513709979947,0.6605000540002948,0.3693354177824376,0.6107011638162503
logistic_regression,none_natural,timestamp_manipulation__r0p05__medium,timestamp_manipulation,0.05,MEDIUM,model_fit_cpu_time_sec,5,0.29261962500000005,0.07522294968955433,0.21856836799999968,0.4180874179999998,0.19921799653171318,0.3860212534682869
logistic_regression,none_natural,timestamp_manipulation__r0p05__medium,timestamp_manipulation,0.05,MEDIUM,model_fit_peak_rss_mib,5,182.0546875,0.12530480415894876,181.8984375,182.19140625,181.89910103587374,182.21027396412626
logistic_regression,none_natural,timestamp_manipulation__r0p05__medium,timestamp_manipulation,0.05,MEDIUM,combined_fit_wall_time_sec,5,0.49001829079934395,0.09719446902817075,0.4144513709979947,0.6605000540002948,0.3693354177824376,0.6107011638162503
logistic_regression,none_natural,timestamp_manipulation__r0p05__medium,timestamp_manipulation,0.05,MEDIUM,inference_wall_time_sec,5,0.003182042020052904,0.0009900893840787384,0.0017844857000454794,0.004492483899957734,0.0019526836768376185,0.00441140036326819
logistic_regression,none_natural,timestamp_manipulation__r0p05__medium,timestamp_manipulation,0.05,MEDIUM,per_record_inference_sec,5,5.30340336675484e-07,1.650148973464564e-07,2.974142833409132e-07,7.487473166596223e-07,3.254472794729364e-07,7.352333938780317e-07
logistic_regression,none_natural,timestamp_manipulation__r0p05__medium,timestamp_manipulation,0.05,MEDIUM,inference_cpu_time_sec,5,0.0032840095200015185,0.001039648154863109,0.001812306400000807,0.0046179246000008336,0.0019931158353079983,0.004574903204695039
logistic_regression,none_natural,timestamp_manipulation__r0p05__medium,timestamp_manipulation,0.05,MEDIUM,inference_peak_rss_mib,5,803.23828125,0.07554327971020983,803.1875,803.37109375,803.1444818792776,803.3320806207224
logistic_regression,none_natural,timestamp_manipulation__r0p05__medium,timestamp_manipulation,0.05,MEDIUM,peak_rss_mib,5,803.23828125,0.07554327971020983,803.1875,803.37109375,803.1444818792776,803.3320806207224
logistic_regression,none_natural,timestamp_manipulation__r0p05__medium,timestamp_manipulation,0.05,MEDIUM,serialized_model_bytes,5,2342.0,0.0,2342.0,2342.0,2342.0,2342.0
logistic_regression,none_natural,timestamp_manipulation__r0p05__medium,timestamp_manipulation,0.05,MEDIUM,serialized_model_kib,5,2.287109375,0.0,2.287109375,2.287109375,2.287109375,2.287109375
decision_tree,pairwise_correlation_filter_natural,timestamp_manipulation__r0p05__medium,timestamp_manipulation,0.05,MEDIUM,selected_feature_count,5,42.0,0.0,42.0,42.0,42.0,42.0
decision_tree,pairwise_correlation_filter_natural,timestamp_manipulation__r0p05__medium,timestamp_manipulation,0.05,MEDIUM,source_block_count,5,9.0,0.0,9.0,9.0,9.0,9.0
decision_tree,pairwise_correlation_filter_natural,timestamp_manipulation__r0p05__medium,timestamp_manipulation,0.05,MEDIUM,selected_input_bytes,5,2016132.0,0.0,2016132.0,2016132.0,2016132.0,2016132.0
decision_tree,pairwise_correlation_filter_natural,timestamp_manipulation__r0p05__medium,timestamp_manipulation,0.05,MEDIUM,model_fit_wall_time_sec,0,,,,,,
decision_tree,pairwise_correlation_filter_natural,timestamp_manipulation__r0p05__medium,timestamp_manipulation,0.05,MEDIUM,model_fit_cpu_time_sec,0,,,,,,
decision_tree,pairwise_correlation_filter_natural,timestamp_manipulation__r0p05__medium,timestamp_manipulation,0.05,MEDIUM,model_fit_peak_rss_mib,0,,,,,,
decision_tree,pairwise_correlation_filter_natural,timestamp_manipulation__r0p05__medium,timestamp_manipulation,0.05,MEDIUM,combined_fit_wall_time_sec,0,,,,,,
decision_tree,pairwise_correlation_filter_natural,timestamp_manipulation__r0p05__medium,timestamp_manipulation,0.05,MEDIUM,inference_wall_time_sec,5,0.0029569575001369233,0.0004773830595928002,0.0025218718001269735,0.0034907187000499107,0.0023642081416877098,0.0035497068585861368
decision_tree,pairwise_correlation_filter_natural,timestamp_manipulation__r0p05__medium,timestamp_manipulation,0.05,MEDIUM,per_record_inference_sec,5,4.928262500228206e-07,7.956384326546671e-08,4.2031196668782894e-07,5.817864500083185e-07,3.94034690281285e-07,5.916178097643561e-07
decision_tree,pairwise_correlation_filter_natural,timestamp_manipulation__r0p05__medium,timestamp_manipulation,0.05,MEDIUM,inference_cpu_time_sec,5,0.0030338973600009924,0.00047881386546973936,0.0026003758000001653,0.0035650137000004635,0.002439371421405964,0.0036284232985960207
decision_tree,pairwise_correlation_filter_natural,timestamp_manipulation__r0p05__medium,timestamp_manipulation,0.05,MEDIUM,inference_peak_rss_mib,5,803.221875,0.03353465004896055,803.1875,803.26171875,803.1802362323417,803.2635137676582
decision_tree,pairwise_correlation_filter_natural,timestamp_manipulation__r0p05__medium,timestamp_manipulation,0.05,MEDIUM,peak_rss_mib,5,803.221875,0.03353465004896055,803.1875,803.26171875,803.1802362323417,803.2635137676582
decision_tree,pairwise_correlation_filter_natural,timestamp_manipulation__r0p05__medium,timestamp_manipulation,0.05,MEDIUM,serialized_model_bytes,5,4116.0,327.90242451070714,3764.0,4404.0,3708.8553645610036,4523.144635438996
decision_tree,pairwise_correlation_filter_natural,timestamp_manipulation__r0p05__medium,timestamp_manipulation,0.05,MEDIUM,serialized_model_kib,5,4.01953125,0.32021721143623744,3.67578125,4.30078125,3.621929066954105,4.417133433045895
logistic_regression,pairwise_correlation_filter_natural,timestamp_manipulation__r0p05__medium,timestamp_manipulation,0.05,MEDIUM,selected_feature_count,5,42.0,0.0,42.0,42.0,42.0,42.0
logistic_regression,pairwise_correlation_filter_natural,timestamp_manipulation__r0p05__medium,timestamp_manipulation,0.05,MEDIUM,source_block_count,5,9.0,0.0,9.0,9.0,9.0,9.0
logistic_regression,pairwise_correlation_filter_natural,timestamp_manipulation__r0p05__medium,timestamp_manipulation,0.05,MEDIUM,selected_input_bytes,5,2016132.0,0.0,2016132.0,2016132.0,2016132.0,2016132.0
logistic_regression,pairwise_correlation_filter_natural,timestamp_manipulation__r0p05__medium,timestamp_manipulation,0.05,MEDIUM,model_fit_wall_time_sec,5,0.5226187851993018,0.1320858923339655,0.33173528499901295,0.6544766820006771,0.358612488017468,0.6866250823811357
logistic_regression,pairwise_correlation_filter_natural,timestamp_manipulation__r0p05__medium,timestamp_manipulation,0.05,MEDIUM,model_fit_cpu_time_sec,5,0.32897909459999986,0.11776488132572177,0.18253484599999936,0.47190246899999977,0.18275468120499616,0.47520350799500355
logistic_regression,pairwise_correlation_filter_natural,timestamp_manipulation__r0p05__medium,timestamp_manipulation,0.05,MEDIUM,model_fit_peak_rss_mib,5,181.35625,0.274181465592076,181.0546875,181.63671875,181.01580874519928,181.6966912548007
logistic_regression,pairwise_correlation_filter_natural,timestamp_manipulation__r0p05__medium,timestamp_manipulation,0.05,MEDIUM,combined_fit_wall_time_sec,5,0.5226187851993018,0.1320858923339655,0.33173528499901295,0.6544766820006771,0.358612488017468,0.6866250823811357
logistic_regression,pairwise_correlation_filter_natural,timestamp_manipulation__r0p05__medium,timestamp_manipulation,0.05,MEDIUM,inference_wall_time_sec,5,0.0028202073801367076,0.00046778865061986193,0.0020320417002949397,0.003150956200261135,0.0022393710538932445,0.003401043706380171
logistic_regression,pairwise_correlation_filter_natural,timestamp_manipulation__r0p05__medium,timestamp_manipulation,0.05,MEDIUM,per_record_inference_sec,5,4.70034563356118e-07,7.796477510331032e-08,3.386736167158233e-07,5.251593667101891e-07,3.732285089822075e-07,5.668406177300286e-07
logistic_regression,pairwise_correlation_filter_natural,timestamp_manipulation__r0p05__medium,timestamp_manipulation,0.05,MEDIUM,inference_cpu_time_sec,5,0.002903307000000268,0.00046350107925325886,0.0021316893000005166,0.003247028399999863,0.0023277943967624495,0.0034788196032380864
logistic_regression,pairwise_correlation_filter_natural,timestamp_manipulation__r0p05__medium,timestamp_manipulation,0.05,MEDIUM,inference_peak_rss_mib,5,803.221875,0.04128446122067297,803.1875,803.27734375,803.170613570817,803.273136429183
logistic_regression,pairwise_correlation_filter_natural,timestamp_manipulation__r0p05__medium,timestamp_manipulation,0.05,MEDIUM,peak_rss_mib,5,803.221875,0.04128446122067297,803.1875,803.27734375,803.170613570817,803.273136429183
logistic_regression,pairwise_correlation_filter_natural,timestamp_manipulation__r0p05__medium,timestamp_manipulation,0.05,MEDIUM,serialized_model_bytes,5,2310.0,0.0,2310.0,2310.0,2310.0,2310.0
logistic_regression,pairwise_correlation_filter_natural,timestamp_manipulation__r0p05__medium,timestamp_manipulation,0.05,MEDIUM,serialized_model_kib,5,2.255859375,0.0,2.255859375,2.255859375,2.255859375,2.255859375
decision_tree,mutual_information_select_k_best_k11,timestamp_manipulation__r0p05__medium,timestamp_manipulation,0.05,MEDIUM,selected_feature_count,5,11.0,0.0,11.0,11.0,11.0,11.0
decision_tree,mutual_information_select_k_best_k11,timestamp_manipulation__r0p05__medium,timestamp_manipulation,0.05,MEDIUM,source_block_count,5,5.0,0.7071067811865476,4.0,6.0,4.122010966914219,5.877989033085781
decision_tree,mutual_information_select_k_best_k11,timestamp_manipulation__r0p05__medium,timestamp_manipulation,0.05,MEDIUM,selected_input_bytes,5,528132.0,0.0,528132.0,528132.0,528132.0,528132.0
decision_tree,mutual_information_select_k_best_k11,timestamp_manipulation__r0p05__medium,timestamp_manipulation,0.05,MEDIUM,model_fit_wall_time_sec,0,,,,,,
decision_tree,mutual_information_select_k_best_k11,timestamp_manipulation__r0p05__medium,timestamp_manipulation,0.05,MEDIUM,model_fit_cpu_time_sec,0,,,,,,
decision_tree,mutual_information_select_k_best_k11,timestamp_manipulation__r0p05__medium,timestamp_manipulation,0.05,MEDIUM,model_fit_peak_rss_mib,0,,,,,,
decision_tree,mutual_information_select_k_best_k11,timestamp_manipulation__r0p05__medium,timestamp_manipulation,0.05,MEDIUM,combined_fit_wall_time_sec,0,,,,,,
decision_tree,mutual_information_select_k_best_k11,timestamp_manipulation__r0p05__medium,timestamp_manipulation,0.05,MEDIUM,inference_wall_time_sec,5,0.002378704159782501,0.0005850584214192022,0.0018955774998175912,0.003345445400191238,0.0016522581810597746,0.003105150138505228
decision_tree,mutual_information_select_k_best_k11,timestamp_manipulation__r0p05__medium,timestamp_manipulation,0.05,MEDIUM,per_record_inference_sec,5,3.9645069329708347e-07,9.750973690320039e-08,3.159295833029319e-07,5.575742333652064e-07,2.7537636350996234e-07,5.175250230842046e-07
decision_tree,mutual_information_select_k_best_k11,timestamp_manipulation__r0p05__medium,timestamp_manipulation,0.05,MEDIUM,inference_cpu_time_sec,5,0.002438473879999492,0.0006037120302099144,0.0019194285000025957,0.003440476399998715,0.0016888663868047426,0.0031880813731942417
decision_tree,mutual_information_select_k_best_k11,timestamp_manipulation__r0p05__medium,timestamp_manipulation,0.05,MEDIUM,inference_peak_rss_mib,5,803.24296875,0.0959380089563047,803.1875,803.4140625,803.1238459782196,803.3620915217805
decision_tree,mutual_information_select_k_best_k11,timestamp_manipulation__r0p05__medium,timestamp_manipulation,0.05,MEDIUM,peak_rss_mib,5,803.24296875,0.0959380089563047,803.1875,803.4140625,803.1238459782196,803.3620915217805
decision_tree,mutual_information_select_k_best_k11,timestamp_manipulation__r0p05__medium,timestamp_manipulation,0.05,MEDIUM,serialized_model_bytes,5,3402.4,341.02903102228703,3028.0,3716.0,2978.9565298369753,3825.843470163025
decision_tree,mutual_information_select_k_best_k11,timestamp_manipulation__r0p05__medium,timestamp_manipulation,0.05,MEDIUM,serialized_model_kib,5,3.32265625,0.3330361631077022,2.95703125,3.62890625,2.909137236168921,3.736175263831079
logistic_regression,mutual_information_select_k_best_k11,timestamp_manipulation__r0p05__medium,timestamp_manipulation,0.05,MEDIUM,selected_feature_count,5,11.0,0.0,11.0,11.0,11.0,11.0
logistic_regression,mutual_information_select_k_best_k11,timestamp_manipulation__r0p05__medium,timestamp_manipulation,0.05,MEDIUM,source_block_count,5,5.0,0.7071067811865476,4.0,6.0,4.122010966914219,5.877989033085781
logistic_regression,mutual_information_select_k_best_k11,timestamp_manipulation__r0p05__medium,timestamp_manipulation,0.05,MEDIUM,selected_input_bytes,5,528132.0,0.0,528132.0,528132.0,528132.0,528132.0
logistic_regression,mutual_information_select_k_best_k11,timestamp_manipulation__r0p05__medium,timestamp_manipulation,0.05,MEDIUM,model_fit_wall_time_sec,5,0.27497685859998455,0.02091021720342391,0.24763035999785643,0.29918557299970416,0.24901339470385145,0.30094032249611763
logistic_regression,mutual_information_select_k_best_k11,timestamp_manipulation__r0p05__medium,timestamp_manipulation,0.05,MEDIUM,model_fit_cpu_time_sec,5,0.09213092119999988,0.014315567471356337,0.07548344399999962,0.10902960499999992,0.07435579645694569,0.10990604594305407
logistic_regression,mutual_information_select_k_best_k11,timestamp_manipulation__r0p05__medium,timestamp_manipulation,0.05,MEDIUM,model_fit_peak_rss_mib,5,163.92734375,0.3541635550567968,163.37890625,164.25390625,163.48759161420978,164.36709588579023
logistic_regression,mutual_information_select_k_best_k11,timestamp_manipulation__r0p05__medium,timestamp_manipulation,0.05,MEDIUM,combined_fit_wall_time_sec,5,0.27497685859998455,0.02091021720342391,0.24763035999785643,0.29918557299970416,0.24901339470385145,0.30094032249611763
logistic_regression,mutual_information_select_k_best_k11,timestamp_manipulation__r0p05__medium,timestamp_manipulation,0.05,MEDIUM,inference_wall_time_sec,5,0.0022319436402176503,0.000641416125230101,0.0015753304003737866,0.0032626599000650457,0.0014355203296514438,0.003028366950783857
logistic_regression,mutual_information_select_k_best_k11,timestamp_manipulation__r0p05__medium,timestamp_manipulation,0.05,MEDIUM,per_record_inference_sec,5,3.719906067029418e-07,1.0690268753835016e-07,2.6255506672896443e-07,5.43776650010841e-07,2.3925338827524075e-07,5.047278251306428e-07
logistic_regression,mutual_information_select_k_best_k11,timestamp_manipulation__r0p05__medium,timestamp_manipulation,0.05,MEDIUM,inference_cpu_time_sec,5,0.002303709779997689,0.0006419274259697702,0.0016258651999976337,0.003318896599995469,0.0015066516057107796,0.0031007679542845983
logistic_regression,mutual_information_select_k_best_k11,timestamp_manipulation__r0p05__medium,timestamp_manipulation,0.05,MEDIUM,inference_peak_rss_mib,5,803.24609375,0.09472152853892297,803.1875,803.4140625,803.1284814381582,803.3637060618418
logistic_regression,mutual_information_select_k_best_k11,timestamp_manipulation__r0p05__medium,timestamp_manipulation,0.05,MEDIUM,peak_rss_mib,5,803.24609375,0.09472152853892297,803.1875,803.4140625,803.1284814381582,803.3637060618418
logistic_regression,mutual_information_select_k_best_k11,timestamp_manipulation__r0p05__medium,timestamp_manipulation,0.05,MEDIUM,serialized_model_bytes,5,1353.2,13.386560424545209,1334.0,1366.0,1336.5783898610498,1369.8216101389503
logistic_regression,mutual_information_select_k_best_k11,timestamp_manipulation__r0p05__medium,timestamp_manipulation,0.05,MEDIUM,serialized_model_kib,5,1.321484375,0.01307281291459493,1.302734375,1.333984375,1.3052523338486814,1.3377164161513186
decision_tree,none_natural,geographic_route_manipulation__r0p05__medium,geographic_route_manipulation,0.05,MEDIUM,selected_feature_count,5,43.0,0.0,43.0,43.0,43.0,43.0
decision_tree,none_natural,geographic_route_manipulation__r0p05__medium,geographic_route_manipulation,0.05,MEDIUM,source_block_count,5,10.0,0.0,10.0,10.0,10.0,10.0
decision_tree,none_natural,geographic_route_manipulation__r0p05__medium,geographic_route_manipulation,0.05,MEDIUM,selected_input_bytes,5,2064132.0,0.0,2064132.0,2064132.0,2064132.0,2064132.0
decision_tree,none_natural,geographic_route_manipulation__r0p05__medium,geographic_route_manipulation,0.05,MEDIUM,model_fit_wall_time_sec,0,,,,,,
decision_tree,none_natural,geographic_route_manipulation__r0p05__medium,geographic_route_manipulation,0.05,MEDIUM,model_fit_cpu_time_sec,0,,,,,,
decision_tree,none_natural,geographic_route_manipulation__r0p05__medium,geographic_route_manipulation,0.05,MEDIUM,model_fit_peak_rss_mib,0,,,,,,
decision_tree,none_natural,geographic_route_manipulation__r0p05__medium,geographic_route_manipulation,0.05,MEDIUM,combined_fit_wall_time_sec,0,,,,,,
decision_tree,none_natural,geographic_route_manipulation__r0p05__medium,geographic_route_manipulation,0.05,MEDIUM,inference_wall_time_sec,5,0.002547894800227368,0.00036028878409580587,0.002137635800318094,0.002964193600200815,0.0021005371880586416,0.0029952524123960946
decision_tree,none_natural,geographic_route_manipulation__r0p05__medium,geographic_route_manipulation,0.05,MEDIUM,per_record_inference_sec,5,4.246491333712281e-07,6.00481306826343e-08,3.56272633386349e-07,4.940322667001358e-07,3.50089531343107e-07,4.992087353993492e-07
decision_tree,none_natural,geographic_route_manipulation__r0p05__medium,geographic_route_manipulation,0.05,MEDIUM,inference_cpu_time_sec,5,0.0026040696600000504,0.0003426031671515639,0.002243624200002614,0.0030064839999965898,0.002178671641677029,0.003029467678323072
decision_tree,none_natural,geographic_route_manipulation__r0p05__medium,geographic_route_manipulation,0.05,MEDIUM,inference_peak_rss_mib,5,803.5203125,0.05429546985591891,803.4296875,803.5625,803.4528957698143,803.5877292301858
decision_tree,none_natural,geographic_route_manipulation__r0p05__medium,geographic_route_manipulation,0.05,MEDIUM,peak_rss_mib,5,803.5203125,0.05429546985591891,803.4296875,803.5625,803.4528957698143,803.5877292301858
decision_tree,none_natural,geographic_route_manipulation__r0p05__medium,geographic_route_manipulation,0.05,MEDIUM,serialized_model_bytes,5,4132.0,327.90242451070714,3780.0,4420.0,3724.8553645610036,4539.144635438996
decision_tree,none_natural,geographic_route_manipulation__r0p05__medium,geographic_route_manipulation,0.05,MEDIUM,serialized_model_kib,5,4.03515625,0.32021721143623744,3.69140625,4.31640625,3.637554066954105,4.432758433045895
logistic_regression,none_natural,geographic_route_manipulation__r0p05__medium,geographic_route_manipulation,0.05,MEDIUM,selected_feature_count,5,43.0,0.0,43.0,43.0,43.0,43.0
logistic_regression,none_natural,geographic_route_manipulation__r0p05__medium,geographic_route_manipulation,0.05,MEDIUM,source_block_count,5,10.0,0.0,10.0,10.0,10.0,10.0
logistic_regression,none_natural,geographic_route_manipulation__r0p05__medium,geographic_route_manipulation,0.05,MEDIUM,selected_input_bytes,5,2064132.0,0.0,2064132.0,2064132.0,2064132.0,2064132.0
logistic_regression,none_natural,geographic_route_manipulation__r0p05__medium,geographic_route_manipulation,0.05,MEDIUM,model_fit_wall_time_sec,5,0.49001829079934395,0.09719446902817075,0.4144513709979947,0.6605000540002948,0.3693354177824376,0.6107011638162503
logistic_regression,none_natural,geographic_route_manipulation__r0p05__medium,geographic_route_manipulation,0.05,MEDIUM,model_fit_cpu_time_sec,5,0.29261962500000005,0.07522294968955433,0.21856836799999968,0.4180874179999998,0.19921799653171318,0.3860212534682869
logistic_regression,none_natural,geographic_route_manipulation__r0p05__medium,geographic_route_manipulation,0.05,MEDIUM,model_fit_peak_rss_mib,5,182.0546875,0.12530480415894876,181.8984375,182.19140625,181.89910103587374,182.21027396412626
logistic_regression,none_natural,geographic_route_manipulation__r0p05__medium,geographic_route_manipulation,0.05,MEDIUM,combined_fit_wall_time_sec,5,0.49001829079934395,0.09719446902817075,0.4144513709979947,0.6605000540002948,0.3693354177824376,0.6107011638162503
logistic_regression,none_natural,geographic_route_manipulation__r0p05__medium,geographic_route_manipulation,0.05,MEDIUM,inference_wall_time_sec,5,0.002798024339863332,0.0009742166562863472,0.0020261306999600492,0.004483697700197809,0.0015883745913011626,0.004007674088425501
logistic_regression,none_natural,geographic_route_manipulation__r0p05__medium,geographic_route_manipulation,0.05,MEDIUM,per_record_inference_sec,5,4.663373899772221e-07,1.6236944271439122e-07,3.376884499933415e-07,7.472829500329681e-07,2.647290985501938e-07,6.679456814042504e-07
logistic_regression,none_natural,geographic_route_manipulation__r0p05__medium,geographic_route_manipulation,0.05,MEDIUM,inference_cpu_time_sec,5,0.0028857894199995826,0.001030531789132969,0.0020681399000011423,0.0046692253999992776,0.001606215198427645,0.00416536364157152
logistic_regression,none_natural,geographic_route_manipulation__r0p05__medium,geographic_route_manipulation,0.05,MEDIUM,inference_peak_rss_mib,5,803.88984375,0.5735699991677672,803.30859375,804.5078125,803.177662531583,804.6020249684169
logistic_regression,none_natural,geographic_route_manipulation__r0p05__medium,geographic_route_manipulation,0.05,MEDIUM,peak_rss_mib,5,803.88984375,0.5735699991677672,803.30859375,804.5078125,803.177662531583,804.6020249684169
logistic_regression,none_natural,geographic_route_manipulation__r0p05__medium,geographic_route_manipulation,0.05,MEDIUM,serialized_model_bytes,5,2342.0,0.0,2342.0,2342.0,2342.0,2342.0
logistic_regression,none_natural,geographic_route_manipulation__r0p05__medium,geographic_route_manipulation,0.05,MEDIUM,serialized_model_kib,5,2.287109375,0.0,2.287109375,2.287109375,2.287109375,2.287109375
decision_tree,pairwise_correlation_filter_natural,geographic_route_manipulation__r0p05__medium,geographic_route_manipulation,0.05,MEDIUM,selected_feature_count,5,42.0,0.0,42.0,42.0,42.0,42.0
decision_tree,pairwise_correlation_filter_natural,geographic_route_manipulation__r0p05__medium,geographic_route_manipulation,0.05,MEDIUM,source_block_count,5,9.0,0.0,9.0,9.0,9.0,9.0
decision_tree,pairwise_correlation_filter_natural,geographic_route_manipulation__r0p05__medium,geographic_route_manipulation,0.05,MEDIUM,selected_input_bytes,5,2016132.0,0.0,2016132.0,2016132.0,2016132.0,2016132.0
decision_tree,pairwise_correlation_filter_natural,geographic_route_manipulation__r0p05__medium,geographic_route_manipulation,0.05,MEDIUM,model_fit_wall_time_sec,0,,,,,,
decision_tree,pairwise_correlation_filter_natural,geographic_route_manipulation__r0p05__medium,geographic_route_manipulation,0.05,MEDIUM,model_fit_cpu_time_sec,0,,,,,,
decision_tree,pairwise_correlation_filter_natural,geographic_route_manipulation__r0p05__medium,geographic_route_manipulation,0.05,MEDIUM,model_fit_peak_rss_mib,0,,,,,,
decision_tree,pairwise_correlation_filter_natural,geographic_route_manipulation__r0p05__medium,geographic_route_manipulation,0.05,MEDIUM,combined_fit_wall_time_sec,0,,,,,,
decision_tree,pairwise_correlation_filter_natural,geographic_route_manipulation__r0p05__medium,geographic_route_manipulation,0.05,MEDIUM,inference_wall_time_sec,5,0.002928380640078103,0.0004370048795748898,0.002432604900241131,0.003610333400138188,0.0023857674140701597,0.003470993866086046
decision_tree,pairwise_correlation_filter_natural,geographic_route_manipulation__r0p05__medium,geographic_route_manipulation,0.05,MEDIUM,per_record_inference_sec,5,4.880634400130173e-07,7.283414659581498e-08,4.054341500401885e-07,6.017222333563647e-07,3.976279023450267e-07,5.784989776810079e-07
decision_tree,pairwise_correlation_filter_natural,geographic_route_manipulation__r0p05__medium,geographic_route_manipulation,0.05,MEDIUM,inference_cpu_time_sec,5,0.00299747388000128,0.0004334686614059095,0.002487453999998479,0.00366392780000524,0.0024592514487835567,0.003535696311219003
decision_tree,pairwise_correlation_filter_natural,geographic_route_manipulation__r0p05__medium,geographic_route_manipulation,0.05,MEDIUM,inference_peak_rss_mib,5,803.70078125,0.4643478184339569,803.30859375,804.5078125,803.1242172812056,804.2773452187944
decision_tree,pairwise_correlation_filter_natural,geographic_route_manipulation__r0p05__medium,geographic_route_manipulation,0.05,MEDIUM,peak_rss_mib,5,803.70078125,0.4643478184339569,803.30859375,804.5078125,803.1242172812056,804.2773452187944
decision_tree,pairwise_correlation_filter_natural,geographic_route_manipulation__r0p05__medium,geographic_route_manipulation,0.05,MEDIUM,serialized_model_bytes,5,4116.0,327.90242451070714,3764.0,4404.0,3708.8553645610036,4523.144635438996
decision_tree,pairwise_correlation_filter_natural,geographic_route_manipulation__r0p05__medium,geographic_route_manipulation,0.05,MEDIUM,serialized_model_kib,5,4.01953125,0.32021721143623744,3.67578125,4.30078125,3.621929066954105,4.417133433045895
logistic_regression,pairwise_correlation_filter_natural,geographic_route_manipulation__r0p05__medium,geographic_route_manipulation,0.05,MEDIUM,selected_feature_count,5,42.0,0.0,42.0,42.0,42.0,42.0
logistic_regression,pairwise_correlation_filter_natural,geographic_route_manipulation__r0p05__medium,geographic_route_manipulation,0.05,MEDIUM,source_block_count,5,9.0,0.0,9.0,9.0,9.0,9.0
logistic_regression,pairwise_correlation_filter_natural,geographic_route_manipulation__r0p05__medium,geographic_route_manipulation,0.05,MEDIUM,selected_input_bytes,5,2016132.0,0.0,2016132.0,2016132.0,2016132.0,2016132.0
logistic_regression,pairwise_correlation_filter_natural,geographic_route_manipulation__r0p05__medium,geographic_route_manipulation,0.05,MEDIUM,model_fit_wall_time_sec,5,0.5226187851993018,0.1320858923339655,0.33173528499901295,0.6544766820006771,0.358612488017468,0.6866250823811357
logistic_regression,pairwise_correlation_filter_natural,geographic_route_manipulation__r0p05__medium,geographic_route_manipulation,0.05,MEDIUM,model_fit_cpu_time_sec,5,0.32897909459999986,0.11776488132572177,0.18253484599999936,0.47190246899999977,0.18275468120499616,0.47520350799500355
logistic_regression,pairwise_correlation_filter_natural,geographic_route_manipulation__r0p05__medium,geographic_route_manipulation,0.05,MEDIUM,model_fit_peak_rss_mib,5,181.35625,0.274181465592076,181.0546875,181.63671875,181.01580874519928,181.6966912548007
logistic_regression,pairwise_correlation_filter_natural,geographic_route_manipulation__r0p05__medium,geographic_route_manipulation,0.05,MEDIUM,combined_fit_wall_time_sec,5,0.5226187851993018,0.1320858923339655,0.33173528499901295,0.6544766820006771,0.358612488017468,0.6866250823811357
logistic_regression,pairwise_correlation_filter_natural,geographic_route_manipulation__r0p05__medium,geographic_route_manipulation,0.05,MEDIUM,inference_wall_time_sec,5,0.003387935560022015,0.0012219216482819034,0.0022465636997367256,0.00518504200008465,0.0018707194407233676,0.004905151679320663
logistic_regression,pairwise_correlation_filter_natural,geographic_route_manipulation__r0p05__medium,geographic_route_manipulation,0.05,MEDIUM,per_record_inference_sec,5,5.646559266703359e-07,2.036536080469839e-07,3.744272832894543e-07,8.64173666680775e-07,3.1178657345389465e-07,8.175252798867771e-07
logistic_regression,pairwise_correlation_filter_natural,geographic_route_manipulation__r0p05__medium,geographic_route_manipulation,0.05,MEDIUM,inference_cpu_time_sec,5,0.003488163779998104,0.0012732612949344978,0.00225711129999695,0.005331751300002452,0.001907201069770377,0.0050691264902258315
logistic_regression,pairwise_correlation_filter_natural,geographic_route_manipulation__r0p05__medium,geographic_route_manipulation,0.05,MEDIUM,inference_peak_rss_mib,5,803.71875,0.4467834805760224,803.3984375,804.5078125,803.1639950371762,804.2735049628238
logistic_regression,pairwise_correlation_filter_natural,geographic_route_manipulation__r0p05__medium,geographic_route_manipulation,0.05,MEDIUM,peak_rss_mib,5,803.71875,0.4467834805760224,803.3984375,804.5078125,803.1639950371762,804.2735049628238
logistic_regression,pairwise_correlation_filter_natural,geographic_route_manipulation__r0p05__medium,geographic_route_manipulation,0.05,MEDIUM,serialized_model_bytes,5,2310.0,0.0,2310.0,2310.0,2310.0,2310.0
logistic_regression,pairwise_correlation_filter_natural,geographic_route_manipulation__r0p05__medium,geographic_route_manipulation,0.05,MEDIUM,serialized_model_kib,5,2.255859375,0.0,2.255859375,2.255859375,2.255859375,2.255859375
decision_tree,mutual_information_select_k_best_k11,geographic_route_manipulation__r0p05__medium,geographic_route_manipulation,0.05,MEDIUM,selected_feature_count,5,11.0,0.0,11.0,11.0,11.0,11.0
decision_tree,mutual_information_select_k_best_k11,geographic_route_manipulation__r0p05__medium,geographic_route_manipulation,0.05,MEDIUM,source_block_count,5,5.0,0.7071067811865476,4.0,6.0,4.122010966914219,5.877989033085781
decision_tree,mutual_information_select_k_best_k11,geographic_route_manipulation__r0p05__medium,geographic_route_manipulation,0.05,MEDIUM,selected_input_bytes,5,528132.0,0.0,528132.0,528132.0,528132.0,528132.0
decision_tree,mutual_information_select_k_best_k11,geographic_route_manipulation__r0p05__medium,geographic_route_manipulation,0.05,MEDIUM,model_fit_wall_time_sec,0,,,,,,
decision_tree,mutual_information_select_k_best_k11,geographic_route_manipulation__r0p05__medium,geographic_route_manipulation,0.05,MEDIUM,model_fit_cpu_time_sec,0,,,,,,
decision_tree,mutual_information_select_k_best_k11,geographic_route_manipulation__r0p05__medium,geographic_route_manipulation,0.05,MEDIUM,model_fit_peak_rss_mib,0,,,,,,
decision_tree,mutual_information_select_k_best_k11,geographic_route_manipulation__r0p05__medium,geographic_route_manipulation,0.05,MEDIUM,combined_fit_wall_time_sec,0,,,,,,
decision_tree,mutual_information_select_k_best_k11,geographic_route_manipulation__r0p05__medium,geographic_route_manipulation,0.05,MEDIUM,inference_wall_time_sec,5,0.0024740045801445376,0.0009423865567421975,0.0018675405000976753,0.004132375599874649,0.0013038771202456122,0.003644132040043463
decision_tree,mutual_information_select_k_best_k11,geographic_route_manipulation__r0p05__medium,geographic_route_manipulation,0.05,MEDIUM,per_record_inference_sec,5,4.1233409669075624e-07,1.570644261236996e-07,3.112567500162792e-07,6.887292666457748e-07,2.1731285337426866e-07,6.073553400072438e-07
decision_tree,mutual_information_select_k_best_k11,geographic_route_manipulation__r0p05__medium,geographic_route_manipulation,0.05,MEDIUM,inference_cpu_time_sec,5,0.0025487233599994852,0.0009822775722950884,0.0019220685999982833,0.004275985700002138,0.0013290646622367095,0.003768382057762261
decision_tree,mutual_information_select_k_best_k11,geographic_route_manipulation__r0p05__medium,geographic_route_manipulation,0.05,MEDIUM,inference_peak_rss_mib,5,803.71953125,0.44342734198196165,803.44140625,804.5078125,803.1689434836414,804.2701190163586
decision_tree,mutual_information_select_k_best_k11,geographic_route_manipulation__r0p05__medium,geographic_route_manipulation,0.05,MEDIUM,peak_rss_mib,5,803.71953125,0.44342734198196165,803.44140625,804.5078125,803.1689434836414,804.2701190163586
decision_tree,mutual_information_select_k_best_k11,geographic_route_manipulation__r0p05__medium,geographic_route_manipulation,0.05,MEDIUM,serialized_model_bytes,5,3402.4,341.02903102228703,3028.0,3716.0,2978.9565298369753,3825.843470163025
decision_tree,mutual_information_select_k_best_k11,geographic_route_manipulation__r0p05__medium,geographic_route_manipulation,0.05,MEDIUM,serialized_model_kib,5,3.32265625,0.3330361631077022,2.95703125,3.62890625,2.909137236168921,3.736175263831079
logistic_regression,mutual_information_select_k_best_k11,geographic_route_manipulation__r0p05__medium,geographic_route_manipulation,0.05,MEDIUM,selected_feature_count,5,11.0,0.0,11.0,11.0,11.0,11.0
logistic_regression,mutual_information_select_k_best_k11,geographic_route_manipulation__r0p05__medium,geographic_route_manipulation,0.05,MEDIUM,source_block_count,5,5.0,0.7071067811865476,4.0,6.0,4.122010966914219,5.877989033085781
logistic_regression,mutual_information_select_k_best_k11,geographic_route_manipulation__r0p05__medium,geographic_route_manipulation,0.05,MEDIUM,selected_input_bytes,5,528132.0,0.0,528132.0,528132.0,528132.0,528132.0
logistic_regression,mutual_information_select_k_best_k11,geographic_route_manipulation__r0p05__medium,geographic_route_manipulation,0.05,MEDIUM,model_fit_wall_time_sec,5,0.27497685859998455,0.02091021720342391,0.24763035999785643,0.29918557299970416,0.24901339470385145,0.30094032249611763
logistic_regression,mutual_information_select_k_best_k11,geographic_route_manipulation__r0p05__medium,geographic_route_manipulation,0.05,MEDIUM,model_fit_cpu_time_sec,5,0.09213092119999988,0.014315567471356337,0.07548344399999962,0.10902960499999992,0.07435579645694569,0.10990604594305407
logistic_regression,mutual_information_select_k_best_k11,geographic_route_manipulation__r0p05__medium,geographic_route_manipulation,0.05,MEDIUM,model_fit_peak_rss_mib,5,163.92734375,0.3541635550567968,163.37890625,164.25390625,163.48759161420978,164.36709588579023
logistic_regression,mutual_information_select_k_best_k11,geographic_route_manipulation__r0p05__medium,geographic_route_manipulation,0.05,MEDIUM,combined_fit_wall_time_sec,5,0.27497685859998455,0.02091021720342391,0.24763035999785643,0.29918557299970416,0.24901339470385145,0.30094032249611763
logistic_regression,mutual_information_select_k_best_k11,geographic_route_manipulation__r0p05__medium,geographic_route_manipulation,0.05,MEDIUM,inference_wall_time_sec,5,0.0019209903400042097,0.0002424411751948373,0.0015095802998985163,0.002150332999735838,0.0016199598610823296,0.00222202081892609
logistic_regression,mutual_information_select_k_best_k11,geographic_route_manipulation__r0p05__medium,geographic_route_manipulation,0.05,MEDIUM,per_record_inference_sec,5,3.2016505666736826e-07,4.0406862532472884e-08,2.5159671664975273e-07,3.5838883328930635e-07,2.6999331018038825e-07,3.7033680315434827e-07
logistic_regression,mutual_information_select_k_best_k11,geographic_route_manipulation__r0p05__medium,geographic_route_manipulation,0.05,MEDIUM,inference_cpu_time_sec,5,0.001966359799998827,0.00024933266684242726,0.001531435300000794,0.0021663189999969745,0.0016567724040042059,0.0022759471959934484
logistic_regression,mutual_information_select_k_best_k11,geographic_route_manipulation__r0p05__medium,geographic_route_manipulation,0.05,MEDIUM,inference_peak_rss_mib,5,803.52265625,0.04944146041342731,803.44140625,803.5625,803.461266568586,803.5840459314139
logistic_regression,mutual_information_select_k_best_k11,geographic_route_manipulation__r0p05__medium,geographic_route_manipulation,0.05,MEDIUM,peak_rss_mib,5,803.52265625,0.04944146041342731,803.44140625,803.5625,803.461266568586,803.5840459314139
logistic_regression,mutual_information_select_k_best_k11,geographic_route_manipulation__r0p05__medium,geographic_route_manipulation,0.05,MEDIUM,serialized_model_bytes,5,1353.2,13.386560424545209,1334.0,1366.0,1336.5783898610498,1369.8216101389503
logistic_regression,mutual_information_select_k_best_k11,geographic_route_manipulation__r0p05__medium,geographic_route_manipulation,0.05,MEDIUM,serialized_model_kib,5,1.321484375,0.01307281291459493,1.302734375,1.333984375,1.3052523338486814,1.3377164161513186
decision_tree,none_natural,transaction_record_tampering__r0p05__medium,transaction_record_tampering,0.05,MEDIUM,selected_feature_count,5,43.0,0.0,43.0,43.0,43.0,43.0
decision_tree,none_natural,transaction_record_tampering__r0p05__medium,transaction_record_tampering,0.05,MEDIUM,source_block_count,5,10.0,0.0,10.0,10.0,10.0,10.0
decision_tree,none_natural,transaction_record_tampering__r0p05__medium,transaction_record_tampering,0.05,MEDIUM,selected_input_bytes,5,2064132.0,0.0,2064132.0,2064132.0,2064132.0,2064132.0
decision_tree,none_natural,transaction_record_tampering__r0p05__medium,transaction_record_tampering,0.05,MEDIUM,model_fit_wall_time_sec,0,,,,,,
decision_tree,none_natural,transaction_record_tampering__r0p05__medium,transaction_record_tampering,0.05,MEDIUM,model_fit_cpu_time_sec,0,,,,,,
decision_tree,none_natural,transaction_record_tampering__r0p05__medium,transaction_record_tampering,0.05,MEDIUM,model_fit_peak_rss_mib,0,,,,,,
decision_tree,none_natural,transaction_record_tampering__r0p05__medium,transaction_record_tampering,0.05,MEDIUM,combined_fit_wall_time_sec,0,,,,,,
decision_tree,none_natural,transaction_record_tampering__r0p05__medium,transaction_record_tampering,0.05,MEDIUM,inference_wall_time_sec,5,0.00343656124008703,0.0009623993338467318,0.0026030189997982233,0.0044919188003405,0.002241584635353308,0.004631537844820751
decision_tree,none_natural,transaction_record_tampering__r0p05__medium,transaction_record_tampering,0.05,MEDIUM,per_record_inference_sec,5,5.727602066811718e-07,1.6039988897445531e-07,4.3383649996637055e-07,7.486531333900833e-07,3.735974392255515e-07,7.719229741367921e-07
decision_tree,none_natural,transaction_record_tampering__r0p05__medium,transaction_record_tampering,0.05,MEDIUM,inference_cpu_time_sec,5,0.0035277764399984333,0.0010346269114742987,0.0026222089999976108,0.004674647199999526,0.0022431174524470228,0.004812435427549844
decision_tree,none_natural,transaction_record_tampering__r0p05__medium,transaction_record_tampering,0.05,MEDIUM,inference_peak_rss_mib,5,803.615625,0.45146855099670286,803.33203125,804.40625,803.0550527539058,804.1761972460943
decision_tree,none_natural,transaction_record_tampering__r0p05__medium,transaction_record_tampering,0.05,MEDIUM,peak_rss_mib,5,803.615625,0.45146855099670286,803.33203125,804.40625,803.0550527539058,804.1761972460943
decision_tree,none_natural,transaction_record_tampering__r0p05__medium,transaction_record_tampering,0.05,MEDIUM,serialized_model_bytes,5,4132.0,327.90242451070714,3780.0,4420.0,3724.8553645610036,4539.144635438996
decision_tree,none_natural,transaction_record_tampering__r0p05__medium,transaction_record_tampering,0.05,MEDIUM,serialized_model_kib,5,4.03515625,0.32021721143623744,3.69140625,4.31640625,3.637554066954105,4.432758433045895
logistic_regression,none_natural,transaction_record_tampering__r0p05__medium,transaction_record_tampering,0.05,MEDIUM,selected_feature_count,5,43.0,0.0,43.0,43.0,43.0,43.0
logistic_regression,none_natural,transaction_record_tampering__r0p05__medium,transaction_record_tampering,0.05,MEDIUM,source_block_count,5,10.0,0.0,10.0,10.0,10.0,10.0
logistic_regression,none_natural,transaction_record_tampering__r0p05__medium,transaction_record_tampering,0.05,MEDIUM,selected_input_bytes,5,2064132.0,0.0,2064132.0,2064132.0,2064132.0,2064132.0
logistic_regression,none_natural,transaction_record_tampering__r0p05__medium,transaction_record_tampering,0.05,MEDIUM,model_fit_wall_time_sec,5,0.49001829079934395,0.09719446902817075,0.4144513709979947,0.6605000540002948,0.3693354177824376,0.6107011638162503
logistic_regression,none_natural,transaction_record_tampering__r0p05__medium,transaction_record_tampering,0.05,MEDIUM,model_fit_cpu_time_sec,5,0.29261962500000005,0.07522294968955433,0.21856836799999968,0.4180874179999998,0.19921799653171318,0.3860212534682869
logistic_regression,none_natural,transaction_record_tampering__r0p05__medium,transaction_record_tampering,0.05,MEDIUM,model_fit_peak_rss_mib,5,182.0546875,0.12530480415894876,181.8984375,182.19140625,181.89910103587374,182.21027396412626
logistic_regression,none_natural,transaction_record_tampering__r0p05__medium,transaction_record_tampering,0.05,MEDIUM,combined_fit_wall_time_sec,5,0.49001829079934395,0.09719446902817075,0.4144513709979947,0.6605000540002948,0.3693354177824376,0.6107011638162503
logistic_regression,none_natural,transaction_record_tampering__r0p05__medium,transaction_record_tampering,0.05,MEDIUM,inference_wall_time_sec,5,0.0036630581597273705,0.001571106005265537,0.0024144076996890362,0.006369068299682113,0.0017122723956258692,0.005613843923828871
logistic_regression,none_natural,transaction_record_tampering__r0p05__medium,transaction_record_tampering,0.05,MEDIUM,per_record_inference_sec,5,6.105096932878951e-07,2.618510008775894e-07,4.0240128328150605e-07,1.061511383280352e-06,2.8537873260431167e-07,9.356406539714786e-07
logistic_regression,none_natural,transaction_record_tampering__r0p05__medium,transaction_record_tampering,0.05,MEDIUM,inference_cpu_time_sec,5,0.0037626186199997843,0.001639583914959779,0.0024605053000016142,0.0065783941000006506,0.0017268063007586268,0.005798430939240942
logistic_regression,none_natural,transaction_record_tampering__r0p05__medium,transaction_record_tampering,0.05,MEDIUM,inference_peak_rss_mib,5,803.615625,0.45146855099670286,803.33203125,804.40625,803.0550527539058,804.1761972460943
logistic_regression,none_natural,transaction_record_tampering__r0p05__medium,transaction_record_tampering,0.05,MEDIUM,peak_rss_mib,5,803.615625,0.45146855099670286,803.33203125,804.40625,803.0550527539058,804.1761972460943
logistic_regression,none_natural,transaction_record_tampering__r0p05__medium,transaction_record_tampering,0.05,MEDIUM,serialized_model_bytes,5,2342.0,0.0,2342.0,2342.0,2342.0,2342.0
logistic_regression,none_natural,transaction_record_tampering__r0p05__medium,transaction_record_tampering,0.05,MEDIUM,serialized_model_kib,5,2.287109375,0.0,2.287109375,2.287109375,2.287109375,2.287109375
decision_tree,pairwise_correlation_filter_natural,transaction_record_tampering__r0p05__medium,transaction_record_tampering,0.05,MEDIUM,selected_feature_count,5,42.0,0.0,42.0,42.0,42.0,42.0
decision_tree,pairwise_correlation_filter_natural,transaction_record_tampering__r0p05__medium,transaction_record_tampering,0.05,MEDIUM,source_block_count,5,9.0,0.0,9.0,9.0,9.0,9.0
decision_tree,pairwise_correlation_filter_natural,transaction_record_tampering__r0p05__medium,transaction_record_tampering,0.05,MEDIUM,selected_input_bytes,5,2016132.0,0.0,2016132.0,2016132.0,2016132.0,2016132.0
decision_tree,pairwise_correlation_filter_natural,transaction_record_tampering__r0p05__medium,transaction_record_tampering,0.05,MEDIUM,model_fit_wall_time_sec,0,,,,,,
decision_tree,pairwise_correlation_filter_natural,transaction_record_tampering__r0p05__medium,transaction_record_tampering,0.05,MEDIUM,model_fit_cpu_time_sec,0,,,,,,
decision_tree,pairwise_correlation_filter_natural,transaction_record_tampering__r0p05__medium,transaction_record_tampering,0.05,MEDIUM,model_fit_peak_rss_mib,0,,,,,,
decision_tree,pairwise_correlation_filter_natural,transaction_record_tampering__r0p05__medium,transaction_record_tampering,0.05,MEDIUM,combined_fit_wall_time_sec,0,,,,,,
decision_tree,pairwise_correlation_filter_natural,transaction_record_tampering__r0p05__medium,transaction_record_tampering,0.05,MEDIUM,inference_wall_time_sec,5,0.0034230804198887204,0.0006749174201628719,0.0023554872997920027,0.004070638100529322,0.002585059757511253,0.0042611010822661876
decision_tree,pairwise_correlation_filter_natural,transaction_record_tampering__r0p05__medium,transaction_record_tampering,0.05,MEDIUM,per_record_inference_sec,5,5.705134033147867e-07,1.1248623669381198e-07,3.9258121663200045e-07,6.784396834215538e-07,4.308432929185421e-07,7.101835137110312e-07
decision_tree,pairwise_correlation_filter_natural,transaction_record_tampering__r0p05__medium,transaction_record_tampering,0.05,MEDIUM,inference_cpu_time_sec,5,0.0035191012200004937,0.0007166426571311847,0.0023977234000028603,0.004201293900001702,0.0026292718330629106,0.004408930606938077
decision_tree,pairwise_correlation_filter_natural,transaction_record_tampering__r0p05__medium,transaction_record_tampering,0.05,MEDIUM,inference_peak_rss_mib,5,803.5296875,0.22876755610567356,803.33203125,803.92578125,803.2456350616263,803.8137399383737
decision_tree,pairwise_correlation_filter_natural,transaction_record_tampering__r0p05__medium,transaction_record_tampering,0.05,MEDIUM,peak_rss_mib,5,803.5296875,0.22876755610567356,803.33203125,803.92578125,803.2456350616263,803.8137399383737
decision_tree,pairwise_correlation_filter_natural,transaction_record_tampering__r0p05__medium,transaction_record_tampering,0.05,MEDIUM,serialized_model_bytes,5,4116.0,327.90242451070714,3764.0,4404.0,3708.8553645610036,4523.144635438996
decision_tree,pairwise_correlation_filter_natural,transaction_record_tampering__r0p05__medium,transaction_record_tampering,0.05,MEDIUM,serialized_model_kib,5,4.01953125,0.32021721143623744,3.67578125,4.30078125,3.621929066954105,4.417133433045895
logistic_regression,pairwise_correlation_filter_natural,transaction_record_tampering__r0p05__medium,transaction_record_tampering,0.05,MEDIUM,selected_feature_count,5,42.0,0.0,42.0,42.0,42.0,42.0
logistic_regression,pairwise_correlation_filter_natural,transaction_record_tampering__r0p05__medium,transaction_record_tampering,0.05,MEDIUM,source_block_count,5,9.0,0.0,9.0,9.0,9.0,9.0
logistic_regression,pairwise_correlation_filter_natural,transaction_record_tampering__r0p05__medium,transaction_record_tampering,0.05,MEDIUM,selected_input_bytes,5,2016132.0,0.0,2016132.0,2016132.0,2016132.0,2016132.0
logistic_regression,pairwise_correlation_filter_natural,transaction_record_tampering__r0p05__medium,transaction_record_tampering,0.05,MEDIUM,model_fit_wall_time_sec,5,0.5226187851993018,0.1320858923339655,0.33173528499901295,0.6544766820006771,0.358612488017468,0.6866250823811357
logistic_regression,pairwise_correlation_filter_natural,transaction_record_tampering__r0p05__medium,transaction_record_tampering,0.05,MEDIUM,model_fit_cpu_time_sec,5,0.32897909459999986,0.11776488132572177,0.18253484599999936,0.47190246899999977,0.18275468120499616,0.47520350799500355
logistic_regression,pairwise_correlation_filter_natural,transaction_record_tampering__r0p05__medium,transaction_record_tampering,0.05,MEDIUM,model_fit_peak_rss_mib,5,181.35625,0.274181465592076,181.0546875,181.63671875,181.01580874519928,181.6966912548007
logistic_regression,pairwise_correlation_filter_natural,transaction_record_tampering__r0p05__medium,transaction_record_tampering,0.05,MEDIUM,combined_fit_wall_time_sec,5,0.5226187851993018,0.1320858923339655,0.33173528499901295,0.6544766820006771,0.358612488017468,0.6866250823811357
logistic_regression,pairwise_correlation_filter_natural,transaction_record_tampering__r0p05__medium,transaction_record_tampering,0.05,MEDIUM,inference_wall_time_sec,5,0.002615388759877533,0.0003790342823651362,0.0021378997997089757,0.0031637784995837137,0.0021447555373793692,0.003086021982375697
logistic_regression,pairwise_correlation_filter_natural,transaction_record_tampering__r0p05__medium,transaction_record_tampering,0.05,MEDIUM,per_record_inference_sec,5,4.358981266462555e-07,6.317238039418937e-08,3.563166332848293e-07,5.272964165972856e-07,3.574592562298949e-07,5.143369970626161e-07
logistic_regression,pairwise_correlation_filter_natural,transaction_record_tampering__r0p05__medium,transaction_record_tampering,0.05,MEDIUM,inference_cpu_time_sec,5,0.002664792860000489,0.0004061785342571671,0.0021548455000015565,0.0032520868000005974,0.0021604555971697892,0.0031691301228311884
logistic_regression,pairwise_correlation_filter_natural,transaction_record_tampering__r0p05__medium,transaction_record_tampering,0.05,MEDIUM,inference_peak_rss_mib,5,803.52578125,0.24001355450819076,803.33203125,803.94140625,803.2277650602861,803.823797439714
logistic_regression,pairwise_correlation_filter_natural,transaction_record_tampering__r0p05__medium,transaction_record_tampering,0.05,MEDIUM,peak_rss_mib,5,803.52578125,0.24001355450819076,803.33203125,803.94140625,803.2277650602861,803.823797439714
logistic_regression,pairwise_correlation_filter_natural,transaction_record_tampering__r0p05__medium,transaction_record_tampering,0.05,MEDIUM,serialized_model_bytes,5,2310.0,0.0,2310.0,2310.0,2310.0,2310.0
logistic_regression,pairwise_correlation_filter_natural,transaction_record_tampering__r0p05__medium,transaction_record_tampering,0.05,MEDIUM,serialized_model_kib,5,2.255859375,0.0,2.255859375,2.255859375,2.255859375,2.255859375
decision_tree,mutual_information_select_k_best_k11,transaction_record_tampering__r0p05__medium,transaction_record_tampering,0.05,MEDIUM,selected_feature_count,5,11.0,0.0,11.0,11.0,11.0,11.0
decision_tree,mutual_information_select_k_best_k11,transaction_record_tampering__r0p05__medium,transaction_record_tampering,0.05,MEDIUM,source_block_count,5,5.0,0.7071067811865476,4.0,6.0,4.122010966914219,5.877989033085781
decision_tree,mutual_information_select_k_best_k11,transaction_record_tampering__r0p05__medium,transaction_record_tampering,0.05,MEDIUM,selected_input_bytes,5,528132.0,0.0,528132.0,528132.0,528132.0,528132.0
decision_tree,mutual_information_select_k_best_k11,transaction_record_tampering__r0p05__medium,transaction_record_tampering,0.05,MEDIUM,model_fit_wall_time_sec,0,,,,,,
decision_tree,mutual_information_select_k_best_k11,transaction_record_tampering__r0p05__medium,transaction_record_tampering,0.05,MEDIUM,model_fit_cpu_time_sec,0,,,,,,
decision_tree,mutual_information_select_k_best_k11,transaction_record_tampering__r0p05__medium,transaction_record_tampering,0.05,MEDIUM,model_fit_peak_rss_mib,0,,,,,,
decision_tree,mutual_information_select_k_best_k11,transaction_record_tampering__r0p05__medium,transaction_record_tampering,0.05,MEDIUM,combined_fit_wall_time_sec,0,,,,,,
decision_tree,mutual_information_select_k_best_k11,transaction_record_tampering__r0p05__medium,transaction_record_tampering,0.05,MEDIUM,inference_wall_time_sec,5,0.002290004200185649,0.0004642783110168275,0.002007569000124931,0.0031145003005804027,0.0017135265362487459,0.002866481864122552
decision_tree,mutual_information_select_k_best_k11,transaction_record_tampering__r0p05__medium,transaction_record_tampering,0.05,MEDIUM,per_record_inference_sec,5,3.816673666976082e-07,7.737971850280459e-08,3.345948333541552e-07,5.190833834300671e-07,2.8558775604145773e-07,4.777469773537587e-07
decision_tree,mutual_information_select_k_best_k11,transaction_record_tampering__r0p05__medium,transaction_record_tampering,0.05,MEDIUM,inference_cpu_time_sec,5,0.002334722479998845,0.00048677092138769073,0.002049144199997954,0.0031992059999993217,0.0017303165515387944,0.0029391284084588952
decision_tree,mutual_information_select_k_best_k11,transaction_record_tampering__r0p05__medium,transaction_record_tampering,0.05,MEDIUM,inference_peak_rss_mib,5,803.73125,0.445213119393047,803.33203125,804.40625,803.1784448981213,804.2840551018788
decision_tree,mutual_information_select_k_best_k11,transaction_record_tampering__r0p05__medium,transaction_record_tampering,0.05,MEDIUM,peak_rss_mib,5,803.73125,0.445213119393047,803.33203125,804.40625,803.1784448981213,804.2840551018788
decision_tree,mutual_information_select_k_best_k11,transaction_record_tampering__r0p05__medium,transaction_record_tampering,0.05,MEDIUM,serialized_model_bytes,5,3402.4,341.02903102228703,3028.0,3716.0,2978.9565298369753,3825.843470163025
decision_tree,mutual_information_select_k_best_k11,transaction_record_tampering__r0p05__medium,transaction_record_tampering,0.05,MEDIUM,serialized_model_kib,5,3.32265625,0.3330361631077022,2.95703125,3.62890625,2.909137236168921,3.736175263831079
logistic_regression,mutual_information_select_k_best_k11,transaction_record_tampering__r0p05__medium,transaction_record_tampering,0.05,MEDIUM,selected_feature_count,5,11.0,0.0,11.0,11.0,11.0,11.0
logistic_regression,mutual_information_select_k_best_k11,transaction_record_tampering__r0p05__medium,transaction_record_tampering,0.05,MEDIUM,source_block_count,5,5.0,0.7071067811865476,4.0,6.0,4.122010966914219,5.877989033085781
logistic_regression,mutual_information_select_k_best_k11,transaction_record_tampering__r0p05__medium,transaction_record_tampering,0.05,MEDIUM,selected_input_bytes,5,528132.0,0.0,528132.0,528132.0,528132.0,528132.0
logistic_regression,mutual_information_select_k_best_k11,transaction_record_tampering__r0p05__medium,transaction_record_tampering,0.05,MEDIUM,model_fit_wall_time_sec,5,0.27497685859998455,0.02091021720342391,0.24763035999785643,0.29918557299970416,0.24901339470385145,0.30094032249611763
logistic_regression,mutual_information_select_k_best_k11,transaction_record_tampering__r0p05__medium,transaction_record_tampering,0.05,MEDIUM,model_fit_cpu_time_sec,5,0.09213092119999988,0.014315567471356337,0.07548344399999962,0.10902960499999992,0.07435579645694569,0.10990604594305407
logistic_regression,mutual_information_select_k_best_k11,transaction_record_tampering__r0p05__medium,transaction_record_tampering,0.05,MEDIUM,model_fit_peak_rss_mib,5,163.92734375,0.3541635550567968,163.37890625,164.25390625,163.48759161420978,164.36709588579023
logistic_regression,mutual_information_select_k_best_k11,transaction_record_tampering__r0p05__medium,transaction_record_tampering,0.05,MEDIUM,combined_fit_wall_time_sec,5,0.27497685859998455,0.02091021720342391,0.24763035999785643,0.29918557299970416,0.24901339470385145,0.30094032249611763
logistic_regression,mutual_information_select_k_best_k11,transaction_record_tampering__r0p05__medium,transaction_record_tampering,0.05,MEDIUM,inference_wall_time_sec,5,0.0021488791200681588,0.0007270034152521265,0.0014707119000377134,0.0033709549003106075,0.0012461851527776947,0.003051573087358623
logistic_regression,mutual_information_select_k_best_k11,transaction_record_tampering__r0p05__medium,transaction_record_tampering,0.05,MEDIUM,per_record_inference_sec,5,3.5814652001135987e-07,1.2116723587535444e-07,2.4511865000628555e-07,5.618258167184346e-07,2.0769752546294912e-07,5.085955145597706e-07
logistic_regression,mutual_information_select_k_best_k11,transaction_record_tampering__r0p05__medium,transaction_record_tampering,0.05,MEDIUM,inference_cpu_time_sec,5,0.00219014819999984,0.0007527094333710373,0.0014846487999989222,0.003454260500001283,0.001255535995473925,0.0031247604045257548
logistic_regression,mutual_information_select_k_best_k11,transaction_record_tampering__r0p05__medium,transaction_record_tampering,0.05,MEDIUM,inference_peak_rss_mib,5,803.734375,0.4432690230072619,803.33203125,804.40625,803.1839838126125,804.2847661873875
logistic_regression,mutual_information_select_k_best_k11,transaction_record_tampering__r0p05__medium,transaction_record_tampering,0.05,MEDIUM,peak_rss_mib,5,803.734375,0.4432690230072619,803.33203125,804.40625,803.1839838126125,804.2847661873875
logistic_regression,mutual_information_select_k_best_k11,transaction_record_tampering__r0p05__medium,transaction_record_tampering,0.05,MEDIUM,serialized_model_bytes,5,1353.2,13.386560424545209,1334.0,1366.0,1336.5783898610498,1369.8216101389503
logistic_regression,mutual_information_select_k_best_k11,transaction_record_tampering__r0p05__medium,transaction_record_tampering,0.05,MEDIUM,serialized_model_kib,5,1.321484375,0.01307281291459493,1.302734375,1.333984375,1.3052523338486814,1.3377164161513186
decision_tree,none_natural,mixed__r0p01__medium,mixed,0.01,MEDIUM,selected_feature_count,5,43.0,0.0,43.0,43.0,43.0,43.0
decision_tree,none_natural,mixed__r0p01__medium,mixed,0.01,MEDIUM,source_block_count,5,10.0,0.0,10.0,10.0,10.0,10.0
decision_tree,none_natural,mixed__r0p01__medium,mixed,0.01,MEDIUM,selected_input_bytes,5,2064132.0,0.0,2064132.0,2064132.0,2064132.0,2064132.0
decision_tree,none_natural,mixed__r0p01__medium,mixed,0.01,MEDIUM,model_fit_wall_time_sec,0,,,,,,
decision_tree,none_natural,mixed__r0p01__medium,mixed,0.01,MEDIUM,model_fit_cpu_time_sec,0,,,,,,
decision_tree,none_natural,mixed__r0p01__medium,mixed,0.01,MEDIUM,model_fit_peak_rss_mib,0,,,,,,
decision_tree,none_natural,mixed__r0p01__medium,mixed,0.01,MEDIUM,combined_fit_wall_time_sec,0,,,,,,
decision_tree,none_natural,mixed__r0p01__medium,mixed,0.01,MEDIUM,inference_wall_time_sec,5,0.003623711640102556,0.0006888704922435553,0.0025911281001754103,0.004300751600385411,0.002768365950458148,0.004479057329746964
decision_tree,none_natural,mixed__r0p01__medium,mixed,0.01,MEDIUM,per_record_inference_sec,5,6.039519400170927e-07,1.1481174870725923e-07,4.3185468336256836e-07,7.167919333975685e-07,4.6139432507635806e-07,7.465095549578273e-07
decision_tree,none_natural,mixed__r0p01__medium,mixed,0.01,MEDIUM,inference_cpu_time_sec,5,0.003691263619998608,0.000722901579713798,0.002614387500000248,0.004429767800002082,0.0027936627542226432,0.004588864485774573
decision_tree,none_natural,mixed__r0p01__medium,mixed,0.01,MEDIUM,inference_peak_rss_mib,5,804.52734375,0.3317783963685324,803.96484375,804.78515625,804.1153864598471,804.9393010401529
decision_tree,none_natural,mixed__r0p01__medium,mixed,0.01,MEDIUM,peak_rss_mib,5,804.52734375,0.3317783963685324,803.96484375,804.78515625,804.1153864598471,804.9393010401529
decision_tree,none_natural,mixed__r0p01__medium,mixed,0.01,MEDIUM,serialized_model_bytes,5,4132.0,327.90242451070714,3780.0,4420.0,3724.8553645610036,4539.144635438996
decision_tree,none_natural,mixed__r0p01__medium,mixed,0.01,MEDIUM,serialized_model_kib,5,4.03515625,0.32021721143623744,3.69140625,4.31640625,3.637554066954105,4.432758433045895
logistic_regression,none_natural,mixed__r0p01__medium,mixed,0.01,MEDIUM,selected_feature_count,5,43.0,0.0,43.0,43.0,43.0,43.0
logistic_regression,none_natural,mixed__r0p01__medium,mixed,0.01,MEDIUM,source_block_count,5,10.0,0.0,10.0,10.0,10.0,10.0
logistic_regression,none_natural,mixed__r0p01__medium,mixed,0.01,MEDIUM,selected_input_bytes,5,2064132.0,0.0,2064132.0,2064132.0,2064132.0,2064132.0
logistic_regression,none_natural,mixed__r0p01__medium,mixed,0.01,MEDIUM,model_fit_wall_time_sec,5,0.49001829079934395,0.09719446902817075,0.4144513709979947,0.6605000540002948,0.3693354177824376,0.6107011638162503
logistic_regression,none_natural,mixed__r0p01__medium,mixed,0.01,MEDIUM,model_fit_cpu_time_sec,5,0.29261962500000005,0.07522294968955433,0.21856836799999968,0.4180874179999998,0.19921799653171318,0.3860212534682869
logistic_regression,none_natural,mixed__r0p01__medium,mixed,0.01,MEDIUM,model_fit_peak_rss_mib,5,182.0546875,0.12530480415894876,181.8984375,182.19140625,181.89910103587374,182.21027396412626
logistic_regression,none_natural,mixed__r0p01__medium,mixed,0.01,MEDIUM,combined_fit_wall_time_sec,5,0.49001829079934395,0.09719446902817075,0.4144513709979947,0.6605000540002948,0.3693354177824376,0.6107011638162503
logistic_regression,none_natural,mixed__r0p01__medium,mixed,0.01,MEDIUM,inference_wall_time_sec,5,0.0027963215998897794,0.0002587448364146089,0.002401481999550015,0.0030552791999070906,0.002475047451792382,0.003117595747987177
logistic_regression,none_natural,mixed__r0p01__medium,mixed,0.01,MEDIUM,per_record_inference_sec,5,4.6605359998162987e-07,4.3124139402434834e-08,4.0024699992500246e-07,5.092131999845151e-07,4.1250790863206357e-07,5.195992913311962e-07
logistic_regression,none_natural,mixed__r0p01__medium,mixed,0.01,MEDIUM,inference_cpu_time_sec,5,0.002840417160001607,0.00027241071404835484,0.0024320939999995517,0.0031135384000094747,0.0025021745836425156,0.0031786597363606985
logistic_regression,none_natural,mixed__r0p01__medium,mixed,0.01,MEDIUM,inference_peak_rss_mib,5,804.62890625,0.1786442199574863,804.40625,804.78515625,804.4070901535914,804.8507223464086
logistic_regression,none_natural,mixed__r0p01__medium,mixed,0.01,MEDIUM,peak_rss_mib,5,804.62890625,0.1786442199574863,804.40625,804.78515625,804.4070901535914,804.8507223464086
logistic_regression,none_natural,mixed__r0p01__medium,mixed,0.01,MEDIUM,serialized_model_bytes,5,2342.0,0.0,2342.0,2342.0,2342.0,2342.0
logistic_regression,none_natural,mixed__r0p01__medium,mixed,0.01,MEDIUM,serialized_model_kib,5,2.287109375,0.0,2.287109375,2.287109375,2.287109375,2.287109375
decision_tree,pairwise_correlation_filter_natural,mixed__r0p01__medium,mixed,0.01,MEDIUM,selected_feature_count,5,42.0,0.0,42.0,42.0,42.0,42.0
decision_tree,pairwise_correlation_filter_natural,mixed__r0p01__medium,mixed,0.01,MEDIUM,source_block_count,5,9.0,0.0,9.0,9.0,9.0,9.0
decision_tree,pairwise_correlation_filter_natural,mixed__r0p01__medium,mixed,0.01,MEDIUM,selected_input_bytes,5,2016132.0,0.0,2016132.0,2016132.0,2016132.0,2016132.0
decision_tree,pairwise_correlation_filter_natural,mixed__r0p01__medium,mixed,0.01,MEDIUM,model_fit_wall_time_sec,0,,,,,,
decision_tree,pairwise_correlation_filter_natural,mixed__r0p01__medium,mixed,0.01,MEDIUM,model_fit_cpu_time_sec,0,,,,,,
decision_tree,pairwise_correlation_filter_natural,mixed__r0p01__medium,mixed,0.01,MEDIUM,model_fit_peak_rss_mib,0,,,,,,
decision_tree,pairwise_correlation_filter_natural,mixed__r0p01__medium,mixed,0.01,MEDIUM,combined_fit_wall_time_sec,0,,,,,,
decision_tree,pairwise_correlation_filter_natural,mixed__r0p01__medium,mixed,0.01,MEDIUM,inference_wall_time_sec,5,0.003739202259894228,0.0010550155065502966,0.002645984300033888,0.005221470600372413,0.0024292274878629765,0.00504917703192548
decision_tree,pairwise_correlation_filter_natural,mixed__r0p01__medium,mixed,0.01,MEDIUM,per_record_inference_sec,5,6.232003766490378e-07,1.7583591775838277e-07,4.4099738333898134e-07,8.702451000620688e-07,4.0487124797716254e-07,8.415295053209131e-07
decision_tree,pairwise_correlation_filter_natural,mixed__r0p01__medium,mixed,0.01,MEDIUM,inference_cpu_time_sec,5,0.0038174810799989694,0.0010867317063084235,0.002669325299996217,0.005343456499997501,0.002468125444568181,0.005166836715429758
decision_tree,pairwise_correlation_filter_natural,mixed__r0p01__medium,mixed,0.01,MEDIUM,inference_peak_rss_mib,5,804.6296875,0.17239357139125358,804.40625,804.765625,804.4156326088815,804.8437423911186
decision_tree,pairwise_correlation_filter_natural,mixed__r0p01__medium,mixed,0.01,MEDIUM,peak_rss_mib,5,804.6296875,0.17239357139125358,804.40625,804.765625,804.4156326088815,804.8437423911186
decision_tree,pairwise_correlation_filter_natural,mixed__r0p01__medium,mixed,0.01,MEDIUM,serialized_model_bytes,5,4116.0,327.90242451070714,3764.0,4404.0,3708.8553645610036,4523.144635438996
decision_tree,pairwise_correlation_filter_natural,mixed__r0p01__medium,mixed,0.01,MEDIUM,serialized_model_kib,5,4.01953125,0.32021721143623744,3.67578125,4.30078125,3.621929066954105,4.417133433045895
logistic_regression,pairwise_correlation_filter_natural,mixed__r0p01__medium,mixed,0.01,MEDIUM,selected_feature_count,5,42.0,0.0,42.0,42.0,42.0,42.0
logistic_regression,pairwise_correlation_filter_natural,mixed__r0p01__medium,mixed,0.01,MEDIUM,source_block_count,5,9.0,0.0,9.0,9.0,9.0,9.0
logistic_regression,pairwise_correlation_filter_natural,mixed__r0p01__medium,mixed,0.01,MEDIUM,selected_input_bytes,5,2016132.0,0.0,2016132.0,2016132.0,2016132.0,2016132.0
logistic_regression,pairwise_correlation_filter_natural,mixed__r0p01__medium,mixed,0.01,MEDIUM,model_fit_wall_time_sec,5,0.5226187851993018,0.1320858923339655,0.33173528499901295,0.6544766820006771,0.358612488017468,0.6866250823811357
logistic_regression,pairwise_correlation_filter_natural,mixed__r0p01__medium,mixed,0.01,MEDIUM,model_fit_cpu_time_sec,5,0.32897909459999986,0.11776488132572177,0.18253484599999936,0.47190246899999977,0.18275468120499616,0.47520350799500355
logistic_regression,pairwise_correlation_filter_natural,mixed__r0p01__medium,mixed,0.01,MEDIUM,model_fit_peak_rss_mib,5,181.35625,0.274181465592076,181.0546875,181.63671875,181.01580874519928,181.6966912548007
logistic_regression,pairwise_correlation_filter_natural,mixed__r0p01__medium,mixed,0.01,MEDIUM,combined_fit_wall_time_sec,5,0.5226187851993018,0.1320858923339655,0.33173528499901295,0.6544766820006771,0.358612488017468,0.6866250823811357
logistic_regression,pairwise_correlation_filter_natural,mixed__r0p01__medium,mixed,0.01,MEDIUM,inference_wall_time_sec,5,0.0031864807198871857,0.0010278879985050704,0.0020115717998123728,0.004651655699854018,0.0019101891979567008,0.00446277224181767
logistic_regression,pairwise_correlation_filter_natural,mixed__r0p01__medium,mixed,0.01,MEDIUM,per_record_inference_sec,5,5.310801199811975e-07,1.7131466641751175e-07,3.3526196663539545e-07,7.752759499756696e-07,3.183648663261167e-07,7.437953736362784e-07
logistic_regression,pairwise_correlation_filter_natural,mixed__r0p01__medium,mixed,0.01,MEDIUM,inference_cpu_time_sec,5,0.0032413857999995348,0.0010736189774798747,0.001981066500002271,0.004761745399991924,0.001908311767873377,0.0045744598321256925
logistic_regression,pairwise_correlation_filter_natural,mixed__r0p01__medium,mixed,0.01,MEDIUM,inference_peak_rss_mib,5,804.665625,0.144995032916002,804.49609375,804.79296875,804.4855898877097,804.8456601122903
logistic_regression,pairwise_correlation_filter_natural,mixed__r0p01__medium,mixed,0.01,MEDIUM,peak_rss_mib,5,804.665625,0.144995032916002,804.49609375,804.79296875,804.4855898877097,804.8456601122903
logistic_regression,pairwise_correlation_filter_natural,mixed__r0p01__medium,mixed,0.01,MEDIUM,serialized_model_bytes,5,2310.0,0.0,2310.0,2310.0,2310.0,2310.0
logistic_regression,pairwise_correlation_filter_natural,mixed__r0p01__medium,mixed,0.01,MEDIUM,serialized_model_kib,5,2.255859375,0.0,2.255859375,2.255859375,2.255859375,2.255859375
decision_tree,mutual_information_select_k_best_k11,mixed__r0p01__medium,mixed,0.01,MEDIUM,selected_feature_count,5,11.0,0.0,11.0,11.0,11.0,11.0
decision_tree,mutual_information_select_k_best_k11,mixed__r0p01__medium,mixed,0.01,MEDIUM,source_block_count,5,5.0,0.7071067811865476,4.0,6.0,4.122010966914219,5.877989033085781
decision_tree,mutual_information_select_k_best_k11,mixed__r0p01__medium,mixed,0.01,MEDIUM,selected_input_bytes,5,528132.0,0.0,528132.0,528132.0,528132.0,528132.0
decision_tree,mutual_information_select_k_best_k11,mixed__r0p01__medium,mixed,0.01,MEDIUM,model_fit_wall_time_sec,0,,,,,,
decision_tree,mutual_information_select_k_best_k11,mixed__r0p01__medium,mixed,0.01,MEDIUM,model_fit_cpu_time_sec,0,,,,,,
decision_tree,mutual_information_select_k_best_k11,mixed__r0p01__medium,mixed,0.01,MEDIUM,model_fit_peak_rss_mib,0,,,,,,
decision_tree,mutual_information_select_k_best_k11,mixed__r0p01__medium,mixed,0.01,MEDIUM,combined_fit_wall_time_sec,0,,,,,,
decision_tree,mutual_information_select_k_best_k11,mixed__r0p01__medium,mixed,0.01,MEDIUM,inference_wall_time_sec,5,0.002503864239843097,0.0008007940351810819,0.001856686099927174,0.003639926199684851,0.0015095471163816389,0.0034981813633045552
decision_tree,mutual_information_select_k_best_k11,mixed__r0p01__medium,mixed,0.01,MEDIUM,per_record_inference_sec,5,4.1731070664051614e-07,1.3346567253018033e-07,3.0944768332119566e-07,6.066543666141419e-07,2.515911860636064e-07,5.830302272174259e-07
decision_tree,mutual_information_select_k_best_k11,mixed__r0p01__medium,mixed,0.01,MEDIUM,inference_cpu_time_sec,5,0.0025323715000001813,0.0008219560575434474,0.0018550068000024566,0.003681556599997293,0.00151177825524217,0.0035529647447581927
decision_tree,mutual_information_select_k_best_k11,mixed__r0p01__medium,mixed,0.01,MEDIUM,inference_peak_rss_mib,5,804.675,0.14648177081018476,804.51171875,804.80859375,804.4931188587917,804.8568811412082
decision_tree,mutual_information_select_k_best_k11,mixed__r0p01__medium,mixed,0.01,MEDIUM,peak_rss_mib,5,804.675,0.14648177081018476,804.51171875,804.80859375,804.4931188587917,804.8568811412082
decision_tree,mutual_information_select_k_best_k11,mixed__r0p01__medium,mixed,0.01,MEDIUM,serialized_model_bytes,5,3402.4,341.02903102228703,3028.0,3716.0,2978.9565298369753,3825.843470163025
decision_tree,mutual_information_select_k_best_k11,mixed__r0p01__medium,mixed,0.01,MEDIUM,serialized_model_kib,5,3.32265625,0.3330361631077022,2.95703125,3.62890625,2.909137236168921,3.736175263831079
logistic_regression,mutual_information_select_k_best_k11,mixed__r0p01__medium,mixed,0.01,MEDIUM,selected_feature_count,5,11.0,0.0,11.0,11.0,11.0,11.0
logistic_regression,mutual_information_select_k_best_k11,mixed__r0p01__medium,mixed,0.01,MEDIUM,source_block_count,5,5.0,0.7071067811865476,4.0,6.0,4.122010966914219,5.877989033085781
logistic_regression,mutual_information_select_k_best_k11,mixed__r0p01__medium,mixed,0.01,MEDIUM,selected_input_bytes,5,528132.0,0.0,528132.0,528132.0,528132.0,528132.0
logistic_regression,mutual_information_select_k_best_k11,mixed__r0p01__medium,mixed,0.01,MEDIUM,model_fit_wall_time_sec,5,0.27497685859998455,0.02091021720342391,0.24763035999785643,0.29918557299970416,0.24901339470385145,0.30094032249611763
logistic_regression,mutual_information_select_k_best_k11,mixed__r0p01__medium,mixed,0.01,MEDIUM,model_fit_cpu_time_sec,5,0.09213092119999988,0.014315567471356337,0.07548344399999962,0.10902960499999992,0.07435579645694569,0.10990604594305407
logistic_regression,mutual_information_select_k_best_k11,mixed__r0p01__medium,mixed,0.01,MEDIUM,model_fit_peak_rss_mib,5,163.92734375,0.3541635550567968,163.37890625,164.25390625,163.48759161420978,164.36709588579023
logistic_regression,mutual_information_select_k_best_k11,mixed__r0p01__medium,mixed,0.01,MEDIUM,combined_fit_wall_time_sec,5,0.27497685859998455,0.02091021720342391,0.24763035999785643,0.29918557299970416,0.24901339470385145,0.30094032249611763
logistic_regression,mutual_information_select_k_best_k11,mixed__r0p01__medium,mixed,0.01,MEDIUM,inference_wall_time_sec,5,0.002705611539859092,0.0005756247521991588,0.0018177250000007915,0.0032126095997227822,0.0019908790085778655,0.0034203440711403185
logistic_regression,mutual_information_select_k_best_k11,mixed__r0p01__medium,mixed,0.01,MEDIUM,per_record_inference_sec,5,4.5093525664318196e-07,9.59374586998598e-08,3.029541666667986e-07,5.354349332871304e-07,3.318131680963109e-07,5.70057345190053e-07
logistic_regression,mutual_information_select_k_best_k11,mixed__r0p01__medium,mixed,0.01,MEDIUM,inference_cpu_time_sec,5,0.002754800999999816,0.0005938269942790937,0.0018459903000007216,0.00330485580000186,0.0020174674000413267,0.0034921345999583053
logistic_regression,mutual_information_select_k_best_k11,mixed__r0p01__medium,mixed,0.01,MEDIUM,inference_peak_rss_mib,5,804.671875,0.14660151566246254,804.51171875,804.828125,804.4898451759196,804.8539048240804
logistic_regression,mutual_information_select_k_best_k11,mixed__r0p01__medium,mixed,0.01,MEDIUM,peak_rss_mib,5,804.671875,0.14660151566246254,804.51171875,804.828125,804.4898451759196,804.8539048240804
logistic_regression,mutual_information_select_k_best_k11,mixed__r0p01__medium,mixed,0.01,MEDIUM,serialized_model_bytes,5,1353.2,13.386560424545209,1334.0,1366.0,1336.5783898610498,1369.8216101389503
logistic_regression,mutual_information_select_k_best_k11,mixed__r0p01__medium,mixed,0.01,MEDIUM,serialized_model_kib,5,1.321484375,0.01307281291459493,1.302734375,1.333984375,1.3052523338486814,1.3377164161513186
decision_tree,none_natural,mixed__r0p03__medium,mixed,0.03,MEDIUM,selected_feature_count,5,43.0,0.0,43.0,43.0,43.0,43.0
decision_tree,none_natural,mixed__r0p03__medium,mixed,0.03,MEDIUM,source_block_count,5,10.0,0.0,10.0,10.0,10.0,10.0
decision_tree,none_natural,mixed__r0p03__medium,mixed,0.03,MEDIUM,selected_input_bytes,5,2064132.0,0.0,2064132.0,2064132.0,2064132.0,2064132.0
decision_tree,none_natural,mixed__r0p03__medium,mixed,0.03,MEDIUM,model_fit_wall_time_sec,0,,,,,,
decision_tree,none_natural,mixed__r0p03__medium,mixed,0.03,MEDIUM,model_fit_cpu_time_sec,0,,,,,,
decision_tree,none_natural,mixed__r0p03__medium,mixed,0.03,MEDIUM,model_fit_peak_rss_mib,0,,,,,,
decision_tree,none_natural,mixed__r0p03__medium,mixed,0.03,MEDIUM,combined_fit_wall_time_sec,0,,,,,,
decision_tree,none_natural,mixed__r0p03__medium,mixed,0.03,MEDIUM,inference_wall_time_sec,5,0.0048140187402896115,0.0020589864390973154,0.0022620629002631175,0.007788270900346106,0.002257449406070676,0.007370588074508547
decision_tree,none_natural,mixed__r0p03__medium,mixed,0.03,MEDIUM,per_record_inference_sec,5,8.023364567149351e-07,3.431644065162192e-07,3.770104833771863e-07,1.2980451500576842e-06,3.7624156767844587e-07,1.2284313457514244e-06
decision_tree,none_natural,mixed__r0p03__medium,mixed,0.03,MEDIUM,inference_cpu_time_sec,5,0.004943567319999146,0.0021677469848547792,0.0022761827999943306,0.008089893999999731,0.0022519539316880675,0.007635180708310225
decision_tree,none_natural,mixed__r0p03__medium,mixed,0.03,MEDIUM,inference_peak_rss_mib,5,805.0015625,0.44334302695630756,804.75390625,805.79296875,804.4510794245732,805.5520455754267
decision_tree,none_natural,mixed__r0p03__medium,mixed,0.03,MEDIUM,peak_rss_mib,5,805.0015625,0.44334302695630756,804.75390625,805.79296875,804.4510794245732,805.5520455754267
decision_tree,none_natural,mixed__r0p03__medium,mixed,0.03,MEDIUM,serialized_model_bytes,5,4132.0,327.90242451070714,3780.0,4420.0,3724.8553645610036,4539.144635438996
decision_tree,none_natural,mixed__r0p03__medium,mixed,0.03,MEDIUM,serialized_model_kib,5,4.03515625,0.32021721143623744,3.69140625,4.31640625,3.637554066954105,4.432758433045895
logistic_regression,none_natural,mixed__r0p03__medium,mixed,0.03,MEDIUM,selected_feature_count,5,43.0,0.0,43.0,43.0,43.0,43.0
logistic_regression,none_natural,mixed__r0p03__medium,mixed,0.03,MEDIUM,source_block_count,5,10.0,0.0,10.0,10.0,10.0,10.0
logistic_regression,none_natural,mixed__r0p03__medium,mixed,0.03,MEDIUM,selected_input_bytes,5,2064132.0,0.0,2064132.0,2064132.0,2064132.0,2064132.0
logistic_regression,none_natural,mixed__r0p03__medium,mixed,0.03,MEDIUM,model_fit_wall_time_sec,5,0.49001829079934395,0.09719446902817075,0.4144513709979947,0.6605000540002948,0.3693354177824376,0.6107011638162503
logistic_regression,none_natural,mixed__r0p03__medium,mixed,0.03,MEDIUM,model_fit_cpu_time_sec,5,0.29261962500000005,0.07522294968955433,0.21856836799999968,0.4180874179999998,0.19921799653171318,0.3860212534682869
logistic_regression,none_natural,mixed__r0p03__medium,mixed,0.03,MEDIUM,model_fit_peak_rss_mib,5,182.0546875,0.12530480415894876,181.8984375,182.19140625,181.89910103587374,182.21027396412626
logistic_regression,none_natural,mixed__r0p03__medium,mixed,0.03,MEDIUM,combined_fit_wall_time_sec,5,0.49001829079934395,0.09719446902817075,0.4144513709979947,0.6605000540002948,0.3693354177824376,0.6107011638162503
logistic_regression,none_natural,mixed__r0p03__medium,mixed,0.03,MEDIUM,inference_wall_time_sec,5,0.007244333659764379,0.008795302997656186,0.0022003045000019484,0.022886220299551497,-0.003676477425727633,0.018165144745256392
logistic_regression,none_natural,mixed__r0p03__medium,mixed,0.03,MEDIUM,per_record_inference_sec,5,1.2073889432940633e-06,1.465883832942698e-06,3.667174166669914e-07,3.8143700499252496e-06,-6.127462376212724e-07,3.027524124209399e-06
logistic_regression,none_natural,mixed__r0p03__medium,mixed,0.03,MEDIUM,inference_cpu_time_sec,5,0.0073940848799998096,0.008948593799352695,0.0022219959000040037,0.023303206100001715,-0.0037170618752147,0.01850523163521432
logistic_regression,none_natural,mixed__r0p03__medium,mixed,0.03,MEDIUM,inference_peak_rss_mib,5,805.0015625,0.44334302695630756,804.75390625,805.79296875,804.4510794245732,805.5520455754267
logistic_regression,none_natural,mixed__r0p03__medium,mixed,0.03,MEDIUM,peak_rss_mib,5,805.0015625,0.44334302695630756,804.75390625,805.79296875,804.4510794245732,805.5520455754267
logistic_regression,none_natural,mixed__r0p03__medium,mixed,0.03,MEDIUM,serialized_model_bytes,5,2342.0,0.0,2342.0,2342.0,2342.0,2342.0
logistic_regression,none_natural,mixed__r0p03__medium,mixed,0.03,MEDIUM,serialized_model_kib,5,2.287109375,0.0,2.287109375,2.287109375,2.287109375,2.287109375
decision_tree,pairwise_correlation_filter_natural,mixed__r0p03__medium,mixed,0.03,MEDIUM,selected_feature_count,5,42.0,0.0,42.0,42.0,42.0,42.0
decision_tree,pairwise_correlation_filter_natural,mixed__r0p03__medium,mixed,0.03,MEDIUM,source_block_count,5,9.0,0.0,9.0,9.0,9.0,9.0
decision_tree,pairwise_correlation_filter_natural,mixed__r0p03__medium,mixed,0.03,MEDIUM,selected_input_bytes,5,2016132.0,0.0,2016132.0,2016132.0,2016132.0,2016132.0
decision_tree,pairwise_correlation_filter_natural,mixed__r0p03__medium,mixed,0.03,MEDIUM,model_fit_wall_time_sec,0,,,,,,
decision_tree,pairwise_correlation_filter_natural,mixed__r0p03__medium,mixed,0.03,MEDIUM,model_fit_cpu_time_sec,0,,,,,,
decision_tree,pairwise_correlation_filter_natural,mixed__r0p03__medium,mixed,0.03,MEDIUM,model_fit_peak_rss_mib,0,,,,,,
decision_tree,pairwise_correlation_filter_natural,mixed__r0p03__medium,mixed,0.03,MEDIUM,combined_fit_wall_time_sec,0,,,,,,
decision_tree,pairwise_correlation_filter_natural,mixed__r0p03__medium,mixed,0.03,MEDIUM,inference_wall_time_sec,5,0.00332038783992175,0.0012296011603964783,0.0018798459001118316,0.0052760284997930285,0.0017936363469066574,0.0048471393329368425
decision_tree,pairwise_correlation_filter_natural,mixed__r0p03__medium,mixed,0.03,MEDIUM,per_record_inference_sec,5,5.533979733202917e-07,2.0493352673274634e-07,3.1330765001863863e-07,8.793380832988381e-07,2.9893939115110964e-07,8.078565554894736e-07
decision_tree,pairwise_correlation_filter_natural,mixed__r0p03__medium,mixed,0.03,MEDIUM,inference_cpu_time_sec,5,0.003413019100000838,0.0012553382226451703,0.001976195600002484,0.005429819400001179,0.00185431082337199,0.004971727376629686
decision_tree,pairwise_correlation_filter_natural,mixed__r0p03__medium,mixed,0.03,MEDIUM,inference_peak_rss_mib,5,805.01640625,0.43412481554127963,804.8203125,805.79296875,804.4773690958151,805.555443404185
decision_tree,pairwise_correlation_filter_natural,mixed__r0p03__medium,mixed,0.03,MEDIUM,peak_rss_mib,5,805.01640625,0.43412481554127963,804.8203125,805.79296875,804.4773690958151,805.555443404185
decision_tree,pairwise_correlation_filter_natural,mixed__r0p03__medium,mixed,0.03,MEDIUM,serialized_model_bytes,5,4116.0,327.90242451070714,3764.0,4404.0,3708.8553645610036,4523.144635438996
decision_tree,pairwise_correlation_filter_natural,mixed__r0p03__medium,mixed,0.03,MEDIUM,serialized_model_kib,5,4.01953125,0.32021721143623744,3.67578125,4.30078125,3.621929066954105,4.417133433045895
logistic_regression,pairwise_correlation_filter_natural,mixed__r0p03__medium,mixed,0.03,MEDIUM,selected_feature_count,5,42.0,0.0,42.0,42.0,42.0,42.0
logistic_regression,pairwise_correlation_filter_natural,mixed__r0p03__medium,mixed,0.03,MEDIUM,source_block_count,5,9.0,0.0,9.0,9.0,9.0,9.0
logistic_regression,pairwise_correlation_filter_natural,mixed__r0p03__medium,mixed,0.03,MEDIUM,selected_input_bytes,5,2016132.0,0.0,2016132.0,2016132.0,2016132.0,2016132.0
logistic_regression,pairwise_correlation_filter_natural,mixed__r0p03__medium,mixed,0.03,MEDIUM,model_fit_wall_time_sec,5,0.5226187851993018,0.1320858923339655,0.33173528499901295,0.6544766820006771,0.358612488017468,0.6866250823811357
logistic_regression,pairwise_correlation_filter_natural,mixed__r0p03__medium,mixed,0.03,MEDIUM,model_fit_cpu_time_sec,5,0.32897909459999986,0.11776488132572177,0.18253484599999936,0.47190246899999977,0.18275468120499616,0.47520350799500355
logistic_regression,pairwise_correlation_filter_natural,mixed__r0p03__medium,mixed,0.03,MEDIUM,model_fit_peak_rss_mib,5,181.35625,0.274181465592076,181.0546875,181.63671875,181.01580874519928,181.6966912548007
logistic_regression,pairwise_correlation_filter_natural,mixed__r0p03__medium,mixed,0.03,MEDIUM,combined_fit_wall_time_sec,5,0.5226187851993018,0.1320858923339655,0.33173528499901295,0.6544766820006771,0.358612488017468,0.6866250823811357
logistic_regression,pairwise_correlation_filter_natural,mixed__r0p03__medium,mixed,0.03,MEDIUM,inference_wall_time_sec,5,0.0033246581998537294,0.0005630517240818648,0.002669095099554397,0.00393136240018066,0.0026255371449341626,0.004023779254773296
logistic_regression,pairwise_correlation_filter_natural,mixed__r0p03__medium,mixed,0.03,MEDIUM,per_record_inference_sec,5,5.541096999756215e-07,9.384195401364417e-08,4.4484918325906616e-07,6.552270666967767e-07,4.3758952415569367e-07,6.706298757955493e-07
logistic_regression,pairwise_correlation_filter_natural,mixed__r0p03__medium,mixed,0.03,MEDIUM,inference_cpu_time_sec,5,0.003413740400001188,0.0005658400575884829,0.002682382199998301,0.003992050500005462,0.002711157171751466,0.00411632362825091
logistic_regression,pairwise_correlation_filter_natural,mixed__r0p03__medium,mixed,0.03,MEDIUM,inference_peak_rss_mib,5,805.01640625,0.43412481554127963,804.8203125,805.79296875,804.4773690958151,805.555443404185
logistic_regression,pairwise_correlation_filter_natural,mixed__r0p03__medium,mixed,0.03,MEDIUM,peak_rss_mib,5,805.01640625,0.43412481554127963,804.8203125,805.79296875,804.4773690958151,805.555443404185
logistic_regression,pairwise_correlation_filter_natural,mixed__r0p03__medium,mixed,0.03,MEDIUM,serialized_model_bytes,5,2310.0,0.0,2310.0,2310.0,2310.0,2310.0
logistic_regression,pairwise_correlation_filter_natural,mixed__r0p03__medium,mixed,0.03,MEDIUM,serialized_model_kib,5,2.255859375,0.0,2.255859375,2.255859375,2.255859375,2.255859375
decision_tree,mutual_information_select_k_best_k11,mixed__r0p03__medium,mixed,0.03,MEDIUM,selected_feature_count,5,11.0,0.0,11.0,11.0,11.0,11.0
decision_tree,mutual_information_select_k_best_k11,mixed__r0p03__medium,mixed,0.03,MEDIUM,source_block_count,5,5.0,0.7071067811865476,4.0,6.0,4.122010966914219,5.877989033085781
decision_tree,mutual_information_select_k_best_k11,mixed__r0p03__medium,mixed,0.03,MEDIUM,selected_input_bytes,5,528132.0,0.0,528132.0,528132.0,528132.0,528132.0
decision_tree,mutual_information_select_k_best_k11,mixed__r0p03__medium,mixed,0.03,MEDIUM,model_fit_wall_time_sec,0,,,,,,
decision_tree,mutual_information_select_k_best_k11,mixed__r0p03__medium,mixed,0.03,MEDIUM,model_fit_cpu_time_sec,0,,,,,,
decision_tree,mutual_information_select_k_best_k11,mixed__r0p03__medium,mixed,0.03,MEDIUM,model_fit_peak_rss_mib,0,,,,,,
decision_tree,mutual_information_select_k_best_k11,mixed__r0p03__medium,mixed,0.03,MEDIUM,combined_fit_wall_time_sec,0,,,,,,
decision_tree,mutual_information_select_k_best_k11,mixed__r0p03__medium,mixed,0.03,MEDIUM,inference_wall_time_sec,5,0.0025587985801394098,0.0005001335669995888,0.0018613801003084518,0.003186999100580579,0.0019378007357022968,0.0031797964245765227
decision_tree,mutual_information_select_k_best_k11,mixed__r0p03__medium,mixed,0.03,MEDIUM,per_record_inference_sec,5,4.264664300232349e-07,8.335559449993146e-08,3.102300167180753e-07,5.311665167634298e-07,3.2296678928371605e-07,5.299660707627538e-07
decision_tree,mutual_information_select_k_best_k11,mixed__r0p03__medium,mixed,0.03,MEDIUM,inference_cpu_time_sec,5,0.0026079330000015944,0.0005039913084206667,0.001859696899998653,0.00321274610000728,0.0019821451369275455,0.0032337208630756433
decision_tree,mutual_information_select_k_best_k11,mixed__r0p03__medium,mixed,0.03,MEDIUM,inference_peak_rss_mib,5,805.209375,0.5327457688233843,804.8203125,805.79296875,804.5478837586561,805.870866241344
decision_tree,mutual_information_select_k_best_k11,mixed__r0p03__medium,mixed,0.03,MEDIUM,peak_rss_mib,5,805.209375,0.5327457688233843,804.8203125,805.79296875,804.5478837586561,805.870866241344
decision_tree,mutual_information_select_k_best_k11,mixed__r0p03__medium,mixed,0.03,MEDIUM,serialized_model_bytes,5,3402.4,341.02903102228703,3028.0,3716.0,2978.9565298369753,3825.843470163025
decision_tree,mutual_information_select_k_best_k11,mixed__r0p03__medium,mixed,0.03,MEDIUM,serialized_model_kib,5,3.32265625,0.3330361631077022,2.95703125,3.62890625,2.909137236168921,3.736175263831079
logistic_regression,mutual_information_select_k_best_k11,mixed__r0p03__medium,mixed,0.03,MEDIUM,selected_feature_count,5,11.0,0.0,11.0,11.0,11.0,11.0
logistic_regression,mutual_information_select_k_best_k11,mixed__r0p03__medium,mixed,0.03,MEDIUM,source_block_count,5,5.0,0.7071067811865476,4.0,6.0,4.122010966914219,5.877989033085781
logistic_regression,mutual_information_select_k_best_k11,mixed__r0p03__medium,mixed,0.03,MEDIUM,selected_input_bytes,5,528132.0,0.0,528132.0,528132.0,528132.0,528132.0
logistic_regression,mutual_information_select_k_best_k11,mixed__r0p03__medium,mixed,0.03,MEDIUM,model_fit_wall_time_sec,5,0.27497685859998455,0.02091021720342391,0.24763035999785643,0.29918557299970416,0.24901339470385145,0.30094032249611763
logistic_regression,mutual_information_select_k_best_k11,mixed__r0p03__medium,mixed,0.03,MEDIUM,model_fit_cpu_time_sec,5,0.09213092119999988,0.014315567471356337,0.07548344399999962,0.10902960499999992,0.07435579645694569,0.10990604594305407
logistic_regression,mutual_information_select_k_best_k11,mixed__r0p03__medium,mixed,0.03,MEDIUM,model_fit_peak_rss_mib,5,163.92734375,0.3541635550567968,163.37890625,164.25390625,163.48759161420978,164.36709588579023
logistic_regression,mutual_information_select_k_best_k11,mixed__r0p03__medium,mixed,0.03,MEDIUM,combined_fit_wall_time_sec,5,0.27497685859998455,0.02091021720342391,0.24763035999785643,0.29918557299970416,0.24901339470385145,0.30094032249611763
logistic_regression,mutual_information_select_k_best_k11,mixed__r0p03__medium,mixed,0.03,MEDIUM,inference_wall_time_sec,5,0.004545573199866339,0.0027816762848319482,0.0018496486998628825,0.008583478999935324,0.0010916659023305648,0.007999480497402114
logistic_regression,mutual_information_select_k_best_k11,mixed__r0p03__medium,mixed,0.03,MEDIUM,per_record_inference_sec,5,7.575955333110565e-07,4.636127141386581e-07,3.082747833104804e-07,1.430579833322554e-06,1.8194431705509403e-07,1.333246749567019e-06
logistic_regression,mutual_information_select_k_best_k11,mixed__r0p03__medium,mixed,0.03,MEDIUM,inference_cpu_time_sec,5,0.004708116160002192,0.002944719189126679,0.0018539621000059014,0.008996447000004081,0.0010517643580409074,0.008364467961963476
logistic_regression,mutual_information_select_k_best_k11,mixed__r0p03__medium,mixed,0.03,MEDIUM,inference_peak_rss_mib,5,805.18515625,0.5570523422549436,804.69921875,805.79296875,804.4934844115064,805.8768280884935
logistic_regression,mutual_information_select_k_best_k11,mixed__r0p03__medium,mixed,0.03,MEDIUM,peak_rss_mib,5,805.18515625,0.5570523422549436,804.69921875,805.79296875,804.4934844115064,805.8768280884935
logistic_regression,mutual_information_select_k_best_k11,mixed__r0p03__medium,mixed,0.03,MEDIUM,serialized_model_bytes,5,1353.2,13.386560424545209,1334.0,1366.0,1336.5783898610498,1369.8216101389503
logistic_regression,mutual_information_select_k_best_k11,mixed__r0p03__medium,mixed,0.03,MEDIUM,serialized_model_kib,5,1.321484375,0.01307281291459493,1.302734375,1.333984375,1.3052523338486814,1.3377164161513186
decision_tree,none_natural,mixed__r0p05__medium,mixed,0.05,MEDIUM,selected_feature_count,5,43.0,0.0,43.0,43.0,43.0,43.0
decision_tree,none_natural,mixed__r0p05__medium,mixed,0.05,MEDIUM,source_block_count,5,10.0,0.0,10.0,10.0,10.0,10.0
decision_tree,none_natural,mixed__r0p05__medium,mixed,0.05,MEDIUM,selected_input_bytes,5,2064132.0,0.0,2064132.0,2064132.0,2064132.0,2064132.0
decision_tree,none_natural,mixed__r0p05__medium,mixed,0.05,MEDIUM,model_fit_wall_time_sec,0,,,,,,
decision_tree,none_natural,mixed__r0p05__medium,mixed,0.05,MEDIUM,model_fit_cpu_time_sec,0,,,,,,
decision_tree,none_natural,mixed__r0p05__medium,mixed,0.05,MEDIUM,model_fit_peak_rss_mib,0,,,,,,
decision_tree,none_natural,mixed__r0p05__medium,mixed,0.05,MEDIUM,combined_fit_wall_time_sec,0,,,,,,
decision_tree,none_natural,mixed__r0p05__medium,mixed,0.05,MEDIUM,inference_wall_time_sec,5,0.004544962019863306,0.004141259850231026,0.002444143300090218,0.011935563799488591,-0.0005970912433793576,0.00968701528310597
decision_tree,none_natural,mixed__r0p05__medium,mixed,0.05,MEDIUM,per_record_inference_sec,5,7.574936699772176e-07,6.902099750385043e-07,4.07357216681703e-07,1.9892606332480985e-06,-9.951520722989285e-08,1.6145025471843281e-06
decision_tree,none_natural,mixed__r0p05__medium,mixed,0.05,MEDIUM,inference_cpu_time_sec,5,0.004704133579998597,0.004306144892119569,0.0024886656000035145,0.012386692699999457,-0.0006426515035995528,0.010050918663596746
decision_tree,none_natural,mixed__r0p05__medium,mixed,0.05,MEDIUM,inference_peak_rss_mib,5,805.325,0.5557277327867318,804.69921875,805.80078125,804.6349728813948,806.0150271186053
decision_tree,none_natural,mixed__r0p05__medium,mixed,0.05,MEDIUM,peak_rss_mib,5,805.325,0.5557277327867318,804.69921875,805.80078125,804.6349728813948,806.0150271186053
decision_tree,none_natural,mixed__r0p05__medium,mixed,0.05,MEDIUM,serialized_model_bytes,5,4132.0,327.90242451070714,3780.0,4420.0,3724.8553645610036,4539.144635438996
decision_tree,none_natural,mixed__r0p05__medium,mixed,0.05,MEDIUM,serialized_model_kib,5,4.03515625,0.32021721143623744,3.69140625,4.31640625,3.637554066954105,4.432758433045895
logistic_regression,none_natural,mixed__r0p05__medium,mixed,0.05,MEDIUM,selected_feature_count,5,43.0,0.0,43.0,43.0,43.0,43.0
logistic_regression,none_natural,mixed__r0p05__medium,mixed,0.05,MEDIUM,source_block_count,5,10.0,0.0,10.0,10.0,10.0,10.0
logistic_regression,none_natural,mixed__r0p05__medium,mixed,0.05,MEDIUM,selected_input_bytes,5,2064132.0,0.0,2064132.0,2064132.0,2064132.0,2064132.0
logistic_regression,none_natural,mixed__r0p05__medium,mixed,0.05,MEDIUM,model_fit_wall_time_sec,5,0.49001829079934395,0.09719446902817075,0.4144513709979947,0.6605000540002948,0.3693354177824376,0.6107011638162503
logistic_regression,none_natural,mixed__r0p05__medium,mixed,0.05,MEDIUM,model_fit_cpu_time_sec,5,0.29261962500000005,0.07522294968955433,0.21856836799999968,0.4180874179999998,0.19921799653171318,0.3860212534682869
logistic_regression,none_natural,mixed__r0p05__medium,mixed,0.05,MEDIUM,model_fit_peak_rss_mib,5,182.0546875,0.12530480415894876,181.8984375,182.19140625,181.89910103587374,182.21027396412626
logistic_regression,none_natural,mixed__r0p05__medium,mixed,0.05,MEDIUM,combined_fit_wall_time_sec,5,0.49001829079934395,0.09719446902817075,0.4144513709979947,0.6605000540002948,0.3693354177824376,0.6107011638162503
logistic_regression,none_natural,mixed__r0p05__medium,mixed,0.05,MEDIUM,inference_wall_time_sec,5,0.0024862504401244223,0.0010192959084854981,0.0016806153005745727,0.003947848299867473,0.0012206274070405748,0.0037518734732082696
logistic_regression,none_natural,mixed__r0p05__medium,mixed,0.05,MEDIUM,per_record_inference_sec,5,4.1437507335407036e-07,1.698826514142497e-07,2.801025500957621e-07,6.579747166445789e-07,2.0343790117342908e-07,6.253122455347116e-07
logistic_regression,none_natural,mixed__r0p05__medium,mixed,0.05,MEDIUM,inference_cpu_time_sec,5,0.002564003120000962,0.0010793615884771685,0.0017311408999944433,0.004135036300010597,0.0012237986945437696,0.003904207545458154
logistic_regression,none_natural,mixed__r0p05__medium,mixed,0.05,MEDIUM,inference_peak_rss_mib,5,805.73046875,0.0900557959640508,805.59375,805.80078125,805.6186497103217,805.8422877896783
logistic_regression,none_natural,mixed__r0p05__medium,mixed,0.05,MEDIUM,peak_rss_mib,5,805.73046875,0.0900557959640508,805.59375,805.80078125,805.6186497103217,805.8422877896783
logistic_regression,none_natural,mixed__r0p05__medium,mixed,0.05,MEDIUM,serialized_model_bytes,5,2342.0,0.0,2342.0,2342.0,2342.0,2342.0
logistic_regression,none_natural,mixed__r0p05__medium,mixed,0.05,MEDIUM,serialized_model_kib,5,2.287109375,0.0,2.287109375,2.287109375,2.287109375,2.287109375
decision_tree,pairwise_correlation_filter_natural,mixed__r0p05__medium,mixed,0.05,MEDIUM,selected_feature_count,5,42.0,0.0,42.0,42.0,42.0,42.0
decision_tree,pairwise_correlation_filter_natural,mixed__r0p05__medium,mixed,0.05,MEDIUM,source_block_count,5,9.0,0.0,9.0,9.0,9.0,9.0
decision_tree,pairwise_correlation_filter_natural,mixed__r0p05__medium,mixed,0.05,MEDIUM,selected_input_bytes,5,2016132.0,0.0,2016132.0,2016132.0,2016132.0,2016132.0
decision_tree,pairwise_correlation_filter_natural,mixed__r0p05__medium,mixed,0.05,MEDIUM,model_fit_wall_time_sec,0,,,,,,
decision_tree,pairwise_correlation_filter_natural,mixed__r0p05__medium,mixed,0.05,MEDIUM,model_fit_cpu_time_sec,0,,,,,,
decision_tree,pairwise_correlation_filter_natural,mixed__r0p05__medium,mixed,0.05,MEDIUM,model_fit_peak_rss_mib,0,,,,,,
decision_tree,pairwise_correlation_filter_natural,mixed__r0p05__medium,mixed,0.05,MEDIUM,combined_fit_wall_time_sec,0,,,,,,
decision_tree,pairwise_correlation_filter_natural,mixed__r0p05__medium,mixed,0.05,MEDIUM,inference_wall_time_sec,5,0.0024763071601046245,0.0006723271756326588,0.0017353989998809994,0.0033528658001159783,0.0016415027111068695,0.0033111116091023795
decision_tree,pairwise_correlation_filter_natural,mixed__r0p05__medium,mixed,0.05,MEDIUM,per_record_inference_sec,5,4.1271786001743747e-07,1.1205452927210979e-07,2.892331666468332e-07,5.588109666859963e-07,2.7358378518447833e-07,5.518519348503966e-07
decision_tree,pairwise_correlation_filter_natural,mixed__r0p05__medium,mixed,0.05,MEDIUM,inference_cpu_time_sec,5,0.0025524008000002143,0.0007187034461492706,0.0017765829999916605,0.0034899160000009034,0.001660012605530978,0.0034447889944694506
decision_tree,pairwise_correlation_filter_natural,mixed__r0p05__medium,mixed,0.05,MEDIUM,inference_peak_rss_mib,5,805.55625,0.47949596644386644,804.703125,805.80078125,804.9608771211822,806.1516228788178
decision_tree,pairwise_correlation_filter_natural,mixed__r0p05__medium,mixed,0.05,MEDIUM,peak_rss_mib,5,805.55625,0.47949596644386644,804.703125,805.80078125,804.9608771211822,806.1516228788178
decision_tree,pairwise_correlation_filter_natural,mixed__r0p05__medium,mixed,0.05,MEDIUM,serialized_model_bytes,5,4116.0,327.90242451070714,3764.0,4404.0,3708.8553645610036,4523.144635438996
decision_tree,pairwise_correlation_filter_natural,mixed__r0p05__medium,mixed,0.05,MEDIUM,serialized_model_kib,5,4.01953125,0.32021721143623744,3.67578125,4.30078125,3.621929066954105,4.417133433045895
logistic_regression,pairwise_correlation_filter_natural,mixed__r0p05__medium,mixed,0.05,MEDIUM,selected_feature_count,5,42.0,0.0,42.0,42.0,42.0,42.0
logistic_regression,pairwise_correlation_filter_natural,mixed__r0p05__medium,mixed,0.05,MEDIUM,source_block_count,5,9.0,0.0,9.0,9.0,9.0,9.0
logistic_regression,pairwise_correlation_filter_natural,mixed__r0p05__medium,mixed,0.05,MEDIUM,selected_input_bytes,5,2016132.0,0.0,2016132.0,2016132.0,2016132.0,2016132.0
logistic_regression,pairwise_correlation_filter_natural,mixed__r0p05__medium,mixed,0.05,MEDIUM,model_fit_wall_time_sec,5,0.5226187851993018,0.1320858923339655,0.33173528499901295,0.6544766820006771,0.358612488017468,0.6866250823811357
logistic_regression,pairwise_correlation_filter_natural,mixed__r0p05__medium,mixed,0.05,MEDIUM,model_fit_cpu_time_sec,5,0.32897909459999986,0.11776488132572177,0.18253484599999936,0.47190246899999977,0.18275468120499616,0.47520350799500355
logistic_regression,pairwise_correlation_filter_natural,mixed__r0p05__medium,mixed,0.05,MEDIUM,model_fit_peak_rss_mib,5,181.35625,0.274181465592076,181.0546875,181.63671875,181.01580874519928,181.6966912548007
logistic_regression,pairwise_correlation_filter_natural,mixed__r0p05__medium,mixed,0.05,MEDIUM,combined_fit_wall_time_sec,5,0.5226187851993018,0.1320858923339655,0.33173528499901295,0.6544766820006771,0.358612488017468,0.6866250823811357
logistic_regression,pairwise_correlation_filter_natural,mixed__r0p05__medium,mixed,0.05,MEDIUM,inference_wall_time_sec,5,0.0021194089400523807,8.669235990489518e-05,0.0020071735998499207,0.00222366950038122,0.0020117661578390633,0.002227051722265698
logistic_regression,pairwise_correlation_filter_natural,mixed__r0p05__medium,mixed,0.05,MEDIUM,per_record_inference_sec,5,3.532348233420634e-07,1.444872665081586e-08,3.345289333083201e-07,3.7061158339687e-07,3.352943596398439e-07,3.7117528704428296e-07
logistic_regression,pairwise_correlation_filter_natural,mixed__r0p05__medium,mixed,0.05,MEDIUM,inference_cpu_time_sec,5,0.0021390213599988784,6.367008582297106e-05,0.002079947800007176,0.0022458961999973328,0.0020599645066698884,0.0022180782133278685
logistic_regression,pairwise_correlation_filter_natural,mixed__r0p05__medium,mixed,0.05,MEDIUM,inference_peak_rss_mib,5,805.54296875,0.4655407720589237,804.71875,805.83203125,804.964923533638,806.121013966362
logistic_regression,pairwise_correlation_filter_natural,mixed__r0p05__medium,mixed,0.05,MEDIUM,peak_rss_mib,5,805.54296875,0.4655407720589237,804.71875,805.83203125,804.964923533638,806.121013966362
logistic_regression,pairwise_correlation_filter_natural,mixed__r0p05__medium,mixed,0.05,MEDIUM,serialized_model_bytes,5,2310.0,0.0,2310.0,2310.0,2310.0,2310.0
logistic_regression,pairwise_correlation_filter_natural,mixed__r0p05__medium,mixed,0.05,MEDIUM,serialized_model_kib,5,2.255859375,0.0,2.255859375,2.255859375,2.255859375,2.255859375
decision_tree,mutual_information_select_k_best_k11,mixed__r0p05__medium,mixed,0.05,MEDIUM,selected_feature_count,5,11.0,0.0,11.0,11.0,11.0,11.0
decision_tree,mutual_information_select_k_best_k11,mixed__r0p05__medium,mixed,0.05,MEDIUM,source_block_count,5,5.0,0.7071067811865476,4.0,6.0,4.122010966914219,5.877989033085781
decision_tree,mutual_information_select_k_best_k11,mixed__r0p05__medium,mixed,0.05,MEDIUM,selected_input_bytes,5,528132.0,0.0,528132.0,528132.0,528132.0,528132.0
decision_tree,mutual_information_select_k_best_k11,mixed__r0p05__medium,mixed,0.05,MEDIUM,model_fit_wall_time_sec,0,,,,,,
decision_tree,mutual_information_select_k_best_k11,mixed__r0p05__medium,mixed,0.05,MEDIUM,model_fit_cpu_time_sec,0,,,,,,
decision_tree,mutual_information_select_k_best_k11,mixed__r0p05__medium,mixed,0.05,MEDIUM,model_fit_peak_rss_mib,0,,,,,,
decision_tree,mutual_information_select_k_best_k11,mixed__r0p05__medium,mixed,0.05,MEDIUM,combined_fit_wall_time_sec,0,,,,,,
decision_tree,mutual_information_select_k_best_k11,mixed__r0p05__medium,mixed,0.05,MEDIUM,inference_wall_time_sec,5,0.0018685461800487246,0.0004786866107949765,0.001275028099917108,0.0025984354004322087,0.0012741782490019527,0.0024629141110954966
decision_tree,mutual_information_select_k_best_k11,mixed__r0p05__medium,mixed,0.05,MEDIUM,per_record_inference_sec,5,3.114243633414541e-07,7.978110179916274e-08,2.1250468331951803e-07,4.3307256673870145e-07,2.1236304150032542e-07,4.1048568518258275e-07
decision_tree,mutual_information_select_k_best_k11,mixed__r0p05__medium,mixed,0.05,MEDIUM,inference_cpu_time_sec,5,0.0019160226000008152,0.000513298020426609,0.001302884200003973,0.0027170427999976708,0.0012786789276873279,0.0025533662723143027
decision_tree,mutual_information_select_k_best_k11,mixed__r0p05__medium,mixed,0.05,MEDIUM,inference_peak_rss_mib,5,805.546875,0.45923779573042955,804.734375,805.8359375,804.9766559624267,806.1170940375733
decision_tree,mutual_information_select_k_best_k11,mixed__r0p05__medium,mixed,0.05,MEDIUM,peak_rss_mib,5,805.546875,0.45923779573042955,804.734375,805.8359375,804.9766559624267,806.1170940375733
decision_tree,mutual_information_select_k_best_k11,mixed__r0p05__medium,mixed,0.05,MEDIUM,serialized_model_bytes,5,3402.4,341.02903102228703,3028.0,3716.0,2978.9565298369753,3825.843470163025
decision_tree,mutual_information_select_k_best_k11,mixed__r0p05__medium,mixed,0.05,MEDIUM,serialized_model_kib,5,3.32265625,0.3330361631077022,2.95703125,3.62890625,2.909137236168921,3.736175263831079
logistic_regression,mutual_information_select_k_best_k11,mixed__r0p05__medium,mixed,0.05,MEDIUM,selected_feature_count,5,11.0,0.0,11.0,11.0,11.0,11.0
logistic_regression,mutual_information_select_k_best_k11,mixed__r0p05__medium,mixed,0.05,MEDIUM,source_block_count,5,5.0,0.7071067811865476,4.0,6.0,4.122010966914219,5.877989033085781
logistic_regression,mutual_information_select_k_best_k11,mixed__r0p05__medium,mixed,0.05,MEDIUM,selected_input_bytes,5,528132.0,0.0,528132.0,528132.0,528132.0,528132.0
logistic_regression,mutual_information_select_k_best_k11,mixed__r0p05__medium,mixed,0.05,MEDIUM,model_fit_wall_time_sec,5,0.27497685859998455,0.02091021720342391,0.24763035999785643,0.29918557299970416,0.24901339470385145,0.30094032249611763
logistic_regression,mutual_information_select_k_best_k11,mixed__r0p05__medium,mixed,0.05,MEDIUM,model_fit_cpu_time_sec,5,0.09213092119999988,0.014315567471356337,0.07548344399999962,0.10902960499999992,0.07435579645694569,0.10990604594305407
logistic_regression,mutual_information_select_k_best_k11,mixed__r0p05__medium,mixed,0.05,MEDIUM,model_fit_peak_rss_mib,5,163.92734375,0.3541635550567968,163.37890625,164.25390625,163.48759161420978,164.36709588579023
logistic_regression,mutual_information_select_k_best_k11,mixed__r0p05__medium,mixed,0.05,MEDIUM,combined_fit_wall_time_sec,5,0.27497685859998455,0.02091021720342391,0.24763035999785643,0.29918557299970416,0.24901339470385145,0.30094032249611763
logistic_regression,mutual_information_select_k_best_k11,mixed__r0p05__medium,mixed,0.05,MEDIUM,inference_wall_time_sec,5,0.0015060915598587598,0.00022832564849192713,0.001156389300012961,0.00179241110017756,0.001222587822259581,0.0017895952974579387
logistic_regression,mutual_information_select_k_best_k11,mixed__r0p05__medium,mixed,0.05,MEDIUM,per_record_inference_sec,5,2.5101525997645994e-07,3.8054274748654517e-08,1.9273155000216016e-07,2.9873518336292666e-07,2.0376463704326348e-07,2.982658829096564e-07
logistic_regression,mutual_information_select_k_best_k11,mixed__r0p05__medium,mixed,0.05,MEDIUM,inference_cpu_time_sec,5,0.0015293003800002224,0.00022512060402327184,0.001177475700001196,0.0018064589000005072,0.0012497762307304182,0.0018088245292700266
logistic_regression,mutual_information_select_k_best_k11,mixed__r0p05__medium,mixed,0.05,MEDIUM,inference_peak_rss_mib,5,805.5703125,0.4708044172651806,804.734375,805.8359375,804.985731604886,806.154893395114
logistic_regression,mutual_information_select_k_best_k11,mixed__r0p05__medium,mixed,0.05,MEDIUM,peak_rss_mib,5,805.5703125,0.4708044172651806,804.734375,805.8359375,804.985731604886,806.154893395114
logistic_regression,mutual_information_select_k_best_k11,mixed__r0p05__medium,mixed,0.05,MEDIUM,serialized_model_bytes,5,1353.2,13.386560424545209,1334.0,1366.0,1336.5783898610498,1369.8216101389503
logistic_regression,mutual_information_select_k_best_k11,mixed__r0p05__medium,mixed,0.05,MEDIUM,serialized_model_kib,5,1.321484375,0.01307281291459493,1.302734375,1.333984375,1.3052523338486814,1.3377164161513186
decision_tree,none_natural,mixed__r0p10__medium,mixed,0.1,MEDIUM,selected_feature_count,5,43.0,0.0,43.0,43.0,43.0,43.0
decision_tree,none_natural,mixed__r0p10__medium,mixed,0.1,MEDIUM,source_block_count,5,10.0,0.0,10.0,10.0,10.0,10.0
decision_tree,none_natural,mixed__r0p10__medium,mixed,0.1,MEDIUM,selected_input_bytes,5,2064132.0,0.0,2064132.0,2064132.0,2064132.0,2064132.0
decision_tree,none_natural,mixed__r0p10__medium,mixed,0.1,MEDIUM,model_fit_wall_time_sec,0,,,,,,
decision_tree,none_natural,mixed__r0p10__medium,mixed,0.1,MEDIUM,model_fit_cpu_time_sec,0,,,,,,
decision_tree,none_natural,mixed__r0p10__medium,mixed,0.1,MEDIUM,model_fit_peak_rss_mib,0,,,,,,
decision_tree,none_natural,mixed__r0p10__medium,mixed,0.1,MEDIUM,combined_fit_wall_time_sec,0,,,,,,
decision_tree,none_natural,mixed__r0p10__medium,mixed,0.1,MEDIUM,inference_wall_time_sec,5,0.00338120444008382,0.000128065092800068,0.0033078854001360016,0.003609280800446868,0.003222190624927225,0.003540218255240415
decision_tree,none_natural,mixed__r0p10__medium,mixed,0.1,MEDIUM,per_record_inference_sec,5,5.635340733473034e-07,2.134418213334469e-08,5.513142333560003e-07,6.01546800074478e-07,5.370317708212042e-07,5.900363758734027e-07
decision_tree,none_natural,mixed__r0p10__medium,mixed,0.1,MEDIUM,inference_cpu_time_sec,5,0.003507386439998755,0.00010718457687157074,0.0033862171000009766,0.003672595000000456,0.0033742992097345157,0.003640473670262994
decision_tree,none_natural,mixed__r0p10__medium,mixed,0.1,MEDIUM,inference_peak_rss_mib,5,805.79765625,0.03821342844186124,805.74609375,805.8515625,805.7502080116558,805.8451044883443
decision_tree,none_natural,mixed__r0p10__medium,mixed,0.1,MEDIUM,peak_rss_mib,5,805.79765625,0.03821342844186124,805.74609375,805.8515625,805.7502080116558,805.8451044883443
decision_tree,none_natural,mixed__r0p10__medium,mixed,0.1,MEDIUM,serialized_model_bytes,5,4132.0,327.90242451070714,3780.0,4420.0,3724.8553645610036,4539.144635438996
decision_tree,none_natural,mixed__r0p10__medium,mixed,0.1,MEDIUM,serialized_model_kib,5,4.03515625,0.32021721143623744,3.69140625,4.31640625,3.637554066954105,4.432758433045895
logistic_regression,none_natural,mixed__r0p10__medium,mixed,0.1,MEDIUM,selected_feature_count,5,43.0,0.0,43.0,43.0,43.0,43.0
logistic_regression,none_natural,mixed__r0p10__medium,mixed,0.1,MEDIUM,source_block_count,5,10.0,0.0,10.0,10.0,10.0,10.0
logistic_regression,none_natural,mixed__r0p10__medium,mixed,0.1,MEDIUM,selected_input_bytes,5,2064132.0,0.0,2064132.0,2064132.0,2064132.0,2064132.0
logistic_regression,none_natural,mixed__r0p10__medium,mixed,0.1,MEDIUM,model_fit_wall_time_sec,5,0.49001829079934395,0.09719446902817075,0.4144513709979947,0.6605000540002948,0.3693354177824376,0.6107011638162503
logistic_regression,none_natural,mixed__r0p10__medium,mixed,0.1,MEDIUM,model_fit_cpu_time_sec,5,0.29261962500000005,0.07522294968955433,0.21856836799999968,0.4180874179999998,0.19921799653171318,0.3860212534682869
logistic_regression,none_natural,mixed__r0p10__medium,mixed,0.1,MEDIUM,model_fit_peak_rss_mib,5,182.0546875,0.12530480415894876,181.8984375,182.19140625,181.89910103587374,182.21027396412626
logistic_regression,none_natural,mixed__r0p10__medium,mixed,0.1,MEDIUM,combined_fit_wall_time_sec,5,0.49001829079934395,0.09719446902817075,0.4144513709979947,0.6605000540002948,0.3693354177824376,0.6107011638162503
logistic_regression,none_natural,mixed__r0p10__medium,mixed,0.1,MEDIUM,inference_wall_time_sec,5,0.0024542246398050337,0.0005401650940212135,0.0019836106002912857,0.003330945299967425,0.0017835210894720085,0.003124928190138059
logistic_regression,none_natural,mixed__r0p10__medium,mixed,0.1,MEDIUM,per_record_inference_sec,5,4.090374399675057e-07,9.002751567020226e-08,3.306017667152143e-07,5.551575499945709e-07,2.9725351491200147e-07,5.208213650230099e-07
logistic_regression,none_natural,mixed__r0p10__medium,mixed,0.1,MEDIUM,inference_cpu_time_sec,5,0.0025175659199976512,0.0005117559481682208,0.0020699913999919772,0.003352603799999088,0.0018821369832900349,0.0031529948567052676
logistic_regression,none_natural,mixed__r0p10__medium,mixed,0.1,MEDIUM,inference_peak_rss_mib,5,805.80078125,0.043934460465632784,805.74609375,805.8671875,805.7462294121593,805.8553330878407
logistic_regression,none_natural,mixed__r0p10__medium,mixed,0.1,MEDIUM,peak_rss_mib,5,805.80078125,0.043934460465632784,805.74609375,805.8671875,805.7462294121593,805.8553330878407
logistic_regression,none_natural,mixed__r0p10__medium,mixed,0.1,MEDIUM,serialized_model_bytes,5,2342.0,0.0,2342.0,2342.0,2342.0,2342.0
logistic_regression,none_natural,mixed__r0p10__medium,mixed,0.1,MEDIUM,serialized_model_kib,5,2.287109375,0.0,2.287109375,2.287109375,2.287109375,2.287109375
decision_tree,pairwise_correlation_filter_natural,mixed__r0p10__medium,mixed,0.1,MEDIUM,selected_feature_count,5,42.0,0.0,42.0,42.0,42.0,42.0
decision_tree,pairwise_correlation_filter_natural,mixed__r0p10__medium,mixed,0.1,MEDIUM,source_block_count,5,9.0,0.0,9.0,9.0,9.0,9.0
decision_tree,pairwise_correlation_filter_natural,mixed__r0p10__medium,mixed,0.1,MEDIUM,selected_input_bytes,5,2016132.0,0.0,2016132.0,2016132.0,2016132.0,2016132.0
decision_tree,pairwise_correlation_filter_natural,mixed__r0p10__medium,mixed,0.1,MEDIUM,model_fit_wall_time_sec,0,,,,,,
decision_tree,pairwise_correlation_filter_natural,mixed__r0p10__medium,mixed,0.1,MEDIUM,model_fit_cpu_time_sec,0,,,,,,
decision_tree,pairwise_correlation_filter_natural,mixed__r0p10__medium,mixed,0.1,MEDIUM,model_fit_peak_rss_mib,0,,,,,,
decision_tree,pairwise_correlation_filter_natural,mixed__r0p10__medium,mixed,0.1,MEDIUM,combined_fit_wall_time_sec,0,,,,,,
decision_tree,pairwise_correlation_filter_natural,mixed__r0p10__medium,mixed,0.1,MEDIUM,inference_wall_time_sec,5,0.0029791411997575775,0.0005622299497844423,0.0022452539000369144,0.0036454354994930327,0.0022810405123977707,0.0036772418871173843
decision_tree,pairwise_correlation_filter_natural,mixed__r0p10__medium,mixed,0.1,MEDIUM,per_record_inference_sec,5,4.965235332929296e-07,9.370499163074037e-08,3.742089833394857e-07,6.075725832488388e-07,3.8017341873296176e-07,6.128736478528974e-07
decision_tree,pairwise_correlation_filter_natural,mixed__r0p10__medium,mixed,0.1,MEDIUM,inference_cpu_time_sec,5,0.003043488719999914,0.0005908786737408739,0.0022743440999988705,0.003739787699998942,0.0023098159435088997,0.003777161496490928
decision_tree,pairwise_correlation_filter_natural,mixed__r0p10__medium,mixed,0.1,MEDIUM,inference_peak_rss_mib,5,805.77578125,0.030080661419028838,805.7421875,805.80859375,805.7384311756738,805.8131313243263
decision_tree,pairwise_correlation_filter_natural,mixed__r0p10__medium,mixed,0.1,MEDIUM,peak_rss_mib,5,805.77578125,0.030080661419028838,805.7421875,805.80859375,805.7384311756738,805.8131313243263
decision_tree,pairwise_correlation_filter_natural,mixed__r0p10__medium,mixed,0.1,MEDIUM,serialized_model_bytes,5,4116.0,327.90242451070714,3764.0,4404.0,3708.8553645610036,4523.144635438996
decision_tree,pairwise_correlation_filter_natural,mixed__r0p10__medium,mixed,0.1,MEDIUM,serialized_model_kib,5,4.01953125,0.32021721143623744,3.67578125,4.30078125,3.621929066954105,4.417133433045895
logistic_regression,pairwise_correlation_filter_natural,mixed__r0p10__medium,mixed,0.1,MEDIUM,selected_feature_count,5,42.0,0.0,42.0,42.0,42.0,42.0
logistic_regression,pairwise_correlation_filter_natural,mixed__r0p10__medium,mixed,0.1,MEDIUM,source_block_count,5,9.0,0.0,9.0,9.0,9.0,9.0
logistic_regression,pairwise_correlation_filter_natural,mixed__r0p10__medium,mixed,0.1,MEDIUM,selected_input_bytes,5,2016132.0,0.0,2016132.0,2016132.0,2016132.0,2016132.0
logistic_regression,pairwise_correlation_filter_natural,mixed__r0p10__medium,mixed,0.1,MEDIUM,model_fit_wall_time_sec,5,0.5226187851993018,0.1320858923339655,0.33173528499901295,0.6544766820006771,0.358612488017468,0.6866250823811357
logistic_regression,pairwise_correlation_filter_natural,mixed__r0p10__medium,mixed,0.1,MEDIUM,model_fit_cpu_time_sec,5,0.32897909459999986,0.11776488132572177,0.18253484599999936,0.47190246899999977,0.18275468120499616,0.47520350799500355
logistic_regression,pairwise_correlation_filter_natural,mixed__r0p10__medium,mixed,0.1,MEDIUM,model_fit_peak_rss_mib,5,181.35625,0.274181465592076,181.0546875,181.63671875,181.01580874519928,181.6966912548007
logistic_regression,pairwise_correlation_filter_natural,mixed__r0p10__medium,mixed,0.1,MEDIUM,combined_fit_wall_time_sec,5,0.5226187851993018,0.1320858923339655,0.33173528499901295,0.6544766820006771,0.358612488017468,0.6866250823811357
logistic_regression,pairwise_correlation_filter_natural,mixed__r0p10__medium,mixed,0.1,MEDIUM,inference_wall_time_sec,5,0.002397543080005562,0.0008377430925743426,0.0018813989998307079,0.003845923700282583,0.001357347642211291,0.0034377385177998326
logistic_regression,pairwise_correlation_filter_natural,mixed__r0p10__medium,mixed,0.1,MEDIUM,per_record_inference_sec,5,3.995905133342604e-07,1.396238487623904e-07,3.135664999717846e-07,6.409872833804305e-07,2.2622460703521522e-07,5.729564196333055e-07
logistic_regression,pairwise_correlation_filter_natural,mixed__r0p10__medium,mixed,0.1,MEDIUM,inference_cpu_time_sec,5,0.002496326699999827,0.0008552438143248083,0.0018902895999985958,0.003982833999998547,0.0014344012460654036,0.0035582521539342504
logistic_regression,pairwise_correlation_filter_natural,mixed__r0p10__medium,mixed,0.1,MEDIUM,inference_peak_rss_mib,5,805.77578125,0.030080661419028838,805.7421875,805.80859375,805.7384311756738,805.8131313243263
logistic_regression,pairwise_correlation_filter_natural,mixed__r0p10__medium,mixed,0.1,MEDIUM,peak_rss_mib,5,805.77578125,0.030080661419028838,805.7421875,805.80859375,805.7384311756738,805.8131313243263
logistic_regression,pairwise_correlation_filter_natural,mixed__r0p10__medium,mixed,0.1,MEDIUM,serialized_model_bytes,5,2310.0,0.0,2310.0,2310.0,2310.0,2310.0
logistic_regression,pairwise_correlation_filter_natural,mixed__r0p10__medium,mixed,0.1,MEDIUM,serialized_model_kib,5,2.255859375,0.0,2.255859375,2.255859375,2.255859375,2.255859375
decision_tree,mutual_information_select_k_best_k11,mixed__r0p10__medium,mixed,0.1,MEDIUM,selected_feature_count,5,11.0,0.0,11.0,11.0,11.0,11.0
decision_tree,mutual_information_select_k_best_k11,mixed__r0p10__medium,mixed,0.1,MEDIUM,source_block_count,5,5.0,0.7071067811865476,4.0,6.0,4.122010966914219,5.877989033085781
decision_tree,mutual_information_select_k_best_k11,mixed__r0p10__medium,mixed,0.1,MEDIUM,selected_input_bytes,5,528132.0,0.0,528132.0,528132.0,528132.0,528132.0
decision_tree,mutual_information_select_k_best_k11,mixed__r0p10__medium,mixed,0.1,MEDIUM,model_fit_wall_time_sec,0,,,,,,
decision_tree,mutual_information_select_k_best_k11,mixed__r0p10__medium,mixed,0.1,MEDIUM,model_fit_cpu_time_sec,0,,,,,,
decision_tree,mutual_information_select_k_best_k11,mixed__r0p10__medium,mixed,0.1,MEDIUM,model_fit_peak_rss_mib,0,,,,,,
decision_tree,mutual_information_select_k_best_k11,mixed__r0p10__medium,mixed,0.1,MEDIUM,combined_fit_wall_time_sec,0,,,,,,
decision_tree,mutual_information_select_k_best_k11,mixed__r0p10__medium,mixed,0.1,MEDIUM,inference_wall_time_sec,5,0.0019401100197865163,0.0002511806399863265,0.0016241609999269712,0.0021856843995919917,0.0016282280620694661,0.0022519919775035664
decision_tree,mutual_information_select_k_best_k11,mixed__r0p10__medium,mixed,0.1,MEDIUM,per_record_inference_sec,5,3.233516699644194e-07,4.186343999772108e-08,2.7069349998782855e-07,3.6428073326533195e-07,2.7137134367824435e-07,3.7533199625059443e-07
decision_tree,mutual_information_select_k_best_k11,mixed__r0p10__medium,mixed,0.1,MEDIUM,inference_cpu_time_sec,5,0.002005603240002074,0.0002746497428239223,0.0016327793000073143,0.0022446121000029963,0.0016645805422214161,0.0023466259377827323
decision_tree,mutual_information_select_k_best_k11,mixed__r0p10__medium,mixed,0.1,MEDIUM,inference_peak_rss_mib,5,805.778125,0.03142043367529719,805.7421875,805.80859375,805.7391113786974,805.8171386213027
decision_tree,mutual_information_select_k_best_k11,mixed__r0p10__medium,mixed,0.1,MEDIUM,peak_rss_mib,5,805.778125,0.03142043367529719,805.7421875,805.80859375,805.7391113786974,805.8171386213027
decision_tree,mutual_information_select_k_best_k11,mixed__r0p10__medium,mixed,0.1,MEDIUM,serialized_model_bytes,5,3402.4,341.02903102228703,3028.0,3716.0,2978.9565298369753,3825.843470163025
decision_tree,mutual_information_select_k_best_k11,mixed__r0p10__medium,mixed,0.1,MEDIUM,serialized_model_kib,5,3.32265625,0.3330361631077022,2.95703125,3.62890625,2.909137236168921,3.736175263831079
logistic_regression,mutual_information_select_k_best_k11,mixed__r0p10__medium,mixed,0.1,MEDIUM,selected_feature_count,5,11.0,0.0,11.0,11.0,11.0,11.0
logistic_regression,mutual_information_select_k_best_k11,mixed__r0p10__medium,mixed,0.1,MEDIUM,source_block_count,5,5.0,0.7071067811865476,4.0,6.0,4.122010966914219,5.877989033085781
logistic_regression,mutual_information_select_k_best_k11,mixed__r0p10__medium,mixed,0.1,MEDIUM,selected_input_bytes,5,528132.0,0.0,528132.0,528132.0,528132.0,528132.0
logistic_regression,mutual_information_select_k_best_k11,mixed__r0p10__medium,mixed,0.1,MEDIUM,model_fit_wall_time_sec,5,0.27497685859998455,0.02091021720342391,0.24763035999785643,0.29918557299970416,0.24901339470385145,0.30094032249611763
logistic_regression,mutual_information_select_k_best_k11,mixed__r0p10__medium,mixed,0.1,MEDIUM,model_fit_cpu_time_sec,5,0.09213092119999988,0.014315567471356337,0.07548344399999962,0.10902960499999992,0.07435579645694569,0.10990604594305407
logistic_regression,mutual_information_select_k_best_k11,mixed__r0p10__medium,mixed,0.1,MEDIUM,model_fit_peak_rss_mib,5,163.92734375,0.3541635550567968,163.37890625,164.25390625,163.48759161420978,164.36709588579023
logistic_regression,mutual_information_select_k_best_k11,mixed__r0p10__medium,mixed,0.1,MEDIUM,combined_fit_wall_time_sec,5,0.27497685859998455,0.02091021720342391,0.24763035999785643,0.29918557299970416,0.24901339470385145,0.30094032249611763
logistic_regression,mutual_information_select_k_best_k11,mixed__r0p10__medium,mixed,0.1,MEDIUM,inference_wall_time_sec,5,0.0020249053402221764,0.0005754268562514636,0.0015055934003612493,0.0030092402004811445,0.0013104185292145936,0.002739392151229759
logistic_regression,mutual_information_select_k_best_k11,mixed__r0p10__medium,mixed,0.1,MEDIUM,per_record_inference_sec,5,3.3748422337036266e-07,9.59044760419106e-08,2.5093223339354155e-07,5.015400334135241e-07,2.1840308820243222e-07,4.565653585382931e-07
logistic_regression,mutual_information_select_k_best_k11,mixed__r0p10__medium,mixed,0.1,MEDIUM,inference_cpu_time_sec,5,0.002104604279998057,0.0006061085287787178,0.0016728167999985998,0.0031679189999977097,0.0013520211408086747,0.002857187419187439
logistic_regression,mutual_information_select_k_best_k11,mixed__r0p10__medium,mixed,0.1,MEDIUM,inference_peak_rss_mib,5,805.77890625,0.03033323227862059,805.74609375,805.80859375,805.7412425675304,805.8165699324695
logistic_regression,mutual_information_select_k_best_k11,mixed__r0p10__medium,mixed,0.1,MEDIUM,peak_rss_mib,5,805.77890625,0.03033323227862059,805.74609375,805.80859375,805.7412425675304,805.8165699324695
logistic_regression,mutual_information_select_k_best_k11,mixed__r0p10__medium,mixed,0.1,MEDIUM,serialized_model_bytes,5,1353.2,13.386560424545209,1334.0,1366.0,1336.5783898610498,1369.8216101389503
logistic_regression,mutual_information_select_k_best_k11,mixed__r0p10__medium,mixed,0.1,MEDIUM,serialized_model_kib,5,1.321484375,0.01307281291459493,1.302734375,1.333984375,1.3052523338486814,1.3377164161513186
decision_tree,none_natural,mixed__r0p05__low,mixed,0.05,LOW,selected_feature_count,5,43.0,0.0,43.0,43.0,43.0,43.0
decision_tree,none_natural,mixed__r0p05__low,mixed,0.05,LOW,source_block_count,5,10.0,0.0,10.0,10.0,10.0,10.0
decision_tree,none_natural,mixed__r0p05__low,mixed,0.05,LOW,selected_input_bytes,5,2064132.0,0.0,2064132.0,2064132.0,2064132.0,2064132.0
decision_tree,none_natural,mixed__r0p05__low,mixed,0.05,LOW,model_fit_wall_time_sec,0,,,,,,
decision_tree,none_natural,mixed__r0p05__low,mixed,0.05,LOW,model_fit_cpu_time_sec,0,,,,,,
decision_tree,none_natural,mixed__r0p05__low,mixed,0.05,LOW,model_fit_peak_rss_mib,0,,,,,,
decision_tree,none_natural,mixed__r0p05__low,mixed,0.05,LOW,combined_fit_wall_time_sec,0,,,,,,
decision_tree,none_natural,mixed__r0p05__low,mixed,0.05,LOW,inference_wall_time_sec,5,0.0027582856801745947,0.0007566827832944606,0.002277373200195143,0.004087216600601096,0.0018187399100964958,0.0036978314502526936
decision_tree,none_natural,mixed__r0p05__low,mixed,0.05,LOW,per_record_inference_sec,5,4.597142800290991e-07,1.261137972157434e-07,3.7956220003252387e-07,6.812027667668493e-07,3.03123318349416e-07,6.163052417087822e-07
decision_tree,none_natural,mixed__r0p05__low,mixed,0.05,LOW,inference_cpu_time_sec,5,0.0028205970199996953,0.0007408062326041284,0.0023870566000027795,0.00412739700000202,0.0019007645913294543,0.0037404294486699362
decision_tree,none_natural,mixed__r0p05__low,mixed,0.05,LOW,inference_peak_rss_mib,5,806.53515625,0.4460571487830553,805.74609375,806.828125,805.9813031472142,807.0890093527858
decision_tree,none_natural,mixed__r0p05__low,mixed,0.05,LOW,peak_rss_mib,5,806.53515625,0.4460571487830553,805.74609375,806.828125,805.9813031472142,807.0890093527858
decision_tree,none_natural,mixed__r0p05__low,mixed,0.05,LOW,serialized_model_bytes,5,4132.0,327.90242451070714,3780.0,4420.0,3724.8553645610036,4539.144635438996
decision_tree,none_natural,mixed__r0p05__low,mixed,0.05,LOW,serialized_model_kib,5,4.03515625,0.32021721143623744,3.69140625,4.31640625,3.637554066954105,4.432758433045895
logistic_regression,none_natural,mixed__r0p05__low,mixed,0.05,LOW,selected_feature_count,5,43.0,0.0,43.0,43.0,43.0,43.0
logistic_regression,none_natural,mixed__r0p05__low,mixed,0.05,LOW,source_block_count,5,10.0,0.0,10.0,10.0,10.0,10.0
logistic_regression,none_natural,mixed__r0p05__low,mixed,0.05,LOW,selected_input_bytes,5,2064132.0,0.0,2064132.0,2064132.0,2064132.0,2064132.0
logistic_regression,none_natural,mixed__r0p05__low,mixed,0.05,LOW,model_fit_wall_time_sec,5,0.49001829079934395,0.09719446902817075,0.4144513709979947,0.6605000540002948,0.3693354177824376,0.6107011638162503
logistic_regression,none_natural,mixed__r0p05__low,mixed,0.05,LOW,model_fit_cpu_time_sec,5,0.29261962500000005,0.07522294968955433,0.21856836799999968,0.4180874179999998,0.19921799653171318,0.3860212534682869
logistic_regression,none_natural,mixed__r0p05__low,mixed,0.05,LOW,model_fit_peak_rss_mib,5,182.0546875,0.12530480415894876,181.8984375,182.19140625,181.89910103587374,182.21027396412626
logistic_regression,none_natural,mixed__r0p05__low,mixed,0.05,LOW,combined_fit_wall_time_sec,5,0.49001829079934395,0.09719446902817075,0.4144513709979947,0.6605000540002948,0.3693354177824376,0.6107011638162503
logistic_regression,none_natural,mixed__r0p05__low,mixed,0.05,LOW,inference_wall_time_sec,5,0.0023000371799571442,0.00027227543831204843,0.0019802737995632926,0.0026444891998835375,0.0019619625706096553,0.002638111789304633
logistic_regression,none_natural,mixed__r0p05__low,mixed,0.05,LOW,per_record_inference_sec,5,3.833395299928574e-07,4.5379239718674745e-08,3.3004563326054877e-07,4.407481999805896e-07,3.2699376176827585e-07,4.396852982174389e-07
logistic_regression,none_natural,mixed__r0p05__low,mixed,0.05,LOW,inference_cpu_time_sec,5,0.002358084819998112,0.0002632436013721316,0.0021138186999905884,0.002691134899998815,0.002031224717416573,0.0026849449225796506
logistic_regression,none_natural,mixed__r0p05__low,mixed,0.05,LOW,inference_peak_rss_mib,5,806.36015625,0.560689088013998,805.74609375,806.84375,805.6639687952268,807.0563437047733
logistic_regression,none_natural,mixed__r0p05__low,mixed,0.05,LOW,peak_rss_mib,5,806.36015625,0.560689088013998,805.74609375,806.84375,805.6639687952268,807.0563437047733
logistic_regression,none_natural,mixed__r0p05__low,mixed,0.05,LOW,serialized_model_bytes,5,2342.0,0.0,2342.0,2342.0,2342.0,2342.0
logistic_regression,none_natural,mixed__r0p05__low,mixed,0.05,LOW,serialized_model_kib,5,2.287109375,0.0,2.287109375,2.287109375,2.287109375,2.287109375
decision_tree,pairwise_correlation_filter_natural,mixed__r0p05__low,mixed,0.05,LOW,selected_feature_count,5,42.0,0.0,42.0,42.0,42.0,42.0
decision_tree,pairwise_correlation_filter_natural,mixed__r0p05__low,mixed,0.05,LOW,source_block_count,5,9.0,0.0,9.0,9.0,9.0,9.0
decision_tree,pairwise_correlation_filter_natural,mixed__r0p05__low,mixed,0.05,LOW,selected_input_bytes,5,2016132.0,0.0,2016132.0,2016132.0,2016132.0,2016132.0
decision_tree,pairwise_correlation_filter_natural,mixed__r0p05__low,mixed,0.05,LOW,model_fit_wall_time_sec,0,,,,,,
decision_tree,pairwise_correlation_filter_natural,mixed__r0p05__low,mixed,0.05,LOW,model_fit_cpu_time_sec,0,,,,,,
decision_tree,pairwise_correlation_filter_natural,mixed__r0p05__low,mixed,0.05,LOW,model_fit_peak_rss_mib,0,,,,,,
decision_tree,pairwise_correlation_filter_natural,mixed__r0p05__low,mixed,0.05,LOW,combined_fit_wall_time_sec,0,,,,,,
decision_tree,pairwise_correlation_filter_natural,mixed__r0p05__low,mixed,0.05,LOW,inference_wall_time_sec,5,0.002686988659988856,0.00046294101210386416,0.0019616434998170006,0.003079831100330921,0.002112171471967018,0.0032618058480106942
decision_tree,pairwise_correlation_filter_natural,mixed__r0p05__low,mixed,0.05,LOW,per_record_inference_sec,5,4.47831443331476e-07,7.715683535064405e-08,3.2694058330283343e-07,5.133051833884869e-07,3.5202857866116966e-07,5.436343080017824e-07
decision_tree,pairwise_correlation_filter_natural,mixed__r0p05__low,mixed,0.05,LOW,inference_cpu_time_sec,5,0.0027552921399956174,0.0005112198095359304,0.001977413199995226,0.003280675499991048,0.0021205289073257627,0.003390055372665472
decision_tree,pairwise_correlation_filter_natural,mixed__r0p05__low,mixed,0.05,LOW,inference_peak_rss_mib,5,806.33125,0.5256512190621863,805.74609375,806.73046875,805.678567805678,806.9839321943219
decision_tree,pairwise_correlation_filter_natural,mixed__r0p05__low,mixed,0.05,LOW,peak_rss_mib,5,806.33125,0.5256512190621863,805.74609375,806.73046875,805.678567805678,806.9839321943219
decision_tree,pairwise_correlation_filter_natural,mixed__r0p05__low,mixed,0.05,LOW,serialized_model_bytes,5,4116.0,327.90242451070714,3764.0,4404.0,3708.8553645610036,4523.144635438996
decision_tree,pairwise_correlation_filter_natural,mixed__r0p05__low,mixed,0.05,LOW,serialized_model_kib,5,4.01953125,0.32021721143623744,3.67578125,4.30078125,3.621929066954105,4.417133433045895
logistic_regression,pairwise_correlation_filter_natural,mixed__r0p05__low,mixed,0.05,LOW,selected_feature_count,5,42.0,0.0,42.0,42.0,42.0,42.0
logistic_regression,pairwise_correlation_filter_natural,mixed__r0p05__low,mixed,0.05,LOW,source_block_count,5,9.0,0.0,9.0,9.0,9.0,9.0
logistic_regression,pairwise_correlation_filter_natural,mixed__r0p05__low,mixed,0.05,LOW,selected_input_bytes,5,2016132.0,0.0,2016132.0,2016132.0,2016132.0,2016132.0
logistic_regression,pairwise_correlation_filter_natural,mixed__r0p05__low,mixed,0.05,LOW,model_fit_wall_time_sec,5,0.5226187851993018,0.1320858923339655,0.33173528499901295,0.6544766820006771,0.358612488017468,0.6866250823811357
logistic_regression,pairwise_correlation_filter_natural,mixed__r0p05__low,mixed,0.05,LOW,model_fit_cpu_time_sec,5,0.32897909459999986,0.11776488132572177,0.18253484599999936,0.47190246899999977,0.18275468120499616,0.47520350799500355
logistic_regression,pairwise_correlation_filter_natural,mixed__r0p05__low,mixed,0.05,LOW,model_fit_peak_rss_mib,5,181.35625,0.274181465592076,181.0546875,181.63671875,181.01580874519928,181.6966912548007
logistic_regression,pairwise_correlation_filter_natural,mixed__r0p05__low,mixed,0.05,LOW,combined_fit_wall_time_sec,5,0.5226187851993018,0.1320858923339655,0.33173528499901295,0.6544766820006771,0.358612488017468,0.6866250823811357
logistic_regression,pairwise_correlation_filter_natural,mixed__r0p05__low,mixed,0.05,LOW,inference_wall_time_sec,5,0.002154619180073496,0.00019889729424054433,0.0018418746003590059,0.0023219308000989257,0.001907655570474675,0.002401582789672317
logistic_regression,pairwise_correlation_filter_natural,mixed__r0p05__low,mixed,0.05,LOW,per_record_inference_sec,5,3.59103196678916e-07,3.3149549040090706e-08,3.0697910005983433e-07,3.869884666831543e-07,3.179425950791125e-07,4.002637982787195e-07
logistic_regression,pairwise_correlation_filter_natural,mixed__r0p05__low,mixed,0.05,LOW,inference_cpu_time_sec,5,0.002215315159999136,0.0002172387061795666,0.0018721184999890284,0.0024036550000005263,0.0019455776795193882,0.002485052640478884
logistic_regression,pairwise_correlation_filter_natural,mixed__r0p05__low,mixed,0.05,LOW,inference_peak_rss_mib,5,806.334375,0.521477791391026,805.74609375,806.73046875,805.6868748005664,806.9818751994336
logistic_regression,pairwise_correlation_filter_natural,mixed__r0p05__low,mixed,0.05,LOW,peak_rss_mib,5,806.334375,0.521477791391026,805.74609375,806.73046875,805.6868748005664,806.9818751994336
logistic_regression,pairwise_correlation_filter_natural,mixed__r0p05__low,mixed,0.05,LOW,serialized_model_bytes,5,2310.0,0.0,2310.0,2310.0,2310.0,2310.0
logistic_regression,pairwise_correlation_filter_natural,mixed__r0p05__low,mixed,0.05,LOW,serialized_model_kib,5,2.255859375,0.0,2.255859375,2.255859375,2.255859375,2.255859375
decision_tree,mutual_information_select_k_best_k11,mixed__r0p05__low,mixed,0.05,LOW,selected_feature_count,5,11.0,0.0,11.0,11.0,11.0,11.0
decision_tree,mutual_information_select_k_best_k11,mixed__r0p05__low,mixed,0.05,LOW,source_block_count,5,5.0,0.7071067811865476,4.0,6.0,4.122010966914219,5.877989033085781
decision_tree,mutual_information_select_k_best_k11,mixed__r0p05__low,mixed,0.05,LOW,selected_input_bytes,5,528132.0,0.0,528132.0,528132.0,528132.0,528132.0
decision_tree,mutual_information_select_k_best_k11,mixed__r0p05__low,mixed,0.05,LOW,model_fit_wall_time_sec,0,,,,,,
decision_tree,mutual_information_select_k_best_k11,mixed__r0p05__low,mixed,0.05,LOW,model_fit_cpu_time_sec,0,,,,,,
decision_tree,mutual_information_select_k_best_k11,mixed__r0p05__low,mixed,0.05,LOW,model_fit_peak_rss_mib,0,,,,,,
decision_tree,mutual_information_select_k_best_k11,mixed__r0p05__low,mixed,0.05,LOW,combined_fit_wall_time_sec,0,,,,,,
decision_tree,mutual_information_select_k_best_k11,mixed__r0p05__low,mixed,0.05,LOW,inference_wall_time_sec,5,0.0022986145000322726,0.00046425634838470647,0.0017674900002020877,0.0028611916000954806,0.0017221641063049802,0.0028750648937595647
decision_tree,mutual_information_select_k_best_k11,mixed__r0p05__low,mixed,0.05,LOW,per_record_inference_sec,5,3.831024166720453e-07,7.737605806411774e-08,2.9458166670034795e-07,4.768652666825801e-07,2.8702735105082994e-07,4.791774822932608e-07
decision_tree,mutual_information_select_k_best_k11,mixed__r0p05__low,mixed,0.05,LOW,inference_cpu_time_sec,5,0.0023611748799976335,0.0005206157735758944,0.0017802243000005547,0.0030321825999976683,0.0017147450170509292,0.0030076047429443377
decision_tree,mutual_information_select_k_best_k11,mixed__r0p05__low,mixed,0.05,LOW,inference_peak_rss_mib,5,806.31640625,0.4991677032782607,805.74609375,806.73046875,805.6966076837729,806.9362048162271
decision_tree,mutual_information_select_k_best_k11,mixed__r0p05__low,mixed,0.05,LOW,peak_rss_mib,5,806.31640625,0.4991677032782607,805.74609375,806.73046875,805.6966076837729,806.9362048162271
decision_tree,mutual_information_select_k_best_k11,mixed__r0p05__low,mixed,0.05,LOW,serialized_model_bytes,5,3402.4,341.02903102228703,3028.0,3716.0,2978.9565298369753,3825.843470163025
decision_tree,mutual_information_select_k_best_k11,mixed__r0p05__low,mixed,0.05,LOW,serialized_model_kib,5,3.32265625,0.3330361631077022,2.95703125,3.62890625,2.909137236168921,3.736175263831079
logistic_regression,mutual_information_select_k_best_k11,mixed__r0p05__low,mixed,0.05,LOW,selected_feature_count,5,11.0,0.0,11.0,11.0,11.0,11.0
logistic_regression,mutual_information_select_k_best_k11,mixed__r0p05__low,mixed,0.05,LOW,source_block_count,5,5.0,0.7071067811865476,4.0,6.0,4.122010966914219,5.877989033085781
logistic_regression,mutual_information_select_k_best_k11,mixed__r0p05__low,mixed,0.05,LOW,selected_input_bytes,5,528132.0,0.0,528132.0,528132.0,528132.0,528132.0
logistic_regression,mutual_information_select_k_best_k11,mixed__r0p05__low,mixed,0.05,LOW,model_fit_wall_time_sec,5,0.27497685859998455,0.02091021720342391,0.24763035999785643,0.29918557299970416,0.24901339470385145,0.30094032249611763
logistic_regression,mutual_information_select_k_best_k11,mixed__r0p05__low,mixed,0.05,LOW,model_fit_cpu_time_sec,5,0.09213092119999988,0.014315567471356337,0.07548344399999962,0.10902960499999992,0.07435579645694569,0.10990604594305407
logistic_regression,mutual_information_select_k_best_k11,mixed__r0p05__low,mixed,0.05,LOW,model_fit_peak_rss_mib,5,163.92734375,0.3541635550567968,163.37890625,164.25390625,163.48759161420978,164.36709588579023
logistic_regression,mutual_information_select_k_best_k11,mixed__r0p05__low,mixed,0.05,LOW,combined_fit_wall_time_sec,5,0.27497685859998455,0.02091021720342391,0.24763035999785643,0.29918557299970416,0.24901339470385145,0.30094032249611763
logistic_regression,mutual_information_select_k_best_k11,mixed__r0p05__low,mixed,0.05,LOW,inference_wall_time_sec,5,0.0018113054800778627,0.0005029742142313575,0.001439387300342787,0.002674235299491556,0.0011867805062414625,0.002435830453914263
logistic_regression,mutual_information_select_k_best_k11,mixed__r0p05__low,mixed,0.05,LOW,per_record_inference_sec,5,3.018842466796438e-07,8.382903570522626e-08,2.398978833904645e-07,4.457058832485927e-07,1.977967510402437e-07,4.0597174231904385e-07
logistic_regression,mutual_information_select_k_best_k11,mixed__r0p05__low,mixed,0.05,LOW,inference_cpu_time_sec,5,0.001856005360000381,0.0005062033144144397,0.001504737400000522,0.00273198739999998,0.0012274709287200514,0.0024845397912807107
logistic_regression,mutual_information_select_k_best_k11,mixed__r0p05__low,mixed,0.05,LOW,inference_peak_rss_mib,5,806.31640625,0.4991677032782607,805.74609375,806.73046875,805.6966076837729,806.9362048162271
logistic_regression,mutual_information_select_k_best_k11,mixed__r0p05__low,mixed,0.05,LOW,peak_rss_mib,5,806.31640625,0.4991677032782607,805.74609375,806.73046875,805.6966076837729,806.9362048162271
logistic_regression,mutual_information_select_k_best_k11,mixed__r0p05__low,mixed,0.05,LOW,serialized_model_bytes,5,1353.2,13.386560424545209,1334.0,1366.0,1336.5783898610498,1369.8216101389503
logistic_regression,mutual_information_select_k_best_k11,mixed__r0p05__low,mixed,0.05,LOW,serialized_model_kib,5,1.321484375,0.01307281291459493,1.302734375,1.333984375,1.3052523338486814,1.3377164161513186
decision_tree,none_natural,mixed__r0p05__high,mixed,0.05,HIGH,selected_feature_count,5,43.0,0.0,43.0,43.0,43.0,43.0
decision_tree,none_natural,mixed__r0p05__high,mixed,0.05,HIGH,source_block_count,5,10.0,0.0,10.0,10.0,10.0,10.0
decision_tree,none_natural,mixed__r0p05__high,mixed,0.05,HIGH,selected_input_bytes,5,2064132.0,0.0,2064132.0,2064132.0,2064132.0,2064132.0
decision_tree,none_natural,mixed__r0p05__high,mixed,0.05,HIGH,model_fit_wall_time_sec,0,,,,,,
decision_tree,none_natural,mixed__r0p05__high,mixed,0.05,HIGH,model_fit_cpu_time_sec,0,,,,,,
decision_tree,none_natural,mixed__r0p05__high,mixed,0.05,HIGH,model_fit_peak_rss_mib,0,,,,,,
decision_tree,none_natural,mixed__r0p05__high,mixed,0.05,HIGH,combined_fit_wall_time_sec,0,,,,,,
decision_tree,none_natural,mixed__r0p05__high,mixed,0.05,HIGH,inference_wall_time_sec,5,0.0030155484600982163,0.0005500815544186753,0.0021316641999874265,0.003540120400430169,0.0023325319979000396,0.003698564922296393
decision_tree,none_natural,mixed__r0p05__high,mixed,0.05,HIGH,per_record_inference_sec,5,5.025914100163695e-07,9.168025906977922e-08,3.5527736666457106e-07,5.900200667383615e-07,3.8875533298334003e-07,6.16427487049399e-07
decision_tree,none_natural,mixed__r0p05__high,mixed,0.05,HIGH,inference_cpu_time_sec,5,0.003069503779995557,0.0005611719049945235,0.0021427020000032828,0.0035674640999900477,0.0023727168287598806,0.003766290731231234
decision_tree,none_natural,mixed__r0p05__high,mixed,0.05,HIGH,inference_peak_rss_mib,5,806.7234375,0.0376097028184716,806.68359375,806.765625,806.6767388860271,806.770136113973
decision_tree,none_natural,mixed__r0p05__high,mixed,0.05,HIGH,peak_rss_mib,5,806.7234375,0.0376097028184716,806.68359375,806.765625,806.6767388860271,806.770136113973
decision_tree,none_natural,mixed__r0p05__high,mixed,0.05,HIGH,serialized_model_bytes,5,4132.0,327.90242451070714,3780.0,4420.0,3724.8553645610036,4539.144635438996
decision_tree,none_natural,mixed__r0p05__high,mixed,0.05,HIGH,serialized_model_kib,5,4.03515625,0.32021721143623744,3.69140625,4.31640625,3.637554066954105,4.432758433045895
logistic_regression,none_natural,mixed__r0p05__high,mixed,0.05,HIGH,selected_feature_count,5,43.0,0.0,43.0,43.0,43.0,43.0
logistic_regression,none_natural,mixed__r0p05__high,mixed,0.05,HIGH,source_block_count,5,10.0,0.0,10.0,10.0,10.0,10.0
logistic_regression,none_natural,mixed__r0p05__high,mixed,0.05,HIGH,selected_input_bytes,5,2064132.0,0.0,2064132.0,2064132.0,2064132.0,2064132.0
logistic_regression,none_natural,mixed__r0p05__high,mixed,0.05,HIGH,model_fit_wall_time_sec,5,0.49001829079934395,0.09719446902817075,0.4144513709979947,0.6605000540002948,0.3693354177824376,0.6107011638162503
logistic_regression,none_natural,mixed__r0p05__high,mixed,0.05,HIGH,model_fit_cpu_time_sec,5,0.29261962500000005,0.07522294968955433,0.21856836799999968,0.4180874179999998,0.19921799653171318,0.3860212534682869
logistic_regression,none_natural,mixed__r0p05__high,mixed,0.05,HIGH,model_fit_peak_rss_mib,5,182.0546875,0.12530480415894876,181.8984375,182.19140625,181.89910103587374,182.21027396412626
logistic_regression,none_natural,mixed__r0p05__high,mixed,0.05,HIGH,combined_fit_wall_time_sec,5,0.49001829079934395,0.09719446902817075,0.4144513709979947,0.6605000540002948,0.3693354177824376,0.6107011638162503
logistic_regression,none_natural,mixed__r0p05__high,mixed,0.05,HIGH,inference_wall_time_sec,5,0.002310656280023977,0.0005052016472579079,0.0019139185002131852,0.0030725191994861235,0.0016833655827900968,0.0029379469772578574
logistic_regression,none_natural,mixed__r0p05__high,mixed,0.05,HIGH,per_record_inference_sec,5,3.851093800039962e-07,8.420027454298464e-08,3.1898641670219756e-07,5.120865332476873e-07,2.8056093046501617e-07,4.896578295429762e-07
logistic_regression,none_natural,mixed__r0p05__high,mixed,0.05,HIGH,inference_cpu_time_sec,5,0.002345279680000658,0.0005139211770650918,0.0019348953999951846,0.0030911753999930624,0.001707162256523924,0.0029833971034773916
logistic_regression,none_natural,mixed__r0p05__high,mixed,0.05,HIGH,inference_peak_rss_mib,5,806.7265625,0.04234274099351328,806.68359375,806.78125,806.673987042923,806.779137957077
logistic_regression,none_natural,mixed__r0p05__high,mixed,0.05,HIGH,peak_rss_mib,5,806.7265625,0.04234274099351328,806.68359375,806.78125,806.673987042923,806.779137957077
logistic_regression,none_natural,mixed__r0p05__high,mixed,0.05,HIGH,serialized_model_bytes,5,2342.0,0.0,2342.0,2342.0,2342.0,2342.0
logistic_regression,none_natural,mixed__r0p05__high,mixed,0.05,HIGH,serialized_model_kib,5,2.287109375,0.0,2.287109375,2.287109375,2.287109375,2.287109375
decision_tree,pairwise_correlation_filter_natural,mixed__r0p05__high,mixed,0.05,HIGH,selected_feature_count,5,42.0,0.0,42.0,42.0,42.0,42.0
decision_tree,pairwise_correlation_filter_natural,mixed__r0p05__high,mixed,0.05,HIGH,source_block_count,5,9.0,0.0,9.0,9.0,9.0,9.0
decision_tree,pairwise_correlation_filter_natural,mixed__r0p05__high,mixed,0.05,HIGH,selected_input_bytes,5,2016132.0,0.0,2016132.0,2016132.0,2016132.0,2016132.0
decision_tree,pairwise_correlation_filter_natural,mixed__r0p05__high,mixed,0.05,HIGH,model_fit_wall_time_sec,0,,,,,,
decision_tree,pairwise_correlation_filter_natural,mixed__r0p05__high,mixed,0.05,HIGH,model_fit_cpu_time_sec,0,,,,,,
decision_tree,pairwise_correlation_filter_natural,mixed__r0p05__high,mixed,0.05,HIGH,model_fit_peak_rss_mib,0,,,,,,
decision_tree,pairwise_correlation_filter_natural,mixed__r0p05__high,mixed,0.05,HIGH,combined_fit_wall_time_sec,0,,,,,,
decision_tree,pairwise_correlation_filter_natural,mixed__r0p05__high,mixed,0.05,HIGH,inference_wall_time_sec,5,0.003709725060325582,0.0008018314424727073,0.0027388742004404777,0.0048434652999276295,0.0027141198255786377,0.004705330295072526
decision_tree,pairwise_correlation_filter_natural,mixed__r0p05__high,mixed,0.05,HIGH,per_record_inference_sec,5,6.182875100542636e-07,1.3363857374545123e-07,4.564790334067463e-07,8.072442166546049e-07,4.5235330426310613e-07,7.84221715845421e-07
decision_tree,pairwise_correlation_filter_natural,mixed__r0p05__high,mixed,0.05,HIGH,inference_cpu_time_sec,5,0.0038033172000018567,0.0008218525782865249,0.0027886208000040824,0.004953846500006876,0.0027828524417117272,0.004823781958291987
decision_tree,pairwise_correlation_filter_natural,mixed__r0p05__high,mixed,0.05,HIGH,inference_peak_rss_mib,5,806.734375,0.041247484535044676,806.68359375,806.796875,806.6831594834364,806.7855905165636
decision_tree,pairwise_correlation_filter_natural,mixed__r0p05__high,mixed,0.05,HIGH,peak_rss_mib,5,806.734375,0.041247484535044676,806.68359375,806.796875,806.6831594834364,806.7855905165636
decision_tree,pairwise_correlation_filter_natural,mixed__r0p05__high,mixed,0.05,HIGH,serialized_model_bytes,5,4116.0,327.90242451070714,3764.0,4404.0,3708.8553645610036,4523.144635438996
decision_tree,pairwise_correlation_filter_natural,mixed__r0p05__high,mixed,0.05,HIGH,serialized_model_kib,5,4.01953125,0.32021721143623744,3.67578125,4.30078125,3.621929066954105,4.417133433045895
logistic_regression,pairwise_correlation_filter_natural,mixed__r0p05__high,mixed,0.05,HIGH,selected_feature_count,5,42.0,0.0,42.0,42.0,42.0,42.0
logistic_regression,pairwise_correlation_filter_natural,mixed__r0p05__high,mixed,0.05,HIGH,source_block_count,5,9.0,0.0,9.0,9.0,9.0,9.0
logistic_regression,pairwise_correlation_filter_natural,mixed__r0p05__high,mixed,0.05,HIGH,selected_input_bytes,5,2016132.0,0.0,2016132.0,2016132.0,2016132.0,2016132.0
logistic_regression,pairwise_correlation_filter_natural,mixed__r0p05__high,mixed,0.05,HIGH,model_fit_wall_time_sec,5,0.5226187851993018,0.1320858923339655,0.33173528499901295,0.6544766820006771,0.358612488017468,0.6866250823811357
logistic_regression,pairwise_correlation_filter_natural,mixed__r0p05__high,mixed,0.05,HIGH,model_fit_cpu_time_sec,5,0.32897909459999986,0.11776488132572177,0.18253484599999936,0.47190246899999977,0.18275468120499616,0.47520350799500355
logistic_regression,pairwise_correlation_filter_natural,mixed__r0p05__high,mixed,0.05,HIGH,model_fit_peak_rss_mib,5,181.35625,0.274181465592076,181.0546875,181.63671875,181.01580874519928,181.6966912548007
logistic_regression,pairwise_correlation_filter_natural,mixed__r0p05__high,mixed,0.05,HIGH,combined_fit_wall_time_sec,5,0.5226187851993018,0.1320858923339655,0.33173528499901295,0.6544766820006771,0.358612488017468,0.6866250823811357
logistic_regression,pairwise_correlation_filter_natural,mixed__r0p05__high,mixed,0.05,HIGH,inference_wall_time_sec,5,0.0026922296399425247,0.0006632670634794016,0.0016969377000350505,0.003533662499830825,0.0018686748060251666,0.003515784473859883
logistic_regression,pairwise_correlation_filter_natural,mixed__r0p05__high,mixed,0.05,HIGH,per_record_inference_sec,5,4.487049399904208e-07,1.1054451057990022e-07,2.8282295000584177e-07,5.889437499718042e-07,3.114458010041945e-07,5.859640789766471e-07
logistic_regression,pairwise_correlation_filter_natural,mixed__r0p05__high,mixed,0.05,HIGH,inference_cpu_time_sec,5,0.002754121759996906,0.000705350685746746,0.001705416899994816,0.003667314799997712,0.0018783132073961384,0.003629930312597674
logistic_regression,pairwise_correlation_filter_natural,mixed__r0p05__high,mixed,0.05,HIGH,inference_peak_rss_mib,5,806.7171875,0.030832167594798617,806.68359375,806.7421875,806.678904307511,806.7554706924891
logistic_regression,pairwise_correlation_filter_natural,mixed__r0p05__high,mixed,0.05,HIGH,peak_rss_mib,5,806.7171875,0.030832167594798617,806.68359375,806.7421875,806.678904307511,806.7554706924891
logistic_regression,pairwise_correlation_filter_natural,mixed__r0p05__high,mixed,0.05,HIGH,serialized_model_bytes,5,2310.0,0.0,2310.0,2310.0,2310.0,2310.0
logistic_regression,pairwise_correlation_filter_natural,mixed__r0p05__high,mixed,0.05,HIGH,serialized_model_kib,5,2.255859375,0.0,2.255859375,2.255859375,2.255859375,2.255859375
decision_tree,mutual_information_select_k_best_k11,mixed__r0p05__high,mixed,0.05,HIGH,selected_feature_count,5,11.0,0.0,11.0,11.0,11.0,11.0
decision_tree,mutual_information_select_k_best_k11,mixed__r0p05__high,mixed,0.05,HIGH,source_block_count,5,5.0,0.7071067811865476,4.0,6.0,4.122010966914219,5.877989033085781
decision_tree,mutual_information_select_k_best_k11,mixed__r0p05__high,mixed,0.05,HIGH,selected_input_bytes,5,528132.0,0.0,528132.0,528132.0,528132.0,528132.0
decision_tree,mutual_information_select_k_best_k11,mixed__r0p05__high,mixed,0.05,HIGH,model_fit_wall_time_sec,0,,,,,,
decision_tree,mutual_information_select_k_best_k11,mixed__r0p05__high,mixed,0.05,HIGH,model_fit_cpu_time_sec,0,,,,,,
decision_tree,mutual_information_select_k_best_k11,mixed__r0p05__high,mixed,0.05,HIGH,model_fit_peak_rss_mib,0,,,,,,
decision_tree,mutual_information_select_k_best_k11,mixed__r0p05__high,mixed,0.05,HIGH,combined_fit_wall_time_sec,0,,,,,,
decision_tree,mutual_information_select_k_best_k11,mixed__r0p05__high,mixed,0.05,HIGH,inference_wall_time_sec,5,0.0024009250600647647,0.0005063444417505917,0.0018442004999087657,0.003080698900157586,0.0017722153960519724,0.0030296347240775573
decision_tree,mutual_information_select_k_best_k11,mixed__r0p05__high,mixed,0.05,HIGH,per_record_inference_sec,5,4.001541766774608e-07,8.439074029176528e-08,3.0736674998479427e-07,5.13449816692931e-07,2.953692326753288e-07,5.049391206795929e-07
decision_tree,mutual_information_select_k_best_k11,mixed__r0p05__high,mixed,0.05,HIGH,inference_cpu_time_sec,5,0.0024406200799990075,0.0005208728895211283,0.0018756115999963186,0.0031280254999956013,0.0017938709654397417,0.0030873691945582735
decision_tree,mutual_information_select_k_best_k11,mixed__r0p05__high,mixed,0.05,HIGH,inference_peak_rss_mib,5,806.7203125,0.0336708780304843,806.68359375,806.75,806.6785045829616,806.7621204170383
decision_tree,mutual_information_select_k_best_k11,mixed__r0p05__high,mixed,0.05,HIGH,peak_rss_mib,5,806.7203125,0.0336708780304843,806.68359375,806.75,806.6785045829616,806.7621204170383
decision_tree,mutual_information_select_k_best_k11,mixed__r0p05__high,mixed,0.05,HIGH,serialized_model_bytes,5,3402.4,341.02903102228703,3028.0,3716.0,2978.9565298369753,3825.843470163025
decision_tree,mutual_information_select_k_best_k11,mixed__r0p05__high,mixed,0.05,HIGH,serialized_model_kib,5,3.32265625,0.3330361631077022,2.95703125,3.62890625,2.909137236168921,3.736175263831079
logistic_regression,mutual_information_select_k_best_k11,mixed__r0p05__high,mixed,0.05,HIGH,selected_feature_count,5,11.0,0.0,11.0,11.0,11.0,11.0
logistic_regression,mutual_information_select_k_best_k11,mixed__r0p05__high,mixed,0.05,HIGH,source_block_count,5,5.0,0.7071067811865476,4.0,6.0,4.122010966914219,5.877989033085781
logistic_regression,mutual_information_select_k_best_k11,mixed__r0p05__high,mixed,0.05,HIGH,selected_input_bytes,5,528132.0,0.0,528132.0,528132.0,528132.0,528132.0
logistic_regression,mutual_information_select_k_best_k11,mixed__r0p05__high,mixed,0.05,HIGH,model_fit_wall_time_sec,5,0.27497685859998455,0.02091021720342391,0.24763035999785643,0.29918557299970416,0.24901339470385145,0.30094032249611763
logistic_regression,mutual_information_select_k_best_k11,mixed__r0p05__high,mixed,0.05,HIGH,model_fit_cpu_time_sec,5,0.09213092119999988,0.014315567471356337,0.07548344399999962,0.10902960499999992,0.07435579645694569,0.10990604594305407
logistic_regression,mutual_information_select_k_best_k11,mixed__r0p05__high,mixed,0.05,HIGH,model_fit_peak_rss_mib,5,163.92734375,0.3541635550567968,163.37890625,164.25390625,163.48759161420978,164.36709588579023
logistic_regression,mutual_information_select_k_best_k11,mixed__r0p05__high,mixed,0.05,HIGH,combined_fit_wall_time_sec,5,0.27497685859998455,0.02091021720342391,0.24763035999785643,0.29918557299970416,0.24901339470385145,0.30094032249611763
logistic_regression,mutual_information_select_k_best_k11,mixed__r0p05__high,mixed,0.05,HIGH,inference_wall_time_sec,5,0.002038827460055472,0.0003379061487542505,0.0017189203994348646,0.0025116212003922556,0.0016192615603752999,0.002458393359735644
logistic_regression,mutual_information_select_k_best_k11,mixed__r0p05__high,mixed,0.05,HIGH,per_record_inference_sec,5,3.3980457667591206e-07,5.631769145904175e-08,2.864867332391441e-07,4.1860353339870927e-07,2.698769267292167e-07,4.097322266226074e-07
logistic_regression,mutual_information_select_k_best_k11,mixed__r0p05__high,mixed,0.05,HIGH,inference_cpu_time_sec,5,0.0020843668000020445,0.0003347203772330846,0.001742008300004727,0.002569855199999438,0.0016687565581262102,0.002499977041877879
logistic_regression,mutual_information_select_k_best_k11,mixed__r0p05__high,mixed,0.05,HIGH,inference_peak_rss_mib,5,806.7203125,0.0336708780304843,806.68359375,806.75,806.6785045829616,806.7621204170383
logistic_regression,mutual_information_select_k_best_k11,mixed__r0p05__high,mixed,0.05,HIGH,peak_rss_mib,5,806.7203125,0.0336708780304843,806.68359375,806.75,806.6785045829616,806.7621204170383
logistic_regression,mutual_information_select_k_best_k11,mixed__r0p05__high,mixed,0.05,HIGH,serialized_model_bytes,5,1353.2,13.386560424545209,1334.0,1366.0,1336.5783898610498,1369.8216101389503
logistic_regression,mutual_information_select_k_best_k11,mixed__r0p05__high,mixed,0.05,HIGH,serialized_model_kib,5,1.321484375,0.01307281291459493,1.302734375,1.333984375,1.3052523338486814,1.3377164161513186
