classifier,configuration_id,scenario_id,attack_type,attack_rate,attack_severity,metric,count,mean,std,min,max,ci95_low,ci95_high
decision_tree,none_natural,quantity_manipulation__r0p05__medium,quantity_manipulation,0.05,MEDIUM,precision,5,0.4307399271375606,0.33373961877378283,0.1261564339781329,0.943089430894309,0.016347457731576087,0.8451323965435451
decision_tree,none_natural,quantity_manipulation__r0p05__medium,quantity_manipulation,0.05,MEDIUM,recall,5,0.8466666666666667,0.10501322668015577,0.77,1.0,0.7162755237626026,0.9770578095707307
decision_tree,none_natural,quantity_manipulation__r0p05__medium,quantity_manipulation,0.05,MEDIUM,f1,5,0.4976248126949983,0.26499892658075963,0.22404779686333084,0.8498168498168498,0.16858518599676503,0.8266644393932316
decision_tree,none_natural,quantity_manipulation__r0p05__medium,quantity_manipulation,0.05,MEDIUM,average_precision,5,0.7955115478100214,0.007246957098580584,0.787965259852871,0.8037311876024438,0.7865132620841796,0.8045098335358633
decision_tree,none_natural,quantity_manipulation__r0p05__medium,quantity_manipulation,0.05,MEDIUM,pr_auc_trapezoidal,5,0.8444181017514728,0.02990046143532975,0.8198649800994873,0.8954157293025768,0.8072917752575143,0.8815444282454313
decision_tree,none_natural,quantity_manipulation__r0p05__medium,quantity_manipulation,0.05,MEDIUM,roc_auc,5,0.9478088888888889,0.009233542868723448,0.9399134502923977,0.961208187134503,0.9363439311329148,0.959273846644863
decision_tree,none_natural,quantity_manipulation__r0p05__medium,quantity_manipulation,0.05,MEDIUM,TP,5,254.0,31.50396800404673,231.0,300.0,214.8826571287808,293.1173428712192
decision_tree,none_natural,quantity_manipulation__r0p05__medium,quantity_manipulation,0.05,MEDIUM,TN,5,4840.0,948.4874801493164,3622.0,5686.0,3662.2972431506505,6017.7027568493495
decision_tree,none_natural,quantity_manipulation__r0p05__medium,quantity_manipulation,0.05,MEDIUM,FP,5,860.0,948.4874801493164,14.0,2078.0,-317.7027568493495,2037.7027568493495
decision_tree,none_natural,quantity_manipulation__r0p05__medium,quantity_manipulation,0.05,MEDIUM,FN,5,46.0,31.50396800404673,0.0,69.0,6.882657128780792,85.11734287121921
decision_tree,none_natural,quantity_manipulation__r0p05__medium,quantity_manipulation,0.05,MEDIUM,attack_prevalence,5,0.05,0.0,0.05,0.05,0.05,0.05
decision_tree,none_natural,quantity_manipulation__r0p05__medium,quantity_manipulation,0.05,MEDIUM,visible_feature_attack_count,5,300.0,0.0,300.0,300.0,300.0,300.0
decision_tree,none_natural,quantity_manipulation__r0p05__medium,quantity_manipulation,0.05,MEDIUM,invisible_feature_attack_count,5,0.0,0.0,0.0,0.0,0.0,0.0
decision_tree,none_natural,quantity_manipulation__r0p05__medium,quantity_manipulation,0.05,MEDIUM,selected_feature_visibility_rate,5,1.0,0.0,1.0,1.0,1.0,1.0
decision_tree,none_natural,quantity_manipulation__r0p05__medium,quantity_manipulation,0.05,MEDIUM,visible_attack_recall,5,0.8466666666666667,0.10501322668015577,0.77,1.0,0.7162755237626026,0.9770578095707307
decision_tree,none_natural,quantity_manipulation__r0p05__medium,quantity_manipulation,0.05,MEDIUM,invisible_attack_recall,0,,,,,,
decision_tree,none_natural,quantity_manipulation__r0p05__medium,quantity_manipulation,0.05,MEDIUM,visible_attack_f1,5,0.4976248126949983,0.26499892658075963,0.22404779686333084,0.8498168498168498,0.16858518599676503,0.8266644393932316
decision_tree,none_natural,quantity_manipulation__r0p05__medium,quantity_manipulation,0.05,MEDIUM,paired_induced_attack_induced_detection_rate,5,0.7146666666666667,0.06044281043543006,0.6166666666666667,0.77,0.6396170049986787,0.7897163283346547
decision_tree,none_natural,quantity_manipulation__r0p05__medium,quantity_manipulation,0.05,MEDIUM,paired_induced_mean_anomaly_score_delta,5,0.43200636540092574,0.00661504486691947,0.42317444533641463,0.43867371948153033,0.4237927023431627,0.4402200284586888
decision_tree,none_natural,quantity_manipulation__r0p05__medium,quantity_manipulation,0.05,MEDIUM,paired_induced_median_anomaly_score_delta,5,0.5563148730408478,0.01965247503688091,0.5293615203928991,0.5796996639297837,0.5319131023119352,0.5807166437697604
decision_tree,none_natural,quantity_manipulation__r0p05__medium,quantity_manipulation,0.05,MEDIUM,selected_feature_count,5,43.0,0.0,43.0,43.0,43.0,43.0
decision_tree,none_natural,quantity_manipulation__r0p05__medium,quantity_manipulation,0.05,MEDIUM,source_block_count,5,10.0,0.0,10.0,10.0,10.0,10.0
decision_tree,none_natural,quantity_manipulation__r0p05__medium,quantity_manipulation,0.05,MEDIUM,selected_input_bytes,5,2064132.0,0.0,2064132.0,2064132.0,2064132.0,2064132.0
decision_tree,none_natural,quantity_manipulation__r0p05__medium,quantity_manipulation,0.05,MEDIUM,model_fit_wall_time_sec,0,,,,,,
decision_tree,none_natural,quantity_manipulation__r0p05__medium,quantity_manipulation,0.05,MEDIUM,model_fit_cpu_time_sec,0,,,,,,
decision_tree,none_natural,quantity_manipulation__r0p05__medium,quantity_manipulation,0.05,MEDIUM,model_fit_peak_rss_mib,0,,,,,,
decision_tree,none_natural,quantity_manipulation__r0p05__medium,quantity_manipulation,0.05,MEDIUM,combined_fit_wall_time_sec,0,,,,,,
decision_tree,none_natural,quantity_manipulation__r0p05__medium,quantity_manipulation,0.05,MEDIUM,inference_wall_time_sec,5,0.0025672485398536083,0.0004409331879279095,0.002018935499654617,0.003236928899423219,0.0020197576747898733,0.003114739404917343
decision_tree,none_natural,quantity_manipulation__r0p05__medium,quantity_manipulation,0.05,MEDIUM,per_record_inference_sec,5,4.2787475664226805e-07,7.348886465465162e-08,3.3648924994243617e-07,5.394881499038699e-07,3.366262791316455e-07,5.191232341528905e-07
decision_tree,none_natural,quantity_manipulation__r0p05__medium,quantity_manipulation,0.05,MEDIUM,inference_cpu_time_sec,5,0.0026238665600010337,0.00041639215964774616,0.0021501650999994127,0.0032812785000032817,0.002106847406231702,0.0031408857137703652
decision_tree,none_natural,quantity_manipulation__r0p05__medium,quantity_manipulation,0.05,MEDIUM,inference_peak_rss_mib,5,802.45625,2.1242645786248002,798.65625,803.40625,799.8186271500599,805.09387284994
decision_tree,none_natural,quantity_manipulation__r0p05__medium,quantity_manipulation,0.05,MEDIUM,peak_rss_mib,5,802.45625,2.1242645786248002,798.65625,803.40625,799.8186271500599,805.09387284994
decision_tree,none_natural,quantity_manipulation__r0p05__medium,quantity_manipulation,0.05,MEDIUM,serialized_model_bytes,5,4132.0,327.90242451070714,3780.0,4420.0,3724.8553645610036,4539.144635438996
decision_tree,none_natural,quantity_manipulation__r0p05__medium,quantity_manipulation,0.05,MEDIUM,serialized_model_kib,5,4.03515625,0.32021721143623744,3.69140625,4.31640625,3.637554066954105,4.432758433045895
logistic_regression,none_natural,quantity_manipulation__r0p05__medium,quantity_manipulation,0.05,MEDIUM,precision,5,0.05069422517608124,0.005706970631327412,0.044928522804629,0.05891472868217054,0.04360808520435016,0.057780365147812325
logistic_regression,none_natural,quantity_manipulation__r0p05__medium,quantity_manipulation,0.05,MEDIUM,recall,5,0.4333333333333333,0.049721446300587654,0.38,0.51,0.3715960035232228,0.4950706631434438
logistic_regression,none_natural,quantity_manipulation__r0p05__medium,quantity_manipulation,0.05,MEDIUM,f1,5,0.09053964107019721,0.008688436099149982,0.08153180975911056,0.10201342281879194,0.07975152276518016,0.10132775937521427
logistic_regression,none_natural,quantity_manipulation__r0p05__medium,quantity_manipulation,0.05,MEDIUM,average_precision,5,0.0539859149241679,0.004313494103878161,0.047192312315939663,0.058552687597782954,0.04863000458891392,0.059341825259421874
logistic_regression,none_natural,quantity_manipulation__r0p05__medium,quantity_manipulation,0.05,MEDIUM,pr_auc_trapezoidal,5,0.053343015353650006,0.004232132758178821,0.04670007976255072,0.05780271013688421,0.04808812847219639,0.058597902235103624
logistic_regression,none_natural,quantity_manipulation__r0p05__medium,quantity_manipulation,0.05,MEDIUM,roc_auc,5,0.5086414035087718,0.02730569711811413,0.4782672514619883,0.5356578947368421,0.4747369024513263,0.5425459045662174
logistic_regression,none_natural,quantity_manipulation__r0p05__medium,quantity_manipulation,0.05,MEDIUM,TP,5,130.0,14.916433890176299,114.0,153.0,111.47880105696686,148.52119894303314
logistic_regression,none_natural,quantity_manipulation__r0p05__medium,quantity_manipulation,0.05,MEDIUM,TN,5,3234.8,420.4048049202102,2837.0,3879.0,2712.798489058284,3756.8015109417165
logistic_regression,none_natural,quantity_manipulation__r0p05__medium,quantity_manipulation,0.05,MEDIUM,FP,5,2465.2,420.4048049202102,1821.0,2863.0,1943.1984890582833,2987.201510941716
logistic_regression,none_natural,quantity_manipulation__r0p05__medium,quantity_manipulation,0.05,MEDIUM,FN,5,170.0,14.916433890176299,147.0,186.0,151.47880105696686,188.52119894303314
logistic_regression,none_natural,quantity_manipulation__r0p05__medium,quantity_manipulation,0.05,MEDIUM,attack_prevalence,5,0.05,0.0,0.05,0.05,0.05,0.05
logistic_regression,none_natural,quantity_manipulation__r0p05__medium,quantity_manipulation,0.05,MEDIUM,visible_feature_attack_count,5,300.0,0.0,300.0,300.0,300.0,300.0
logistic_regression,none_natural,quantity_manipulation__r0p05__medium,quantity_manipulation,0.05,MEDIUM,invisible_feature_attack_count,5,0.0,0.0,0.0,0.0,0.0,0.0
logistic_regression,none_natural,quantity_manipulation__r0p05__medium,quantity_manipulation,0.05,MEDIUM,selected_feature_visibility_rate,5,1.0,0.0,1.0,1.0,1.0,1.0
logistic_regression,none_natural,quantity_manipulation__r0p05__medium,quantity_manipulation,0.05,MEDIUM,visible_attack_recall,5,0.4333333333333333,0.049721446300587654,0.38,0.51,0.3715960035232228,0.4950706631434438
logistic_regression,none_natural,quantity_manipulation__r0p05__medium,quantity_manipulation,0.05,MEDIUM,invisible_attack_recall,0,,,,,,
logistic_regression,none_natural,quantity_manipulation__r0p05__medium,quantity_manipulation,0.05,MEDIUM,visible_attack_f1,5,0.09053964107019721,0.008688436099149982,0.08153180975911056,0.10201342281879194,0.07975152276518016,0.10132775937521427
logistic_regression,none_natural,quantity_manipulation__r0p05__medium,quantity_manipulation,0.05,MEDIUM,paired_induced_attack_induced_detection_rate,5,0.024666666666666667,0.01894436298451043,0.0,0.05,0.001144133179877358,0.04818920015345597
logistic_regression,none_natural,quantity_manipulation__r0p05__medium,quantity_manipulation,0.05,MEDIUM,paired_induced_mean_anomaly_score_delta,5,0.0005465478328351796,0.00048777476053877617,4.394877340201775e-05,0.0012685139667412545,-5.910452655876223e-05,0.0011522001922291214
logistic_regression,none_natural,quantity_manipulation__r0p05__medium,quantity_manipulation,0.05,MEDIUM,paired_induced_median_anomaly_score_delta,5,-0.0010974686454951477,0.002257982538834769,-0.0031582583127705566,0.0026573911207291023,-0.003901124272541241,0.0017061869815509457
logistic_regression,none_natural,quantity_manipulation__r0p05__medium,quantity_manipulation,0.05,MEDIUM,selected_feature_count,5,43.0,0.0,43.0,43.0,43.0,43.0
logistic_regression,none_natural,quantity_manipulation__r0p05__medium,quantity_manipulation,0.05,MEDIUM,source_block_count,5,10.0,0.0,10.0,10.0,10.0,10.0
logistic_regression,none_natural,quantity_manipulation__r0p05__medium,quantity_manipulation,0.05,MEDIUM,selected_input_bytes,5,2064132.0,0.0,2064132.0,2064132.0,2064132.0,2064132.0
logistic_regression,none_natural,quantity_manipulation__r0p05__medium,quantity_manipulation,0.05,MEDIUM,model_fit_wall_time_sec,5,0.49001829079934395,0.09719446902817075,0.4144513709979947,0.6605000540002948,0.3693354177824376,0.6107011638162503
logistic_regression,none_natural,quantity_manipulation__r0p05__medium,quantity_manipulation,0.05,MEDIUM,model_fit_cpu_time_sec,5,0.29261962500000005,0.07522294968955433,0.21856836799999968,0.4180874179999998,0.19921799653171318,0.3860212534682869
logistic_regression,none_natural,quantity_manipulation__r0p05__medium,quantity_manipulation,0.05,MEDIUM,model_fit_peak_rss_mib,5,182.0546875,0.12530480415894876,181.8984375,182.19140625,181.89910103587374,182.21027396412626
logistic_regression,none_natural,quantity_manipulation__r0p05__medium,quantity_manipulation,0.05,MEDIUM,combined_fit_wall_time_sec,5,0.49001829079934395,0.09719446902817075,0.4144513709979947,0.6605000540002948,0.3693354177824376,0.6107011638162503
logistic_regression,none_natural,quantity_manipulation__r0p05__medium,quantity_manipulation,0.05,MEDIUM,inference_wall_time_sec,5,0.0023602063399448523,0.00038247991810720123,0.0018057211993436795,0.0028665278005064465,0.0018852947955948392,0.0028351178842948655
logistic_regression,none_natural,quantity_manipulation__r0p05__medium,quantity_manipulation,0.05,MEDIUM,per_record_inference_sec,5,3.9336772332414207e-07,6.374665301786687e-08,3.009535332239466e-07,4.777546334177411e-07,3.1421579926580653e-07,4.725196473824776e-07
logistic_regression,none_natural,quantity_manipulation__r0p05__medium,quantity_manipulation,0.05,MEDIUM,inference_cpu_time_sec,5,0.002425031760001275,0.0004445044693840442,0.0018058472999996412,0.0030455148000044117,0.0018731065633260011,0.0029769569566765485
logistic_regression,none_natural,quantity_manipulation__r0p05__medium,quantity_manipulation,0.05,MEDIUM,inference_peak_rss_mib,5,802.63125,1.7329526825623371,799.53125,803.40625,800.47950504347,804.78299495653
logistic_regression,none_natural,quantity_manipulation__r0p05__medium,quantity_manipulation,0.05,MEDIUM,peak_rss_mib,5,802.63125,1.7329526825623371,799.53125,803.40625,800.47950504347,804.78299495653
logistic_regression,none_natural,quantity_manipulation__r0p05__medium,quantity_manipulation,0.05,MEDIUM,serialized_model_bytes,5,2342.0,0.0,2342.0,2342.0,2342.0,2342.0
logistic_regression,none_natural,quantity_manipulation__r0p05__medium,quantity_manipulation,0.05,MEDIUM,serialized_model_kib,5,2.287109375,0.0,2.287109375,2.287109375,2.287109375,2.287109375
decision_tree,pairwise_correlation_filter_natural,quantity_manipulation__r0p05__medium,quantity_manipulation,0.05,MEDIUM,precision,5,0.4307399271375606,0.33373961877378283,0.1261564339781329,0.943089430894309,0.016347457731576087,0.8451323965435451
decision_tree,pairwise_correlation_filter_natural,quantity_manipulation__r0p05__medium,quantity_manipulation,0.05,MEDIUM,recall,5,0.8466666666666667,0.10501322668015577,0.77,1.0,0.7162755237626026,0.9770578095707307
decision_tree,pairwise_correlation_filter_natural,quantity_manipulation__r0p05__medium,quantity_manipulation,0.05,MEDIUM,f1,5,0.4976248126949983,0.26499892658075963,0.22404779686333084,0.8498168498168498,0.16858518599676503,0.8266644393932316
decision_tree,pairwise_correlation_filter_natural,quantity_manipulation__r0p05__medium,quantity_manipulation,0.05,MEDIUM,average_precision,5,0.7955115478100214,0.007246957098580584,0.787965259852871,0.8037311876024438,0.7865132620841796,0.8045098335358633
decision_tree,pairwise_correlation_filter_natural,quantity_manipulation__r0p05__medium,quantity_manipulation,0.05,MEDIUM,pr_auc_trapezoidal,5,0.8444181017514728,0.02990046143532975,0.8198649800994873,0.8954157293025768,0.8072917752575143,0.8815444282454313
decision_tree,pairwise_correlation_filter_natural,quantity_manipulation__r0p05__medium,quantity_manipulation,0.05,MEDIUM,roc_auc,5,0.9478088888888889,0.009233542868723448,0.9399134502923977,0.961208187134503,0.9363439311329148,0.959273846644863
decision_tree,pairwise_correlation_filter_natural,quantity_manipulation__r0p05__medium,quantity_manipulation,0.05,MEDIUM,TP,5,254.0,31.50396800404673,231.0,300.0,214.8826571287808,293.1173428712192
decision_tree,pairwise_correlation_filter_natural,quantity_manipulation__r0p05__medium,quantity_manipulation,0.05,MEDIUM,TN,5,4840.0,948.4874801493164,3622.0,5686.0,3662.2972431506505,6017.7027568493495
decision_tree,pairwise_correlation_filter_natural,quantity_manipulation__r0p05__medium,quantity_manipulation,0.05,MEDIUM,FP,5,860.0,948.4874801493164,14.0,2078.0,-317.7027568493495,2037.7027568493495
decision_tree,pairwise_correlation_filter_natural,quantity_manipulation__r0p05__medium,quantity_manipulation,0.05,MEDIUM,FN,5,46.0,31.50396800404673,0.0,69.0,6.882657128780792,85.11734287121921
decision_tree,pairwise_correlation_filter_natural,quantity_manipulation__r0p05__medium,quantity_manipulation,0.05,MEDIUM,attack_prevalence,5,0.05,0.0,0.05,0.05,0.05,0.05
decision_tree,pairwise_correlation_filter_natural,quantity_manipulation__r0p05__medium,quantity_manipulation,0.05,MEDIUM,visible_feature_attack_count,5,300.0,0.0,300.0,300.0,300.0,300.0
decision_tree,pairwise_correlation_filter_natural,quantity_manipulation__r0p05__medium,quantity_manipulation,0.05,MEDIUM,invisible_feature_attack_count,5,0.0,0.0,0.0,0.0,0.0,0.0
decision_tree,pairwise_correlation_filter_natural,quantity_manipulation__r0p05__medium,quantity_manipulation,0.05,MEDIUM,selected_feature_visibility_rate,5,1.0,0.0,1.0,1.0,1.0,1.0
decision_tree,pairwise_correlation_filter_natural,quantity_manipulation__r0p05__medium,quantity_manipulation,0.05,MEDIUM,visible_attack_recall,5,0.8466666666666667,0.10501322668015577,0.77,1.0,0.7162755237626026,0.9770578095707307
decision_tree,pairwise_correlation_filter_natural,quantity_manipulation__r0p05__medium,quantity_manipulation,0.05,MEDIUM,invisible_attack_recall,0,,,,,,
decision_tree,pairwise_correlation_filter_natural,quantity_manipulation__r0p05__medium,quantity_manipulation,0.05,MEDIUM,visible_attack_f1,5,0.4976248126949983,0.26499892658075963,0.22404779686333084,0.8498168498168498,0.16858518599676503,0.8266644393932316
decision_tree,pairwise_correlation_filter_natural,quantity_manipulation__r0p05__medium,quantity_manipulation,0.05,MEDIUM,paired_induced_attack_induced_detection_rate,5,0.7146666666666667,0.06044281043543006,0.6166666666666667,0.77,0.6396170049986787,0.7897163283346547
decision_tree,pairwise_correlation_filter_natural,quantity_manipulation__r0p05__medium,quantity_manipulation,0.05,MEDIUM,paired_induced_mean_anomaly_score_delta,5,0.43200636540092574,0.006615044866920243,0.4231744453364133,0.4386737194815322,0.42379270234316174,0.44022002845868974
decision_tree,pairwise_correlation_filter_natural,quantity_manipulation__r0p05__medium,quantity_manipulation,0.05,MEDIUM,paired_induced_median_anomaly_score_delta,5,0.5563148730408493,0.019652475036879537,0.5293615203929003,0.5796996639297805,0.5319131023119383,0.5807166437697602
decision_tree,pairwise_correlation_filter_natural,quantity_manipulation__r0p05__medium,quantity_manipulation,0.05,MEDIUM,selected_feature_count,5,42.0,0.0,42.0,42.0,42.0,42.0
decision_tree,pairwise_correlation_filter_natural,quantity_manipulation__r0p05__medium,quantity_manipulation,0.05,MEDIUM,source_block_count,5,9.0,0.0,9.0,9.0,9.0,9.0
decision_tree,pairwise_correlation_filter_natural,quantity_manipulation__r0p05__medium,quantity_manipulation,0.05,MEDIUM,selected_input_bytes,5,2016132.0,0.0,2016132.0,2016132.0,2016132.0,2016132.0
decision_tree,pairwise_correlation_filter_natural,quantity_manipulation__r0p05__medium,quantity_manipulation,0.05,MEDIUM,model_fit_wall_time_sec,0,,,,,,
decision_tree,pairwise_correlation_filter_natural,quantity_manipulation__r0p05__medium,quantity_manipulation,0.05,MEDIUM,model_fit_cpu_time_sec,0,,,,,,
decision_tree,pairwise_correlation_filter_natural,quantity_manipulation__r0p05__medium,quantity_manipulation,0.05,MEDIUM,model_fit_peak_rss_mib,0,,,,,,
decision_tree,pairwise_correlation_filter_natural,quantity_manipulation__r0p05__medium,quantity_manipulation,0.05,MEDIUM,combined_fit_wall_time_sec,0,,,,,,
decision_tree,pairwise_correlation_filter_natural,quantity_manipulation__r0p05__medium,quantity_manipulation,0.05,MEDIUM,inference_wall_time_sec,5,0.0024593082199862695,0.0003997845281156922,0.00199813310027821,0.002942085199902067,0.0019629101643857394,0.0029557062755867997
decision_tree,pairwise_correlation_filter_natural,quantity_manipulation__r0p05__medium,quantity_manipulation,0.05,MEDIUM,per_record_inference_sec,5,4.098847033310449e-07,6.663075468594869e-08,3.3302218337970166e-07,4.903475333170111e-07,3.271516940642899e-07,4.926177125977999e-07
decision_tree,pairwise_correlation_filter_natural,quantity_manipulation__r0p05__medium,quantity_manipulation,0.05,MEDIUM,inference_cpu_time_sec,5,0.002505475860000388,0.00039148290212138613,0.002090463600001158,0.0029982582000002366,0.002019385634523548,0.0029915660854772275
decision_tree,pairwise_correlation_filter_natural,quantity_manipulation__r0p05__medium,quantity_manipulation,0.05,MEDIUM,inference_peak_rss_mib,5,802.63125,1.7329526825623371,799.53125,803.40625,800.47950504347,804.78299495653
decision_tree,pairwise_correlation_filter_natural,quantity_manipulation__r0p05__medium,quantity_manipulation,0.05,MEDIUM,peak_rss_mib,5,802.63125,1.7329526825623371,799.53125,803.40625,800.47950504347,804.78299495653
decision_tree,pairwise_correlation_filter_natural,quantity_manipulation__r0p05__medium,quantity_manipulation,0.05,MEDIUM,serialized_model_bytes,5,4116.0,327.90242451070714,3764.0,4404.0,3708.8553645610036,4523.144635438996
decision_tree,pairwise_correlation_filter_natural,quantity_manipulation__r0p05__medium,quantity_manipulation,0.05,MEDIUM,serialized_model_kib,5,4.01953125,0.32021721143623744,3.67578125,4.30078125,3.621929066954105,4.417133433045895
logistic_regression,pairwise_correlation_filter_natural,quantity_manipulation__r0p05__medium,quantity_manipulation,0.05,MEDIUM,precision,5,0.05069422517608124,0.005706970631327412,0.044928522804629,0.05891472868217054,0.04360808520435016,0.057780365147812325
logistic_regression,pairwise_correlation_filter_natural,quantity_manipulation__r0p05__medium,quantity_manipulation,0.05,MEDIUM,recall,5,0.4333333333333333,0.049721446300587654,0.38,0.51,0.3715960035232228,0.4950706631434438
logistic_regression,pairwise_correlation_filter_natural,quantity_manipulation__r0p05__medium,quantity_manipulation,0.05,MEDIUM,f1,5,0.09053964107019721,0.008688436099149982,0.08153180975911056,0.10201342281879194,0.07975152276518016,0.10132775937521427
logistic_regression,pairwise_correlation_filter_natural,quantity_manipulation__r0p05__medium,quantity_manipulation,0.05,MEDIUM,average_precision,5,0.053985670941081754,0.0043125849061728255,0.04719250982040251,0.058548743907496315,0.048630889523885744,0.059340452358277763
logistic_regression,pairwise_correlation_filter_natural,quantity_manipulation__r0p05__medium,quantity_manipulation,0.05,MEDIUM,pr_auc_trapezoidal,5,0.0533427142258059,0.004231259812070731,0.0467002617574023,0.057798964023019754,0.04808891125010707,0.05859651720150473
logistic_regression,pairwise_correlation_filter_natural,quantity_manipulation__r0p05__medium,quantity_manipulation,0.05,MEDIUM,roc_auc,5,0.5086410526315789,0.02730578146934804,0.47826783625730995,0.5356520467836258,0.474736446838243,0.5425456584249148
logistic_regression,pairwise_correlation_filter_natural,quantity_manipulation__r0p05__medium,quantity_manipulation,0.05,MEDIUM,TP,5,130.0,14.916433890176299,114.0,153.0,111.47880105696686,148.52119894303314
logistic_regression,pairwise_correlation_filter_natural,quantity_manipulation__r0p05__medium,quantity_manipulation,0.05,MEDIUM,TN,5,3234.8,420.4048049202102,2837.0,3879.0,2712.798489058284,3756.8015109417165
logistic_regression,pairwise_correlation_filter_natural,quantity_manipulation__r0p05__medium,quantity_manipulation,0.05,MEDIUM,FP,5,2465.2,420.4048049202102,1821.0,2863.0,1943.1984890582833,2987.201510941716
logistic_regression,pairwise_correlation_filter_natural,quantity_manipulation__r0p05__medium,quantity_manipulation,0.05,MEDIUM,FN,5,170.0,14.916433890176299,147.0,186.0,151.47880105696686,188.52119894303314
logistic_regression,pairwise_correlation_filter_natural,quantity_manipulation__r0p05__medium,quantity_manipulation,0.05,MEDIUM,attack_prevalence,5,0.05,0.0,0.05,0.05,0.05,0.05
logistic_regression,pairwise_correlation_filter_natural,quantity_manipulation__r0p05__medium,quantity_manipulation,0.05,MEDIUM,visible_feature_attack_count,5,300.0,0.0,300.0,300.0,300.0,300.0
logistic_regression,pairwise_correlation_filter_natural,quantity_manipulation__r0p05__medium,quantity_manipulation,0.05,MEDIUM,invisible_feature_attack_count,5,0.0,0.0,0.0,0.0,0.0,0.0
logistic_regression,pairwise_correlation_filter_natural,quantity_manipulation__r0p05__medium,quantity_manipulation,0.05,MEDIUM,selected_feature_visibility_rate,5,1.0,0.0,1.0,1.0,1.0,1.0
logistic_regression,pairwise_correlation_filter_natural,quantity_manipulation__r0p05__medium,quantity_manipulation,0.05,MEDIUM,visible_attack_recall,5,0.4333333333333333,0.049721446300587654,0.38,0.51,0.3715960035232228,0.4950706631434438
logistic_regression,pairwise_correlation_filter_natural,quantity_manipulation__r0p05__medium,quantity_manipulation,0.05,MEDIUM,invisible_attack_recall,0,,,,,,
logistic_regression,pairwise_correlation_filter_natural,quantity_manipulation__r0p05__medium,quantity_manipulation,0.05,MEDIUM,visible_attack_f1,5,0.09053964107019721,0.008688436099149982,0.08153180975911056,0.10201342281879194,0.07975152276518016,0.10132775937521427
logistic_regression,pairwise_correlation_filter_natural,quantity_manipulation__r0p05__medium,quantity_manipulation,0.05,MEDIUM,paired_induced_attack_induced_detection_rate,5,0.024666666666666667,0.01894436298451043,0.0,0.05,0.001144133179877358,0.04818920015345597
logistic_regression,pairwise_correlation_filter_natural,quantity_manipulation__r0p05__medium,quantity_manipulation,0.05,MEDIUM,paired_induced_mean_anomaly_score_delta,5,0.000546571569806738,0.0004881907411569529,4.395296486039831e-05,0.0012696626280668437,-5.959729774474487e-05,0.0011527404373582208
logistic_regression,pairwise_correlation_filter_natural,quantity_manipulation__r0p05__medium,quantity_manipulation,0.05,MEDIUM,paired_induced_median_anomaly_score_delta,5,-0.0010961036774493227,0.0022583420134459236,-0.0031556267984426956,0.002659803694910118,-0.0039002056511783555,0.0017079982962797103
logistic_regression,pairwise_correlation_filter_natural,quantity_manipulation__r0p05__medium,quantity_manipulation,0.05,MEDIUM,selected_feature_count,5,42.0,0.0,42.0,42.0,42.0,42.0
logistic_regression,pairwise_correlation_filter_natural,quantity_manipulation__r0p05__medium,quantity_manipulation,0.05,MEDIUM,source_block_count,5,9.0,0.0,9.0,9.0,9.0,9.0
logistic_regression,pairwise_correlation_filter_natural,quantity_manipulation__r0p05__medium,quantity_manipulation,0.05,MEDIUM,selected_input_bytes,5,2016132.0,0.0,2016132.0,2016132.0,2016132.0,2016132.0
logistic_regression,pairwise_correlation_filter_natural,quantity_manipulation__r0p05__medium,quantity_manipulation,0.05,MEDIUM,model_fit_wall_time_sec,5,0.5226187851993018,0.1320858923339655,0.33173528499901295,0.6544766820006771,0.358612488017468,0.6866250823811357
logistic_regression,pairwise_correlation_filter_natural,quantity_manipulation__r0p05__medium,quantity_manipulation,0.05,MEDIUM,model_fit_cpu_time_sec,5,0.32897909459999986,0.11776488132572177,0.18253484599999936,0.47190246899999977,0.18275468120499616,0.47520350799500355
logistic_regression,pairwise_correlation_filter_natural,quantity_manipulation__r0p05__medium,quantity_manipulation,0.05,MEDIUM,model_fit_peak_rss_mib,5,181.35625,0.274181465592076,181.0546875,181.63671875,181.01580874519928,181.6966912548007
logistic_regression,pairwise_correlation_filter_natural,quantity_manipulation__r0p05__medium,quantity_manipulation,0.05,MEDIUM,combined_fit_wall_time_sec,5,0.5226187851993018,0.1320858923339655,0.33173528499901295,0.6544766820006771,0.358612488017468,0.6866250823811357
logistic_regression,pairwise_correlation_filter_natural,quantity_manipulation__r0p05__medium,quantity_manipulation,0.05,MEDIUM,inference_wall_time_sec,5,0.002931242459744681,0.0003991515031207584,0.0022338209993904455,0.003213895399676403,0.002435630408490324,0.003426854510999038
logistic_regression,pairwise_correlation_filter_natural,quantity_manipulation__r0p05__medium,quantity_manipulation,0.05,MEDIUM,per_record_inference_sec,5,4.885404099574468e-07,6.65252505201264e-08,3.7230349989840757e-07,5.356492332794005e-07,4.0593840141505394e-07,5.711424184998396e-07
logistic_regression,pairwise_correlation_filter_natural,quantity_manipulation__r0p05__medium,quantity_manipulation,0.05,MEDIUM,inference_cpu_time_sec,5,0.0029989746999990533,0.00042146832934741955,0.002251616999996031,0.0032719412999995257,0.0024756526490648596,0.003522296750933247
logistic_regression,pairwise_correlation_filter_natural,quantity_manipulation__r0p05__medium,quantity_manipulation,0.05,MEDIUM,inference_peak_rss_mib,5,803.40625,0.0,803.40625,803.40625,803.40625,803.40625
logistic_regression,pairwise_correlation_filter_natural,quantity_manipulation__r0p05__medium,quantity_manipulation,0.05,MEDIUM,peak_rss_mib,5,803.40625,0.0,803.40625,803.40625,803.40625,803.40625
logistic_regression,pairwise_correlation_filter_natural,quantity_manipulation__r0p05__medium,quantity_manipulation,0.05,MEDIUM,serialized_model_bytes,5,2310.0,0.0,2310.0,2310.0,2310.0,2310.0
logistic_regression,pairwise_correlation_filter_natural,quantity_manipulation__r0p05__medium,quantity_manipulation,0.05,MEDIUM,serialized_model_kib,5,2.255859375,0.0,2.255859375,2.255859375,2.255859375,2.255859375
decision_tree,mutual_information_select_k_best_k11,quantity_manipulation__r0p05__medium,quantity_manipulation,0.05,MEDIUM,precision,5,0.4629754453496341,0.3509024847707371,0.1267427122940431,0.9535864978902954,0.027272463129218938,0.8986784275700492
decision_tree,mutual_information_select_k_best_k11,quantity_manipulation__r0p05__medium,quantity_manipulation,0.05,MEDIUM,recall,5,0.842,0.10933130079411539,0.7533333333333333,1.0,0.7062472599270524,0.9777527400729475
decision_tree,mutual_information_select_k_best_k11,quantity_manipulation__r0p05__medium,quantity_manipulation,0.05,MEDIUM,f1,5,0.5160812177372491,0.27510763041804115,0.2249718785151856,0.8417132216014898,0.17448997741574918,0.8576724580587491
decision_tree,mutual_information_select_k_best_k11,quantity_manipulation__r0p05__medium,quantity_manipulation,0.05,MEDIUM,average_precision,5,0.7933514053954431,0.009782428941679728,0.77901885919241,0.8022941510505395,0.7812049155635632,0.8054978952273231
decision_tree,mutual_information_select_k_best_k11,quantity_manipulation__r0p05__medium,quantity_manipulation,0.05,MEDIUM,pr_auc_trapezoidal,5,0.8445124637446282,0.020851838141697353,0.8187432511402986,0.8675336720204474,0.8186214870276899,0.8704034404615665
decision_tree,mutual_information_select_k_best_k11,quantity_manipulation__r0p05__medium,quantity_manipulation,0.05,MEDIUM,roc_auc,5,0.9468611695906433,0.00792470128534963,0.9395789473684211,0.9567941520467836,0.9370213533080977,0.9567009858731889
decision_tree,mutual_information_select_k_best_k11,quantity_manipulation__r0p05__medium,quantity_manipulation,0.05,MEDIUM,TP,5,252.6,32.799390238234615,226.0,300.0,211.8741779781157,293.3258220218843
decision_tree,mutual_information_select_k_best_k11,quantity_manipulation__r0p05__medium,quantity_manipulation,0.05,MEDIUM,TN,5,4868.4,960.047811309416,3633.0,5689.0,3676.34319614183,6060.456803858169
decision_tree,mutual_information_select_k_best_k11,quantity_manipulation__r0p05__medium,quantity_manipulation,0.05,MEDIUM,FP,5,831.6,960.047811309416,11.0,2067.0,-360.4568038581698,2023.65680385817
decision_tree,mutual_information_select_k_best_k11,quantity_manipulation__r0p05__medium,quantity_manipulation,0.05,MEDIUM,FN,5,47.4,32.799390238234615,0.0,74.0,6.674177978115729,88.12582202188426
decision_tree,mutual_information_select_k_best_k11,quantity_manipulation__r0p05__medium,quantity_manipulation,0.05,MEDIUM,attack_prevalence,5,0.05,0.0,0.05,0.05,0.05,0.05
decision_tree,mutual_information_select_k_best_k11,quantity_manipulation__r0p05__medium,quantity_manipulation,0.05,MEDIUM,visible_feature_attack_count,5,300.0,0.0,300.0,300.0,300.0,300.0
decision_tree,mutual_information_select_k_best_k11,quantity_manipulation__r0p05__medium,quantity_manipulation,0.05,MEDIUM,invisible_feature_attack_count,5,0.0,0.0,0.0,0.0,0.0,0.0
decision_tree,mutual_information_select_k_best_k11,quantity_manipulation__r0p05__medium,quantity_manipulation,0.05,MEDIUM,selected_feature_visibility_rate,5,1.0,0.0,1.0,1.0,1.0,1.0
decision_tree,mutual_information_select_k_best_k11,quantity_manipulation__r0p05__medium,quantity_manipulation,0.05,MEDIUM,visible_attack_recall,5,0.842,0.10933130079411539,0.7533333333333333,1.0,0.7062472599270524,0.9777527400729475
decision_tree,mutual_information_select_k_best_k11,quantity_manipulation__r0p05__medium,quantity_manipulation,0.05,MEDIUM,invisible_attack_recall,0,,,,,,
decision_tree,mutual_information_select_k_best_k11,quantity_manipulation__r0p05__medium,quantity_manipulation,0.05,MEDIUM,visible_attack_f1,5,0.5160812177372491,0.27510763041804115,0.2249718785151856,0.8417132216014898,0.17448997741574918,0.8576724580587491
decision_tree,mutual_information_select_k_best_k11,quantity_manipulation__r0p05__medium,quantity_manipulation,0.05,MEDIUM,paired_induced_attack_induced_detection_rate,5,0.7173333333333334,0.05423201186671124,0.6266666666666667,0.7533333333333333,0.6499953966482253,0.7846712700184415
decision_tree,mutual_information_select_k_best_k11,quantity_manipulation__r0p05__medium,quantity_manipulation,0.05,MEDIUM,paired_induced_mean_anomaly_score_delta,5,0.4345840543073855,0.004473703759550646,0.42743841913879893,0.43867371948153033,0.42902921741051825,0.44013889120425276
decision_tree,mutual_information_select_k_best_k11,quantity_manipulation__r0p05__medium,quantity_manipulation,0.05,MEDIUM,paired_induced_median_anomaly_score_delta,5,0.5670051403037811,0.01644326858612081,0.5501612160294445,0.5895399902407634,0.5465881256875837,0.5874221549199785
decision_tree,mutual_information_select_k_best_k11,quantity_manipulation__r0p05__medium,quantity_manipulation,0.05,MEDIUM,selected_feature_count,5,11.0,0.0,11.0,11.0,11.0,11.0
decision_tree,mutual_information_select_k_best_k11,quantity_manipulation__r0p05__medium,quantity_manipulation,0.05,MEDIUM,source_block_count,5,5.0,0.7071067811865476,4.0,6.0,4.122010966914219,5.877989033085781
decision_tree,mutual_information_select_k_best_k11,quantity_manipulation__r0p05__medium,quantity_manipulation,0.05,MEDIUM,selected_input_bytes,5,528132.0,0.0,528132.0,528132.0,528132.0,528132.0
decision_tree,mutual_information_select_k_best_k11,quantity_manipulation__r0p05__medium,quantity_manipulation,0.05,MEDIUM,model_fit_wall_time_sec,0,,,,,,
decision_tree,mutual_information_select_k_best_k11,quantity_manipulation__r0p05__medium,quantity_manipulation,0.05,MEDIUM,model_fit_cpu_time_sec,0,,,,,,
decision_tree,mutual_information_select_k_best_k11,quantity_manipulation__r0p05__medium,quantity_manipulation,0.05,MEDIUM,model_fit_peak_rss_mib,0,,,,,,
decision_tree,mutual_information_select_k_best_k11,quantity_manipulation__r0p05__medium,quantity_manipulation,0.05,MEDIUM,combined_fit_wall_time_sec,0,,,,,,
decision_tree,mutual_information_select_k_best_k11,quantity_manipulation__r0p05__medium,quantity_manipulation,0.05,MEDIUM,inference_wall_time_sec,5,0.0022479877799923996,0.0005907546843376966,0.001705346899689175,0.0032438185000501106,0.0015144689566794697,0.0029815066033053294
decision_tree,mutual_information_select_k_best_k11,quantity_manipulation__r0p05__medium,quantity_manipulation,0.05,MEDIUM,per_record_inference_sec,5,3.7466462999873327e-07,9.84591140562828e-08,2.842244832815292e-07,5.406364166750185e-07,2.524114927799116e-07,4.969177672175549e-07
decision_tree,mutual_information_select_k_best_k11,quantity_manipulation__r0p05__medium,quantity_manipulation,0.05,MEDIUM,inference_cpu_time_sec,5,0.002308152839998456,0.0006638996180430876,0.0017243749999977353,0.003439200999997638,0.0014838125858524691,0.003132493094144443
decision_tree,mutual_information_select_k_best_k11,quantity_manipulation__r0p05__medium,quantity_manipulation,0.05,MEDIUM,inference_peak_rss_mib,5,803.40625,0.0,803.40625,803.40625,803.40625,803.40625
decision_tree,mutual_information_select_k_best_k11,quantity_manipulation__r0p05__medium,quantity_manipulation,0.05,MEDIUM,peak_rss_mib,5,803.40625,0.0,803.40625,803.40625,803.40625,803.40625
decision_tree,mutual_information_select_k_best_k11,quantity_manipulation__r0p05__medium,quantity_manipulation,0.05,MEDIUM,serialized_model_bytes,5,3402.4,341.02903102228703,3028.0,3716.0,2978.9565298369753,3825.843470163025
decision_tree,mutual_information_select_k_best_k11,quantity_manipulation__r0p05__medium,quantity_manipulation,0.05,MEDIUM,serialized_model_kib,5,3.32265625,0.3330361631077022,2.95703125,3.62890625,2.909137236168921,3.736175263831079
logistic_regression,mutual_information_select_k_best_k11,quantity_manipulation__r0p05__medium,quantity_manipulation,0.05,MEDIUM,precision,5,0.04903968191679654,0.003057357311322292,0.04489337822671156,0.05199844780752813,0.04524347141367958,0.05283589241991351
logistic_regression,mutual_information_select_k_best_k11,quantity_manipulation__r0p05__medium,quantity_manipulation,0.05,MEDIUM,recall,5,0.49066666666666664,0.06134601318205882,0.41333333333333333,0.5633333333333334,0.41449553066511013,0.5668378026682231
logistic_regression,mutual_information_select_k_best_k11,quantity_manipulation__r0p05__medium,quantity_manipulation,0.05,MEDIUM,f1,5,0.08905621462504257,0.005248901307794379,0.08281573498964803,0.09481065918653576,0.08253884284102446,0.09557358640906068
logistic_regression,mutual_information_select_k_best_k11,quantity_manipulation__r0p05__medium,quantity_manipulation,0.05,MEDIUM,average_precision,5,0.05100406695795577,0.006540642368244027,0.04388945400649139,0.058278810083363955,0.042882786804174504,0.05912534711173704
logistic_regression,mutual_information_select_k_best_k11,quantity_manipulation__r0p05__medium,quantity_manipulation,0.05,MEDIUM,pr_auc_trapezoidal,5,0.05037272029590399,0.006246533863901351,0.04353047808762967,0.057459150642573245,0.04261662408353087,0.058128816508277115
logistic_regression,mutual_information_select_k_best_k11,quantity_manipulation__r0p05__medium,quantity_manipulation,0.05,MEDIUM,roc_auc,5,0.48982619883040945,0.02809831642641801,0.4493327485380117,0.5243245614035088,0.45493753091356104,0.5247148667472579
logistic_regression,mutual_information_select_k_best_k11,quantity_manipulation__r0p05__medium,quantity_manipulation,0.05,MEDIUM,TP,5,147.2,18.403803954617644,124.0,169.0,124.34865919953305,170.05134080046693
logistic_regression,mutual_information_select_k_best_k11,quantity_manipulation__r0p05__medium,quantity_manipulation,0.05,MEDIUM,TN,5,2836.8,402.4856519181771,2296.0,3257.0,2337.0480562192306,3336.5519437807698
logistic_regression,mutual_information_select_k_best_k11,quantity_manipulation__r0p05__medium,quantity_manipulation,0.05,MEDIUM,FP,5,2863.2,402.4856519181771,2443.0,3404.0,2363.4480562192302,3362.9519437807694
logistic_regression,mutual_information_select_k_best_k11,quantity_manipulation__r0p05__medium,quantity_manipulation,0.05,MEDIUM,FN,5,152.8,18.403803954617644,131.0,176.0,129.94865919953307,175.65134080046695
logistic_regression,mutual_information_select_k_best_k11,quantity_manipulation__r0p05__medium,quantity_manipulation,0.05,MEDIUM,attack_prevalence,5,0.05,0.0,0.05,0.05,0.05,0.05
logistic_regression,mutual_information_select_k_best_k11,quantity_manipulation__r0p05__medium,quantity_manipulation,0.05,MEDIUM,visible_feature_attack_count,5,300.0,0.0,300.0,300.0,300.0,300.0
logistic_regression,mutual_information_select_k_best_k11,quantity_manipulation__r0p05__medium,quantity_manipulation,0.05,MEDIUM,invisible_feature_attack_count,5,0.0,0.0,0.0,0.0,0.0,0.0
logistic_regression,mutual_information_select_k_best_k11,quantity_manipulation__r0p05__medium,quantity_manipulation,0.05,MEDIUM,selected_feature_visibility_rate,5,1.0,0.0,1.0,1.0,1.0,1.0
logistic_regression,mutual_information_select_k_best_k11,quantity_manipulation__r0p05__medium,quantity_manipulation,0.05,MEDIUM,visible_attack_recall,5,0.49066666666666664,0.06134601318205882,0.41333333333333333,0.5633333333333334,0.41449553066511013,0.5668378026682231
logistic_regression,mutual_information_select_k_best_k11,quantity_manipulation__r0p05__medium,quantity_manipulation,0.05,MEDIUM,invisible_attack_recall,0,,,,,,
logistic_regression,mutual_information_select_k_best_k11,quantity_manipulation__r0p05__medium,quantity_manipulation,0.05,MEDIUM,visible_attack_f1,5,0.08905621462504257,0.005248901307794379,0.08281573498964803,0.09481065918653576,0.08253884284102446,0.09557358640906068
logistic_regression,mutual_information_select_k_best_k11,quantity_manipulation__r0p05__medium,quantity_manipulation,0.05,MEDIUM,paired_induced_attack_induced_detection_rate,5,0.03,0.02392116682401221,0.0033333333333333335,0.06333333333333334,0.00029794835957415444,0.05970205164042584
logistic_regression,mutual_information_select_k_best_k11,quantity_manipulation__r0p05__medium,quantity_manipulation,0.05,MEDIUM,paired_induced_mean_anomaly_score_delta,5,9.952949511715103e-05,0.0004164380637859009,-0.000497546124906836,0.0005265631308001482,-0.0004175466561678957,0.0006166056464021978
logistic_regression,mutual_information_select_k_best_k11,quantity_manipulation__r0p05__medium,quantity_manipulation,0.05,MEDIUM,paired_induced_median_anomaly_score_delta,5,-0.0012736233936994524,0.0009817938813052901,-0.0023738266213662595,0.00010461885230972356,-0.0024926815097739393,-5.456527762496524e-05
logistic_regression,mutual_information_select_k_best_k11,quantity_manipulation__r0p05__medium,quantity_manipulation,0.05,MEDIUM,selected_feature_count,5,11.0,0.0,11.0,11.0,11.0,11.0
logistic_regression,mutual_information_select_k_best_k11,quantity_manipulation__r0p05__medium,quantity_manipulation,0.05,MEDIUM,source_block_count,5,5.0,0.7071067811865476,4.0,6.0,4.122010966914219,5.877989033085781
logistic_regression,mutual_information_select_k_best_k11,quantity_manipulation__r0p05__medium,quantity_manipulation,0.05,MEDIUM,selected_input_bytes,5,528132.0,0.0,528132.0,528132.0,528132.0,528132.0
logistic_regression,mutual_information_select_k_best_k11,quantity_manipulation__r0p05__medium,quantity_manipulation,0.05,MEDIUM,model_fit_wall_time_sec,5,0.27497685859998455,0.02091021720342391,0.24763035999785643,0.29918557299970416,0.24901339470385145,0.30094032249611763
logistic_regression,mutual_information_select_k_best_k11,quantity_manipulation__r0p05__medium,quantity_manipulation,0.05,MEDIUM,model_fit_cpu_time_sec,5,0.09213092119999988,0.014315567471356337,0.07548344399999962,0.10902960499999992,0.07435579645694569,0.10990604594305407
logistic_regression,mutual_information_select_k_best_k11,quantity_manipulation__r0p05__medium,quantity_manipulation,0.05,MEDIUM,model_fit_peak_rss_mib,5,163.92734375,0.3541635550567968,163.37890625,164.25390625,163.48759161420978,164.36709588579023
logistic_regression,mutual_information_select_k_best_k11,quantity_manipulation__r0p05__medium,quantity_manipulation,0.05,MEDIUM,combined_fit_wall_time_sec,5,0.27497685859998455,0.02091021720342391,0.24763035999785643,0.29918557299970416,0.24901339470385145,0.30094032249611763
logistic_regression,mutual_information_select_k_best_k11,quantity_manipulation__r0p05__medium,quantity_manipulation,0.05,MEDIUM,inference_wall_time_sec,5,0.0017032685600861439,0.00021254702359633186,0.0014845685996988322,0.0019951212001615205,0.001439356572961003,0.0019671805472112848
logistic_regression,mutual_information_select_k_best_k11,quantity_manipulation__r0p05__medium,quantity_manipulation,0.05,MEDIUM,per_record_inference_sec,5,2.8387809334769066e-07,3.5424503932721975e-08,2.474280999498054e-07,3.325202000269201e-07,2.398927621601672e-07,3.2786342453521413e-07
logistic_regression,mutual_information_select_k_best_k11,quantity_manipulation__r0p05__medium,quantity_manipulation,0.05,MEDIUM,inference_cpu_time_sec,5,0.001754026899999417,0.00026709726154417,0.0014919422999980724,0.0021546967000006132,0.0014223818463209427,0.002085671953677891
logistic_regression,mutual_information_select_k_best_k11,quantity_manipulation__r0p05__medium,quantity_manipulation,0.05,MEDIUM,inference_peak_rss_mib,5,803.40625,0.0,803.40625,803.40625,803.40625,803.40625
logistic_regression,mutual_information_select_k_best_k11,quantity_manipulation__r0p05__medium,quantity_manipulation,0.05,MEDIUM,peak_rss_mib,5,803.40625,0.0,803.40625,803.40625,803.40625,803.40625
logistic_regression,mutual_information_select_k_best_k11,quantity_manipulation__r0p05__medium,quantity_manipulation,0.05,MEDIUM,serialized_model_bytes,5,1353.2,13.386560424545209,1334.0,1366.0,1336.5783898610498,1369.8216101389503
logistic_regression,mutual_information_select_k_best_k11,quantity_manipulation__r0p05__medium,quantity_manipulation,0.05,MEDIUM,serialized_model_kib,5,1.321484375,0.01307281291459493,1.302734375,1.333984375,1.3052523338486814,1.3377164161513186
decision_tree,none_natural,value_manipulation__r0p05__medium,value_manipulation,0.05,MEDIUM,precision,5,0.1908864509818645,0.18976829823531816,0.06057866184448463,0.5172413793103449,-0.04474201293751226,0.42651491490124127
decision_tree,none_natural,value_manipulation__r0p05__medium,value_manipulation,0.05,MEDIUM,recall,5,0.242,0.16922371780181011,0.05,0.44666666666666666,0.031881001963131955,0.45211899803686806
decision_tree,none_natural,value_manipulation__r0p05__medium,value_manipulation,0.05,MEDIUM,f1,5,0.1256740424064138,0.045413722105719645,0.0911854103343465,0.20512820512820512,0.06928545864326648,0.18206262616956115
decision_tree,none_natural,value_manipulation__r0p05__medium,value_manipulation,0.05,MEDIUM,average_precision,5,0.08636274452741093,0.028619630447535016,0.061138011452793996,0.12655485274225753,0.05082677975878217,0.12189870929603969
decision_tree,none_natural,value_manipulation__r0p05__medium,value_manipulation,0.05,MEDIUM,pr_auc_trapezoidal,5,0.13114194132144208,0.04274087499511266,0.07463060714463783,0.17463653386984757,0.07807213558824103,0.18421174705464313
decision_tree,none_natural,value_manipulation__r0p05__medium,value_manipulation,0.05,MEDIUM,roc_auc,5,0.5664573684210527,0.037763545091213206,0.5333801169590643,0.6308286549707602,0.5195677340367115,0.6133470028053938
decision_tree,none_natural,value_manipulation__r0p05__medium,value_manipulation,0.05,MEDIUM,TP,5,72.6,50.767115340543036,15.0,134.0,9.564300588939581,135.63569941106041
decision_tree,none_natural,value_manipulation__r0p05__medium,value_manipulation,0.05,MEDIUM,TN,5,4840.0,948.4874801493164,3622.0,5686.0,3662.2972431506505,6017.7027568493495
decision_tree,none_natural,value_manipulation__r0p05__medium,value_manipulation,0.05,MEDIUM,FP,5,860.0,948.4874801493164,14.0,2078.0,-317.7027568493495,2037.7027568493495
decision_tree,none_natural,value_manipulation__r0p05__medium,value_manipulation,0.05,MEDIUM,FN,5,227.4,50.767115340543036,166.0,285.0,164.36430058893959,290.4356994110604
decision_tree,none_natural,value_manipulation__r0p05__medium,value_manipulation,0.05,MEDIUM,attack_prevalence,5,0.05,0.0,0.05,0.05,0.05,0.05
decision_tree,none_natural,value_manipulation__r0p05__medium,value_manipulation,0.05,MEDIUM,visible_feature_attack_count,5,300.0,0.0,300.0,300.0,300.0,300.0
decision_tree,none_natural,value_manipulation__r0p05__medium,value_manipulation,0.05,MEDIUM,invisible_feature_attack_count,5,0.0,0.0,0.0,0.0,0.0,0.0
decision_tree,none_natural,value_manipulation__r0p05__medium,value_manipulation,0.05,MEDIUM,selected_feature_visibility_rate,5,1.0,0.0,1.0,1.0,1.0,1.0
decision_tree,none_natural,value_manipulation__r0p05__medium,value_manipulation,0.05,MEDIUM,visible_attack_recall,5,0.242,0.16922371780181011,0.05,0.44666666666666666,0.031881001963131955,0.45211899803686806
decision_tree,none_natural,value_manipulation__r0p05__medium,value_manipulation,0.05,MEDIUM,invisible_attack_recall,0,,,,,,
decision_tree,none_natural,value_manipulation__r0p05__medium,value_manipulation,0.05,MEDIUM,visible_attack_f1,5,0.1256740424064138,0.045413722105719645,0.0911854103343465,0.20512820512820512,0.06928545864326648,0.18206262616956115
decision_tree,none_natural,value_manipulation__r0p05__medium,value_manipulation,0.05,MEDIUM,paired_induced_attack_induced_detection_rate,5,0.098,0.06418722614352484,0.05,0.21,0.018301032152958432,0.1776989678470416
decision_tree,none_natural,value_manipulation__r0p05__medium,value_manipulation,0.05,MEDIUM,paired_induced_mean_anomaly_score_delta,5,0.035922145192385325,0.02600349950993205,0.017527195371610772,0.07855735586859536,0.003634536023567815,0.06820975436120283
decision_tree,none_natural,value_manipulation__r0p05__medium,value_manipulation,0.05,MEDIUM,paired_induced_median_anomaly_score_delta,5,0.0,0.0,0.0,0.0,0.0,0.0
decision_tree,none_natural,value_manipulation__r0p05__medium,value_manipulation,0.05,MEDIUM,selected_feature_count,5,43.0,0.0,43.0,43.0,43.0,43.0
decision_tree,none_natural,value_manipulation__r0p05__medium,value_manipulation,0.05,MEDIUM,source_block_count,5,10.0,0.0,10.0,10.0,10.0,10.0
decision_tree,none_natural,value_manipulation__r0p05__medium,value_manipulation,0.05,MEDIUM,selected_input_bytes,5,2064132.0,0.0,2064132.0,2064132.0,2064132.0,2064132.0
decision_tree,none_natural,value_manipulation__r0p05__medium,value_manipulation,0.05,MEDIUM,model_fit_wall_time_sec,0,,,,,,
decision_tree,none_natural,value_manipulation__r0p05__medium,value_manipulation,0.05,MEDIUM,model_fit_cpu_time_sec,0,,,,,,
decision_tree,none_natural,value_manipulation__r0p05__medium,value_manipulation,0.05,MEDIUM,model_fit_peak_rss_mib,0,,,,,,
decision_tree,none_natural,value_manipulation__r0p05__medium,value_manipulation,0.05,MEDIUM,combined_fit_wall_time_sec,0,,,,,,
decision_tree,none_natural,value_manipulation__r0p05__medium,value_manipulation,0.05,MEDIUM,inference_wall_time_sec,5,0.0024121065197687127,0.000300834577570366,0.00213267309954972,0.0027609021999523975,0.0020385710553844547,0.0027856419841529706
decision_tree,none_natural,value_manipulation__r0p05__medium,value_manipulation,0.05,MEDIUM,per_record_inference_sec,5,4.0201775329478546e-07,5.013909626172766e-08,3.5544551659161997e-07,4.601503666587329e-07,3.397618425640758e-07,4.6427366402549513e-07
decision_tree,none_natural,value_manipulation__r0p05__medium,value_manipulation,0.05,MEDIUM,inference_cpu_time_sec,5,0.0024630048199992412,0.0003553799066185052,0.002107842999998866,0.0028602906999992683,0.002021742384265677,0.0029042672557328055
decision_tree,none_natural,value_manipulation__r0p05__medium,value_manipulation,0.05,MEDIUM,inference_peak_rss_mib,5,803.40625,0.0,803.40625,803.40625,803.40625,803.40625
decision_tree,none_natural,value_manipulation__r0p05__medium,value_manipulation,0.05,MEDIUM,peak_rss_mib,5,803.40625,0.0,803.40625,803.40625,803.40625,803.40625
decision_tree,none_natural,value_manipulation__r0p05__medium,value_manipulation,0.05,MEDIUM,serialized_model_bytes,5,4132.0,327.90242451070714,3780.0,4420.0,3724.8553645610036,4539.144635438996
decision_tree,none_natural,value_manipulation__r0p05__medium,value_manipulation,0.05,MEDIUM,serialized_model_kib,5,4.03515625,0.32021721143623744,3.69140625,4.31640625,3.637554066954105,4.432758433045895
logistic_regression,none_natural,value_manipulation__r0p05__medium,value_manipulation,0.05,MEDIUM,precision,5,0.050074040973580536,0.00504130499390047,0.0446033367381682,0.05745341614906832,0.0438144340586845,0.05633364788847657
logistic_regression,none_natural,value_manipulation__r0p05__medium,value_manipulation,0.05,MEDIUM,recall,5,0.42866666666666664,0.054853339815264586,0.37,0.5166666666666667,0.3605572494367614,0.4967760838965719
logistic_regression,none_natural,value_manipulation__r0p05__medium,value_manipulation,0.05,MEDIUM,f1,5,0.08944442325542049,0.0076298937486982835,0.08093914118010503,0.09946236559139784,0.07997065887753434,0.09891818763330663
logistic_regression,none_natural,value_manipulation__r0p05__medium,value_manipulation,0.05,MEDIUM,average_precision,5,0.05640146577682713,0.009095032565494291,0.047274468156336236,0.0715287460783147,0.04510849127775307,0.06769444027590119
logistic_regression,none_natural,value_manipulation__r0p05__medium,value_manipulation,0.05,MEDIUM,pr_auc_trapezoidal,5,0.055622239374794144,0.00878563662178462,0.04671023431181173,0.07018200472637795,0.04471343068021497,0.06653104806937332
logistic_regression,none_natural,value_manipulation__r0p05__medium,value_manipulation,0.05,MEDIUM,roc_auc,5,0.5032570760233919,0.021179039201077988,0.4761672514619883,0.5196859649122807,0.4769598255308462,0.5295543265159375
logistic_regression,none_natural,value_manipulation__r0p05__medium,value_manipulation,0.05,MEDIUM,TP,5,128.6,16.45600194457937,111.0,155.0,108.16717483102842,149.03282516897156
logistic_regression,none_natural,value_manipulation__r0p05__medium,value_manipulation,0.05,MEDIUM,TN,5,3234.8,420.4048049202102,2837.0,3879.0,2712.798489058284,3756.8015109417165
logistic_regression,none_natural,value_manipulation__r0p05__medium,value_manipulation,0.05,MEDIUM,FP,5,2465.2,420.4048049202102,1821.0,2863.0,1943.1984890582833,2987.201510941716
logistic_regression,none_natural,value_manipulation__r0p05__medium,value_manipulation,0.05,MEDIUM,FN,5,171.4,16.45600194457937,145.0,189.0,150.96717483102844,191.83282516897157
logistic_regression,none_natural,value_manipulation__r0p05__medium,value_manipulation,0.05,MEDIUM,attack_prevalence,5,0.05,0.0,0.05,0.05,0.05,0.05
logistic_regression,none_natural,value_manipulation__r0p05__medium,value_manipulation,0.05,MEDIUM,visible_feature_attack_count,5,300.0,0.0,300.0,300.0,300.0,300.0
logistic_regression,none_natural,value_manipulation__r0p05__medium,value_manipulation,0.05,MEDIUM,invisible_feature_attack_count,5,0.0,0.0,0.0,0.0,0.0,0.0
logistic_regression,none_natural,value_manipulation__r0p05__medium,value_manipulation,0.05,MEDIUM,selected_feature_visibility_rate,5,1.0,0.0,1.0,1.0,1.0,1.0
logistic_regression,none_natural,value_manipulation__r0p05__medium,value_manipulation,0.05,MEDIUM,visible_attack_recall,5,0.42866666666666664,0.054853339815264586,0.37,0.5166666666666667,0.3605572494367614,0.4967760838965719
logistic_regression,none_natural,value_manipulation__r0p05__medium,value_manipulation,0.05,MEDIUM,invisible_attack_recall,0,,,,,,
logistic_regression,none_natural,value_manipulation__r0p05__medium,value_manipulation,0.05,MEDIUM,visible_attack_f1,5,0.08944442325542049,0.0076298937486982835,0.08093914118010503,0.09946236559139784,0.07997065887753434,0.09891818763330663
logistic_regression,none_natural,value_manipulation__r0p05__medium,value_manipulation,0.05,MEDIUM,paired_induced_attack_induced_detection_rate,5,0.052666666666666674,0.05579725202313582,0.0,0.14,-0.016614772369218274,0.12194810570255163
logistic_regression,none_natural,value_manipulation__r0p05__medium,value_manipulation,0.05,MEDIUM,paired_induced_mean_anomaly_score_delta,5,0.0005437992312179159,0.0006452666350919156,-7.530611824487406e-05,0.0016051856955716054,-0.0002574051188184381,0.00134500358125427
logistic_regression,none_natural,value_manipulation__r0p05__medium,value_manipulation,0.05,MEDIUM,paired_induced_median_anomaly_score_delta,5,-0.001169450495639096,0.001191731764739018,-0.0028322786684353563,0.0003911934394782157,-0.0026491809234325484,0.00031027993215435663
logistic_regression,none_natural,value_manipulation__r0p05__medium,value_manipulation,0.05,MEDIUM,selected_feature_count,5,43.0,0.0,43.0,43.0,43.0,43.0
logistic_regression,none_natural,value_manipulation__r0p05__medium,value_manipulation,0.05,MEDIUM,source_block_count,5,10.0,0.0,10.0,10.0,10.0,10.0
logistic_regression,none_natural,value_manipulation__r0p05__medium,value_manipulation,0.05,MEDIUM,selected_input_bytes,5,2064132.0,0.0,2064132.0,2064132.0,2064132.0,2064132.0
logistic_regression,none_natural,value_manipulation__r0p05__medium,value_manipulation,0.05,MEDIUM,model_fit_wall_time_sec,5,0.49001829079934395,0.09719446902817075,0.4144513709979947,0.6605000540002948,0.3693354177824376,0.6107011638162503
logistic_regression,none_natural,value_manipulation__r0p05__medium,value_manipulation,0.05,MEDIUM,model_fit_cpu_time_sec,5,0.29261962500000005,0.07522294968955433,0.21856836799999968,0.4180874179999998,0.19921799653171318,0.3860212534682869
logistic_regression,none_natural,value_manipulation__r0p05__medium,value_manipulation,0.05,MEDIUM,model_fit_peak_rss_mib,5,182.0546875,0.12530480415894876,181.8984375,182.19140625,181.89910103587374,182.21027396412626
logistic_regression,none_natural,value_manipulation__r0p05__medium,value_manipulation,0.05,MEDIUM,combined_fit_wall_time_sec,5,0.49001829079934395,0.09719446902817075,0.4144513709979947,0.6605000540002948,0.3693354177824376,0.6107011638162503
logistic_regression,none_natural,value_manipulation__r0p05__medium,value_manipulation,0.05,MEDIUM,inference_wall_time_sec,5,0.0024193494001519865,0.00037373797292861345,0.00198490659968229,0.0027518807000888046,0.0019552924144045055,0.0028834063858994676
logistic_regression,none_natural,value_manipulation__r0p05__medium,value_manipulation,0.05,MEDIUM,per_record_inference_sec,5,4.032249000253311e-07,6.228966215476892e-08,3.30817766613715e-07,4.586467833481341e-07,3.2588206906741757e-07,4.805677309832447e-07
logistic_regression,none_natural,value_manipulation__r0p05__medium,value_manipulation,0.05,MEDIUM,inference_cpu_time_sec,5,0.0024777812000002087,0.0003917538258717668,0.00201951960000315,0.0028081690000021807,0.001991354578256263,0.0029642078217441544
logistic_regression,none_natural,value_manipulation__r0p05__medium,value_manipulation,0.05,MEDIUM,inference_peak_rss_mib,5,803.40625,0.0,803.40625,803.40625,803.40625,803.40625
logistic_regression,none_natural,value_manipulation__r0p05__medium,value_manipulation,0.05,MEDIUM,peak_rss_mib,5,803.40625,0.0,803.40625,803.40625,803.40625,803.40625
logistic_regression,none_natural,value_manipulation__r0p05__medium,value_manipulation,0.05,MEDIUM,serialized_model_bytes,5,2342.0,0.0,2342.0,2342.0,2342.0,2342.0
logistic_regression,none_natural,value_manipulation__r0p05__medium,value_manipulation,0.05,MEDIUM,serialized_model_kib,5,2.287109375,0.0,2.287109375,2.287109375,2.287109375,2.287109375
decision_tree,pairwise_correlation_filter_natural,value_manipulation__r0p05__medium,value_manipulation,0.05,MEDIUM,precision,5,0.1908864509818645,0.18976829823531816,0.06057866184448463,0.5172413793103449,-0.04474201293751226,0.42651491490124127
decision_tree,pairwise_correlation_filter_natural,value_manipulation__r0p05__medium,value_manipulation,0.05,MEDIUM,recall,5,0.242,0.16922371780181011,0.05,0.44666666666666666,0.031881001963131955,0.45211899803686806
decision_tree,pairwise_correlation_filter_natural,value_manipulation__r0p05__medium,value_manipulation,0.05,MEDIUM,f1,5,0.1256740424064138,0.045413722105719645,0.0911854103343465,0.20512820512820512,0.06928545864326648,0.18206262616956115
decision_tree,pairwise_correlation_filter_natural,value_manipulation__r0p05__medium,value_manipulation,0.05,MEDIUM,average_precision,5,0.08636274452741093,0.028619630447535016,0.061138011452793996,0.12655485274225753,0.05082677975878217,0.12189870929603969
decision_tree,pairwise_correlation_filter_natural,value_manipulation__r0p05__medium,value_manipulation,0.05,MEDIUM,pr_auc_trapezoidal,5,0.13114194132144208,0.04274087499511266,0.07463060714463783,0.17463653386984757,0.07807213558824103,0.18421174705464313
decision_tree,pairwise_correlation_filter_natural,value_manipulation__r0p05__medium,value_manipulation,0.05,MEDIUM,roc_auc,5,0.5664573684210527,0.037763545091213206,0.5333801169590643,0.6308286549707602,0.5195677340367115,0.6133470028053938
decision_tree,pairwise_correlation_filter_natural,value_manipulation__r0p05__medium,value_manipulation,0.05,MEDIUM,TP,5,72.6,50.767115340543036,15.0,134.0,9.564300588939581,135.63569941106041
decision_tree,pairwise_correlation_filter_natural,value_manipulation__r0p05__medium,value_manipulation,0.05,MEDIUM,TN,5,4840.0,948.4874801493164,3622.0,5686.0,3662.2972431506505,6017.7027568493495
decision_tree,pairwise_correlation_filter_natural,value_manipulation__r0p05__medium,value_manipulation,0.05,MEDIUM,FP,5,860.0,948.4874801493164,14.0,2078.0,-317.7027568493495,2037.7027568493495
decision_tree,pairwise_correlation_filter_natural,value_manipulation__r0p05__medium,value_manipulation,0.05,MEDIUM,FN,5,227.4,50.767115340543036,166.0,285.0,164.36430058893959,290.4356994110604
decision_tree,pairwise_correlation_filter_natural,value_manipulation__r0p05__medium,value_manipulation,0.05,MEDIUM,attack_prevalence,5,0.05,0.0,0.05,0.05,0.05,0.05
decision_tree,pairwise_correlation_filter_natural,value_manipulation__r0p05__medium,value_manipulation,0.05,MEDIUM,visible_feature_attack_count,5,300.0,0.0,300.0,300.0,300.0,300.0
decision_tree,pairwise_correlation_filter_natural,value_manipulation__r0p05__medium,value_manipulation,0.05,MEDIUM,invisible_feature_attack_count,5,0.0,0.0,0.0,0.0,0.0,0.0
decision_tree,pairwise_correlation_filter_natural,value_manipulation__r0p05__medium,value_manipulation,0.05,MEDIUM,selected_feature_visibility_rate,5,1.0,0.0,1.0,1.0,1.0,1.0
decision_tree,pairwise_correlation_filter_natural,value_manipulation__r0p05__medium,value_manipulation,0.05,MEDIUM,visible_attack_recall,5,0.242,0.16922371780181011,0.05,0.44666666666666666,0.031881001963131955,0.45211899803686806
decision_tree,pairwise_correlation_filter_natural,value_manipulation__r0p05__medium,value_manipulation,0.05,MEDIUM,invisible_attack_recall,0,,,,,,
decision_tree,pairwise_correlation_filter_natural,value_manipulation__r0p05__medium,value_manipulation,0.05,MEDIUM,visible_attack_f1,5,0.1256740424064138,0.045413722105719645,0.0911854103343465,0.20512820512820512,0.06928545864326648,0.18206262616956115
decision_tree,pairwise_correlation_filter_natural,value_manipulation__r0p05__medium,value_manipulation,0.05,MEDIUM,paired_induced_attack_induced_detection_rate,5,0.098,0.06418722614352484,0.05,0.21,0.018301032152958432,0.1776989678470416
decision_tree,pairwise_correlation_filter_natural,value_manipulation__r0p05__medium,value_manipulation,0.05,MEDIUM,paired_induced_mean_anomaly_score_delta,5,0.03592214519238536,0.02600349950993225,0.01752719537161072,0.0785573558685958,0.0036345360235676,0.06820975436120312
decision_tree,pairwise_correlation_filter_natural,value_manipulation__r0p05__medium,value_manipulation,0.05,MEDIUM,paired_induced_median_anomaly_score_delta,5,0.0,0.0,0.0,0.0,0.0,0.0
decision_tree,pairwise_correlation_filter_natural,value_manipulation__r0p05__medium,value_manipulation,0.05,MEDIUM,selected_feature_count,5,42.0,0.0,42.0,42.0,42.0,42.0
decision_tree,pairwise_correlation_filter_natural,value_manipulation__r0p05__medium,value_manipulation,0.05,MEDIUM,source_block_count,5,9.0,0.0,9.0,9.0,9.0,9.0
decision_tree,pairwise_correlation_filter_natural,value_manipulation__r0p05__medium,value_manipulation,0.05,MEDIUM,selected_input_bytes,5,2016132.0,0.0,2016132.0,2016132.0,2016132.0,2016132.0
decision_tree,pairwise_correlation_filter_natural,value_manipulation__r0p05__medium,value_manipulation,0.05,MEDIUM,model_fit_wall_time_sec,0,,,,,,
decision_tree,pairwise_correlation_filter_natural,value_manipulation__r0p05__medium,value_manipulation,0.05,MEDIUM,model_fit_cpu_time_sec,0,,,,,,
decision_tree,pairwise_correlation_filter_natural,value_manipulation__r0p05__medium,value_manipulation,0.05,MEDIUM,model_fit_peak_rss_mib,0,,,,,,
decision_tree,pairwise_correlation_filter_natural,value_manipulation__r0p05__medium,value_manipulation,0.05,MEDIUM,combined_fit_wall_time_sec,0,,,,,,
decision_tree,pairwise_correlation_filter_natural,value_manipulation__r0p05__medium,value_manipulation,0.05,MEDIUM,inference_wall_time_sec,5,0.0026706714801548515,0.0004607087571541441,0.0021263665999867952,0.003290673199808225,0.002098626002738895,0.003242716957570808
decision_tree,pairwise_correlation_filter_natural,value_manipulation__r0p05__medium,value_manipulation,0.05,MEDIUM,per_record_inference_sec,5,4.451119133591419e-07,7.6784792859024e-08,3.543944333311325e-07,5.484455333013708e-07,3.4977100045648254e-07,5.404528262618013e-07
decision_tree,pairwise_correlation_filter_natural,value_manipulation__r0p05__medium,value_manipulation,0.05,MEDIUM,inference_cpu_time_sec,5,0.0027346966200013866,0.0005016670697419386,0.002167130200001566,0.0034522304000006443,0.0021117946804179496,0.0033575985595848236
decision_tree,pairwise_correlation_filter_natural,value_manipulation__r0p05__medium,value_manipulation,0.05,MEDIUM,inference_peak_rss_mib,5,803.40625,0.0,803.40625,803.40625,803.40625,803.40625
decision_tree,pairwise_correlation_filter_natural,value_manipulation__r0p05__medium,value_manipulation,0.05,MEDIUM,peak_rss_mib,5,803.40625,0.0,803.40625,803.40625,803.40625,803.40625
decision_tree,pairwise_correlation_filter_natural,value_manipulation__r0p05__medium,value_manipulation,0.05,MEDIUM,serialized_model_bytes,5,4116.0,327.90242451070714,3764.0,4404.0,3708.8553645610036,4523.144635438996
decision_tree,pairwise_correlation_filter_natural,value_manipulation__r0p05__medium,value_manipulation,0.05,MEDIUM,serialized_model_kib,5,4.01953125,0.32021721143623744,3.67578125,4.30078125,3.621929066954105,4.417133433045895
logistic_regression,pairwise_correlation_filter_natural,value_manipulation__r0p05__medium,value_manipulation,0.05,MEDIUM,precision,5,0.050074040973580536,0.00504130499390047,0.0446033367381682,0.05745341614906832,0.0438144340586845,0.05633364788847657
logistic_regression,pairwise_correlation_filter_natural,value_manipulation__r0p05__medium,value_manipulation,0.05,MEDIUM,recall,5,0.42866666666666664,0.054853339815264586,0.37,0.5166666666666667,0.3605572494367614,0.4967760838965719
logistic_regression,pairwise_correlation_filter_natural,value_manipulation__r0p05__medium,value_manipulation,0.05,MEDIUM,f1,5,0.08944442325542049,0.0076298937486982835,0.08093914118010503,0.09946236559139784,0.07997065887753434,0.09891818763330663
logistic_regression,pairwise_correlation_filter_natural,value_manipulation__r0p05__medium,value_manipulation,0.05,MEDIUM,average_precision,5,0.05640101905486901,0.009094959140465562,0.047274482092949016,0.07152774309119285,0.04510813572500969,0.06769390238472832
logistic_regression,pairwise_correlation_filter_natural,value_manipulation__r0p05__medium,value_manipulation,0.05,MEDIUM,pr_auc_trapezoidal,5,0.0556217978459278,0.00878556707284126,0.04671024891183792,0.07018100586305465,0.04471307550776771,0.0665305201840879
logistic_regression,pairwise_correlation_filter_natural,value_manipulation__r0p05__medium,value_manipulation,0.05,MEDIUM,roc_auc,5,0.5032522807017543,0.021173472199962042,0.47616725146198824,0.5196736842105263,0.4769619425540723,0.5295426188494363
logistic_regression,pairwise_correlation_filter_natural,value_manipulation__r0p05__medium,value_manipulation,0.05,MEDIUM,TP,5,128.6,16.45600194457937,111.0,155.0,108.16717483102842,149.03282516897156
logistic_regression,pairwise_correlation_filter_natural,value_manipulation__r0p05__medium,value_manipulation,0.05,MEDIUM,TN,5,3234.8,420.4048049202102,2837.0,3879.0,2712.798489058284,3756.8015109417165
logistic_regression,pairwise_correlation_filter_natural,value_manipulation__r0p05__medium,value_manipulation,0.05,MEDIUM,FP,5,2465.2,420.4048049202102,1821.0,2863.0,1943.1984890582833,2987.201510941716
logistic_regression,pairwise_correlation_filter_natural,value_manipulation__r0p05__medium,value_manipulation,0.05,MEDIUM,FN,5,171.4,16.45600194457937,145.0,189.0,150.96717483102844,191.83282516897157
logistic_regression,pairwise_correlation_filter_natural,value_manipulation__r0p05__medium,value_manipulation,0.05,MEDIUM,attack_prevalence,5,0.05,0.0,0.05,0.05,0.05,0.05
logistic_regression,pairwise_correlation_filter_natural,value_manipulation__r0p05__medium,value_manipulation,0.05,MEDIUM,visible_feature_attack_count,5,300.0,0.0,300.0,300.0,300.0,300.0
logistic_regression,pairwise_correlation_filter_natural,value_manipulation__r0p05__medium,value_manipulation,0.05,MEDIUM,invisible_feature_attack_count,5,0.0,0.0,0.0,0.0,0.0,0.0
logistic_regression,pairwise_correlation_filter_natural,value_manipulation__r0p05__medium,value_manipulation,0.05,MEDIUM,selected_feature_visibility_rate,5,1.0,0.0,1.0,1.0,1.0,1.0
logistic_regression,pairwise_correlation_filter_natural,value_manipulation__r0p05__medium,value_manipulation,0.05,MEDIUM,visible_attack_recall,5,0.42866666666666664,0.054853339815264586,0.37,0.5166666666666667,0.3605572494367614,0.4967760838965719
logistic_regression,pairwise_correlation_filter_natural,value_manipulation__r0p05__medium,value_manipulation,0.05,MEDIUM,invisible_attack_recall,0,,,,,,
logistic_regression,pairwise_correlation_filter_natural,value_manipulation__r0p05__medium,value_manipulation,0.05,MEDIUM,visible_attack_f1,5,0.08944442325542049,0.0076298937486982835,0.08093914118010503,0.09946236559139784,0.07997065887753434,0.09891818763330663
logistic_regression,pairwise_correlation_filter_natural,value_manipulation__r0p05__medium,value_manipulation,0.05,MEDIUM,paired_induced_attack_induced_detection_rate,5,0.052666666666666674,0.05579725202313582,0.0,0.14,-0.016614772369218274,0.12194810570255163
logistic_regression,pairwise_correlation_filter_natural,value_manipulation__r0p05__medium,value_manipulation,0.05,MEDIUM,paired_induced_mean_anomaly_score_delta,5,0.0005437158865937665,0.0006454104256689168,-7.535591369701555e-05,0.0016053020040109184,-0.0002576670030253309,0.0013450987762128638
logistic_regression,pairwise_correlation_filter_natural,value_manipulation__r0p05__medium,value_manipulation,0.05,MEDIUM,paired_induced_median_anomaly_score_delta,5,-0.0011700731565923773,0.001191344264376133,-0.0028324924861490297,0.0003896828492410409,-0.0026493224391359446,0.00030917612595119
logistic_regression,pairwise_correlation_filter_natural,value_manipulation__r0p05__medium,value_manipulation,0.05,MEDIUM,selected_feature_count,5,42.0,0.0,42.0,42.0,42.0,42.0
logistic_regression,pairwise_correlation_filter_natural,value_manipulation__r0p05__medium,value_manipulation,0.05,MEDIUM,source_block_count,5,9.0,0.0,9.0,9.0,9.0,9.0
logistic_regression,pairwise_correlation_filter_natural,value_manipulation__r0p05__medium,value_manipulation,0.05,MEDIUM,selected_input_bytes,5,2016132.0,0.0,2016132.0,2016132.0,2016132.0,2016132.0
logistic_regression,pairwise_correlation_filter_natural,value_manipulation__r0p05__medium,value_manipulation,0.05,MEDIUM,model_fit_wall_time_sec,5,0.5226187851993018,0.1320858923339655,0.33173528499901295,0.6544766820006771,0.358612488017468,0.6866250823811357
logistic_regression,pairwise_correlation_filter_natural,value_manipulation__r0p05__medium,value_manipulation,0.05,MEDIUM,model_fit_cpu_time_sec,5,0.32897909459999986,0.11776488132572177,0.18253484599999936,0.47190246899999977,0.18275468120499616,0.47520350799500355
logistic_regression,pairwise_correlation_filter_natural,value_manipulation__r0p05__medium,value_manipulation,0.05,MEDIUM,model_fit_peak_rss_mib,5,181.35625,0.274181465592076,181.0546875,181.63671875,181.01580874519928,181.6966912548007
logistic_regression,pairwise_correlation_filter_natural,value_manipulation__r0p05__medium,value_manipulation,0.05,MEDIUM,combined_fit_wall_time_sec,5,0.5226187851993018,0.1320858923339655,0.33173528499901295,0.6544766820006771,0.358612488017468,0.6866250823811357
logistic_regression,pairwise_correlation_filter_natural,value_manipulation__r0p05__medium,value_manipulation,0.05,MEDIUM,inference_wall_time_sec,5,0.0025837987601698845,0.0005029819064958115,0.002092016499955207,0.00320712739994633,0.001959264235125647,0.003208333285214122
logistic_regression,pairwise_correlation_filter_natural,value_manipulation__r0p05__medium,value_manipulation,0.05,MEDIUM,per_record_inference_sec,5,4.3063312669498074e-07,8.383031774930192e-08,3.486694166592012e-07,5.345212333243884e-07,3.265440391876078e-07,5.347222142023537e-07
logistic_regression,pairwise_correlation_filter_natural,value_manipulation__r0p05__medium,value_manipulation,0.05,MEDIUM,inference_cpu_time_sec,5,0.0026490835599975076,0.0005431918951862279,0.002125337499995794,0.003345171600000185,0.0019746217396281597,0.0033235453803668554
logistic_regression,pairwise_correlation_filter_natural,value_manipulation__r0p05__medium,value_manipulation,0.05,MEDIUM,inference_peak_rss_mib,5,803.40625,0.0,803.40625,803.40625,803.40625,803.40625
logistic_regression,pairwise_correlation_filter_natural,value_manipulation__r0p05__medium,value_manipulation,0.05,MEDIUM,peak_rss_mib,5,803.40625,0.0,803.40625,803.40625,803.40625,803.40625
logistic_regression,pairwise_correlation_filter_natural,value_manipulation__r0p05__medium,value_manipulation,0.05,MEDIUM,serialized_model_bytes,5,2310.0,0.0,2310.0,2310.0,2310.0,2310.0
logistic_regression,pairwise_correlation_filter_natural,value_manipulation__r0p05__medium,value_manipulation,0.05,MEDIUM,serialized_model_kib,5,2.255859375,0.0,2.255859375,2.255859375,2.255859375,2.255859375
decision_tree,mutual_information_select_k_best_k11,value_manipulation__r0p05__medium,value_manipulation,0.05,MEDIUM,precision,5,0.22944777971374877,0.24697220161396366,0.05659516202647193,0.65625,-0.07720871158767514,0.5361042710151727
decision_tree,mutual_information_select_k_best_k11,value_manipulation__r0p05__medium,value_manipulation,0.05,MEDIUM,recall,5,0.23333333333333334,0.15461421524412158,0.07,0.41333333333333333,0.041354428654027386,0.4253122380126393
decision_tree,mutual_information_select_k_best_k11,value_manipulation__r0p05__medium,value_manipulation,0.05,MEDIUM,f1,5,0.13229651406661685,0.04316706362732716,0.09955841027699719,0.2066869300911854,0.07869752525235094,0.18589550288088277
decision_tree,mutual_information_select_k_best_k11,value_manipulation__r0p05__medium,value_manipulation,0.05,MEDIUM,average_precision,5,0.09739842041095201,0.04316470357190706,0.05959369543640892,0.16897048758935113,0.04380236199253499,0.15099447882936903
decision_tree,mutual_information_select_k_best_k11,value_manipulation__r0p05__medium,value_manipulation,0.05,MEDIUM,pr_auc_trapezoidal,5,0.13497493265133964,0.059874971249512736,0.06921063400970333,0.21847539124036328,0.06063033645727514,0.20931952884540414
decision_tree,mutual_information_select_k_best_k11,value_manipulation__r0p05__medium,value_manipulation,0.05,MEDIUM,roc_auc,5,0.5631248538011696,0.039597675698336665,0.5310263157894738,0.6320640350877192,0.5139578454739578,0.6122918621283814
decision_tree,mutual_information_select_k_best_k11,value_manipulation__r0p05__medium,value_manipulation,0.05,MEDIUM,TP,5,70.0,46.38426457323647,21.0,124.0,12.406328596208212,127.59367140379179
decision_tree,mutual_information_select_k_best_k11,value_manipulation__r0p05__medium,value_manipulation,0.05,MEDIUM,TN,5,4868.4,960.047811309416,3633.0,5689.0,3676.34319614183,6060.456803858169
decision_tree,mutual_information_select_k_best_k11,value_manipulation__r0p05__medium,value_manipulation,0.05,MEDIUM,FP,5,831.6,960.047811309416,11.0,2067.0,-360.4568038581698,2023.65680385817
decision_tree,mutual_information_select_k_best_k11,value_manipulation__r0p05__medium,value_manipulation,0.05,MEDIUM,FN,5,230.0,46.38426457323647,176.0,279.0,172.4063285962082,287.5936714037918
decision_tree,mutual_information_select_k_best_k11,value_manipulation__r0p05__medium,value_manipulation,0.05,MEDIUM,attack_prevalence,5,0.05,0.0,0.05,0.05,0.05,0.05
decision_tree,mutual_information_select_k_best_k11,value_manipulation__r0p05__medium,value_manipulation,0.05,MEDIUM,visible_feature_attack_count,5,300.0,0.0,300.0,300.0,300.0,300.0
decision_tree,mutual_information_select_k_best_k11,value_manipulation__r0p05__medium,value_manipulation,0.05,MEDIUM,invisible_feature_attack_count,5,0.0,0.0,0.0,0.0,0.0,0.0
decision_tree,mutual_information_select_k_best_k11,value_manipulation__r0p05__medium,value_manipulation,0.05,MEDIUM,selected_feature_visibility_rate,5,1.0,0.0,1.0,1.0,1.0,1.0
decision_tree,mutual_information_select_k_best_k11,value_manipulation__r0p05__medium,value_manipulation,0.05,MEDIUM,visible_attack_recall,5,0.23333333333333334,0.15461421524412158,0.07,0.41333333333333333,0.041354428654027386,0.4253122380126393
decision_tree,mutual_information_select_k_best_k11,value_manipulation__r0p05__medium,value_manipulation,0.05,MEDIUM,invisible_attack_recall,0,,,,,,
decision_tree,mutual_information_select_k_best_k11,value_manipulation__r0p05__medium,value_manipulation,0.05,MEDIUM,visible_attack_f1,5,0.13229651406661685,0.04316706362732716,0.09955841027699719,0.2066869300911854,0.07869752525235094,0.18589550288088277
decision_tree,mutual_information_select_k_best_k11,value_manipulation__r0p05__medium,value_manipulation,0.05,MEDIUM,paired_induced_attack_induced_detection_rate,5,0.09666666666666668,0.06527718675855379,0.043333333333333335,0.21,0.015614333964482557,0.1777189993688508
decision_tree,mutual_information_select_k_best_k11,value_manipulation__r0p05__medium,value_manipulation,0.05,MEDIUM,paired_induced_mean_anomaly_score_delta,5,0.03594459967160846,0.026486589087028802,0.015554761249257157,0.07905688979627047,0.0030571555670019512,0.06883204377621496
decision_tree,mutual_information_select_k_best_k11,value_manipulation__r0p05__medium,value_manipulation,0.05,MEDIUM,paired_induced_median_anomaly_score_delta,5,0.0,0.0,0.0,0.0,0.0,0.0
decision_tree,mutual_information_select_k_best_k11,value_manipulation__r0p05__medium,value_manipulation,0.05,MEDIUM,selected_feature_count,5,11.0,0.0,11.0,11.0,11.0,11.0
decision_tree,mutual_information_select_k_best_k11,value_manipulation__r0p05__medium,value_manipulation,0.05,MEDIUM,source_block_count,5,5.0,0.7071067811865476,4.0,6.0,4.122010966914219,5.877989033085781
decision_tree,mutual_information_select_k_best_k11,value_manipulation__r0p05__medium,value_manipulation,0.05,MEDIUM,selected_input_bytes,5,528132.0,0.0,528132.0,528132.0,528132.0,528132.0
decision_tree,mutual_information_select_k_best_k11,value_manipulation__r0p05__medium,value_manipulation,0.05,MEDIUM,model_fit_wall_time_sec,0,,,,,,
decision_tree,mutual_information_select_k_best_k11,value_manipulation__r0p05__medium,value_manipulation,0.05,MEDIUM,model_fit_cpu_time_sec,0,,,,,,
decision_tree,mutual_information_select_k_best_k11,value_manipulation__r0p05__medium,value_manipulation,0.05,MEDIUM,model_fit_peak_rss_mib,0,,,,,,
decision_tree,mutual_information_select_k_best_k11,value_manipulation__r0p05__medium,value_manipulation,0.05,MEDIUM,combined_fit_wall_time_sec,0,,,,,,
decision_tree,mutual_information_select_k_best_k11,value_manipulation__r0p05__medium,value_manipulation,0.05,MEDIUM,inference_wall_time_sec,5,0.0018184078001650052,0.0001635064349572844,0.0016207339001994114,0.0020197761994495524,0.0016153877464037383,0.002021427853926272
decision_tree,mutual_information_select_k_best_k11,value_manipulation__r0p05__medium,value_manipulation,0.05,MEDIUM,per_record_inference_sec,5,3.030679666941675e-07,2.725107249288073e-08,2.701223166999019e-07,3.366293665749254e-07,2.692312910672897e-07,3.369046423210453e-07
decision_tree,mutual_information_select_k_best_k11,value_manipulation__r0p05__medium,value_manipulation,0.05,MEDIUM,inference_cpu_time_sec,5,0.0018474369400007617,0.00017187264884326104,0.0016382766000049287,0.002057212099998651,0.001634028859655997,0.0020608450203455264
decision_tree,mutual_information_select_k_best_k11,value_manipulation__r0p05__medium,value_manipulation,0.05,MEDIUM,inference_peak_rss_mib,5,803.40625,0.0,803.40625,803.40625,803.40625,803.40625
decision_tree,mutual_information_select_k_best_k11,value_manipulation__r0p05__medium,value_manipulation,0.05,MEDIUM,peak_rss_mib,5,803.40625,0.0,803.40625,803.40625,803.40625,803.40625
decision_tree,mutual_information_select_k_best_k11,value_manipulation__r0p05__medium,value_manipulation,0.05,MEDIUM,serialized_model_bytes,5,3402.4,341.02903102228703,3028.0,3716.0,2978.9565298369753,3825.843470163025
decision_tree,mutual_information_select_k_best_k11,value_manipulation__r0p05__medium,value_manipulation,0.05,MEDIUM,serialized_model_kib,5,3.32265625,0.3330361631077022,2.95703125,3.62890625,2.909137236168921,3.736175263831079
logistic_regression,mutual_information_select_k_best_k11,value_manipulation__r0p05__medium,value_manipulation,0.05,MEDIUM,precision,5,0.04818569364040973,0.002929213124521149,0.04355155942680528,0.050524679362611735,0.04454859516062297,0.051822792120196484
logistic_regression,mutual_information_select_k_best_k11,value_manipulation__r0p05__medium,value_manipulation,0.05,MEDIUM,recall,5,0.48133333333333334,0.05630275304103698,0.41333333333333333,0.5466666666666666,0.41142423188246463,0.551242434784202
logistic_regression,mutual_information_select_k_best_k11,value_manipulation__r0p05__medium,value_manipulation,0.05,MEDIUM,f1,5,0.08749327012230694,0.004919998454330763,0.08033169214822493,0.09213483146067415,0.08138428517034141,0.09360225507427247
logistic_regression,mutual_information_select_k_best_k11,value_manipulation__r0p05__medium,value_manipulation,0.05,MEDIUM,average_precision,5,0.053176871018752445,0.007480234675962948,0.04417270732092339,0.0642355305671218,0.04388893292348647,0.062464809114018416
logistic_regression,mutual_information_select_k_best_k11,value_manipulation__r0p05__medium,value_manipulation,0.05,MEDIUM,pr_auc_trapezoidal,5,0.052457782238268046,0.007198739711916619,0.04374679008472597,0.06312362847694236,0.04351936630553434,0.061396198171001753
logistic_regression,mutual_information_select_k_best_k11,value_manipulation__r0p05__medium,value_manipulation,0.05,MEDIUM,roc_auc,5,0.492599649122807,0.025292768062054705,0.45168713450292397,0.5123350877192983,0.46119452960521073,0.5240047686404032
logistic_regression,mutual_information_select_k_best_k11,value_manipulation__r0p05__medium,value_manipulation,0.05,MEDIUM,TP,5,144.4,16.890825912311097,124.0,164.0,123.4272695647394,165.37273043526062
logistic_regression,mutual_information_select_k_best_k11,value_manipulation__r0p05__medium,value_manipulation,0.05,MEDIUM,TN,5,2836.8,402.4856519181771,2296.0,3257.0,2337.0480562192306,3336.5519437807698
logistic_regression,mutual_information_select_k_best_k11,value_manipulation__r0p05__medium,value_manipulation,0.05,MEDIUM,FP,5,2863.2,402.4856519181771,2443.0,3404.0,2363.4480562192302,3362.9519437807694
logistic_regression,mutual_information_select_k_best_k11,value_manipulation__r0p05__medium,value_manipulation,0.05,MEDIUM,FN,5,155.6,16.890825912311097,136.0,176.0,134.62726956473938,176.5727304352606
logistic_regression,mutual_information_select_k_best_k11,value_manipulation__r0p05__medium,value_manipulation,0.05,MEDIUM,attack_prevalence,5,0.05,0.0,0.05,0.05,0.05,0.05
logistic_regression,mutual_information_select_k_best_k11,value_manipulation__r0p05__medium,value_manipulation,0.05,MEDIUM,visible_feature_attack_count,5,300.0,0.0,300.0,300.0,300.0,300.0
logistic_regression,mutual_information_select_k_best_k11,value_manipulation__r0p05__medium,value_manipulation,0.05,MEDIUM,invisible_feature_attack_count,5,0.0,0.0,0.0,0.0,0.0,0.0
logistic_regression,mutual_information_select_k_best_k11,value_manipulation__r0p05__medium,value_manipulation,0.05,MEDIUM,selected_feature_visibility_rate,5,1.0,0.0,1.0,1.0,1.0,1.0
logistic_regression,mutual_information_select_k_best_k11,value_manipulation__r0p05__medium,value_manipulation,0.05,MEDIUM,visible_attack_recall,5,0.48133333333333334,0.05630275304103698,0.41333333333333333,0.5466666666666666,0.41142423188246463,0.551242434784202
logistic_regression,mutual_information_select_k_best_k11,value_manipulation__r0p05__medium,value_manipulation,0.05,MEDIUM,invisible_attack_recall,0,,,,,,
logistic_regression,mutual_information_select_k_best_k11,value_manipulation__r0p05__medium,value_manipulation,0.05,MEDIUM,visible_attack_f1,5,0.08749327012230694,0.004919998454330763,0.08033169214822493,0.09213483146067415,0.08138428517034141,0.09360225507427247
logistic_regression,mutual_information_select_k_best_k11,value_manipulation__r0p05__medium,value_manipulation,0.05,MEDIUM,paired_induced_attack_induced_detection_rate,5,0.04,0.037043517951488115,0.0,0.09333333333333334,-0.005995602607214198,0.0859956026072142
logistic_regression,mutual_information_select_k_best_k11,value_manipulation__r0p05__medium,value_manipulation,0.05,MEDIUM,paired_induced_mean_anomaly_score_delta,5,0.0004638720408601538,0.0006001525563735177,-4.9440058592173743e-05,0.0014240272672150557,-0.0002813157818193904,0.001209059863539698
logistic_regression,mutual_information_select_k_best_k11,value_manipulation__r0p05__medium,value_manipulation,0.05,MEDIUM,paired_induced_median_anomaly_score_delta,5,0.0001762472427634776,0.0016090941505514397,-0.0010304564860363352,0.0029763826065845322,-0.0018217070336981006,0.002174201519225056
logistic_regression,mutual_information_select_k_best_k11,value_manipulation__r0p05__medium,value_manipulation,0.05,MEDIUM,selected_feature_count,5,11.0,0.0,11.0,11.0,11.0,11.0
logistic_regression,mutual_information_select_k_best_k11,value_manipulation__r0p05__medium,value_manipulation,0.05,MEDIUM,source_block_count,5,5.0,0.7071067811865476,4.0,6.0,4.122010966914219,5.877989033085781
logistic_regression,mutual_information_select_k_best_k11,value_manipulation__r0p05__medium,value_manipulation,0.05,MEDIUM,selected_input_bytes,5,528132.0,0.0,528132.0,528132.0,528132.0,528132.0
logistic_regression,mutual_information_select_k_best_k11,value_manipulation__r0p05__medium,value_manipulation,0.05,MEDIUM,model_fit_wall_time_sec,5,0.27497685859998455,0.02091021720342391,0.24763035999785643,0.29918557299970416,0.24901339470385145,0.30094032249611763
logistic_regression,mutual_information_select_k_best_k11,value_manipulation__r0p05__medium,value_manipulation,0.05,MEDIUM,model_fit_cpu_time_sec,5,0.09213092119999988,0.014315567471356337,0.07548344399999962,0.10902960499999992,0.07435579645694569,0.10990604594305407
logistic_regression,mutual_information_select_k_best_k11,value_manipulation__r0p05__medium,value_manipulation,0.05,MEDIUM,model_fit_peak_rss_mib,5,163.92734375,0.3541635550567968,163.37890625,164.25390625,163.48759161420978,164.36709588579023
logistic_regression,mutual_information_select_k_best_k11,value_manipulation__r0p05__medium,value_manipulation,0.05,MEDIUM,combined_fit_wall_time_sec,5,0.27497685859998455,0.02091021720342391,0.24763035999785643,0.29918557299970416,0.24901339470385145,0.30094032249611763
logistic_regression,mutual_information_select_k_best_k11,value_manipulation__r0p05__medium,value_manipulation,0.05,MEDIUM,inference_wall_time_sec,5,0.002812328460277058,0.0017028188907997743,0.0013006684006541037,0.005493619100161595,0.0006979995481080311,0.004926657372446085
logistic_regression,mutual_information_select_k_best_k11,value_manipulation__r0p05__medium,value_manipulation,0.05,MEDIUM,per_record_inference_sec,5,4.6872141004617633e-07,2.83803148466629e-07,2.1677806677568396e-07,9.156031833602658e-07,1.1633325801800522e-07,8.211095620743475e-07
logistic_regression,mutual_information_select_k_best_k11,value_manipulation__r0p05__medium,value_manipulation,0.05,MEDIUM,inference_cpu_time_sec,5,0.0028526754000017716,0.0017461942075736516,0.0013008581999997659,0.005594462200002681,0.0006844889185838947,0.005020861881419649
logistic_regression,mutual_information_select_k_best_k11,value_manipulation__r0p05__medium,value_manipulation,0.05,MEDIUM,inference_peak_rss_mib,5,803.40625,0.0,803.40625,803.40625,803.40625,803.40625
logistic_regression,mutual_information_select_k_best_k11,value_manipulation__r0p05__medium,value_manipulation,0.05,MEDIUM,peak_rss_mib,5,803.40625,0.0,803.40625,803.40625,803.40625,803.40625
logistic_regression,mutual_information_select_k_best_k11,value_manipulation__r0p05__medium,value_manipulation,0.05,MEDIUM,serialized_model_bytes,5,1353.2,13.386560424545209,1334.0,1366.0,1336.5783898610498,1369.8216101389503
logistic_regression,mutual_information_select_k_best_k11,value_manipulation__r0p05__medium,value_manipulation,0.05,MEDIUM,serialized_model_kib,5,1.321484375,0.01307281291459493,1.302734375,1.333984375,1.3052523338486814,1.3377164161513186
decision_tree,none_natural,shipping_delivery_manipulation__r0p05__medium,shipping_delivery_manipulation,0.05,MEDIUM,precision,5,0.047948805463882235,0.017082003650478725,0.019933554817275746,0.06666666666666667,0.026738696513880673,0.0691589144138838
decision_tree,none_natural,shipping_delivery_manipulation__r0p05__medium,shipping_delivery_manipulation,0.05,MEDIUM,recall,5,0.14933333333333335,0.17850303452135857,0.0033333333333333335,0.38333333333333336,-0.07230745820213744,0.3709741248688041
decision_tree,none_natural,shipping_delivery_manipulation__r0p05__medium,shipping_delivery_manipulation,0.05,MEDIUM,f1,5,0.04995313683609929,0.038646959113317385,0.006349206349206349,0.09225832330525471,0.0019665990650020865,0.09793967460719649
decision_tree,none_natural,shipping_delivery_manipulation__r0p05__medium,shipping_delivery_manipulation,0.05,MEDIUM,average_precision,5,0.0498372166259192,0.0015427316803360124,0.04823623929227533,0.051834190437976935,0.04792166223955605,0.05175277101228235
decision_tree,none_natural,shipping_delivery_manipulation__r0p05__medium,shipping_delivery_manipulation,0.05,MEDIUM,pr_auc_trapezoidal,5,0.0526569190462298,0.009355947577321102,0.04199791007649802,0.06726326733030769,0.041039975770379225,0.06427386232208038
decision_tree,none_natural,shipping_delivery_manipulation__r0p05__medium,shipping_delivery_manipulation,0.05,MEDIUM,roc_auc,5,0.4974829239766082,0.016691041217169123,0.4793763157894737,0.5180008771929825,0.4767582590046977,0.5182075889485187
decision_tree,none_natural,shipping_delivery_manipulation__r0p05__medium,shipping_delivery_manipulation,0.05,MEDIUM,TP,5,44.8,53.55091035640757,1.0,115.0,-21.692237460641223,111.29223746064122
decision_tree,none_natural,shipping_delivery_manipulation__r0p05__medium,shipping_delivery_manipulation,0.05,MEDIUM,TN,5,4840.0,948.4874801493164,3622.0,5686.0,3662.2972431506505,6017.7027568493495
decision_tree,none_natural,shipping_delivery_manipulation__r0p05__medium,shipping_delivery_manipulation,0.05,MEDIUM,FP,5,860.0,948.4874801493164,14.0,2078.0,-317.7027568493495,2037.7027568493495
decision_tree,none_natural,shipping_delivery_manipulation__r0p05__medium,shipping_delivery_manipulation,0.05,MEDIUM,FN,5,255.2,53.55091035640757,185.0,299.0,188.70776253935878,321.6922374606412
decision_tree,none_natural,shipping_delivery_manipulation__r0p05__medium,shipping_delivery_manipulation,0.05,MEDIUM,attack_prevalence,5,0.05,0.0,0.05,0.05,0.05,0.05
decision_tree,none_natural,shipping_delivery_manipulation__r0p05__medium,shipping_delivery_manipulation,0.05,MEDIUM,visible_feature_attack_count,5,0.0,0.0,0.0,0.0,0.0,0.0
decision_tree,none_natural,shipping_delivery_manipulation__r0p05__medium,shipping_delivery_manipulation,0.05,MEDIUM,invisible_feature_attack_count,5,300.0,0.0,300.0,300.0,300.0,300.0
decision_tree,none_natural,shipping_delivery_manipulation__r0p05__medium,shipping_delivery_manipulation,0.05,MEDIUM,selected_feature_visibility_rate,5,0.0,0.0,0.0,0.0,0.0,0.0
decision_tree,none_natural,shipping_delivery_manipulation__r0p05__medium,shipping_delivery_manipulation,0.05,MEDIUM,visible_attack_recall,0,,,,,,
decision_tree,none_natural,shipping_delivery_manipulation__r0p05__medium,shipping_delivery_manipulation,0.05,MEDIUM,invisible_attack_recall,5,0.14933333333333335,0.17850303452135857,0.0033333333333333335,0.38333333333333336,-0.07230745820213744,0.3709741248688041
decision_tree,none_natural,shipping_delivery_manipulation__r0p05__medium,shipping_delivery_manipulation,0.05,MEDIUM,visible_attack_f1,0,,,,,,
decision_tree,none_natural,shipping_delivery_manipulation__r0p05__medium,shipping_delivery_manipulation,0.05,MEDIUM,paired_induced_attack_induced_detection_rate,5,0.0,0.0,0.0,0.0,0.0,0.0
decision_tree,none_natural,shipping_delivery_manipulation__r0p05__medium,shipping_delivery_manipulation,0.05,MEDIUM,paired_induced_mean_anomaly_score_delta,5,0.0,0.0,0.0,0.0,0.0,0.0
decision_tree,none_natural,shipping_delivery_manipulation__r0p05__medium,shipping_delivery_manipulation,0.05,MEDIUM,paired_induced_median_anomaly_score_delta,5,0.0,0.0,0.0,0.0,0.0,0.0
decision_tree,none_natural,shipping_delivery_manipulation__r0p05__medium,shipping_delivery_manipulation,0.05,MEDIUM,selected_feature_count,5,43.0,0.0,43.0,43.0,43.0,43.0
decision_tree,none_natural,shipping_delivery_manipulation__r0p05__medium,shipping_delivery_manipulation,0.05,MEDIUM,source_block_count,5,10.0,0.0,10.0,10.0,10.0,10.0
decision_tree,none_natural,shipping_delivery_manipulation__r0p05__medium,shipping_delivery_manipulation,0.05,MEDIUM,selected_input_bytes,5,2064132.0,0.0,2064132.0,2064132.0,2064132.0,2064132.0
decision_tree,none_natural,shipping_delivery_manipulation__r0p05__medium,shipping_delivery_manipulation,0.05,MEDIUM,model_fit_wall_time_sec,0,,,,,,
decision_tree,none_natural,shipping_delivery_manipulation__r0p05__medium,shipping_delivery_manipulation,0.05,MEDIUM,model_fit_cpu_time_sec,0,,,,,,
decision_tree,none_natural,shipping_delivery_manipulation__r0p05__medium,shipping_delivery_manipulation,0.05,MEDIUM,model_fit_peak_rss_mib,0,,,,,,
decision_tree,none_natural,shipping_delivery_manipulation__r0p05__medium,shipping_delivery_manipulation,0.05,MEDIUM,combined_fit_wall_time_sec,0,,,,,,
decision_tree,none_natural,shipping_delivery_manipulation__r0p05__medium,shipping_delivery_manipulation,0.05,MEDIUM,inference_wall_time_sec,5,0.002803299380175304,0.0002250647010551042,0.002487145700433757,0.0031144961001700723,0.0025238446436084663,0.0030827541167421416
decision_tree,none_natural,shipping_delivery_manipulation__r0p05__medium,shipping_delivery_manipulation,0.05,MEDIUM,per_record_inference_sec,5,4.672165633625506e-07,3.7510783509184034e-08,4.145242834056262e-07,5.190826833616787e-07,4.206407739347443e-07,5.137923527903569e-07
decision_tree,none_natural,shipping_delivery_manipulation__r0p05__medium,shipping_delivery_manipulation,0.05,MEDIUM,inference_cpu_time_sec,5,0.0028741200399986155,0.00021958284106251793,0.0025362651000023105,0.0031510120999996617,0.002601471931627771,0.00314676814836946
decision_tree,none_natural,shipping_delivery_manipulation__r0p05__medium,shipping_delivery_manipulation,0.05,MEDIUM,inference_peak_rss_mib,5,803.578125,0.39311705079403514,803.390625,804.28125,803.0900057109486,804.0662442890514
decision_tree,none_natural,shipping_delivery_manipulation__r0p05__medium,shipping_delivery_manipulation,0.05,MEDIUM,peak_rss_mib,5,803.578125,0.39311705079403514,803.390625,804.28125,803.0900057109486,804.0662442890514
decision_tree,none_natural,shipping_delivery_manipulation__r0p05__medium,shipping_delivery_manipulation,0.05,MEDIUM,serialized_model_bytes,5,4132.0,327.90242451070714,3780.0,4420.0,3724.8553645610036,4539.144635438996
decision_tree,none_natural,shipping_delivery_manipulation__r0p05__medium,shipping_delivery_manipulation,0.05,MEDIUM,serialized_model_kib,5,4.03515625,0.32021721143623744,3.69140625,4.31640625,3.637554066954105,4.432758433045895
logistic_regression,none_natural,shipping_delivery_manipulation__r0p05__medium,shipping_delivery_manipulation,0.05,MEDIUM,precision,5,0.050276593647123245,0.004746653166878168,0.04508979747802828,0.05647668393782383,0.04438284529784606,0.05617034199640043
logistic_regression,none_natural,shipping_delivery_manipulation__r0p05__medium,shipping_delivery_manipulation,0.05,MEDIUM,recall,5,0.43133333333333335,0.061037329197430934,0.36333333333333334,0.5233333333333333,0.35554547912231166,0.507121187544355
logistic_regression,none_natural,shipping_delivery_manipulation__r0p05__medium,shipping_delivery_manipulation,0.05,MEDIUM,f1,5,0.08982694328656964,0.007334652414801644,0.08090503942406582,0.09775784753363229,0.0807197694437649,0.09893411712937437
logistic_regression,none_natural,shipping_delivery_manipulation__r0p05__medium,shipping_delivery_manipulation,0.05,MEDIUM,average_precision,5,0.052726927835686666,0.003832699318456843,0.04690785373345814,0.05759008655424181,0.04796800307601492,0.05748585259535841
logistic_regression,none_natural,shipping_delivery_manipulation__r0p05__medium,shipping_delivery_manipulation,0.05,MEDIUM,pr_auc_trapezoidal,5,0.05211761410698734,0.0037603105368860523,0.04641712012179537,0.056871772294030745,0.04744857189126595,0.05678665632270873
logistic_regression,none_natural,shipping_delivery_manipulation__r0p05__medium,shipping_delivery_manipulation,0.05,MEDIUM,roc_auc,5,0.5053941520467836,0.024614400623762828,0.4776362573099415,0.5311011695906432,0.47483133695486873,0.5359569671386984
logistic_regression,none_natural,shipping_delivery_manipulation__r0p05__medium,shipping_delivery_manipulation,0.05,MEDIUM,TP,5,129.4,18.31119875922928,109.0,157.0,106.6636437366935,152.1363562633065
logistic_regression,none_natural,shipping_delivery_manipulation__r0p05__medium,shipping_delivery_manipulation,0.05,MEDIUM,TN,5,3234.8,420.4048049202102,2837.0,3879.0,2712.798489058284,3756.8015109417165
logistic_regression,none_natural,shipping_delivery_manipulation__r0p05__medium,shipping_delivery_manipulation,0.05,MEDIUM,FP,5,2465.2,420.4048049202102,1821.0,2863.0,1943.1984890582833,2987.201510941716
logistic_regression,none_natural,shipping_delivery_manipulation__r0p05__medium,shipping_delivery_manipulation,0.05,MEDIUM,FN,5,170.6,18.31119875922928,143.0,191.0,147.8636437366935,193.3363562633065
logistic_regression,none_natural,shipping_delivery_manipulation__r0p05__medium,shipping_delivery_manipulation,0.05,MEDIUM,attack_prevalence,5,0.05,0.0,0.05,0.05,0.05,0.05
logistic_regression,none_natural,shipping_delivery_manipulation__r0p05__medium,shipping_delivery_manipulation,0.05,MEDIUM,visible_feature_attack_count,5,0.0,0.0,0.0,0.0,0.0,0.0
logistic_regression,none_natural,shipping_delivery_manipulation__r0p05__medium,shipping_delivery_manipulation,0.05,MEDIUM,invisible_feature_attack_count,5,300.0,0.0,300.0,300.0,300.0,300.0
logistic_regression,none_natural,shipping_delivery_manipulation__r0p05__medium,shipping_delivery_manipulation,0.05,MEDIUM,selected_feature_visibility_rate,5,0.0,0.0,0.0,0.0,0.0,0.0
logistic_regression,none_natural,shipping_delivery_manipulation__r0p05__medium,shipping_delivery_manipulation,0.05,MEDIUM,visible_attack_recall,0,,,,,,
logistic_regression,none_natural,shipping_delivery_manipulation__r0p05__medium,shipping_delivery_manipulation,0.05,MEDIUM,invisible_attack_recall,5,0.43133333333333335,0.061037329197430934,0.36333333333333334,0.5233333333333333,0.35554547912231166,0.507121187544355
logistic_regression,none_natural,shipping_delivery_manipulation__r0p05__medium,shipping_delivery_manipulation,0.05,MEDIUM,visible_attack_f1,0,,,,,,
logistic_regression,none_natural,shipping_delivery_manipulation__r0p05__medium,shipping_delivery_manipulation,0.05,MEDIUM,paired_induced_attack_induced_detection_rate,5,0.0,0.0,0.0,0.0,0.0,0.0
logistic_regression,none_natural,shipping_delivery_manipulation__r0p05__medium,shipping_delivery_manipulation,0.05,MEDIUM,paired_induced_mean_anomaly_score_delta,5,0.0,0.0,0.0,0.0,0.0,0.0
logistic_regression,none_natural,shipping_delivery_manipulation__r0p05__medium,shipping_delivery_manipulation,0.05,MEDIUM,paired_induced_median_anomaly_score_delta,5,0.0,0.0,0.0,0.0,0.0,0.0
logistic_regression,none_natural,shipping_delivery_manipulation__r0p05__medium,shipping_delivery_manipulation,0.05,MEDIUM,selected_feature_count,5,43.0,0.0,43.0,43.0,43.0,43.0
logistic_regression,none_natural,shipping_delivery_manipulation__r0p05__medium,shipping_delivery_manipulation,0.05,MEDIUM,source_block_count,5,10.0,0.0,10.0,10.0,10.0,10.0
logistic_regression,none_natural,shipping_delivery_manipulation__r0p05__medium,shipping_delivery_manipulation,0.05,MEDIUM,selected_input_bytes,5,2064132.0,0.0,2064132.0,2064132.0,2064132.0,2064132.0
logistic_regression,none_natural,shipping_delivery_manipulation__r0p05__medium,shipping_delivery_manipulation,0.05,MEDIUM,model_fit_wall_time_sec,5,0.49001829079934395,0.09719446902817075,0.4144513709979947,0.6605000540002948,0.3693354177824376,0.6107011638162503
logistic_regression,none_natural,shipping_delivery_manipulation__r0p05__medium,shipping_delivery_manipulation,0.05,MEDIUM,model_fit_cpu_time_sec,5,0.29261962500000005,0.07522294968955433,0.21856836799999968,0.4180874179999998,0.19921799653171318,0.3860212534682869
logistic_regression,none_natural,shipping_delivery_manipulation__r0p05__medium,shipping_delivery_manipulation,0.05,MEDIUM,model_fit_peak_rss_mib,5,182.0546875,0.12530480415894876,181.8984375,182.19140625,181.89910103587374,182.21027396412626
logistic_regression,none_natural,shipping_delivery_manipulation__r0p05__medium,shipping_delivery_manipulation,0.05,MEDIUM,combined_fit_wall_time_sec,5,0.49001829079934395,0.09719446902817075,0.4144513709979947,0.6605000540002948,0.3693354177824376,0.6107011638162503
logistic_regression,none_natural,shipping_delivery_manipulation__r0p05__medium,shipping_delivery_manipulation,0.05,MEDIUM,inference_wall_time_sec,5,0.0025270273801288566,0.000531305554677667,0.0017613796997466124,0.003148582200083183,0.0018673244008393917,0.0031867303594183215
logistic_regression,none_natural,shipping_delivery_manipulation__r0p05__medium,shipping_delivery_manipulation,0.05,MEDIUM,per_record_inference_sec,5,4.2117123002147617e-07,8.855092577961118e-08,2.935632832911021e-07,5.247637000138639e-07,3.1122073347323203e-07,5.311217265697203e-07
logistic_regression,none_natural,shipping_delivery_manipulation__r0p05__medium,shipping_delivery_manipulation,0.05,MEDIUM,inference_cpu_time_sec,5,0.0025914148000015305,0.0005431438413612299,0.0017841912999983834,0.0032216220000009345,0.001917012646336659,0.0032658169536664023
logistic_regression,none_natural,shipping_delivery_manipulation__r0p05__medium,shipping_delivery_manipulation,0.05,MEDIUM,inference_peak_rss_mib,5,803.57734375,0.39137038258814055,803.390625,804.27734375,803.0913932359766,804.0632942640233
logistic_regression,none_natural,shipping_delivery_manipulation__r0p05__medium,shipping_delivery_manipulation,0.05,MEDIUM,peak_rss_mib,5,803.57734375,0.39137038258814055,803.390625,804.27734375,803.0913932359766,804.0632942640233
logistic_regression,none_natural,shipping_delivery_manipulation__r0p05__medium,shipping_delivery_manipulation,0.05,MEDIUM,serialized_model_bytes,5,2342.0,0.0,2342.0,2342.0,2342.0,2342.0
logistic_regression,none_natural,shipping_delivery_manipulation__r0p05__medium,shipping_delivery_manipulation,0.05,MEDIUM,serialized_model_kib,5,2.287109375,0.0,2.287109375,2.287109375,2.287109375,2.287109375
decision_tree,pairwise_correlation_filter_natural,shipping_delivery_manipulation__r0p05__medium,shipping_delivery_manipulation,0.05,MEDIUM,precision,5,0.047948805463882235,0.017082003650478725,0.019933554817275746,0.06666666666666667,0.026738696513880673,0.0691589144138838
decision_tree,pairwise_correlation_filter_natural,shipping_delivery_manipulation__r0p05__medium,shipping_delivery_manipulation,0.05,MEDIUM,recall,5,0.14933333333333335,0.17850303452135857,0.0033333333333333335,0.38333333333333336,-0.07230745820213744,0.3709741248688041
decision_tree,pairwise_correlation_filter_natural,shipping_delivery_manipulation__r0p05__medium,shipping_delivery_manipulation,0.05,MEDIUM,f1,5,0.04995313683609929,0.038646959113317385,0.006349206349206349,0.09225832330525471,0.0019665990650020865,0.09793967460719649
decision_tree,pairwise_correlation_filter_natural,shipping_delivery_manipulation__r0p05__medium,shipping_delivery_manipulation,0.05,MEDIUM,average_precision,5,0.0498372166259192,0.0015427316803360124,0.04823623929227533,0.051834190437976935,0.04792166223955605,0.05175277101228235
decision_tree,pairwise_correlation_filter_natural,shipping_delivery_manipulation__r0p05__medium,shipping_delivery_manipulation,0.05,MEDIUM,pr_auc_trapezoidal,5,0.0526569190462298,0.009355947577321102,0.04199791007649802,0.06726326733030769,0.041039975770379225,0.06427386232208038
decision_tree,pairwise_correlation_filter_natural,shipping_delivery_manipulation__r0p05__medium,shipping_delivery_manipulation,0.05,MEDIUM,roc_auc,5,0.4974829239766082,0.016691041217169123,0.4793763157894737,0.5180008771929825,0.4767582590046977,0.5182075889485187
decision_tree,pairwise_correlation_filter_natural,shipping_delivery_manipulation__r0p05__medium,shipping_delivery_manipulation,0.05,MEDIUM,TP,5,44.8,53.55091035640757,1.0,115.0,-21.692237460641223,111.29223746064122
decision_tree,pairwise_correlation_filter_natural,shipping_delivery_manipulation__r0p05__medium,shipping_delivery_manipulation,0.05,MEDIUM,TN,5,4840.0,948.4874801493164,3622.0,5686.0,3662.2972431506505,6017.7027568493495
decision_tree,pairwise_correlation_filter_natural,shipping_delivery_manipulation__r0p05__medium,shipping_delivery_manipulation,0.05,MEDIUM,FP,5,860.0,948.4874801493164,14.0,2078.0,-317.7027568493495,2037.7027568493495
decision_tree,pairwise_correlation_filter_natural,shipping_delivery_manipulation__r0p05__medium,shipping_delivery_manipulation,0.05,MEDIUM,FN,5,255.2,53.55091035640757,185.0,299.0,188.70776253935878,321.6922374606412
decision_tree,pairwise_correlation_filter_natural,shipping_delivery_manipulation__r0p05__medium,shipping_delivery_manipulation,0.05,MEDIUM,attack_prevalence,5,0.05,0.0,0.05,0.05,0.05,0.05
decision_tree,pairwise_correlation_filter_natural,shipping_delivery_manipulation__r0p05__medium,shipping_delivery_manipulation,0.05,MEDIUM,visible_feature_attack_count,5,0.0,0.0,0.0,0.0,0.0,0.0
decision_tree,pairwise_correlation_filter_natural,shipping_delivery_manipulation__r0p05__medium,shipping_delivery_manipulation,0.05,MEDIUM,invisible_feature_attack_count,5,300.0,0.0,300.0,300.0,300.0,300.0
decision_tree,pairwise_correlation_filter_natural,shipping_delivery_manipulation__r0p05__medium,shipping_delivery_manipulation,0.05,MEDIUM,selected_feature_visibility_rate,5,0.0,0.0,0.0,0.0,0.0,0.0
decision_tree,pairwise_correlation_filter_natural,shipping_delivery_manipulation__r0p05__medium,shipping_delivery_manipulation,0.05,MEDIUM,visible_attack_recall,0,,,,,,
decision_tree,pairwise_correlation_filter_natural,shipping_delivery_manipulation__r0p05__medium,shipping_delivery_manipulation,0.05,MEDIUM,invisible_attack_recall,5,0.14933333333333335,0.17850303452135857,0.0033333333333333335,0.38333333333333336,-0.07230745820213744,0.3709741248688041
decision_tree,pairwise_correlation_filter_natural,shipping_delivery_manipulation__r0p05__medium,shipping_delivery_manipulation,0.05,MEDIUM,visible_attack_f1,0,,,,,,
decision_tree,pairwise_correlation_filter_natural,shipping_delivery_manipulation__r0p05__medium,shipping_delivery_manipulation,0.05,MEDIUM,paired_induced_attack_induced_detection_rate,5,0.0,0.0,0.0,0.0,0.0,0.0
decision_tree,pairwise_correlation_filter_natural,shipping_delivery_manipulation__r0p05__medium,shipping_delivery_manipulation,0.05,MEDIUM,paired_induced_mean_anomaly_score_delta,5,0.0,0.0,0.0,0.0,0.0,0.0
decision_tree,pairwise_correlation_filter_natural,shipping_delivery_manipulation__r0p05__medium,shipping_delivery_manipulation,0.05,MEDIUM,paired_induced_median_anomaly_score_delta,5,0.0,0.0,0.0,0.0,0.0,0.0
decision_tree,pairwise_correlation_filter_natural,shipping_delivery_manipulation__r0p05__medium,shipping_delivery_manipulation,0.05,MEDIUM,selected_feature_count,5,42.0,0.0,42.0,42.0,42.0,42.0
decision_tree,pairwise_correlation_filter_natural,shipping_delivery_manipulation__r0p05__medium,shipping_delivery_manipulation,0.05,MEDIUM,source_block_count,5,9.0,0.0,9.0,9.0,9.0,9.0
decision_tree,pairwise_correlation_filter_natural,shipping_delivery_manipulation__r0p05__medium,shipping_delivery_manipulation,0.05,MEDIUM,selected_input_bytes,5,2016132.0,0.0,2016132.0,2016132.0,2016132.0,2016132.0
decision_tree,pairwise_correlation_filter_natural,shipping_delivery_manipulation__r0p05__medium,shipping_delivery_manipulation,0.05,MEDIUM,model_fit_wall_time_sec,0,,,,,,
decision_tree,pairwise_correlation_filter_natural,shipping_delivery_manipulation__r0p05__medium,shipping_delivery_manipulation,0.05,MEDIUM,model_fit_cpu_time_sec,0,,,,,,
decision_tree,pairwise_correlation_filter_natural,shipping_delivery_manipulation__r0p05__medium,shipping_delivery_manipulation,0.05,MEDIUM,model_fit_peak_rss_mib,0,,,,,,
decision_tree,pairwise_correlation_filter_natural,shipping_delivery_manipulation__r0p05__medium,shipping_delivery_manipulation,0.05,MEDIUM,combined_fit_wall_time_sec,0,,,,,,
decision_tree,pairwise_correlation_filter_natural,shipping_delivery_manipulation__r0p05__medium,shipping_delivery_manipulation,0.05,MEDIUM,inference_wall_time_sec,5,0.003307990439934656,0.0007565109969402534,0.002642490299331257,0.004574251699523302,0.0023686579707879593,0.004247322909081353
decision_tree,pairwise_correlation_filter_natural,shipping_delivery_manipulation__r0p05__medium,shipping_delivery_manipulation,0.05,MEDIUM,per_record_inference_sec,5,5.513317399891094e-07,1.260851661567089e-07,4.4041504988854286e-07,7.623752832538836e-07,3.9477632846465995e-07,7.078871515135589e-07
decision_tree,pairwise_correlation_filter_natural,shipping_delivery_manipulation__r0p05__medium,shipping_delivery_manipulation,0.05,MEDIUM,inference_cpu_time_sec,5,0.0034270390000006048,0.0008179493229556706,0.0026816127000017786,0.004809163799995986,0.0024114207733305975,0.004442657226670612
decision_tree,pairwise_correlation_filter_natural,shipping_delivery_manipulation__r0p05__medium,shipping_delivery_manipulation,0.05,MEDIUM,inference_peak_rss_mib,5,803.5765625,0.39183990759440745,803.38671875,804.27734375,803.0900289936802,804.0630960063198
decision_tree,pairwise_correlation_filter_natural,shipping_delivery_manipulation__r0p05__medium,shipping_delivery_manipulation,0.05,MEDIUM,peak_rss_mib,5,803.5765625,0.39183990759440745,803.38671875,804.27734375,803.0900289936802,804.0630960063198
decision_tree,pairwise_correlation_filter_natural,shipping_delivery_manipulation__r0p05__medium,shipping_delivery_manipulation,0.05,MEDIUM,serialized_model_bytes,5,4116.0,327.90242451070714,3764.0,4404.0,3708.8553645610036,4523.144635438996
decision_tree,pairwise_correlation_filter_natural,shipping_delivery_manipulation__r0p05__medium,shipping_delivery_manipulation,0.05,MEDIUM,serialized_model_kib,5,4.01953125,0.32021721143623744,3.67578125,4.30078125,3.621929066954105,4.417133433045895
logistic_regression,pairwise_correlation_filter_natural,shipping_delivery_manipulation__r0p05__medium,shipping_delivery_manipulation,0.05,MEDIUM,precision,5,0.050276593647123245,0.004746653166878168,0.04508979747802828,0.05647668393782383,0.04438284529784606,0.05617034199640043
logistic_regression,pairwise_correlation_filter_natural,shipping_delivery_manipulation__r0p05__medium,shipping_delivery_manipulation,0.05,MEDIUM,recall,5,0.43133333333333335,0.061037329197430934,0.36333333333333334,0.5233333333333333,0.35554547912231166,0.507121187544355
logistic_regression,pairwise_correlation_filter_natural,shipping_delivery_manipulation__r0p05__medium,shipping_delivery_manipulation,0.05,MEDIUM,f1,5,0.08982694328656964,0.007334652414801644,0.08090503942406582,0.09775784753363229,0.0807197694437649,0.09893411712937437
logistic_regression,pairwise_correlation_filter_natural,shipping_delivery_manipulation__r0p05__medium,shipping_delivery_manipulation,0.05,MEDIUM,average_precision,5,0.05272614987579215,0.0038345650939319454,0.046902518260391914,0.057589503259810146,0.047964908449884235,0.05748739130170006
logistic_regression,pairwise_correlation_filter_natural,shipping_delivery_manipulation__r0p05__medium,shipping_delivery_manipulation,0.05,MEDIUM,pr_auc_trapezoidal,5,0.05211696765748545,0.003761878806501215,0.04641255321650849,0.05687119182217816,0.047445978177843434,0.05678795713712746
logistic_regression,pairwise_correlation_filter_natural,shipping_delivery_manipulation__r0p05__medium,shipping_delivery_manipulation,0.05,MEDIUM,roc_auc,5,0.5053918128654971,0.024612616258210006,0.4776356725146199,0.5310982456140352,0.4748312133560488,0.5359524123749454
logistic_regression,pairwise_correlation_filter_natural,shipping_delivery_manipulation__r0p05__medium,shipping_delivery_manipulation,0.05,MEDIUM,TP,5,129.4,18.31119875922928,109.0,157.0,106.6636437366935,152.1363562633065
logistic_regression,pairwise_correlation_filter_natural,shipping_delivery_manipulation__r0p05__medium,shipping_delivery_manipulation,0.05,MEDIUM,TN,5,3234.8,420.4048049202102,2837.0,3879.0,2712.798489058284,3756.8015109417165
logistic_regression,pairwise_correlation_filter_natural,shipping_delivery_manipulation__r0p05__medium,shipping_delivery_manipulation,0.05,MEDIUM,FP,5,2465.2,420.4048049202102,1821.0,2863.0,1943.1984890582833,2987.201510941716
logistic_regression,pairwise_correlation_filter_natural,shipping_delivery_manipulation__r0p05__medium,shipping_delivery_manipulation,0.05,MEDIUM,FN,5,170.6,18.31119875922928,143.0,191.0,147.8636437366935,193.3363562633065
logistic_regression,pairwise_correlation_filter_natural,shipping_delivery_manipulation__r0p05__medium,shipping_delivery_manipulation,0.05,MEDIUM,attack_prevalence,5,0.05,0.0,0.05,0.05,0.05,0.05
logistic_regression,pairwise_correlation_filter_natural,shipping_delivery_manipulation__r0p05__medium,shipping_delivery_manipulation,0.05,MEDIUM,visible_feature_attack_count,5,0.0,0.0,0.0,0.0,0.0,0.0
logistic_regression,pairwise_correlation_filter_natural,shipping_delivery_manipulation__r0p05__medium,shipping_delivery_manipulation,0.05,MEDIUM,invisible_feature_attack_count,5,300.0,0.0,300.0,300.0,300.0,300.0
logistic_regression,pairwise_correlation_filter_natural,shipping_delivery_manipulation__r0p05__medium,shipping_delivery_manipulation,0.05,MEDIUM,selected_feature_visibility_rate,5,0.0,0.0,0.0,0.0,0.0,0.0
logistic_regression,pairwise_correlation_filter_natural,shipping_delivery_manipulation__r0p05__medium,shipping_delivery_manipulation,0.05,MEDIUM,visible_attack_recall,0,,,,,,
logistic_regression,pairwise_correlation_filter_natural,shipping_delivery_manipulation__r0p05__medium,shipping_delivery_manipulation,0.05,MEDIUM,invisible_attack_recall,5,0.43133333333333335,0.061037329197430934,0.36333333333333334,0.5233333333333333,0.35554547912231166,0.507121187544355
logistic_regression,pairwise_correlation_filter_natural,shipping_delivery_manipulation__r0p05__medium,shipping_delivery_manipulation,0.05,MEDIUM,visible_attack_f1,0,,,,,,
logistic_regression,pairwise_correlation_filter_natural,shipping_delivery_manipulation__r0p05__medium,shipping_delivery_manipulation,0.05,MEDIUM,paired_induced_attack_induced_detection_rate,5,0.0,0.0,0.0,0.0,0.0,0.0
logistic_regression,pairwise_correlation_filter_natural,shipping_delivery_manipulation__r0p05__medium,shipping_delivery_manipulation,0.05,MEDIUM,paired_induced_mean_anomaly_score_delta,5,0.0,0.0,0.0,0.0,0.0,0.0
logistic_regression,pairwise_correlation_filter_natural,shipping_delivery_manipulation__r0p05__medium,shipping_delivery_manipulation,0.05,MEDIUM,paired_induced_median_anomaly_score_delta,5,0.0,0.0,0.0,0.0,0.0,0.0
logistic_regression,pairwise_correlation_filter_natural,shipping_delivery_manipulation__r0p05__medium,shipping_delivery_manipulation,0.05,MEDIUM,selected_feature_count,5,42.0,0.0,42.0,42.0,42.0,42.0
logistic_regression,pairwise_correlation_filter_natural,shipping_delivery_manipulation__r0p05__medium,shipping_delivery_manipulation,0.05,MEDIUM,source_block_count,5,9.0,0.0,9.0,9.0,9.0,9.0
logistic_regression,pairwise_correlation_filter_natural,shipping_delivery_manipulation__r0p05__medium,shipping_delivery_manipulation,0.05,MEDIUM,selected_input_bytes,5,2016132.0,0.0,2016132.0,2016132.0,2016132.0,2016132.0
logistic_regression,pairwise_correlation_filter_natural,shipping_delivery_manipulation__r0p05__medium,shipping_delivery_manipulation,0.05,MEDIUM,model_fit_wall_time_sec,5,0.5226187851993018,0.1320858923339655,0.33173528499901295,0.6544766820006771,0.358612488017468,0.6866250823811357
logistic_regression,pairwise_correlation_filter_natural,shipping_delivery_manipulation__r0p05__medium,shipping_delivery_manipulation,0.05,MEDIUM,model_fit_cpu_time_sec,5,0.32897909459999986,0.11776488132572177,0.18253484599999936,0.47190246899999977,0.18275468120499616,0.47520350799500355
logistic_regression,pairwise_correlation_filter_natural,shipping_delivery_manipulation__r0p05__medium,shipping_delivery_manipulation,0.05,MEDIUM,model_fit_peak_rss_mib,5,181.35625,0.274181465592076,181.0546875,181.63671875,181.01580874519928,181.6966912548007
logistic_regression,pairwise_correlation_filter_natural,shipping_delivery_manipulation__r0p05__medium,shipping_delivery_manipulation,0.05,MEDIUM,combined_fit_wall_time_sec,5,0.5226187851993018,0.1320858923339655,0.33173528499901295,0.6544766820006771,0.358612488017468,0.6866250823811357
logistic_regression,pairwise_correlation_filter_natural,shipping_delivery_manipulation__r0p05__medium,shipping_delivery_manipulation,0.05,MEDIUM,inference_wall_time_sec,5,0.0024791685400123243,0.000557890570914129,0.0019998882999061607,0.0032905258005484937,0.0017864559031703555,0.003171881176854293
logistic_regression,pairwise_correlation_filter_natural,shipping_delivery_manipulation__r0p05__medium,shipping_delivery_manipulation,0.05,MEDIUM,per_record_inference_sec,5,4.1319475666872066e-07,9.29817618190215e-08,3.333147166510268e-07,5.484209667580823e-07,2.9774265052839254e-07,5.286468628090488e-07
logistic_regression,pairwise_correlation_filter_natural,shipping_delivery_manipulation__r0p05__medium,shipping_delivery_manipulation,0.05,MEDIUM,inference_cpu_time_sec,5,0.002557585020000488,0.000567296597114754,0.0020292784999980996,0.0033873059999962154,0.0018531932590590328,0.0032619767809419433
logistic_regression,pairwise_correlation_filter_natural,shipping_delivery_manipulation__r0p05__medium,shipping_delivery_manipulation,0.05,MEDIUM,inference_peak_rss_mib,5,803.5765625,0.39183990759440745,803.38671875,804.27734375,803.0900289936802,804.0630960063198
logistic_regression,pairwise_correlation_filter_natural,shipping_delivery_manipulation__r0p05__medium,shipping_delivery_manipulation,0.05,MEDIUM,peak_rss_mib,5,803.5765625,0.39183990759440745,803.38671875,804.27734375,803.0900289936802,804.0630960063198
logistic_regression,pairwise_correlation_filter_natural,shipping_delivery_manipulation__r0p05__medium,shipping_delivery_manipulation,0.05,MEDIUM,serialized_model_bytes,5,2310.0,0.0,2310.0,2310.0,2310.0,2310.0
logistic_regression,pairwise_correlation_filter_natural,shipping_delivery_manipulation__r0p05__medium,shipping_delivery_manipulation,0.05,MEDIUM,serialized_model_kib,5,2.255859375,0.0,2.255859375,2.255859375,2.255859375,2.255859375
decision_tree,mutual_information_select_k_best_k11,shipping_delivery_manipulation__r0p05__medium,shipping_delivery_manipulation,0.05,MEDIUM,precision,5,0.0349799911349024,0.023806697203776126,0.0,0.05303030303030303,0.00542007230081187,0.06453990996899292
decision_tree,mutual_information_select_k_best_k11,shipping_delivery_manipulation__r0p05__medium,shipping_delivery_manipulation,0.05,MEDIUM,recall,5,0.142,0.1771628252954515,0.0,0.37333333333333335,-0.0779767019896001,0.3619767019896001
decision_tree,mutual_information_select_k_best_k11,shipping_delivery_manipulation__r0p05__medium,shipping_delivery_manipulation,0.05,MEDIUM,f1,5,0.04572577079155481,0.04035924019815068,0.0,0.09035901573215006,-0.004386844757386876,0.09583838634049649
decision_tree,mutual_information_select_k_best_k11,shipping_delivery_manipulation__r0p05__medium,shipping_delivery_manipulation,0.05,MEDIUM,average_precision,5,0.04965751847960783,0.0011230480228161179,0.04846461575711224,0.05080137008929517,0.04826307018142203,0.05105196677779363
decision_tree,mutual_information_select_k_best_k11,shipping_delivery_manipulation__r0p05__medium,shipping_delivery_manipulation,0.05,MEDIUM,pr_auc_trapezoidal,5,0.049654543650855525,0.004407046621056406,0.04233572895199188,0.05354681608752866,0.044182472523079885,0.055126614778631164
decision_tree,mutual_information_select_k_best_k11,shipping_delivery_manipulation__r0p05__medium,shipping_delivery_manipulation,0.05,MEDIUM,roc_auc,5,0.49530239766081874,0.013908674213721278,0.48026959064327485,0.508626023391813,0.47803249762688227,0.5125722976947552
decision_tree,mutual_information_select_k_best_k11,shipping_delivery_manipulation__r0p05__medium,shipping_delivery_manipulation,0.05,MEDIUM,TP,5,42.6,53.14884758863545,0.0,112.0,-23.393010596880025,108.59301059688002
decision_tree,mutual_information_select_k_best_k11,shipping_delivery_manipulation__r0p05__medium,shipping_delivery_manipulation,0.05,MEDIUM,TN,5,4868.4,960.047811309416,3633.0,5689.0,3676.34319614183,6060.456803858169
decision_tree,mutual_information_select_k_best_k11,shipping_delivery_manipulation__r0p05__medium,shipping_delivery_manipulation,0.05,MEDIUM,FP,5,831.6,960.047811309416,11.0,2067.0,-360.4568038581698,2023.65680385817
decision_tree,mutual_information_select_k_best_k11,shipping_delivery_manipulation__r0p05__medium,shipping_delivery_manipulation,0.05,MEDIUM,FN,5,257.4,53.14884758863545,188.0,300.0,191.40698940311995,323.39301059688
decision_tree,mutual_information_select_k_best_k11,shipping_delivery_manipulation__r0p05__medium,shipping_delivery_manipulation,0.05,MEDIUM,attack_prevalence,5,0.05,0.0,0.05,0.05,0.05,0.05
decision_tree,mutual_information_select_k_best_k11,shipping_delivery_manipulation__r0p05__medium,shipping_delivery_manipulation,0.05,MEDIUM,visible_feature_attack_count,5,0.0,0.0,0.0,0.0,0.0,0.0
decision_tree,mutual_information_select_k_best_k11,shipping_delivery_manipulation__r0p05__medium,shipping_delivery_manipulation,0.05,MEDIUM,invisible_feature_attack_count,5,300.0,0.0,300.0,300.0,300.0,300.0
decision_tree,mutual_information_select_k_best_k11,shipping_delivery_manipulation__r0p05__medium,shipping_delivery_manipulation,0.05,MEDIUM,selected_feature_visibility_rate,5,0.0,0.0,0.0,0.0,0.0,0.0
decision_tree,mutual_information_select_k_best_k11,shipping_delivery_manipulation__r0p05__medium,shipping_delivery_manipulation,0.05,MEDIUM,visible_attack_recall,0,,,,,,
decision_tree,mutual_information_select_k_best_k11,shipping_delivery_manipulation__r0p05__medium,shipping_delivery_manipulation,0.05,MEDIUM,invisible_attack_recall,5,0.142,0.1771628252954515,0.0,0.37333333333333335,-0.0779767019896001,0.3619767019896001
decision_tree,mutual_information_select_k_best_k11,shipping_delivery_manipulation__r0p05__medium,shipping_delivery_manipulation,0.05,MEDIUM,visible_attack_f1,0,,,,,,
decision_tree,mutual_information_select_k_best_k11,shipping_delivery_manipulation__r0p05__medium,shipping_delivery_manipulation,0.05,MEDIUM,paired_induced_attack_induced_detection_rate,5,0.0,0.0,0.0,0.0,0.0,0.0
decision_tree,mutual_information_select_k_best_k11,shipping_delivery_manipulation__r0p05__medium,shipping_delivery_manipulation,0.05,MEDIUM,paired_induced_mean_anomaly_score_delta,5,0.0,0.0,0.0,0.0,0.0,0.0
decision_tree,mutual_information_select_k_best_k11,shipping_delivery_manipulation__r0p05__medium,shipping_delivery_manipulation,0.05,MEDIUM,paired_induced_median_anomaly_score_delta,5,0.0,0.0,0.0,0.0,0.0,0.0
decision_tree,mutual_information_select_k_best_k11,shipping_delivery_manipulation__r0p05__medium,shipping_delivery_manipulation,0.05,MEDIUM,selected_feature_count,5,11.0,0.0,11.0,11.0,11.0,11.0
decision_tree,mutual_information_select_k_best_k11,shipping_delivery_manipulation__r0p05__medium,shipping_delivery_manipulation,0.05,MEDIUM,source_block_count,5,5.0,0.7071067811865476,4.0,6.0,4.122010966914219,5.877989033085781
decision_tree,mutual_information_select_k_best_k11,shipping_delivery_manipulation__r0p05__medium,shipping_delivery_manipulation,0.05,MEDIUM,selected_input_bytes,5,528132.0,0.0,528132.0,528132.0,528132.0,528132.0
decision_tree,mutual_information_select_k_best_k11,shipping_delivery_manipulation__r0p05__medium,shipping_delivery_manipulation,0.05,MEDIUM,model_fit_wall_time_sec,0,,,,,,
decision_tree,mutual_information_select_k_best_k11,shipping_delivery_manipulation__r0p05__medium,shipping_delivery_manipulation,0.05,MEDIUM,model_fit_cpu_time_sec,0,,,,,,
decision_tree,mutual_information_select_k_best_k11,shipping_delivery_manipulation__r0p05__medium,shipping_delivery_manipulation,0.05,MEDIUM,model_fit_peak_rss_mib,0,,,,,,
decision_tree,mutual_information_select_k_best_k11,shipping_delivery_manipulation__r0p05__medium,shipping_delivery_manipulation,0.05,MEDIUM,combined_fit_wall_time_sec,0,,,,,,
decision_tree,mutual_information_select_k_best_k11,shipping_delivery_manipulation__r0p05__medium,shipping_delivery_manipulation,0.05,MEDIUM,inference_wall_time_sec,5,0.0019842735197744326,0.000298594602616958,0.0015871715993853285,0.0023933307995321227,0.0016135193516467017,0.0023550276879021636
decision_tree,mutual_information_select_k_best_k11,shipping_delivery_manipulation__r0p05__medium,shipping_delivery_manipulation,0.05,MEDIUM,per_record_inference_sec,5,3.3071225329573885e-07,4.976576710282635e-08,2.6452859989755476e-07,3.9888846658868715e-07,2.68919891941117e-07,3.925046146503607e-07
decision_tree,mutual_information_select_k_best_k11,shipping_delivery_manipulation__r0p05__medium,shipping_delivery_manipulation,0.05,MEDIUM,inference_cpu_time_sec,5,0.0020406237800000325,0.0003045299705227614,0.001598773099999562,0.0024311818999990463,0.0016624998792275658,0.0024187476807724993
decision_tree,mutual_information_select_k_best_k11,shipping_delivery_manipulation__r0p05__medium,shipping_delivery_manipulation,0.05,MEDIUM,inference_peak_rss_mib,5,803.5890625,0.3852105216580847,803.40625,804.27734375,803.1107604635274,804.0673645364725
decision_tree,mutual_information_select_k_best_k11,shipping_delivery_manipulation__r0p05__medium,shipping_delivery_manipulation,0.05,MEDIUM,peak_rss_mib,5,803.5890625,0.3852105216580847,803.40625,804.27734375,803.1107604635274,804.0673645364725
decision_tree,mutual_information_select_k_best_k11,shipping_delivery_manipulation__r0p05__medium,shipping_delivery_manipulation,0.05,MEDIUM,serialized_model_bytes,5,3402.4,341.02903102228703,3028.0,3716.0,2978.9565298369753,3825.843470163025
decision_tree,mutual_information_select_k_best_k11,shipping_delivery_manipulation__r0p05__medium,shipping_delivery_manipulation,0.05,MEDIUM,serialized_model_kib,5,3.32265625,0.3330361631077022,2.95703125,3.62890625,2.909137236168921,3.736175263831079
logistic_regression,mutual_information_select_k_best_k11,shipping_delivery_manipulation__r0p05__medium,shipping_delivery_manipulation,0.05,MEDIUM,precision,5,0.0488825229972648,0.003193525328789384,0.04462531574515857,0.05234159779614325,0.04491723756915204,0.05284780842537757
logistic_regression,mutual_information_select_k_best_k11,shipping_delivery_manipulation__r0p05__medium,shipping_delivery_manipulation,0.05,MEDIUM,recall,5,0.4893333333333333,0.06508114592995083,0.41,0.57,0.4085244174702037,0.570142249196463
logistic_regression,mutual_information_select_k_best_k11,shipping_delivery_manipulation__r0p05__medium,shipping_delivery_manipulation,0.05,MEDIUM,f1,5,0.08877468608899974,0.00563290817835564,0.08231944084908102,0.095878889823381,0.08178050679874244,0.09576886537925705
logistic_regression,mutual_information_select_k_best_k11,shipping_delivery_manipulation__r0p05__medium,shipping_delivery_manipulation,0.05,MEDIUM,average_precision,5,0.049439560355306375,0.004319325905976085,0.04389865595348351,0.055142675460964075,0.04407640888134275,0.05480271182927
logistic_regression,mutual_information_select_k_best_k11,shipping_delivery_manipulation__r0p05__medium,shipping_delivery_manipulation,0.05,MEDIUM,pr_auc_trapezoidal,5,0.04896356470227355,0.004214245605095776,0.043536983618996036,0.054527569774445346,0.04373088765483353,0.054196241749713575
logistic_regression,mutual_information_select_k_best_k11,shipping_delivery_manipulation__r0p05__medium,shipping_delivery_manipulation,0.05,MEDIUM,roc_auc,5,0.4899480116959064,0.02680424684066545,0.44972280701754386,0.5224347953216374,0.45666614339485867,0.5232298799969541
logistic_regression,mutual_information_select_k_best_k11,shipping_delivery_manipulation__r0p05__medium,shipping_delivery_manipulation,0.05,MEDIUM,TP,5,146.8,19.524343778985248,123.0,171.0,122.55732524106114,171.0426747589389
logistic_regression,mutual_information_select_k_best_k11,shipping_delivery_manipulation__r0p05__medium,shipping_delivery_manipulation,0.05,MEDIUM,TN,5,2836.8,402.4856519181771,2296.0,3257.0,2337.0480562192306,3336.5519437807698
logistic_regression,mutual_information_select_k_best_k11,shipping_delivery_manipulation__r0p05__medium,shipping_delivery_manipulation,0.05,MEDIUM,FP,5,2863.2,402.4856519181771,2443.0,3404.0,2363.4480562192302,3362.9519437807694
logistic_regression,mutual_information_select_k_best_k11,shipping_delivery_manipulation__r0p05__medium,shipping_delivery_manipulation,0.05,MEDIUM,FN,5,153.2,19.524343778985248,129.0,177.0,128.9573252410611,177.44267475893886
logistic_regression,mutual_information_select_k_best_k11,shipping_delivery_manipulation__r0p05__medium,shipping_delivery_manipulation,0.05,MEDIUM,attack_prevalence,5,0.05,0.0,0.05,0.05,0.05,0.05
logistic_regression,mutual_information_select_k_best_k11,shipping_delivery_manipulation__r0p05__medium,shipping_delivery_manipulation,0.05,MEDIUM,visible_feature_attack_count,5,0.0,0.0,0.0,0.0,0.0,0.0
logistic_regression,mutual_information_select_k_best_k11,shipping_delivery_manipulation__r0p05__medium,shipping_delivery_manipulation,0.05,MEDIUM,invisible_feature_attack_count,5,300.0,0.0,300.0,300.0,300.0,300.0
logistic_regression,mutual_information_select_k_best_k11,shipping_delivery_manipulation__r0p05__medium,shipping_delivery_manipulation,0.05,MEDIUM,selected_feature_visibility_rate,5,0.0,0.0,0.0,0.0,0.0,0.0
logistic_regression,mutual_information_select_k_best_k11,shipping_delivery_manipulation__r0p05__medium,shipping_delivery_manipulation,0.05,MEDIUM,visible_attack_recall,0,,,,,,
logistic_regression,mutual_information_select_k_best_k11,shipping_delivery_manipulation__r0p05__medium,shipping_delivery_manipulation,0.05,MEDIUM,invisible_attack_recall,5,0.4893333333333333,0.06508114592995083,0.41,0.57,0.4085244174702037,0.570142249196463
logistic_regression,mutual_information_select_k_best_k11,shipping_delivery_manipulation__r0p05__medium,shipping_delivery_manipulation,0.05,MEDIUM,visible_attack_f1,0,,,,,,
logistic_regression,mutual_information_select_k_best_k11,shipping_delivery_manipulation__r0p05__medium,shipping_delivery_manipulation,0.05,MEDIUM,paired_induced_attack_induced_detection_rate,5,0.0,0.0,0.0,0.0,0.0,0.0
logistic_regression,mutual_information_select_k_best_k11,shipping_delivery_manipulation__r0p05__medium,shipping_delivery_manipulation,0.05,MEDIUM,paired_induced_mean_anomaly_score_delta,5,0.0,0.0,0.0,0.0,0.0,0.0
logistic_regression,mutual_information_select_k_best_k11,shipping_delivery_manipulation__r0p05__medium,shipping_delivery_manipulation,0.05,MEDIUM,paired_induced_median_anomaly_score_delta,5,0.0,0.0,0.0,0.0,0.0,0.0
logistic_regression,mutual_information_select_k_best_k11,shipping_delivery_manipulation__r0p05__medium,shipping_delivery_manipulation,0.05,MEDIUM,selected_feature_count,5,11.0,0.0,11.0,11.0,11.0,11.0
logistic_regression,mutual_information_select_k_best_k11,shipping_delivery_manipulation__r0p05__medium,shipping_delivery_manipulation,0.05,MEDIUM,source_block_count,5,5.0,0.7071067811865476,4.0,6.0,4.122010966914219,5.877989033085781
logistic_regression,mutual_information_select_k_best_k11,shipping_delivery_manipulation__r0p05__medium,shipping_delivery_manipulation,0.05,MEDIUM,selected_input_bytes,5,528132.0,0.0,528132.0,528132.0,528132.0,528132.0
logistic_regression,mutual_information_select_k_best_k11,shipping_delivery_manipulation__r0p05__medium,shipping_delivery_manipulation,0.05,MEDIUM,model_fit_wall_time_sec,5,0.27497685859998455,0.02091021720342391,0.24763035999785643,0.29918557299970416,0.24901339470385145,0.30094032249611763
logistic_regression,mutual_information_select_k_best_k11,shipping_delivery_manipulation__r0p05__medium,shipping_delivery_manipulation,0.05,MEDIUM,model_fit_cpu_time_sec,5,0.09213092119999988,0.014315567471356337,0.07548344399999962,0.10902960499999992,0.07435579645694569,0.10990604594305407
logistic_regression,mutual_information_select_k_best_k11,shipping_delivery_manipulation__r0p05__medium,shipping_delivery_manipulation,0.05,MEDIUM,model_fit_peak_rss_mib,5,163.92734375,0.3541635550567968,163.37890625,164.25390625,163.48759161420978,164.36709588579023
logistic_regression,mutual_information_select_k_best_k11,shipping_delivery_manipulation__r0p05__medium,shipping_delivery_manipulation,0.05,MEDIUM,combined_fit_wall_time_sec,5,0.27497685859998455,0.02091021720342391,0.24763035999785643,0.29918557299970416,0.24901339470385145,0.30094032249611763
logistic_regression,mutual_information_select_k_best_k11,shipping_delivery_manipulation__r0p05__medium,shipping_delivery_manipulation,0.05,MEDIUM,inference_wall_time_sec,5,0.0019720427598804236,0.00028549198283517405,0.0017036201999871992,0.0023297029998502693,0.0016175576430178993,0.002326527876742948
logistic_regression,mutual_information_select_k_best_k11,shipping_delivery_manipulation__r0p05__medium,shipping_delivery_manipulation,0.05,MEDIUM,per_record_inference_sec,5,3.286737933134039e-07,4.7581997139195695e-08,2.839366999978665e-07,3.8828383330837824e-07,2.695929405029832e-07,3.8775464612382466e-07
logistic_regression,mutual_information_select_k_best_k11,shipping_delivery_manipulation__r0p05__medium,shipping_delivery_manipulation,0.05,MEDIUM,inference_cpu_time_sec,5,0.0020345565600007375,0.0003030116883924804,0.001741628600001377,0.002448705599999812,0.0016583178554885581,0.0024107952645129166
logistic_regression,mutual_information_select_k_best_k11,shipping_delivery_manipulation__r0p05__medium,shipping_delivery_manipulation,0.05,MEDIUM,inference_peak_rss_mib,5,803.41171875,0.022027925281049507,803.390625,803.44921875,803.3843674682233,803.4390700317766
logistic_regression,mutual_information_select_k_best_k11,shipping_delivery_manipulation__r0p05__medium,shipping_delivery_manipulation,0.05,MEDIUM,peak_rss_mib,5,803.41171875,0.022027925281049507,803.390625,803.44921875,803.3843674682233,803.4390700317766
logistic_regression,mutual_information_select_k_best_k11,shipping_delivery_manipulation__r0p05__medium,shipping_delivery_manipulation,0.05,MEDIUM,serialized_model_bytes,5,1353.2,13.386560424545209,1334.0,1366.0,1336.5783898610498,1369.8216101389503
logistic_regression,mutual_information_select_k_best_k11,shipping_delivery_manipulation__r0p05__medium,shipping_delivery_manipulation,0.05,MEDIUM,serialized_model_kib,5,1.321484375,0.01307281291459493,1.302734375,1.333984375,1.3052523338486814,1.3377164161513186
decision_tree,none_natural,transaction_status_manipulation__r0p05__medium,transaction_status_manipulation,0.05,MEDIUM,precision,5,0.047948805463882235,0.017082003650478725,0.019933554817275746,0.06666666666666667,0.026738696513880673,0.0691589144138838
decision_tree,none_natural,transaction_status_manipulation__r0p05__medium,transaction_status_manipulation,0.05,MEDIUM,recall,5,0.14933333333333335,0.17850303452135857,0.0033333333333333335,0.38333333333333336,-0.07230745820213744,0.3709741248688041
decision_tree,none_natural,transaction_status_manipulation__r0p05__medium,transaction_status_manipulation,0.05,MEDIUM,f1,5,0.04995313683609929,0.038646959113317385,0.006349206349206349,0.09225832330525471,0.0019665990650020865,0.09793967460719649
decision_tree,none_natural,transaction_status_manipulation__r0p05__medium,transaction_status_manipulation,0.05,MEDIUM,average_precision,5,0.0498372166259192,0.0015427316803360124,0.04823623929227533,0.051834190437976935,0.04792166223955605,0.05175277101228235
decision_tree,none_natural,transaction_status_manipulation__r0p05__medium,transaction_status_manipulation,0.05,MEDIUM,pr_auc_trapezoidal,5,0.0526569190462298,0.009355947577321102,0.04199791007649802,0.06726326733030769,0.041039975770379225,0.06427386232208038
decision_tree,none_natural,transaction_status_manipulation__r0p05__medium,transaction_status_manipulation,0.05,MEDIUM,roc_auc,5,0.4974829239766082,0.016691041217169123,0.4793763157894737,0.5180008771929825,0.4767582590046977,0.5182075889485187
decision_tree,none_natural,transaction_status_manipulation__r0p05__medium,transaction_status_manipulation,0.05,MEDIUM,TP,5,44.8,53.55091035640757,1.0,115.0,-21.692237460641223,111.29223746064122
decision_tree,none_natural,transaction_status_manipulation__r0p05__medium,transaction_status_manipulation,0.05,MEDIUM,TN,5,4840.0,948.4874801493164,3622.0,5686.0,3662.2972431506505,6017.7027568493495
decision_tree,none_natural,transaction_status_manipulation__r0p05__medium,transaction_status_manipulation,0.05,MEDIUM,FP,5,860.0,948.4874801493164,14.0,2078.0,-317.7027568493495,2037.7027568493495
decision_tree,none_natural,transaction_status_manipulation__r0p05__medium,transaction_status_manipulation,0.05,MEDIUM,FN,5,255.2,53.55091035640757,185.0,299.0,188.70776253935878,321.6922374606412
decision_tree,none_natural,transaction_status_manipulation__r0p05__medium,transaction_status_manipulation,0.05,MEDIUM,attack_prevalence,5,0.05,0.0,0.05,0.05,0.05,0.05
decision_tree,none_natural,transaction_status_manipulation__r0p05__medium,transaction_status_manipulation,0.05,MEDIUM,visible_feature_attack_count,5,0.0,0.0,0.0,0.0,0.0,0.0
decision_tree,none_natural,transaction_status_manipulation__r0p05__medium,transaction_status_manipulation,0.05,MEDIUM,invisible_feature_attack_count,5,300.0,0.0,300.0,300.0,300.0,300.0
decision_tree,none_natural,transaction_status_manipulation__r0p05__medium,transaction_status_manipulation,0.05,MEDIUM,selected_feature_visibility_rate,5,0.0,0.0,0.0,0.0,0.0,0.0
decision_tree,none_natural,transaction_status_manipulation__r0p05__medium,transaction_status_manipulation,0.05,MEDIUM,visible_attack_recall,0,,,,,,
decision_tree,none_natural,transaction_status_manipulation__r0p05__medium,transaction_status_manipulation,0.05,MEDIUM,invisible_attack_recall,5,0.14933333333333335,0.17850303452135857,0.0033333333333333335,0.38333333333333336,-0.07230745820213744,0.3709741248688041
decision_tree,none_natural,transaction_status_manipulation__r0p05__medium,transaction_status_manipulation,0.05,MEDIUM,visible_attack_f1,0,,,,,,
decision_tree,none_natural,transaction_status_manipulation__r0p05__medium,transaction_status_manipulation,0.05,MEDIUM,paired_induced_attack_induced_detection_rate,5,0.0,0.0,0.0,0.0,0.0,0.0
decision_tree,none_natural,transaction_status_manipulation__r0p05__medium,transaction_status_manipulation,0.05,MEDIUM,paired_induced_mean_anomaly_score_delta,5,0.0,0.0,0.0,0.0,0.0,0.0
decision_tree,none_natural,transaction_status_manipulation__r0p05__medium,transaction_status_manipulation,0.05,MEDIUM,paired_induced_median_anomaly_score_delta,5,0.0,0.0,0.0,0.0,0.0,0.0
decision_tree,none_natural,transaction_status_manipulation__r0p05__medium,transaction_status_manipulation,0.05,MEDIUM,selected_feature_count,5,43.0,0.0,43.0,43.0,43.0,43.0
decision_tree,none_natural,transaction_status_manipulation__r0p05__medium,transaction_status_manipulation,0.05,MEDIUM,source_block_count,5,10.0,0.0,10.0,10.0,10.0,10.0
decision_tree,none_natural,transaction_status_manipulation__r0p05__medium,transaction_status_manipulation,0.05,MEDIUM,selected_input_bytes,5,2064132.0,0.0,2064132.0,2064132.0,2064132.0,2064132.0
decision_tree,none_natural,transaction_status_manipulation__r0p05__medium,transaction_status_manipulation,0.05,MEDIUM,model_fit_wall_time_sec,0,,,,,,
decision_tree,none_natural,transaction_status_manipulation__r0p05__medium,transaction_status_manipulation,0.05,MEDIUM,model_fit_cpu_time_sec,0,,,,,,
decision_tree,none_natural,transaction_status_manipulation__r0p05__medium,transaction_status_manipulation,0.05,MEDIUM,model_fit_peak_rss_mib,0,,,,,,
decision_tree,none_natural,transaction_status_manipulation__r0p05__medium,transaction_status_manipulation,0.05,MEDIUM,combined_fit_wall_time_sec,0,,,,,,
decision_tree,none_natural,transaction_status_manipulation__r0p05__medium,transaction_status_manipulation,0.05,MEDIUM,inference_wall_time_sec,5,0.0028368236399546735,0.00037232973649671395,0.0021718205003708134,0.003025731699744938,0.0023745152106856423,0.0032991320692237047
decision_tree,none_natural,transaction_status_manipulation__r0p05__medium,transaction_status_manipulation,0.05,MEDIUM,per_record_inference_sec,5,4.7280393999244547e-07,6.205495608278565e-08,3.6197008339513556e-07,5.042886166241563e-07,3.957525351142736e-07,5.498553448706173e-07
decision_tree,none_natural,transaction_status_manipulation__r0p05__medium,transaction_status_manipulation,0.05,MEDIUM,inference_cpu_time_sec,5,0.0029216604199996253,0.0003449636381829395,0.002306809300000623,0.0031218284999965816,0.0024933314897781396,0.003349989350221111
decision_tree,none_natural,transaction_status_manipulation__r0p05__medium,transaction_status_manipulation,0.05,MEDIUM,inference_peak_rss_mib,5,803.44140625,0.04555431167847891,803.37109375,803.48046875,803.3848431012258,803.4979693987742
decision_tree,none_natural,transaction_status_manipulation__r0p05__medium,transaction_status_manipulation,0.05,MEDIUM,peak_rss_mib,5,803.44140625,0.04555431167847891,803.37109375,803.48046875,803.3848431012258,803.4979693987742
decision_tree,none_natural,transaction_status_manipulation__r0p05__medium,transaction_status_manipulation,0.05,MEDIUM,serialized_model_bytes,5,4132.0,327.90242451070714,3780.0,4420.0,3724.8553645610036,4539.144635438996
decision_tree,none_natural,transaction_status_manipulation__r0p05__medium,transaction_status_manipulation,0.05,MEDIUM,serialized_model_kib,5,4.03515625,0.32021721143623744,3.69140625,4.31640625,3.637554066954105,4.432758433045895
logistic_regression,none_natural,transaction_status_manipulation__r0p05__medium,transaction_status_manipulation,0.05,MEDIUM,precision,5,0.050276593647123245,0.004746653166878168,0.04508979747802828,0.05647668393782383,0.04438284529784606,0.05617034199640043
logistic_regression,none_natural,transaction_status_manipulation__r0p05__medium,transaction_status_manipulation,0.05,MEDIUM,recall,5,0.43133333333333335,0.061037329197430934,0.36333333333333334,0.5233333333333333,0.35554547912231166,0.507121187544355
logistic_regression,none_natural,transaction_status_manipulation__r0p05__medium,transaction_status_manipulation,0.05,MEDIUM,f1,5,0.08982694328656964,0.007334652414801644,0.08090503942406582,0.09775784753363229,0.0807197694437649,0.09893411712937437
logistic_regression,none_natural,transaction_status_manipulation__r0p05__medium,transaction_status_manipulation,0.05,MEDIUM,average_precision,5,0.052726927835686666,0.003832699318456843,0.04690785373345814,0.05759008655424181,0.04796800307601492,0.05748585259535841
logistic_regression,none_natural,transaction_status_manipulation__r0p05__medium,transaction_status_manipulation,0.05,MEDIUM,pr_auc_trapezoidal,5,0.05211761410698734,0.0037603105368860523,0.04641712012179537,0.056871772294030745,0.04744857189126595,0.05678665632270873
logistic_regression,none_natural,transaction_status_manipulation__r0p05__medium,transaction_status_manipulation,0.05,MEDIUM,roc_auc,5,0.5053941520467836,0.024614400623762828,0.4776362573099415,0.5311011695906432,0.47483133695486873,0.5359569671386984
logistic_regression,none_natural,transaction_status_manipulation__r0p05__medium,transaction_status_manipulation,0.05,MEDIUM,TP,5,129.4,18.31119875922928,109.0,157.0,106.6636437366935,152.1363562633065
logistic_regression,none_natural,transaction_status_manipulation__r0p05__medium,transaction_status_manipulation,0.05,MEDIUM,TN,5,3234.8,420.4048049202102,2837.0,3879.0,2712.798489058284,3756.8015109417165
logistic_regression,none_natural,transaction_status_manipulation__r0p05__medium,transaction_status_manipulation,0.05,MEDIUM,FP,5,2465.2,420.4048049202102,1821.0,2863.0,1943.1984890582833,2987.201510941716
logistic_regression,none_natural,transaction_status_manipulation__r0p05__medium,transaction_status_manipulation,0.05,MEDIUM,FN,5,170.6,18.31119875922928,143.0,191.0,147.8636437366935,193.3363562633065
logistic_regression,none_natural,transaction_status_manipulation__r0p05__medium,transaction_status_manipulation,0.05,MEDIUM,attack_prevalence,5,0.05,0.0,0.05,0.05,0.05,0.05
logistic_regression,none_natural,transaction_status_manipulation__r0p05__medium,transaction_status_manipulation,0.05,MEDIUM,visible_feature_attack_count,5,0.0,0.0,0.0,0.0,0.0,0.0
logistic_regression,none_natural,transaction_status_manipulation__r0p05__medium,transaction_status_manipulation,0.05,MEDIUM,invisible_feature_attack_count,5,300.0,0.0,300.0,300.0,300.0,300.0
logistic_regression,none_natural,transaction_status_manipulation__r0p05__medium,transaction_status_manipulation,0.05,MEDIUM,selected_feature_visibility_rate,5,0.0,0.0,0.0,0.0,0.0,0.0
logistic_regression,none_natural,transaction_status_manipulation__r0p05__medium,transaction_status_manipulation,0.05,MEDIUM,visible_attack_recall,0,,,,,,
logistic_regression,none_natural,transaction_status_manipulation__r0p05__medium,transaction_status_manipulation,0.05,MEDIUM,invisible_attack_recall,5,0.43133333333333335,0.061037329197430934,0.36333333333333334,0.5233333333333333,0.35554547912231166,0.507121187544355
logistic_regression,none_natural,transaction_status_manipulation__r0p05__medium,transaction_status_manipulation,0.05,MEDIUM,visible_attack_f1,0,,,,,,
logistic_regression,none_natural,transaction_status_manipulation__r0p05__medium,transaction_status_manipulation,0.05,MEDIUM,paired_induced_attack_induced_detection_rate,5,0.0,0.0,0.0,0.0,0.0,0.0
logistic_regression,none_natural,transaction_status_manipulation__r0p05__medium,transaction_status_manipulation,0.05,MEDIUM,paired_induced_mean_anomaly_score_delta,5,0.0,0.0,0.0,0.0,0.0,0.0
logistic_regression,none_natural,transaction_status_manipulation__r0p05__medium,transaction_status_manipulation,0.05,MEDIUM,paired_induced_median_anomaly_score_delta,5,0.0,0.0,0.0,0.0,0.0,0.0
logistic_regression,none_natural,transaction_status_manipulation__r0p05__medium,transaction_status_manipulation,0.05,MEDIUM,selected_feature_count,5,43.0,0.0,43.0,43.0,43.0,43.0
logistic_regression,none_natural,transaction_status_manipulation__r0p05__medium,transaction_status_manipulation,0.05,MEDIUM,source_block_count,5,10.0,0.0,10.0,10.0,10.0,10.0
logistic_regression,none_natural,transaction_status_manipulation__r0p05__medium,transaction_status_manipulation,0.05,MEDIUM,selected_input_bytes,5,2064132.0,0.0,2064132.0,2064132.0,2064132.0,2064132.0
logistic_regression,none_natural,transaction_status_manipulation__r0p05__medium,transaction_status_manipulation,0.05,MEDIUM,model_fit_wall_time_sec,5,0.49001829079934395,0.09719446902817075,0.4144513709979947,0.6605000540002948,0.3693354177824376,0.6107011638162503
logistic_regression,none_natural,transaction_status_manipulation__r0p05__medium,transaction_status_manipulation,0.05,MEDIUM,model_fit_cpu_time_sec,5,0.29261962500000005,0.07522294968955433,0.21856836799999968,0.4180874179999998,0.19921799653171318,0.3860212534682869
logistic_regression,none_natural,transaction_status_manipulation__r0p05__medium,transaction_status_manipulation,0.05,MEDIUM,model_fit_peak_rss_mib,5,182.0546875,0.12530480415894876,181.8984375,182.19140625,181.89910103587374,182.21027396412626
logistic_regression,none_natural,transaction_status_manipulation__r0p05__medium,transaction_status_manipulation,0.05,MEDIUM,combined_fit_wall_time_sec,5,0.49001829079934395,0.09719446902817075,0.4144513709979947,0.6605000540002948,0.3693354177824376,0.6107011638162503
logistic_regression,none_natural,transaction_status_manipulation__r0p05__medium,transaction_status_manipulation,0.05,MEDIUM,inference_wall_time_sec,5,0.002268027960235486,0.000644012947743282,0.0017739367998728995,0.003392278500541579,0.001468380268644935,0.0030676756518260365
logistic_regression,none_natural,transaction_status_manipulation__r0p05__medium,transaction_status_manipulation,0.05,MEDIUM,per_record_inference_sec,5,3.7800466003924763e-07,1.07335491290547e-07,2.956561333121499e-07,5.653797500902632e-07,2.447300447741558e-07,5.112792753043394e-07
logistic_regression,none_natural,transaction_status_manipulation__r0p05__medium,transaction_status_manipulation,0.05,MEDIUM,inference_cpu_time_sec,5,0.002341238540001314,0.0006967762860514674,0.0017950041000005968,0.0035498679999989235,0.0014760765108083915,0.0032064005691942363
logistic_regression,none_natural,transaction_status_manipulation__r0p05__medium,transaction_status_manipulation,0.05,MEDIUM,inference_peak_rss_mib,5,803.4921875,0.048317644050206957,803.4453125,803.57421875,803.4321932209048,803.5521817790952
logistic_regression,none_natural,transaction_status_manipulation__r0p05__medium,transaction_status_manipulation,0.05,MEDIUM,peak_rss_mib,5,803.4921875,0.048317644050206957,803.4453125,803.57421875,803.4321932209048,803.5521817790952
logistic_regression,none_natural,transaction_status_manipulation__r0p05__medium,transaction_status_manipulation,0.05,MEDIUM,serialized_model_bytes,5,2342.0,0.0,2342.0,2342.0,2342.0,2342.0
logistic_regression,none_natural,transaction_status_manipulation__r0p05__medium,transaction_status_manipulation,0.05,MEDIUM,serialized_model_kib,5,2.287109375,0.0,2.287109375,2.287109375,2.287109375,2.287109375
decision_tree,pairwise_correlation_filter_natural,transaction_status_manipulation__r0p05__medium,transaction_status_manipulation,0.05,MEDIUM,precision,5,0.047948805463882235,0.017082003650478725,0.019933554817275746,0.06666666666666667,0.026738696513880673,0.0691589144138838
decision_tree,pairwise_correlation_filter_natural,transaction_status_manipulation__r0p05__medium,transaction_status_manipulation,0.05,MEDIUM,recall,5,0.14933333333333335,0.17850303452135857,0.0033333333333333335,0.38333333333333336,-0.07230745820213744,0.3709741248688041
decision_tree,pairwise_correlation_filter_natural,transaction_status_manipulation__r0p05__medium,transaction_status_manipulation,0.05,MEDIUM,f1,5,0.04995313683609929,0.038646959113317385,0.006349206349206349,0.09225832330525471,0.0019665990650020865,0.09793967460719649
decision_tree,pairwise_correlation_filter_natural,transaction_status_manipulation__r0p05__medium,transaction_status_manipulation,0.05,MEDIUM,average_precision,5,0.0498372166259192,0.0015427316803360124,0.04823623929227533,0.051834190437976935,0.04792166223955605,0.05175277101228235
decision_tree,pairwise_correlation_filter_natural,transaction_status_manipulation__r0p05__medium,transaction_status_manipulation,0.05,MEDIUM,pr_auc_trapezoidal,5,0.0526569190462298,0.009355947577321102,0.04199791007649802,0.06726326733030769,0.041039975770379225,0.06427386232208038
decision_tree,pairwise_correlation_filter_natural,transaction_status_manipulation__r0p05__medium,transaction_status_manipulation,0.05,MEDIUM,roc_auc,5,0.4974829239766082,0.016691041217169123,0.4793763157894737,0.5180008771929825,0.4767582590046977,0.5182075889485187
decision_tree,pairwise_correlation_filter_natural,transaction_status_manipulation__r0p05__medium,transaction_status_manipulation,0.05,MEDIUM,TP,5,44.8,53.55091035640757,1.0,115.0,-21.692237460641223,111.29223746064122
decision_tree,pairwise_correlation_filter_natural,transaction_status_manipulation__r0p05__medium,transaction_status_manipulation,0.05,MEDIUM,TN,5,4840.0,948.4874801493164,3622.0,5686.0,3662.2972431506505,6017.7027568493495
decision_tree,pairwise_correlation_filter_natural,transaction_status_manipulation__r0p05__medium,transaction_status_manipulation,0.05,MEDIUM,FP,5,860.0,948.4874801493164,14.0,2078.0,-317.7027568493495,2037.7027568493495
decision_tree,pairwise_correlation_filter_natural,transaction_status_manipulation__r0p05__medium,transaction_status_manipulation,0.05,MEDIUM,FN,5,255.2,53.55091035640757,185.0,299.0,188.70776253935878,321.6922374606412
decision_tree,pairwise_correlation_filter_natural,transaction_status_manipulation__r0p05__medium,transaction_status_manipulation,0.05,MEDIUM,attack_prevalence,5,0.05,0.0,0.05,0.05,0.05,0.05
decision_tree,pairwise_correlation_filter_natural,transaction_status_manipulation__r0p05__medium,transaction_status_manipulation,0.05,MEDIUM,visible_feature_attack_count,5,0.0,0.0,0.0,0.0,0.0,0.0
decision_tree,pairwise_correlation_filter_natural,transaction_status_manipulation__r0p05__medium,transaction_status_manipulation,0.05,MEDIUM,invisible_feature_attack_count,5,300.0,0.0,300.0,300.0,300.0,300.0
decision_tree,pairwise_correlation_filter_natural,transaction_status_manipulation__r0p05__medium,transaction_status_manipulation,0.05,MEDIUM,selected_feature_visibility_rate,5,0.0,0.0,0.0,0.0,0.0,0.0
decision_tree,pairwise_correlation_filter_natural,transaction_status_manipulation__r0p05__medium,transaction_status_manipulation,0.05,MEDIUM,visible_attack_recall,0,,,,,,
decision_tree,pairwise_correlation_filter_natural,transaction_status_manipulation__r0p05__medium,transaction_status_manipulation,0.05,MEDIUM,invisible_attack_recall,5,0.14933333333333335,0.17850303452135857,0.0033333333333333335,0.38333333333333336,-0.07230745820213744,0.3709741248688041
decision_tree,pairwise_correlation_filter_natural,transaction_status_manipulation__r0p05__medium,transaction_status_manipulation,0.05,MEDIUM,visible_attack_f1,0,,,,,,
decision_tree,pairwise_correlation_filter_natural,transaction_status_manipulation__r0p05__medium,transaction_status_manipulation,0.05,MEDIUM,paired_induced_attack_induced_detection_rate,5,0.0,0.0,0.0,0.0,0.0,0.0
decision_tree,pairwise_correlation_filter_natural,transaction_status_manipulation__r0p05__medium,transaction_status_manipulation,0.05,MEDIUM,paired_induced_mean_anomaly_score_delta,5,0.0,0.0,0.0,0.0,0.0,0.0
decision_tree,pairwise_correlation_filter_natural,transaction_status_manipulation__r0p05__medium,transaction_status_manipulation,0.05,MEDIUM,paired_induced_median_anomaly_score_delta,5,0.0,0.0,0.0,0.0,0.0,0.0
decision_tree,pairwise_correlation_filter_natural,transaction_status_manipulation__r0p05__medium,transaction_status_manipulation,0.05,MEDIUM,selected_feature_count,5,42.0,0.0,42.0,42.0,42.0,42.0
decision_tree,pairwise_correlation_filter_natural,transaction_status_manipulation__r0p05__medium,transaction_status_manipulation,0.05,MEDIUM,source_block_count,5,9.0,0.0,9.0,9.0,9.0,9.0
decision_tree,pairwise_correlation_filter_natural,transaction_status_manipulation__r0p05__medium,transaction_status_manipulation,0.05,MEDIUM,selected_input_bytes,5,2016132.0,0.0,2016132.0,2016132.0,2016132.0,2016132.0
decision_tree,pairwise_correlation_filter_natural,transaction_status_manipulation__r0p05__medium,transaction_status_manipulation,0.05,MEDIUM,model_fit_wall_time_sec,0,,,,,,
decision_tree,pairwise_correlation_filter_natural,transaction_status_manipulation__r0p05__medium,transaction_status_manipulation,0.05,MEDIUM,model_fit_cpu_time_sec,0,,,,,,
decision_tree,pairwise_correlation_filter_natural,transaction_status_manipulation__r0p05__medium,transaction_status_manipulation,0.05,MEDIUM,model_fit_peak_rss_mib,0,,,,,,
decision_tree,pairwise_correlation_filter_natural,transaction_status_manipulation__r0p05__medium,transaction_status_manipulation,0.05,MEDIUM,combined_fit_wall_time_sec,0,,,,,,
decision_tree,pairwise_correlation_filter_natural,transaction_status_manipulation__r0p05__medium,transaction_status_manipulation,0.05,MEDIUM,inference_wall_time_sec,5,0.00285867518017767,0.00037558827724219724,0.0024823437997838482,0.0033862960000988094,0.0023923207381782888,0.003325029622177051
decision_tree,pairwise_correlation_filter_natural,transaction_status_manipulation__r0p05__medium,transaction_status_manipulation,0.05,MEDIUM,per_record_inference_sec,5,4.764458633629451e-07,6.259804620703286e-08,4.1372396663064135e-07,5.643826666831349e-07,3.987201230297149e-07,5.541716036961753e-07
decision_tree,pairwise_correlation_filter_natural,transaction_status_manipulation__r0p05__medium,transaction_status_manipulation,0.05,MEDIUM,inference_cpu_time_sec,5,0.002938374580000982,0.0004265512118685015,0.0025500058999966767,0.0035723440000026583,0.0024087412968332566,0.003468007863168707
decision_tree,pairwise_correlation_filter_natural,transaction_status_manipulation__r0p05__medium,transaction_status_manipulation,0.05,MEDIUM,inference_peak_rss_mib,5,803.47421875,0.010186253758129139,803.45703125,803.48046875,803.4615708454319,803.4868666545681
decision_tree,pairwise_correlation_filter_natural,transaction_status_manipulation__r0p05__medium,transaction_status_manipulation,0.05,MEDIUM,peak_rss_mib,5,803.47421875,0.010186253758129139,803.45703125,803.48046875,803.4615708454319,803.4868666545681
decision_tree,pairwise_correlation_filter_natural,transaction_status_manipulation__r0p05__medium,transaction_status_manipulation,0.05,MEDIUM,serialized_model_bytes,5,4116.0,327.90242451070714,3764.0,4404.0,3708.8553645610036,4523.144635438996
decision_tree,pairwise_correlation_filter_natural,transaction_status_manipulation__r0p05__medium,transaction_status_manipulation,0.05,MEDIUM,serialized_model_kib,5,4.01953125,0.32021721143623744,3.67578125,4.30078125,3.621929066954105,4.417133433045895
logistic_regression,pairwise_correlation_filter_natural,transaction_status_manipulation__r0p05__medium,transaction_status_manipulation,0.05,MEDIUM,precision,5,0.050276593647123245,0.004746653166878168,0.04508979747802828,0.05647668393782383,0.04438284529784606,0.05617034199640043
logistic_regression,pairwise_correlation_filter_natural,transaction_status_manipulation__r0p05__medium,transaction_status_manipulation,0.05,MEDIUM,recall,5,0.43133333333333335,0.061037329197430934,0.36333333333333334,0.5233333333333333,0.35554547912231166,0.507121187544355
logistic_regression,pairwise_correlation_filter_natural,transaction_status_manipulation__r0p05__medium,transaction_status_manipulation,0.05,MEDIUM,f1,5,0.08982694328656964,0.007334652414801644,0.08090503942406582,0.09775784753363229,0.0807197694437649,0.09893411712937437
logistic_regression,pairwise_correlation_filter_natural,transaction_status_manipulation__r0p05__medium,transaction_status_manipulation,0.05,MEDIUM,average_precision,5,0.05272614987579215,0.0038345650939319454,0.046902518260391914,0.057589503259810146,0.047964908449884235,0.05748739130170006
logistic_regression,pairwise_correlation_filter_natural,transaction_status_manipulation__r0p05__medium,transaction_status_manipulation,0.05,MEDIUM,pr_auc_trapezoidal,5,0.05211696765748545,0.003761878806501215,0.04641255321650849,0.05687119182217816,0.047445978177843434,0.05678795713712746
logistic_regression,pairwise_correlation_filter_natural,transaction_status_manipulation__r0p05__medium,transaction_status_manipulation,0.05,MEDIUM,roc_auc,5,0.5053918128654971,0.024612616258210006,0.4776356725146199,0.5310982456140352,0.4748312133560488,0.5359524123749454
logistic_regression,pairwise_correlation_filter_natural,transaction_status_manipulation__r0p05__medium,transaction_status_manipulation,0.05,MEDIUM,TP,5,129.4,18.31119875922928,109.0,157.0,106.6636437366935,152.1363562633065
logistic_regression,pairwise_correlation_filter_natural,transaction_status_manipulation__r0p05__medium,transaction_status_manipulation,0.05,MEDIUM,TN,5,3234.8,420.4048049202102,2837.0,3879.0,2712.798489058284,3756.8015109417165
logistic_regression,pairwise_correlation_filter_natural,transaction_status_manipulation__r0p05__medium,transaction_status_manipulation,0.05,MEDIUM,FP,5,2465.2,420.4048049202102,1821.0,2863.0,1943.1984890582833,2987.201510941716
logistic_regression,pairwise_correlation_filter_natural,transaction_status_manipulation__r0p05__medium,transaction_status_manipulation,0.05,MEDIUM,FN,5,170.6,18.31119875922928,143.0,191.0,147.8636437366935,193.3363562633065
logistic_regression,pairwise_correlation_filter_natural,transaction_status_manipulation__r0p05__medium,transaction_status_manipulation,0.05,MEDIUM,attack_prevalence,5,0.05,0.0,0.05,0.05,0.05,0.05
logistic_regression,pairwise_correlation_filter_natural,transaction_status_manipulation__r0p05__medium,transaction_status_manipulation,0.05,MEDIUM,visible_feature_attack_count,5,0.0,0.0,0.0,0.0,0.0,0.0
logistic_regression,pairwise_correlation_filter_natural,transaction_status_manipulation__r0p05__medium,transaction_status_manipulation,0.05,MEDIUM,invisible_feature_attack_count,5,300.0,0.0,300.0,300.0,300.0,300.0
logistic_regression,pairwise_correlation_filter_natural,transaction_status_manipulation__r0p05__medium,transaction_status_manipulation,0.05,MEDIUM,selected_feature_visibility_rate,5,0.0,0.0,0.0,0.0,0.0,0.0
logistic_regression,pairwise_correlation_filter_natural,transaction_status_manipulation__r0p05__medium,transaction_status_manipulation,0.05,MEDIUM,visible_attack_recall,0,,,,,,
logistic_regression,pairwise_correlation_filter_natural,transaction_status_manipulation__r0p05__medium,transaction_status_manipulation,0.05,MEDIUM,invisible_attack_recall,5,0.43133333333333335,0.061037329197430934,0.36333333333333334,0.5233333333333333,0.35554547912231166,0.507121187544355
logistic_regression,pairwise_correlation_filter_natural,transaction_status_manipulation__r0p05__medium,transaction_status_manipulation,0.05,MEDIUM,visible_attack_f1,0,,,,,,
logistic_regression,pairwise_correlation_filter_natural,transaction_status_manipulation__r0p05__medium,transaction_status_manipulation,0.05,MEDIUM,paired_induced_attack_induced_detection_rate,5,0.0,0.0,0.0,0.0,0.0,0.0
logistic_regression,pairwise_correlation_filter_natural,transaction_status_manipulation__r0p05__medium,transaction_status_manipulation,0.05,MEDIUM,paired_induced_mean_anomaly_score_delta,5,0.0,0.0,0.0,0.0,0.0,0.0
logistic_regression,pairwise_correlation_filter_natural,transaction_status_manipulation__r0p05__medium,transaction_status_manipulation,0.05,MEDIUM,paired_induced_median_anomaly_score_delta,5,0.0,0.0,0.0,0.0,0.0,0.0
logistic_regression,pairwise_correlation_filter_natural,transaction_status_manipulation__r0p05__medium,transaction_status_manipulation,0.05,MEDIUM,selected_feature_count,5,42.0,0.0,42.0,42.0,42.0,42.0
logistic_regression,pairwise_correlation_filter_natural,transaction_status_manipulation__r0p05__medium,transaction_status_manipulation,0.05,MEDIUM,source_block_count,5,9.0,0.0,9.0,9.0,9.0,9.0
logistic_regression,pairwise_correlation_filter_natural,transaction_status_manipulation__r0p05__medium,transaction_status_manipulation,0.05,MEDIUM,selected_input_bytes,5,2016132.0,0.0,2016132.0,2016132.0,2016132.0,2016132.0
logistic_regression,pairwise_correlation_filter_natural,transaction_status_manipulation__r0p05__medium,transaction_status_manipulation,0.05,MEDIUM,model_fit_wall_time_sec,5,0.5226187851993018,0.1320858923339655,0.33173528499901295,0.6544766820006771,0.358612488017468,0.6866250823811357
logistic_regression,pairwise_correlation_filter_natural,transaction_status_manipulation__r0p05__medium,transaction_status_manipulation,0.05,MEDIUM,model_fit_cpu_time_sec,5,0.32897909459999986,0.11776488132572177,0.18253484599999936,0.47190246899999977,0.18275468120499616,0.47520350799500355
logistic_regression,pairwise_correlation_filter_natural,transaction_status_manipulation__r0p05__medium,transaction_status_manipulation,0.05,MEDIUM,model_fit_peak_rss_mib,5,181.35625,0.274181465592076,181.0546875,181.63671875,181.01580874519928,181.6966912548007
logistic_regression,pairwise_correlation_filter_natural,transaction_status_manipulation__r0p05__medium,transaction_status_manipulation,0.05,MEDIUM,combined_fit_wall_time_sec,5,0.5226187851993018,0.1320858923339655,0.33173528499901295,0.6544766820006771,0.358612488017468,0.6866250823811357
logistic_regression,pairwise_correlation_filter_natural,transaction_status_manipulation__r0p05__medium,transaction_status_manipulation,0.05,MEDIUM,inference_wall_time_sec,5,0.002966475260036532,0.0013873703288821045,0.0016806043997348752,0.004943677600385854,0.001243827470486138,0.004689123049586926
logistic_regression,pairwise_correlation_filter_natural,transaction_status_manipulation__r0p05__medium,transaction_status_manipulation,0.05,MEDIUM,per_record_inference_sec,5,4.944125433394219e-07,2.312283881470174e-07,2.8010073328914585e-07,8.239462667309757e-07,2.0730457841435628e-07,7.815205082644876e-07
logistic_regression,pairwise_correlation_filter_natural,transaction_status_manipulation__r0p05__medium,transaction_status_manipulation,0.05,MEDIUM,inference_cpu_time_sec,5,0.0030521186200007833,0.0014502810931018675,0.0017491660000018782,0.005096019000001206,0.001251356799419162,0.004852880440582404
logistic_regression,pairwise_correlation_filter_natural,transaction_status_manipulation__r0p05__medium,transaction_status_manipulation,0.05,MEDIUM,inference_peak_rss_mib,5,803.4875,0.020372507516258277,803.47265625,803.5234375,803.4622041908639,803.512795809136
logistic_regression,pairwise_correlation_filter_natural,transaction_status_manipulation__r0p05__medium,transaction_status_manipulation,0.05,MEDIUM,peak_rss_mib,5,803.4875,0.020372507516258277,803.47265625,803.5234375,803.4622041908639,803.512795809136
logistic_regression,pairwise_correlation_filter_natural,transaction_status_manipulation__r0p05__medium,transaction_status_manipulation,0.05,MEDIUM,serialized_model_bytes,5,2310.0,0.0,2310.0,2310.0,2310.0,2310.0
logistic_regression,pairwise_correlation_filter_natural,transaction_status_manipulation__r0p05__medium,transaction_status_manipulation,0.05,MEDIUM,serialized_model_kib,5,2.255859375,0.0,2.255859375,2.255859375,2.255859375,2.255859375
decision_tree,mutual_information_select_k_best_k11,transaction_status_manipulation__r0p05__medium,transaction_status_manipulation,0.05,MEDIUM,precision,5,0.0349799911349024,0.023806697203776126,0.0,0.05303030303030303,0.00542007230081187,0.06453990996899292
decision_tree,mutual_information_select_k_best_k11,transaction_status_manipulation__r0p05__medium,transaction_status_manipulation,0.05,MEDIUM,recall,5,0.142,0.1771628252954515,0.0,0.37333333333333335,-0.0779767019896001,0.3619767019896001
decision_tree,mutual_information_select_k_best_k11,transaction_status_manipulation__r0p05__medium,transaction_status_manipulation,0.05,MEDIUM,f1,5,0.04572577079155481,0.04035924019815068,0.0,0.09035901573215006,-0.004386844757386876,0.09583838634049649
decision_tree,mutual_information_select_k_best_k11,transaction_status_manipulation__r0p05__medium,transaction_status_manipulation,0.05,MEDIUM,average_precision,5,0.04965751847960783,0.0011230480228161179,0.04846461575711224,0.05080137008929517,0.04826307018142203,0.05105196677779363
decision_tree,mutual_information_select_k_best_k11,transaction_status_manipulation__r0p05__medium,transaction_status_manipulation,0.05,MEDIUM,pr_auc_trapezoidal,5,0.049654543650855525,0.004407046621056406,0.04233572895199188,0.05354681608752866,0.044182472523079885,0.055126614778631164
decision_tree,mutual_information_select_k_best_k11,transaction_status_manipulation__r0p05__medium,transaction_status_manipulation,0.05,MEDIUM,roc_auc,5,0.49530239766081874,0.013908674213721278,0.48026959064327485,0.508626023391813,0.47803249762688227,0.5125722976947552
decision_tree,mutual_information_select_k_best_k11,transaction_status_manipulation__r0p05__medium,transaction_status_manipulation,0.05,MEDIUM,TP,5,42.6,53.14884758863545,0.0,112.0,-23.393010596880025,108.59301059688002
decision_tree,mutual_information_select_k_best_k11,transaction_status_manipulation__r0p05__medium,transaction_status_manipulation,0.05,MEDIUM,TN,5,4868.4,960.047811309416,3633.0,5689.0,3676.34319614183,6060.456803858169
decision_tree,mutual_information_select_k_best_k11,transaction_status_manipulation__r0p05__medium,transaction_status_manipulation,0.05,MEDIUM,FP,5,831.6,960.047811309416,11.0,2067.0,-360.4568038581698,2023.65680385817
decision_tree,mutual_information_select_k_best_k11,transaction_status_manipulation__r0p05__medium,transaction_status_manipulation,0.05,MEDIUM,FN,5,257.4,53.14884758863545,188.0,300.0,191.40698940311995,323.39301059688
decision_tree,mutual_information_select_k_best_k11,transaction_status_manipulation__r0p05__medium,transaction_status_manipulation,0.05,MEDIUM,attack_prevalence,5,0.05,0.0,0.05,0.05,0.05,0.05
decision_tree,mutual_information_select_k_best_k11,transaction_status_manipulation__r0p05__medium,transaction_status_manipulation,0.05,MEDIUM,visible_feature_attack_count,5,0.0,0.0,0.0,0.0,0.0,0.0
decision_tree,mutual_information_select_k_best_k11,transaction_status_manipulation__r0p05__medium,transaction_status_manipulation,0.05,MEDIUM,invisible_feature_attack_count,5,300.0,0.0,300.0,300.0,300.0,300.0
decision_tree,mutual_information_select_k_best_k11,transaction_status_manipulation__r0p05__medium,transaction_status_manipulation,0.05,MEDIUM,selected_feature_visibility_rate,5,0.0,0.0,0.0,0.0,0.0,0.0
decision_tree,mutual_information_select_k_best_k11,transaction_status_manipulation__r0p05__medium,transaction_status_manipulation,0.05,MEDIUM,visible_attack_recall,0,,,,,,
decision_tree,mutual_information_select_k_best_k11,transaction_status_manipulation__r0p05__medium,transaction_status_manipulation,0.05,MEDIUM,invisible_attack_recall,5,0.142,0.1771628252954515,0.0,0.37333333333333335,-0.0779767019896001,0.3619767019896001
decision_tree,mutual_information_select_k_best_k11,transaction_status_manipulation__r0p05__medium,transaction_status_manipulation,0.05,MEDIUM,visible_attack_f1,0,,,,,,
decision_tree,mutual_information_select_k_best_k11,transaction_status_manipulation__r0p05__medium,transaction_status_manipulation,0.05,MEDIUM,paired_induced_attack_induced_detection_rate,5,0.0,0.0,0.0,0.0,0.0,0.0
decision_tree,mutual_information_select_k_best_k11,transaction_status_manipulation__r0p05__medium,transaction_status_manipulation,0.05,MEDIUM,paired_induced_mean_anomaly_score_delta,5,0.0,0.0,0.0,0.0,0.0,0.0
decision_tree,mutual_information_select_k_best_k11,transaction_status_manipulation__r0p05__medium,transaction_status_manipulation,0.05,MEDIUM,paired_induced_median_anomaly_score_delta,5,0.0,0.0,0.0,0.0,0.0,0.0
decision_tree,mutual_information_select_k_best_k11,transaction_status_manipulation__r0p05__medium,transaction_status_manipulation,0.05,MEDIUM,selected_feature_count,5,11.0,0.0,11.0,11.0,11.0,11.0
decision_tree,mutual_information_select_k_best_k11,transaction_status_manipulation__r0p05__medium,transaction_status_manipulation,0.05,MEDIUM,source_block_count,5,5.0,0.7071067811865476,4.0,6.0,4.122010966914219,5.877989033085781
decision_tree,mutual_information_select_k_best_k11,transaction_status_manipulation__r0p05__medium,transaction_status_manipulation,0.05,MEDIUM,selected_input_bytes,5,528132.0,0.0,528132.0,528132.0,528132.0,528132.0
decision_tree,mutual_information_select_k_best_k11,transaction_status_manipulation__r0p05__medium,transaction_status_manipulation,0.05,MEDIUM,model_fit_wall_time_sec,0,,,,,,
decision_tree,mutual_information_select_k_best_k11,transaction_status_manipulation__r0p05__medium,transaction_status_manipulation,0.05,MEDIUM,model_fit_cpu_time_sec,0,,,,,,
decision_tree,mutual_information_select_k_best_k11,transaction_status_manipulation__r0p05__medium,transaction_status_manipulation,0.05,MEDIUM,model_fit_peak_rss_mib,0,,,,,,
decision_tree,mutual_information_select_k_best_k11,transaction_status_manipulation__r0p05__medium,transaction_status_manipulation,0.05,MEDIUM,combined_fit_wall_time_sec,0,,,,,,
decision_tree,mutual_information_select_k_best_k11,transaction_status_manipulation__r0p05__medium,transaction_status_manipulation,0.05,MEDIUM,inference_wall_time_sec,5,0.0021111827999993693,0.000578069072119435,0.001712538699939614,0.003096320300392108,0.0013934152446730412,0.0028289503553256975
decision_tree,mutual_information_select_k_best_k11,transaction_status_manipulation__r0p05__medium,transaction_status_manipulation,0.05,MEDIUM,per_record_inference_sec,5,3.518637999998949e-07,9.634484535323916e-08,2.8542311665660236e-07,5.160533833986847e-07,2.3223587411217353e-07,4.714917258876163e-07
decision_tree,mutual_information_select_k_best_k11,transaction_status_manipulation__r0p05__medium,transaction_status_manipulation,0.05,MEDIUM,inference_cpu_time_sec,5,0.0021732433200008926,0.0005903749602587031,0.0017146651000018664,0.0031656728000029944,0.0014401959864061005,0.0029062906535956847
decision_tree,mutual_information_select_k_best_k11,transaction_status_manipulation__r0p05__medium,transaction_status_manipulation,0.05,MEDIUM,inference_peak_rss_mib,5,803.46953125,0.05835890436557218,803.37109375,803.52734375,803.3970690994746,803.5419934005255
decision_tree,mutual_information_select_k_best_k11,transaction_status_manipulation__r0p05__medium,transaction_status_manipulation,0.05,MEDIUM,peak_rss_mib,5,803.46953125,0.05835890436557218,803.37109375,803.52734375,803.3970690994746,803.5419934005255
decision_tree,mutual_information_select_k_best_k11,transaction_status_manipulation__r0p05__medium,transaction_status_manipulation,0.05,MEDIUM,serialized_model_bytes,5,3402.4,341.02903102228703,3028.0,3716.0,2978.9565298369753,3825.843470163025
decision_tree,mutual_information_select_k_best_k11,transaction_status_manipulation__r0p05__medium,transaction_status_manipulation,0.05,MEDIUM,serialized_model_kib,5,3.32265625,0.3330361631077022,2.95703125,3.62890625,2.909137236168921,3.736175263831079
logistic_regression,mutual_information_select_k_best_k11,transaction_status_manipulation__r0p05__medium,transaction_status_manipulation,0.05,MEDIUM,precision,5,0.0488825229972648,0.003193525328789384,0.04462531574515857,0.05234159779614325,0.04491723756915204,0.05284780842537757
logistic_regression,mutual_information_select_k_best_k11,transaction_status_manipulation__r0p05__medium,transaction_status_manipulation,0.05,MEDIUM,recall,5,0.4893333333333333,0.06508114592995083,0.41,0.57,0.4085244174702037,0.570142249196463
logistic_regression,mutual_information_select_k_best_k11,transaction_status_manipulation__r0p05__medium,transaction_status_manipulation,0.05,MEDIUM,f1,5,0.08877468608899974,0.00563290817835564,0.08231944084908102,0.095878889823381,0.08178050679874244,0.09576886537925705
logistic_regression,mutual_information_select_k_best_k11,transaction_status_manipulation__r0p05__medium,transaction_status_manipulation,0.05,MEDIUM,average_precision,5,0.049439560355306375,0.004319325905976085,0.04389865595348351,0.055142675460964075,0.04407640888134275,0.05480271182927
logistic_regression,mutual_information_select_k_best_k11,transaction_status_manipulation__r0p05__medium,transaction_status_manipulation,0.05,MEDIUM,pr_auc_trapezoidal,5,0.04896356470227355,0.004214245605095776,0.043536983618996036,0.054527569774445346,0.04373088765483353,0.054196241749713575
logistic_regression,mutual_information_select_k_best_k11,transaction_status_manipulation__r0p05__medium,transaction_status_manipulation,0.05,MEDIUM,roc_auc,5,0.4899480116959064,0.02680424684066545,0.44972280701754386,0.5224347953216374,0.45666614339485867,0.5232298799969541
logistic_regression,mutual_information_select_k_best_k11,transaction_status_manipulation__r0p05__medium,transaction_status_manipulation,0.05,MEDIUM,TP,5,146.8,19.524343778985248,123.0,171.0,122.55732524106114,171.0426747589389
logistic_regression,mutual_information_select_k_best_k11,transaction_status_manipulation__r0p05__medium,transaction_status_manipulation,0.05,MEDIUM,TN,5,2836.8,402.4856519181771,2296.0,3257.0,2337.0480562192306,3336.5519437807698
logistic_regression,mutual_information_select_k_best_k11,transaction_status_manipulation__r0p05__medium,transaction_status_manipulation,0.05,MEDIUM,FP,5,2863.2,402.4856519181771,2443.0,3404.0,2363.4480562192302,3362.9519437807694
logistic_regression,mutual_information_select_k_best_k11,transaction_status_manipulation__r0p05__medium,transaction_status_manipulation,0.05,MEDIUM,FN,5,153.2,19.524343778985248,129.0,177.0,128.9573252410611,177.44267475893886
logistic_regression,mutual_information_select_k_best_k11,transaction_status_manipulation__r0p05__medium,transaction_status_manipulation,0.05,MEDIUM,attack_prevalence,5,0.05,0.0,0.05,0.05,0.05,0.05
logistic_regression,mutual_information_select_k_best_k11,transaction_status_manipulation__r0p05__medium,transaction_status_manipulation,0.05,MEDIUM,visible_feature_attack_count,5,0.0,0.0,0.0,0.0,0.0,0.0
logistic_regression,mutual_information_select_k_best_k11,transaction_status_manipulation__r0p05__medium,transaction_status_manipulation,0.05,MEDIUM,invisible_feature_attack_count,5,300.0,0.0,300.0,300.0,300.0,300.0
logistic_regression,mutual_information_select_k_best_k11,transaction_status_manipulation__r0p05__medium,transaction_status_manipulation,0.05,MEDIUM,selected_feature_visibility_rate,5,0.0,0.0,0.0,0.0,0.0,0.0
logistic_regression,mutual_information_select_k_best_k11,transaction_status_manipulation__r0p05__medium,transaction_status_manipulation,0.05,MEDIUM,visible_attack_recall,0,,,,,,
logistic_regression,mutual_information_select_k_best_k11,transaction_status_manipulation__r0p05__medium,transaction_status_manipulation,0.05,MEDIUM,invisible_attack_recall,5,0.4893333333333333,0.06508114592995083,0.41,0.57,0.4085244174702037,0.570142249196463
logistic_regression,mutual_information_select_k_best_k11,transaction_status_manipulation__r0p05__medium,transaction_status_manipulation,0.05,MEDIUM,visible_attack_f1,0,,,,,,
logistic_regression,mutual_information_select_k_best_k11,transaction_status_manipulation__r0p05__medium,transaction_status_manipulation,0.05,MEDIUM,paired_induced_attack_induced_detection_rate,5,0.0,0.0,0.0,0.0,0.0,0.0
logistic_regression,mutual_information_select_k_best_k11,transaction_status_manipulation__r0p05__medium,transaction_status_manipulation,0.05,MEDIUM,paired_induced_mean_anomaly_score_delta,5,0.0,0.0,0.0,0.0,0.0,0.0
logistic_regression,mutual_information_select_k_best_k11,transaction_status_manipulation__r0p05__medium,transaction_status_manipulation,0.05,MEDIUM,paired_induced_median_anomaly_score_delta,5,0.0,0.0,0.0,0.0,0.0,0.0
logistic_regression,mutual_information_select_k_best_k11,transaction_status_manipulation__r0p05__medium,transaction_status_manipulation,0.05,MEDIUM,selected_feature_count,5,11.0,0.0,11.0,11.0,11.0,11.0
logistic_regression,mutual_information_select_k_best_k11,transaction_status_manipulation__r0p05__medium,transaction_status_manipulation,0.05,MEDIUM,source_block_count,5,5.0,0.7071067811865476,4.0,6.0,4.122010966914219,5.877989033085781
logistic_regression,mutual_information_select_k_best_k11,transaction_status_manipulation__r0p05__medium,transaction_status_manipulation,0.05,MEDIUM,selected_input_bytes,5,528132.0,0.0,528132.0,528132.0,528132.0,528132.0
logistic_regression,mutual_information_select_k_best_k11,transaction_status_manipulation__r0p05__medium,transaction_status_manipulation,0.05,MEDIUM,model_fit_wall_time_sec,5,0.27497685859998455,0.02091021720342391,0.24763035999785643,0.29918557299970416,0.24901339470385145,0.30094032249611763
logistic_regression,mutual_information_select_k_best_k11,transaction_status_manipulation__r0p05__medium,transaction_status_manipulation,0.05,MEDIUM,model_fit_cpu_time_sec,5,0.09213092119999988,0.014315567471356337,0.07548344399999962,0.10902960499999992,0.07435579645694569,0.10990604594305407
logistic_regression,mutual_information_select_k_best_k11,transaction_status_manipulation__r0p05__medium,transaction_status_manipulation,0.05,MEDIUM,model_fit_peak_rss_mib,5,163.92734375,0.3541635550567968,163.37890625,164.25390625,163.48759161420978,164.36709588579023
logistic_regression,mutual_information_select_k_best_k11,transaction_status_manipulation__r0p05__medium,transaction_status_manipulation,0.05,MEDIUM,combined_fit_wall_time_sec,5,0.27497685859998455,0.02091021720342391,0.24763035999785643,0.29918557299970416,0.24901339470385145,0.30094032249611763
logistic_regression,mutual_information_select_k_best_k11,transaction_status_manipulation__r0p05__medium,transaction_status_manipulation,0.05,MEDIUM,inference_wall_time_sec,5,0.0016102742600196506,0.00013352848180903833,0.001461974600533722,0.0018032343999948353,0.0014444767514224298,0.0017760717686168715
logistic_regression,mutual_information_select_k_best_k11,transaction_status_manipulation__r0p05__medium,transaction_status_manipulation,0.05,MEDIUM,per_record_inference_sec,5,2.683790433366084e-07,2.225474696817305e-08,2.43662433422287e-07,3.0053906666580587e-07,2.407461252370716e-07,2.960119614361452e-07
logistic_regression,mutual_information_select_k_best_k11,transaction_status_manipulation__r0p05__medium,transaction_status_manipulation,0.05,MEDIUM,inference_cpu_time_sec,5,0.0016578388799996444,0.0001554461598390168,0.0015005003999988276,0.0018607775999953447,0.001464826979668356,0.0018508507803309327
logistic_regression,mutual_information_select_k_best_k11,transaction_status_manipulation__r0p05__medium,transaction_status_manipulation,0.05,MEDIUM,inference_peak_rss_mib,5,803.44921875,0.050328510651270024,803.37109375,803.48828125,803.386727650241,803.511709849759
logistic_regression,mutual_information_select_k_best_k11,transaction_status_manipulation__r0p05__medium,transaction_status_manipulation,0.05,MEDIUM,peak_rss_mib,5,803.44921875,0.050328510651270024,803.37109375,803.48828125,803.386727650241,803.511709849759
logistic_regression,mutual_information_select_k_best_k11,transaction_status_manipulation__r0p05__medium,transaction_status_manipulation,0.05,MEDIUM,serialized_model_bytes,5,1353.2,13.386560424545209,1334.0,1366.0,1336.5783898610498,1369.8216101389503
logistic_regression,mutual_information_select_k_best_k11,transaction_status_manipulation__r0p05__medium,transaction_status_manipulation,0.05,MEDIUM,serialized_model_kib,5,1.321484375,0.01307281291459493,1.302734375,1.333984375,1.3052523338486814,1.3377164161513186
decision_tree,none_natural,timestamp_manipulation__r0p05__medium,timestamp_manipulation,0.05,MEDIUM,precision,5,0.047948805463882235,0.017082003650478725,0.019933554817275746,0.06666666666666667,0.026738696513880673,0.0691589144138838
decision_tree,none_natural,timestamp_manipulation__r0p05__medium,timestamp_manipulation,0.05,MEDIUM,recall,5,0.14933333333333335,0.17850303452135857,0.0033333333333333335,0.38333333333333336,-0.07230745820213744,0.3709741248688041
decision_tree,none_natural,timestamp_manipulation__r0p05__medium,timestamp_manipulation,0.05,MEDIUM,f1,5,0.04995313683609929,0.038646959113317385,0.006349206349206349,0.09225832330525471,0.0019665990650020865,0.09793967460719649
decision_tree,none_natural,timestamp_manipulation__r0p05__medium,timestamp_manipulation,0.05,MEDIUM,average_precision,5,0.0498372166259192,0.0015427316803360124,0.04823623929227533,0.051834190437976935,0.04792166223955605,0.05175277101228235
decision_tree,none_natural,timestamp_manipulation__r0p05__medium,timestamp_manipulation,0.05,MEDIUM,pr_auc_trapezoidal,5,0.0526569190462298,0.009355947577321102,0.04199791007649802,0.06726326733030769,0.041039975770379225,0.06427386232208038
decision_tree,none_natural,timestamp_manipulation__r0p05__medium,timestamp_manipulation,0.05,MEDIUM,roc_auc,5,0.4974829239766082,0.016691041217169123,0.4793763157894737,0.5180008771929825,0.4767582590046977,0.5182075889485187
decision_tree,none_natural,timestamp_manipulation__r0p05__medium,timestamp_manipulation,0.05,MEDIUM,TP,5,44.8,53.55091035640757,1.0,115.0,-21.692237460641223,111.29223746064122
decision_tree,none_natural,timestamp_manipulation__r0p05__medium,timestamp_manipulation,0.05,MEDIUM,TN,5,4840.0,948.4874801493164,3622.0,5686.0,3662.2972431506505,6017.7027568493495
decision_tree,none_natural,timestamp_manipulation__r0p05__medium,timestamp_manipulation,0.05,MEDIUM,FP,5,860.0,948.4874801493164,14.0,2078.0,-317.7027568493495,2037.7027568493495
decision_tree,none_natural,timestamp_manipulation__r0p05__medium,timestamp_manipulation,0.05,MEDIUM,FN,5,255.2,53.55091035640757,185.0,299.0,188.70776253935878,321.6922374606412
decision_tree,none_natural,timestamp_manipulation__r0p05__medium,timestamp_manipulation,0.05,MEDIUM,attack_prevalence,5,0.05,0.0,0.05,0.05,0.05,0.05
decision_tree,none_natural,timestamp_manipulation__r0p05__medium,timestamp_manipulation,0.05,MEDIUM,visible_feature_attack_count,5,300.0,0.0,300.0,300.0,300.0,300.0
decision_tree,none_natural,timestamp_manipulation__r0p05__medium,timestamp_manipulation,0.05,MEDIUM,invisible_feature_attack_count,5,0.0,0.0,0.0,0.0,0.0,0.0
decision_tree,none_natural,timestamp_manipulation__r0p05__medium,timestamp_manipulation,0.05,MEDIUM,selected_feature_visibility_rate,5,1.0,0.0,1.0,1.0,1.0,1.0
decision_tree,none_natural,timestamp_manipulation__r0p05__medium,timestamp_manipulation,0.05,MEDIUM,visible_attack_recall,5,0.14933333333333335,0.17850303452135857,0.0033333333333333335,0.38333333333333336,-0.07230745820213744,0.3709741248688041
decision_tree,none_natural,timestamp_manipulation__r0p05__medium,timestamp_manipulation,0.05,MEDIUM,invisible_attack_recall,0,,,,,,
decision_tree,none_natural,timestamp_manipulation__r0p05__medium,timestamp_manipulation,0.05,MEDIUM,visible_attack_f1,5,0.04995313683609929,0.038646959113317385,0.006349206349206349,0.09225832330525471,0.0019665990650020865,0.09793967460719649
decision_tree,none_natural,timestamp_manipulation__r0p05__medium,timestamp_manipulation,0.05,MEDIUM,paired_induced_attack_induced_detection_rate,5,0.0,0.0,0.0,0.0,0.0,0.0
decision_tree,none_natural,timestamp_manipulation__r0p05__medium,timestamp_manipulation,0.05,MEDIUM,paired_induced_mean_anomaly_score_delta,5,0.0,0.0,0.0,0.0,0.0,0.0
decision_tree,none_natural,timestamp_manipulation__r0p05__medium,timestamp_manipulation,0.05,MEDIUM,paired_induced_median_anomaly_score_delta,5,0.0,0.0,0.0,0.0,0.0,0.0
decision_tree,none_natural,timestamp_manipulation__r0p05__medium,timestamp_manipulation,0.05,MEDIUM,selected_feature_count,5,43.0,0.0,43.0,43.0,43.0,43.0
decision_tree,none_natural,timestamp_manipulation__r0p05__medium,timestamp_manipulation,0.05,MEDIUM,source_block_count,5,10.0,0.0,10.0,10.0,10.0,10.0
decision_tree,none_natural,timestamp_manipulation__r0p05__medium,timestamp_manipulation,0.05,MEDIUM,selected_input_bytes,5,2064132.0,0.0,2064132.0,2064132.0,2064132.0,2064132.0
decision_tree,none_natural,timestamp_manipulation__r0p05__medium,timestamp_manipulation,0.05,MEDIUM,model_fit_wall_time_sec,0,,,,,,
decision_tree,none_natural,timestamp_manipulation__r0p05__medium,timestamp_manipulation,0.05,MEDIUM,model_fit_cpu_time_sec,0,,,,,,
decision_tree,none_natural,timestamp_manipulation__r0p05__medium,timestamp_manipulation,0.05,MEDIUM,model_fit_peak_rss_mib,0,,,,,,
decision_tree,none_natural,timestamp_manipulation__r0p05__medium,timestamp_manipulation,0.05,MEDIUM,combined_fit_wall_time_sec,0,,,,,,
decision_tree,none_natural,timestamp_manipulation__r0p05__medium,timestamp_manipulation,0.05,MEDIUM,inference_wall_time_sec,5,0.0027397279397700916,0.00038496998085248217,0.0023520034999819474,0.0033367266994901003,0.002261724574155992,0.003217731305384191
decision_tree,none_natural,timestamp_manipulation__r0p05__medium,timestamp_manipulation,0.05,MEDIUM,per_record_inference_sec,5,4.5662132329501517e-07,6.416166347541369e-08,3.9200058333032455e-07,5.561211165816834e-07,3.769540956926653e-07,5.36288550897365e-07
decision_tree,none_natural,timestamp_manipulation__r0p05__medium,timestamp_manipulation,0.05,MEDIUM,inference_cpu_time_sec,5,0.0028277876999993623,0.00037487334337015063,0.0025020369000003486,0.003408421799997541,0.0023623209656499985,0.003293254434348726
decision_tree,none_natural,timestamp_manipulation__r0p05__medium,timestamp_manipulation,0.05,MEDIUM,inference_peak_rss_mib,5,803.23828125,0.07554327971020983,803.1875,803.37109375,803.1444818792776,803.3320806207224
decision_tree,none_natural,timestamp_manipulation__r0p05__medium,timestamp_manipulation,0.05,MEDIUM,peak_rss_mib,5,803.23828125,0.07554327971020983,803.1875,803.37109375,803.1444818792776,803.3320806207224
decision_tree,none_natural,timestamp_manipulation__r0p05__medium,timestamp_manipulation,0.05,MEDIUM,serialized_model_bytes,5,4132.0,327.90242451070714,3780.0,4420.0,3724.8553645610036,4539.144635438996
decision_tree,none_natural,timestamp_manipulation__r0p05__medium,timestamp_manipulation,0.05,MEDIUM,serialized_model_kib,5,4.03515625,0.32021721143623744,3.69140625,4.31640625,3.637554066954105,4.432758433045895
logistic_regression,none_natural,timestamp_manipulation__r0p05__medium,timestamp_manipulation,0.05,MEDIUM,precision,5,0.051951416604362935,0.004579882453796474,0.0452534875808098,0.05647668393782383,0.04626474144547422,0.05763809176325165
logistic_regression,none_natural,timestamp_manipulation__r0p05__medium,timestamp_manipulation,0.05,MEDIUM,recall,5,0.44733333333333325,0.06941821726959636,0.36333333333333334,0.5566666666666666,0.3611392321301201,0.5335274345365464
logistic_regression,none_natural,timestamp_manipulation__r0p05__medium,timestamp_manipulation,0.05,MEDIUM,f1,5,0.09285820721871321,0.007374136658571771,0.08212411238036431,0.1003003003003003,0.08370200721192277,0.10201440722550366
logistic_regression,none_natural,timestamp_manipulation__r0p05__medium,timestamp_manipulation,0.05,MEDIUM,average_precision,5,0.05290837327676253,0.0035027607847544916,0.04777972157177267,0.05721289501260339,0.04855912131600946,0.057257625237515604
logistic_regression,none_natural,timestamp_manipulation__r0p05__medium,timestamp_manipulation,0.05,MEDIUM,pr_auc_trapezoidal,5,0.0523068867616404,0.003404407298899228,0.047273081380265494,0.05650206382230806,0.04807975678337175,0.05653401673990905
logistic_regression,none_natural,timestamp_manipulation__r0p05__medium,timestamp_manipulation,0.05,MEDIUM,roc_auc,5,0.5100592982456141,0.025114834515188086,0.4770415204678362,0.5340105263157895,0.478875112407235,0.5412434840839933
logistic_regression,none_natural,timestamp_manipulation__r0p05__medium,timestamp_manipulation,0.05,MEDIUM,TP,5,134.2,20.825465180878915,109.0,167.0,108.34176963903604,160.05823036096393
logistic_regression,none_natural,timestamp_manipulation__r0p05__medium,timestamp_manipulation,0.05,MEDIUM,TN,5,3234.8,420.4048049202102,2837.0,3879.0,2712.798489058284,3756.8015109417165
logistic_regression,none_natural,timestamp_manipulation__r0p05__medium,timestamp_manipulation,0.05,MEDIUM,FP,5,2465.2,420.4048049202102,1821.0,2863.0,1943.1984890582833,2987.201510941716
logistic_regression,none_natural,timestamp_manipulation__r0p05__medium,timestamp_manipulation,0.05,MEDIUM,FN,5,165.8,20.825465180878915,133.0,191.0,139.94176963903607,191.65823036096396
logistic_regression,none_natural,timestamp_manipulation__r0p05__medium,timestamp_manipulation,0.05,MEDIUM,attack_prevalence,5,0.05,0.0,0.05,0.05,0.05,0.05
logistic_regression,none_natural,timestamp_manipulation__r0p05__medium,timestamp_manipulation,0.05,MEDIUM,visible_feature_attack_count,5,300.0,0.0,300.0,300.0,300.0,300.0
logistic_regression,none_natural,timestamp_manipulation__r0p05__medium,timestamp_manipulation,0.05,MEDIUM,invisible_feature_attack_count,5,0.0,0.0,0.0,0.0,0.0,0.0
logistic_regression,none_natural,timestamp_manipulation__r0p05__medium,timestamp_manipulation,0.05,MEDIUM,selected_feature_visibility_rate,5,1.0,0.0,1.0,1.0,1.0,1.0
logistic_regression,none_natural,timestamp_manipulation__r0p05__medium,timestamp_manipulation,0.05,MEDIUM,visible_attack_recall,5,0.44733333333333325,0.06941821726959636,0.36333333333333334,0.5566666666666666,0.3611392321301201,0.5335274345365464
logistic_regression,none_natural,timestamp_manipulation__r0p05__medium,timestamp_manipulation,0.05,MEDIUM,invisible_attack_recall,0,,,,,,
logistic_regression,none_natural,timestamp_manipulation__r0p05__medium,timestamp_manipulation,0.05,MEDIUM,visible_attack_f1,5,0.09285820721871321,0.007374136658571771,0.08212411238036431,0.1003003003003003,0.08370200721192277,0.10201440722550366
logistic_regression,none_natural,timestamp_manipulation__r0p05__medium,timestamp_manipulation,0.05,MEDIUM,paired_induced_attack_induced_detection_rate,5,0.043333333333333335,0.027788886667555114,0.006666666666666667,0.07333333333333333,0.00882887320803815,0.07783779345862851
logistic_regression,none_natural,timestamp_manipulation__r0p05__medium,timestamp_manipulation,0.05,MEDIUM,paired_induced_mean_anomaly_score_delta,5,0.00022375690935306537,0.0010340257215429327,-0.0007849853055185977,0.001958238097516854,-0.0010601556023044848,0.0015076694210106156
logistic_regression,none_natural,timestamp_manipulation__r0p05__medium,timestamp_manipulation,0.05,MEDIUM,paired_induced_median_anomaly_score_delta,5,-0.002246775301544554,0.004213738825097859,-0.008387644236066638,0.002373422250208257,-0.007478823098506152,0.0029852724954170435
logistic_regression,none_natural,timestamp_manipulation__r0p05__medium,timestamp_manipulation,0.05,MEDIUM,selected_feature_count,5,43.0,0.0,43.0,43.0,43.0,43.0
logistic_regression,none_natural,timestamp_manipulation__r0p05__medium,timestamp_manipulation,0.05,MEDIUM,source_block_count,5,10.0,0.0,10.0,10.0,10.0,10.0
logistic_regression,none_natural,timestamp_manipulation__r0p05__medium,timestamp_manipulation,0.05,MEDIUM,selected_input_bytes,5,2064132.0,0.0,2064132.0,2064132.0,2064132.0,2064132.0
logistic_regression,none_natural,timestamp_manipulation__r0p05__medium,timestamp_manipulation,0.05,MEDIUM,model_fit_wall_time_sec,5,0.49001829079934395,0.09719446902817075,0.4144513709979947,0.6605000540002948,0.3693354177824376,0.6107011638162503
logistic_regression,none_natural,timestamp_manipulation__r0p05__medium,timestamp_manipulation,0.05,MEDIUM,model_fit_cpu_time_sec,5,0.29261962500000005,0.07522294968955433,0.21856836799999968,0.4180874179999998,0.19921799653171318,0.3860212534682869
logistic_regression,none_natural,timestamp_manipulation__r0p05__medium,timestamp_manipulation,0.05,MEDIUM,model_fit_peak_rss_mib,5,182.0546875,0.12530480415894876,181.8984375,182.19140625,181.89910103587374,182.21027396412626
logistic_regression,none_natural,timestamp_manipulation__r0p05__medium,timestamp_manipulation,0.05,MEDIUM,combined_fit_wall_time_sec,5,0.49001829079934395,0.09719446902817075,0.4144513709979947,0.6605000540002948,0.3693354177824376,0.6107011638162503
logistic_regression,none_natural,timestamp_manipulation__r0p05__medium,timestamp_manipulation,0.05,MEDIUM,inference_wall_time_sec,5,0.003182042020052904,0.0009900893840787384,0.0017844857000454794,0.004492483899957734,0.0019526836768376185,0.00441140036326819
logistic_regression,none_natural,timestamp_manipulation__r0p05__medium,timestamp_manipulation,0.05,MEDIUM,per_record_inference_sec,5,5.30340336675484e-07,1.650148973464564e-07,2.974142833409132e-07,7.487473166596223e-07,3.254472794729364e-07,7.352333938780317e-07
logistic_regression,none_natural,timestamp_manipulation__r0p05__medium,timestamp_manipulation,0.05,MEDIUM,inference_cpu_time_sec,5,0.0032840095200015185,0.001039648154863109,0.001812306400000807,0.0046179246000008336,0.0019931158353079983,0.004574903204695039
logistic_regression,none_natural,timestamp_manipulation__r0p05__medium,timestamp_manipulation,0.05,MEDIUM,inference_peak_rss_mib,5,803.23828125,0.07554327971020983,803.1875,803.37109375,803.1444818792776,803.3320806207224
logistic_regression,none_natural,timestamp_manipulation__r0p05__medium,timestamp_manipulation,0.05,MEDIUM,peak_rss_mib,5,803.23828125,0.07554327971020983,803.1875,803.37109375,803.1444818792776,803.3320806207224
logistic_regression,none_natural,timestamp_manipulation__r0p05__medium,timestamp_manipulation,0.05,MEDIUM,serialized_model_bytes,5,2342.0,0.0,2342.0,2342.0,2342.0,2342.0
logistic_regression,none_natural,timestamp_manipulation__r0p05__medium,timestamp_manipulation,0.05,MEDIUM,serialized_model_kib,5,2.287109375,0.0,2.287109375,2.287109375,2.287109375,2.287109375
decision_tree,pairwise_correlation_filter_natural,timestamp_manipulation__r0p05__medium,timestamp_manipulation,0.05,MEDIUM,precision,5,0.047948805463882235,0.017082003650478725,0.019933554817275746,0.06666666666666667,0.026738696513880673,0.0691589144138838
decision_tree,pairwise_correlation_filter_natural,timestamp_manipulation__r0p05__medium,timestamp_manipulation,0.05,MEDIUM,recall,5,0.14933333333333335,0.17850303452135857,0.0033333333333333335,0.38333333333333336,-0.07230745820213744,0.3709741248688041
decision_tree,pairwise_correlation_filter_natural,timestamp_manipulation__r0p05__medium,timestamp_manipulation,0.05,MEDIUM,f1,5,0.04995313683609929,0.038646959113317385,0.006349206349206349,0.09225832330525471,0.0019665990650020865,0.09793967460719649
decision_tree,pairwise_correlation_filter_natural,timestamp_manipulation__r0p05__medium,timestamp_manipulation,0.05,MEDIUM,average_precision,5,0.0498372166259192,0.0015427316803360124,0.04823623929227533,0.051834190437976935,0.04792166223955605,0.05175277101228235
decision_tree,pairwise_correlation_filter_natural,timestamp_manipulation__r0p05__medium,timestamp_manipulation,0.05,MEDIUM,pr_auc_trapezoidal,5,0.0526569190462298,0.009355947577321102,0.04199791007649802,0.06726326733030769,0.041039975770379225,0.06427386232208038
decision_tree,pairwise_correlation_filter_natural,timestamp_manipulation__r0p05__medium,timestamp_manipulation,0.05,MEDIUM,roc_auc,5,0.4974829239766082,0.016691041217169123,0.4793763157894737,0.5180008771929825,0.4767582590046977,0.5182075889485187
decision_tree,pairwise_correlation_filter_natural,timestamp_manipulation__r0p05__medium,timestamp_manipulation,0.05,MEDIUM,TP,5,44.8,53.55091035640757,1.0,115.0,-21.692237460641223,111.29223746064122
decision_tree,pairwise_correlation_filter_natural,timestamp_manipulation__r0p05__medium,timestamp_manipulation,0.05,MEDIUM,TN,5,4840.0,948.4874801493164,3622.0,5686.0,3662.2972431506505,6017.7027568493495
decision_tree,pairwise_correlation_filter_natural,timestamp_manipulation__r0p05__medium,timestamp_manipulation,0.05,MEDIUM,FP,5,860.0,948.4874801493164,14.0,2078.0,-317.7027568493495,2037.7027568493495
decision_tree,pairwise_correlation_filter_natural,timestamp_manipulation__r0p05__medium,timestamp_manipulation,0.05,MEDIUM,FN,5,255.2,53.55091035640757,185.0,299.0,188.70776253935878,321.6922374606412
decision_tree,pairwise_correlation_filter_natural,timestamp_manipulation__r0p05__medium,timestamp_manipulation,0.05,MEDIUM,attack_prevalence,5,0.05,0.0,0.05,0.05,0.05,0.05
decision_tree,pairwise_correlation_filter_natural,timestamp_manipulation__r0p05__medium,timestamp_manipulation,0.05,MEDIUM,visible_feature_attack_count,5,300.0,0.0,300.0,300.0,300.0,300.0
decision_tree,pairwise_correlation_filter_natural,timestamp_manipulation__r0p05__medium,timestamp_manipulation,0.05,MEDIUM,invisible_feature_attack_count,5,0.0,0.0,0.0,0.0,0.0,0.0
decision_tree,pairwise_correlation_filter_natural,timestamp_manipulation__r0p05__medium,timestamp_manipulation,0.05,MEDIUM,selected_feature_visibility_rate,5,1.0,0.0,1.0,1.0,1.0,1.0
decision_tree,pairwise_correlation_filter_natural,timestamp_manipulation__r0p05__medium,timestamp_manipulation,0.05,MEDIUM,visible_attack_recall,5,0.14933333333333335,0.17850303452135857,0.0033333333333333335,0.38333333333333336,-0.07230745820213744,0.3709741248688041
decision_tree,pairwise_correlation_filter_natural,timestamp_manipulation__r0p05__medium,timestamp_manipulation,0.05,MEDIUM,invisible_attack_recall,0,,,,,,
decision_tree,pairwise_correlation_filter_natural,timestamp_manipulation__r0p05__medium,timestamp_manipulation,0.05,MEDIUM,visible_attack_f1,5,0.04995313683609929,0.038646959113317385,0.006349206349206349,0.09225832330525471,0.0019665990650020865,0.09793967460719649
decision_tree,pairwise_correlation_filter_natural,timestamp_manipulation__r0p05__medium,timestamp_manipulation,0.05,MEDIUM,paired_induced_attack_induced_detection_rate,5,0.0,0.0,0.0,0.0,0.0,0.0
decision_tree,pairwise_correlation_filter_natural,timestamp_manipulation__r0p05__medium,timestamp_manipulation,0.05,MEDIUM,paired_induced_mean_anomaly_score_delta,5,0.0,0.0,0.0,0.0,0.0,0.0
decision_tree,pairwise_correlation_filter_natural,timestamp_manipulation__r0p05__medium,timestamp_manipulation,0.05,MEDIUM,paired_induced_median_anomaly_score_delta,5,0.0,0.0,0.0,0.0,0.0,0.0
decision_tree,pairwise_correlation_filter_natural,timestamp_manipulation__r0p05__medium,timestamp_manipulation,0.05,MEDIUM,selected_feature_count,5,42.0,0.0,42.0,42.0,42.0,42.0
decision_tree,pairwise_correlation_filter_natural,timestamp_manipulation__r0p05__medium,timestamp_manipulation,0.05,MEDIUM,source_block_count,5,9.0,0.0,9.0,9.0,9.0,9.0
decision_tree,pairwise_correlation_filter_natural,timestamp_manipulation__r0p05__medium,timestamp_manipulation,0.05,MEDIUM,selected_input_bytes,5,2016132.0,0.0,2016132.0,2016132.0,2016132.0,2016132.0
decision_tree,pairwise_correlation_filter_natural,timestamp_manipulation__r0p05__medium,timestamp_manipulation,0.05,MEDIUM,model_fit_wall_time_sec,0,,,,,,
decision_tree,pairwise_correlation_filter_natural,timestamp_manipulation__r0p05__medium,timestamp_manipulation,0.05,MEDIUM,model_fit_cpu_time_sec,0,,,,,,
decision_tree,pairwise_correlation_filter_natural,timestamp_manipulation__r0p05__medium,timestamp_manipulation,0.05,MEDIUM,model_fit_peak_rss_mib,0,,,,,,
decision_tree,pairwise_correlation_filter_natural,timestamp_manipulation__r0p05__medium,timestamp_manipulation,0.05,MEDIUM,combined_fit_wall_time_sec,0,,,,,,
decision_tree,pairwise_correlation_filter_natural,timestamp_manipulation__r0p05__medium,timestamp_manipulation,0.05,MEDIUM,inference_wall_time_sec,5,0.0029569575001369233,0.0004773830595928002,0.0025218718001269735,0.0034907187000499107,0.0023642081416877098,0.0035497068585861368
decision_tree,pairwise_correlation_filter_natural,timestamp_manipulation__r0p05__medium,timestamp_manipulation,0.05,MEDIUM,per_record_inference_sec,5,4.928262500228206e-07,7.956384326546671e-08,4.2031196668782894e-07,5.817864500083185e-07,3.94034690281285e-07,5.916178097643561e-07
decision_tree,pairwise_correlation_filter_natural,timestamp_manipulation__r0p05__medium,timestamp_manipulation,0.05,MEDIUM,inference_cpu_time_sec,5,0.0030338973600009924,0.00047881386546973936,0.0026003758000001653,0.0035650137000004635,0.002439371421405964,0.0036284232985960207
decision_tree,pairwise_correlation_filter_natural,timestamp_manipulation__r0p05__medium,timestamp_manipulation,0.05,MEDIUM,inference_peak_rss_mib,5,803.221875,0.03353465004896055,803.1875,803.26171875,803.1802362323417,803.2635137676582
decision_tree,pairwise_correlation_filter_natural,timestamp_manipulation__r0p05__medium,timestamp_manipulation,0.05,MEDIUM,peak_rss_mib,5,803.221875,0.03353465004896055,803.1875,803.26171875,803.1802362323417,803.2635137676582
decision_tree,pairwise_correlation_filter_natural,timestamp_manipulation__r0p05__medium,timestamp_manipulation,0.05,MEDIUM,serialized_model_bytes,5,4116.0,327.90242451070714,3764.0,4404.0,3708.8553645610036,4523.144635438996
decision_tree,pairwise_correlation_filter_natural,timestamp_manipulation__r0p05__medium,timestamp_manipulation,0.05,MEDIUM,serialized_model_kib,5,4.01953125,0.32021721143623744,3.67578125,4.30078125,3.621929066954105,4.417133433045895
logistic_regression,pairwise_correlation_filter_natural,timestamp_manipulation__r0p05__medium,timestamp_manipulation,0.05,MEDIUM,precision,5,0.051951416604362935,0.004579882453796474,0.0452534875808098,0.05647668393782383,0.04626474144547422,0.05763809176325165
logistic_regression,pairwise_correlation_filter_natural,timestamp_manipulation__r0p05__medium,timestamp_manipulation,0.05,MEDIUM,recall,5,0.44733333333333325,0.06941821726959636,0.36333333333333334,0.5566666666666666,0.3611392321301201,0.5335274345365464
logistic_regression,pairwise_correlation_filter_natural,timestamp_manipulation__r0p05__medium,timestamp_manipulation,0.05,MEDIUM,f1,5,0.09285820721871321,0.007374136658571771,0.08212411238036431,0.1003003003003003,0.08370200721192277,0.10201440722550366
logistic_regression,pairwise_correlation_filter_natural,timestamp_manipulation__r0p05__medium,timestamp_manipulation,0.05,MEDIUM,average_precision,5,0.05290821828067296,0.0035026794838748185,0.047780180893793364,0.05721290012364452,0.048559067268295196,0.05725736929305072
logistic_regression,pairwise_correlation_filter_natural,timestamp_manipulation__r0p05__medium,timestamp_manipulation,0.05,MEDIUM,pr_auc_trapezoidal,5,0.052306732256692114,0.003404307779673407,0.04727353784876341,0.056502069071866716,0.04807972584786329,0.05653373866552094
logistic_regression,pairwise_correlation_filter_natural,timestamp_manipulation__r0p05__medium,timestamp_manipulation,0.05,MEDIUM,roc_auc,5,0.5100588304093567,0.025113036594370357,0.4770456140350877,0.5340111111111111,0.47887687698452863,0.5412407838341848
logistic_regression,pairwise_correlation_filter_natural,timestamp_manipulation__r0p05__medium,timestamp_manipulation,0.05,MEDIUM,TP,5,134.2,20.825465180878915,109.0,167.0,108.34176963903604,160.05823036096393
logistic_regression,pairwise_correlation_filter_natural,timestamp_manipulation__r0p05__medium,timestamp_manipulation,0.05,MEDIUM,TN,5,3234.8,420.4048049202102,2837.0,3879.0,2712.798489058284,3756.8015109417165
logistic_regression,pairwise_correlation_filter_natural,timestamp_manipulation__r0p05__medium,timestamp_manipulation,0.05,MEDIUM,FP,5,2465.2,420.4048049202102,1821.0,2863.0,1943.1984890582833,2987.201510941716
logistic_regression,pairwise_correlation_filter_natural,timestamp_manipulation__r0p05__medium,timestamp_manipulation,0.05,MEDIUM,FN,5,165.8,20.825465180878915,133.0,191.0,139.94176963903607,191.65823036096396
logistic_regression,pairwise_correlation_filter_natural,timestamp_manipulation__r0p05__medium,timestamp_manipulation,0.05,MEDIUM,attack_prevalence,5,0.05,0.0,0.05,0.05,0.05,0.05
logistic_regression,pairwise_correlation_filter_natural,timestamp_manipulation__r0p05__medium,timestamp_manipulation,0.05,MEDIUM,visible_feature_attack_count,5,300.0,0.0,300.0,300.0,300.0,300.0
logistic_regression,pairwise_correlation_filter_natural,timestamp_manipulation__r0p05__medium,timestamp_manipulation,0.05,MEDIUM,invisible_feature_attack_count,5,0.0,0.0,0.0,0.0,0.0,0.0
logistic_regression,pairwise_correlation_filter_natural,timestamp_manipulation__r0p05__medium,timestamp_manipulation,0.05,MEDIUM,selected_feature_visibility_rate,5,1.0,0.0,1.0,1.0,1.0,1.0
logistic_regression,pairwise_correlation_filter_natural,timestamp_manipulation__r0p05__medium,timestamp_manipulation,0.05,MEDIUM,visible_attack_recall,5,0.44733333333333325,0.06941821726959636,0.36333333333333334,0.5566666666666666,0.3611392321301201,0.5335274345365464
logistic_regression,pairwise_correlation_filter_natural,timestamp_manipulation__r0p05__medium,timestamp_manipulation,0.05,MEDIUM,invisible_attack_recall,0,,,,,,
logistic_regression,pairwise_correlation_filter_natural,timestamp_manipulation__r0p05__medium,timestamp_manipulation,0.05,MEDIUM,visible_attack_f1,5,0.09285820721871321,0.007374136658571771,0.08212411238036431,0.1003003003003003,0.08370200721192277,0.10201440722550366
logistic_regression,pairwise_correlation_filter_natural,timestamp_manipulation__r0p05__medium,timestamp_manipulation,0.05,MEDIUM,paired_induced_attack_induced_detection_rate,5,0.043333333333333335,0.027788886667555114,0.006666666666666667,0.07333333333333333,0.00882887320803815,0.07783779345862851
logistic_regression,pairwise_correlation_filter_natural,timestamp_manipulation__r0p05__medium,timestamp_manipulation,0.05,MEDIUM,paired_induced_mean_anomaly_score_delta,5,0.00022376561820928602,0.0010340274741791548,-0.0007849806097067367,0.0019582466722548593,-0.0010601490696335633,0.0015076803060521352
logistic_regression,pairwise_correlation_filter_natural,timestamp_manipulation__r0p05__medium,timestamp_manipulation,0.05,MEDIUM,paired_induced_median_anomaly_score_delta,5,-0.002246708309273618,0.004213787195013924,-0.00838764415145915,0.0023737281298325252,-0.0074788161654185895,0.0029853995468713534
logistic_regression,pairwise_correlation_filter_natural,timestamp_manipulation__r0p05__medium,timestamp_manipulation,0.05,MEDIUM,selected_feature_count,5,42.0,0.0,42.0,42.0,42.0,42.0
logistic_regression,pairwise_correlation_filter_natural,timestamp_manipulation__r0p05__medium,timestamp_manipulation,0.05,MEDIUM,source_block_count,5,9.0,0.0,9.0,9.0,9.0,9.0
logistic_regression,pairwise_correlation_filter_natural,timestamp_manipulation__r0p05__medium,timestamp_manipulation,0.05,MEDIUM,selected_input_bytes,5,2016132.0,0.0,2016132.0,2016132.0,2016132.0,2016132.0
logistic_regression,pairwise_correlation_filter_natural,timestamp_manipulation__r0p05__medium,timestamp_manipulation,0.05,MEDIUM,model_fit_wall_time_sec,5,0.5226187851993018,0.1320858923339655,0.33173528499901295,0.6544766820006771,0.358612488017468,0.6866250823811357
logistic_regression,pairwise_correlation_filter_natural,timestamp_manipulation__r0p05__medium,timestamp_manipulation,0.05,MEDIUM,model_fit_cpu_time_sec,5,0.32897909459999986,0.11776488132572177,0.18253484599999936,0.47190246899999977,0.18275468120499616,0.47520350799500355
logistic_regression,pairwise_correlation_filter_natural,timestamp_manipulation__r0p05__medium,timestamp_manipulation,0.05,MEDIUM,model_fit_peak_rss_mib,5,181.35625,0.274181465592076,181.0546875,181.63671875,181.01580874519928,181.6966912548007
logistic_regression,pairwise_correlation_filter_natural,timestamp_manipulation__r0p05__medium,timestamp_manipulation,0.05,MEDIUM,combined_fit_wall_time_sec,5,0.5226187851993018,0.1320858923339655,0.33173528499901295,0.6544766820006771,0.358612488017468,0.6866250823811357
logistic_regression,pairwise_correlation_filter_natural,timestamp_manipulation__r0p05__medium,timestamp_manipulation,0.05,MEDIUM,inference_wall_time_sec,5,0.0028202073801367076,0.00046778865061986193,0.0020320417002949397,0.003150956200261135,0.0022393710538932445,0.003401043706380171
logistic_regression,pairwise_correlation_filter_natural,timestamp_manipulation__r0p05__medium,timestamp_manipulation,0.05,MEDIUM,per_record_inference_sec,5,4.70034563356118e-07,7.796477510331032e-08,3.386736167158233e-07,5.251593667101891e-07,3.732285089822075e-07,5.668406177300286e-07
logistic_regression,pairwise_correlation_filter_natural,timestamp_manipulation__r0p05__medium,timestamp_manipulation,0.05,MEDIUM,inference_cpu_time_sec,5,0.002903307000000268,0.00046350107925325886,0.0021316893000005166,0.003247028399999863,0.0023277943967624495,0.0034788196032380864
logistic_regression,pairwise_correlation_filter_natural,timestamp_manipulation__r0p05__medium,timestamp_manipulation,0.05,MEDIUM,inference_peak_rss_mib,5,803.221875,0.04128446122067297,803.1875,803.27734375,803.170613570817,803.273136429183
logistic_regression,pairwise_correlation_filter_natural,timestamp_manipulation__r0p05__medium,timestamp_manipulation,0.05,MEDIUM,peak_rss_mib,5,803.221875,0.04128446122067297,803.1875,803.27734375,803.170613570817,803.273136429183
logistic_regression,pairwise_correlation_filter_natural,timestamp_manipulation__r0p05__medium,timestamp_manipulation,0.05,MEDIUM,serialized_model_bytes,5,2310.0,0.0,2310.0,2310.0,2310.0,2310.0
logistic_regression,pairwise_correlation_filter_natural,timestamp_manipulation__r0p05__medium,timestamp_manipulation,0.05,MEDIUM,serialized_model_kib,5,2.255859375,0.0,2.255859375,2.255859375,2.255859375,2.255859375
decision_tree,mutual_information_select_k_best_k11,timestamp_manipulation__r0p05__medium,timestamp_manipulation,0.05,MEDIUM,precision,5,0.0349799911349024,0.023806697203776126,0.0,0.05303030303030303,0.00542007230081187,0.06453990996899292
decision_tree,mutual_information_select_k_best_k11,timestamp_manipulation__r0p05__medium,timestamp_manipulation,0.05,MEDIUM,recall,5,0.142,0.1771628252954515,0.0,0.37333333333333335,-0.0779767019896001,0.3619767019896001
decision_tree,mutual_information_select_k_best_k11,timestamp_manipulation__r0p05__medium,timestamp_manipulation,0.05,MEDIUM,f1,5,0.04572577079155481,0.04035924019815068,0.0,0.09035901573215006,-0.004386844757386876,0.09583838634049649
decision_tree,mutual_information_select_k_best_k11,timestamp_manipulation__r0p05__medium,timestamp_manipulation,0.05,MEDIUM,average_precision,5,0.04965751847960783,0.0011230480228161179,0.04846461575711224,0.05080137008929517,0.04826307018142203,0.05105196677779363
decision_tree,mutual_information_select_k_best_k11,timestamp_manipulation__r0p05__medium,timestamp_manipulation,0.05,MEDIUM,pr_auc_trapezoidal,5,0.049654543650855525,0.004407046621056406,0.04233572895199188,0.05354681608752866,0.044182472523079885,0.055126614778631164
decision_tree,mutual_information_select_k_best_k11,timestamp_manipulation__r0p05__medium,timestamp_manipulation,0.05,MEDIUM,roc_auc,5,0.49530239766081874,0.013908674213721278,0.48026959064327485,0.508626023391813,0.47803249762688227,0.5125722976947552
decision_tree,mutual_information_select_k_best_k11,timestamp_manipulation__r0p05__medium,timestamp_manipulation,0.05,MEDIUM,TP,5,42.6,53.14884758863545,0.0,112.0,-23.393010596880025,108.59301059688002
decision_tree,mutual_information_select_k_best_k11,timestamp_manipulation__r0p05__medium,timestamp_manipulation,0.05,MEDIUM,TN,5,4868.4,960.047811309416,3633.0,5689.0,3676.34319614183,6060.456803858169
decision_tree,mutual_information_select_k_best_k11,timestamp_manipulation__r0p05__medium,timestamp_manipulation,0.05,MEDIUM,FP,5,831.6,960.047811309416,11.0,2067.0,-360.4568038581698,2023.65680385817
decision_tree,mutual_information_select_k_best_k11,timestamp_manipulation__r0p05__medium,timestamp_manipulation,0.05,MEDIUM,FN,5,257.4,53.14884758863545,188.0,300.0,191.40698940311995,323.39301059688
decision_tree,mutual_information_select_k_best_k11,timestamp_manipulation__r0p05__medium,timestamp_manipulation,0.05,MEDIUM,attack_prevalence,5,0.05,0.0,0.05,0.05,0.05,0.05
decision_tree,mutual_information_select_k_best_k11,timestamp_manipulation__r0p05__medium,timestamp_manipulation,0.05,MEDIUM,visible_feature_attack_count,5,300.0,0.0,300.0,300.0,300.0,300.0
decision_tree,mutual_information_select_k_best_k11,timestamp_manipulation__r0p05__medium,timestamp_manipulation,0.05,MEDIUM,invisible_feature_attack_count,5,0.0,0.0,0.0,0.0,0.0,0.0
decision_tree,mutual_information_select_k_best_k11,timestamp_manipulation__r0p05__medium,timestamp_manipulation,0.05,MEDIUM,selected_feature_visibility_rate,5,1.0,0.0,1.0,1.0,1.0,1.0
decision_tree,mutual_information_select_k_best_k11,timestamp_manipulation__r0p05__medium,timestamp_manipulation,0.05,MEDIUM,visible_attack_recall,5,0.142,0.1771628252954515,0.0,0.37333333333333335,-0.0779767019896001,0.3619767019896001
decision_tree,mutual_information_select_k_best_k11,timestamp_manipulation__r0p05__medium,timestamp_manipulation,0.05,MEDIUM,invisible_attack_recall,0,,,,,,
decision_tree,mutual_information_select_k_best_k11,timestamp_manipulation__r0p05__medium,timestamp_manipulation,0.05,MEDIUM,visible_attack_f1,5,0.04572577079155481,0.04035924019815068,0.0,0.09035901573215006,-0.004386844757386876,0.09583838634049649
decision_tree,mutual_information_select_k_best_k11,timestamp_manipulation__r0p05__medium,timestamp_manipulation,0.05,MEDIUM,paired_induced_attack_induced_detection_rate,5,0.0,0.0,0.0,0.0,0.0,0.0
decision_tree,mutual_information_select_k_best_k11,timestamp_manipulation__r0p05__medium,timestamp_manipulation,0.05,MEDIUM,paired_induced_mean_anomaly_score_delta,5,0.0,0.0,0.0,0.0,0.0,0.0
decision_tree,mutual_information_select_k_best_k11,timestamp_manipulation__r0p05__medium,timestamp_manipulation,0.05,MEDIUM,paired_induced_median_anomaly_score_delta,5,0.0,0.0,0.0,0.0,0.0,0.0
decision_tree,mutual_information_select_k_best_k11,timestamp_manipulation__r0p05__medium,timestamp_manipulation,0.05,MEDIUM,selected_feature_count,5,11.0,0.0,11.0,11.0,11.0,11.0
decision_tree,mutual_information_select_k_best_k11,timestamp_manipulation__r0p05__medium,timestamp_manipulation,0.05,MEDIUM,source_block_count,5,5.0,0.7071067811865476,4.0,6.0,4.122010966914219,5.877989033085781
decision_tree,mutual_information_select_k_best_k11,timestamp_manipulation__r0p05__medium,timestamp_manipulation,0.05,MEDIUM,selected_input_bytes,5,528132.0,0.0,528132.0,528132.0,528132.0,528132.0
decision_tree,mutual_information_select_k_best_k11,timestamp_manipulation__r0p05__medium,timestamp_manipulation,0.05,MEDIUM,model_fit_wall_time_sec,0,,,,,,
decision_tree,mutual_information_select_k_best_k11,timestamp_manipulation__r0p05__medium,timestamp_manipulation,0.05,MEDIUM,model_fit_cpu_time_sec,0,,,,,,
decision_tree,mutual_information_select_k_best_k11,timestamp_manipulation__r0p05__medium,timestamp_manipulation,0.05,MEDIUM,model_fit_peak_rss_mib,0,,,,,,
decision_tree,mutual_information_select_k_best_k11,timestamp_manipulation__r0p05__medium,timestamp_manipulation,0.05,MEDIUM,combined_fit_wall_time_sec,0,,,,,,
decision_tree,mutual_information_select_k_best_k11,timestamp_manipulation__r0p05__medium,timestamp_manipulation,0.05,MEDIUM,inference_wall_time_sec,5,0.002378704159782501,0.0005850584214192022,0.0018955774998175912,0.003345445400191238,0.0016522581810597746,0.003105150138505228
decision_tree,mutual_information_select_k_best_k11,timestamp_manipulation__r0p05__medium,timestamp_manipulation,0.05,MEDIUM,per_record_inference_sec,5,3.9645069329708347e-07,9.750973690320039e-08,3.159295833029319e-07,5.575742333652064e-07,2.7537636350996234e-07,5.175250230842046e-07
decision_tree,mutual_information_select_k_best_k11,timestamp_manipulation__r0p05__medium,timestamp_manipulation,0.05,MEDIUM,inference_cpu_time_sec,5,0.002438473879999492,0.0006037120302099144,0.0019194285000025957,0.003440476399998715,0.0016888663868047426,0.0031880813731942417
decision_tree,mutual_information_select_k_best_k11,timestamp_manipulation__r0p05__medium,timestamp_manipulation,0.05,MEDIUM,inference_peak_rss_mib,5,803.24296875,0.0959380089563047,803.1875,803.4140625,803.1238459782196,803.3620915217805
decision_tree,mutual_information_select_k_best_k11,timestamp_manipulation__r0p05__medium,timestamp_manipulation,0.05,MEDIUM,peak_rss_mib,5,803.24296875,0.0959380089563047,803.1875,803.4140625,803.1238459782196,803.3620915217805
decision_tree,mutual_information_select_k_best_k11,timestamp_manipulation__r0p05__medium,timestamp_manipulation,0.05,MEDIUM,serialized_model_bytes,5,3402.4,341.02903102228703,3028.0,3716.0,2978.9565298369753,3825.843470163025
decision_tree,mutual_information_select_k_best_k11,timestamp_manipulation__r0p05__medium,timestamp_manipulation,0.05,MEDIUM,serialized_model_kib,5,3.32265625,0.3330361631077022,2.95703125,3.62890625,2.909137236168921,3.736175263831079
logistic_regression,mutual_information_select_k_best_k11,timestamp_manipulation__r0p05__medium,timestamp_manipulation,0.05,MEDIUM,precision,5,0.049852924496925625,0.0033037356613623966,0.04569666386319036,0.054078826764436295,0.045750794866626775,0.053955054127224476
logistic_regression,mutual_information_select_k_best_k11,timestamp_manipulation__r0p05__medium,timestamp_manipulation,0.05,MEDIUM,recall,5,0.4993333333333333,0.06563366344931369,0.43666666666666665,0.59,0.41783837635803345,0.5808282903086331
logistic_regression,mutual_information_select_k_best_k11,timestamp_manipulation__r0p05__medium,timestamp_manipulation,0.05,MEDIUM,f1,5,0.09054108269751053,0.005758198821689196,0.08430307732092061,0.09907640638119228,0.08339133452611404,0.09769083086890702
logistic_regression,mutual_information_select_k_best_k11,timestamp_manipulation__r0p05__medium,timestamp_manipulation,0.05,MEDIUM,average_precision,5,0.0495189679937963,0.003259541495211945,0.045763524568294946,0.05452853905004848,0.04547171266853714,0.05356622331905546
logistic_regression,mutual_information_select_k_best_k11,timestamp_manipulation__r0p05__medium,timestamp_manipulation,0.05,MEDIUM,pr_auc_trapezoidal,5,0.04896457637592254,0.0032951298669549266,0.04497374142345571,0.053919920470480165,0.044873132250715396,0.05305602050112968
logistic_regression,mutual_information_select_k_best_k11,timestamp_manipulation__r0p05__medium,timestamp_manipulation,0.05,MEDIUM,roc_auc,5,0.4917647953216374,0.0241821351576844,0.45393859649122803,0.5195245614035088,0.4617387086966193,0.5217908819466555
logistic_regression,mutual_information_select_k_best_k11,timestamp_manipulation__r0p05__medium,timestamp_manipulation,0.05,MEDIUM,TP,5,149.8,19.690099034794112,131.0,177.0,125.35151290741004,174.24848709258998
logistic_regression,mutual_information_select_k_best_k11,timestamp_manipulation__r0p05__medium,timestamp_manipulation,0.05,MEDIUM,TN,5,2836.8,402.4856519181771,2296.0,3257.0,2337.0480562192306,3336.5519437807698
logistic_regression,mutual_information_select_k_best_k11,timestamp_manipulation__r0p05__medium,timestamp_manipulation,0.05,MEDIUM,FP,5,2863.2,402.4856519181771,2443.0,3404.0,2363.4480562192302,3362.9519437807694
logistic_regression,mutual_information_select_k_best_k11,timestamp_manipulation__r0p05__medium,timestamp_manipulation,0.05,MEDIUM,FN,5,150.2,19.690099034794112,123.0,169.0,125.75151290741002,174.64848709258996
logistic_regression,mutual_information_select_k_best_k11,timestamp_manipulation__r0p05__medium,timestamp_manipulation,0.05,MEDIUM,attack_prevalence,5,0.05,0.0,0.05,0.05,0.05,0.05
logistic_regression,mutual_information_select_k_best_k11,timestamp_manipulation__r0p05__medium,timestamp_manipulation,0.05,MEDIUM,visible_feature_attack_count,5,300.0,0.0,300.0,300.0,300.0,300.0
logistic_regression,mutual_information_select_k_best_k11,timestamp_manipulation__r0p05__medium,timestamp_manipulation,0.05,MEDIUM,invisible_feature_attack_count,5,0.0,0.0,0.0,0.0,0.0,0.0
logistic_regression,mutual_information_select_k_best_k11,timestamp_manipulation__r0p05__medium,timestamp_manipulation,0.05,MEDIUM,selected_feature_visibility_rate,5,1.0,0.0,1.0,1.0,1.0,1.0
logistic_regression,mutual_information_select_k_best_k11,timestamp_manipulation__r0p05__medium,timestamp_manipulation,0.05,MEDIUM,visible_attack_recall,5,0.4993333333333333,0.06563366344931369,0.43666666666666665,0.59,0.41783837635803345,0.5808282903086331
logistic_regression,mutual_information_select_k_best_k11,timestamp_manipulation__r0p05__medium,timestamp_manipulation,0.05,MEDIUM,invisible_attack_recall,0,,,,,,
logistic_regression,mutual_information_select_k_best_k11,timestamp_manipulation__r0p05__medium,timestamp_manipulation,0.05,MEDIUM,visible_attack_f1,5,0.09054108269751053,0.005758198821689196,0.08430307732092061,0.09907640638119228,0.08339133452611404,0.09769083086890702
logistic_regression,mutual_information_select_k_best_k11,timestamp_manipulation__r0p05__medium,timestamp_manipulation,0.05,MEDIUM,paired_induced_attack_induced_detection_rate,5,0.058666666666666666,0.02433561633125864,0.03666666666666667,0.08666666666666667,0.028450007994019227,0.0888833253393141
logistic_regression,mutual_information_select_k_best_k11,timestamp_manipulation__r0p05__medium,timestamp_manipulation,0.05,MEDIUM,paired_induced_mean_anomaly_score_delta,5,5.65226889074132e-05,0.00048238915760052655,-0.0005910949354974854,0.000617845438419895,-0.0005424425612094784,0.0006554879390243047
logistic_regression,mutual_information_select_k_best_k11,timestamp_manipulation__r0p05__medium,timestamp_manipulation,0.05,MEDIUM,paired_induced_median_anomaly_score_delta,5,-0.002540470907917286,0.0038877893694875066,-0.008103396935418894,0.0009623546335753019,-0.007367799000613072,0.0022868571847784996
logistic_regression,mutual_information_select_k_best_k11,timestamp_manipulation__r0p05__medium,timestamp_manipulation,0.05,MEDIUM,selected_feature_count,5,11.0,0.0,11.0,11.0,11.0,11.0
logistic_regression,mutual_information_select_k_best_k11,timestamp_manipulation__r0p05__medium,timestamp_manipulation,0.05,MEDIUM,source_block_count,5,5.0,0.7071067811865476,4.0,6.0,4.122010966914219,5.877989033085781
logistic_regression,mutual_information_select_k_best_k11,timestamp_manipulation__r0p05__medium,timestamp_manipulation,0.05,MEDIUM,selected_input_bytes,5,528132.0,0.0,528132.0,528132.0,528132.0,528132.0
logistic_regression,mutual_information_select_k_best_k11,timestamp_manipulation__r0p05__medium,timestamp_manipulation,0.05,MEDIUM,model_fit_wall_time_sec,5,0.27497685859998455,0.02091021720342391,0.24763035999785643,0.29918557299970416,0.24901339470385145,0.30094032249611763
logistic_regression,mutual_information_select_k_best_k11,timestamp_manipulation__r0p05__medium,timestamp_manipulation,0.05,MEDIUM,model_fit_cpu_time_sec,5,0.09213092119999988,0.014315567471356337,0.07548344399999962,0.10902960499999992,0.07435579645694569,0.10990604594305407
logistic_regression,mutual_information_select_k_best_k11,timestamp_manipulation__r0p05__medium,timestamp_manipulation,0.05,MEDIUM,model_fit_peak_rss_mib,5,163.92734375,0.3541635550567968,163.37890625,164.25390625,163.48759161420978,164.36709588579023
logistic_regression,mutual_information_select_k_best_k11,timestamp_manipulation__r0p05__medium,timestamp_manipulation,0.05,MEDIUM,combined_fit_wall_time_sec,5,0.27497685859998455,0.02091021720342391,0.24763035999785643,0.29918557299970416,0.24901339470385145,0.30094032249611763
logistic_regression,mutual_information_select_k_best_k11,timestamp_manipulation__r0p05__medium,timestamp_manipulation,0.05,MEDIUM,inference_wall_time_sec,5,0.0022319436402176503,0.000641416125230101,0.0015753304003737866,0.0032626599000650457,0.0014355203296514438,0.003028366950783857
logistic_regression,mutual_information_select_k_best_k11,timestamp_manipulation__r0p05__medium,timestamp_manipulation,0.05,MEDIUM,per_record_inference_sec,5,3.719906067029418e-07,1.0690268753835016e-07,2.6255506672896443e-07,5.43776650010841e-07,2.3925338827524075e-07,5.047278251306428e-07
logistic_regression,mutual_information_select_k_best_k11,timestamp_manipulation__r0p05__medium,timestamp_manipulation,0.05,MEDIUM,inference_cpu_time_sec,5,0.002303709779997689,0.0006419274259697702,0.0016258651999976337,0.003318896599995469,0.0015066516057107796,0.0031007679542845983
logistic_regression,mutual_information_select_k_best_k11,timestamp_manipulation__r0p05__medium,timestamp_manipulation,0.05,MEDIUM,inference_peak_rss_mib,5,803.24609375,0.09472152853892297,803.1875,803.4140625,803.1284814381582,803.3637060618418
logistic_regression,mutual_information_select_k_best_k11,timestamp_manipulation__r0p05__medium,timestamp_manipulation,0.05,MEDIUM,peak_rss_mib,5,803.24609375,0.09472152853892297,803.1875,803.4140625,803.1284814381582,803.3637060618418
logistic_regression,mutual_information_select_k_best_k11,timestamp_manipulation__r0p05__medium,timestamp_manipulation,0.05,MEDIUM,serialized_model_bytes,5,1353.2,13.386560424545209,1334.0,1366.0,1336.5783898610498,1369.8216101389503
logistic_regression,mutual_information_select_k_best_k11,timestamp_manipulation__r0p05__medium,timestamp_manipulation,0.05,MEDIUM,serialized_model_kib,5,1.321484375,0.01307281291459493,1.302734375,1.333984375,1.3052523338486814,1.3377164161513186
decision_tree,none_natural,geographic_route_manipulation__r0p05__medium,geographic_route_manipulation,0.05,MEDIUM,precision,5,0.047948805463882235,0.017082003650478725,0.019933554817275746,0.06666666666666667,0.026738696513880673,0.0691589144138838
decision_tree,none_natural,geographic_route_manipulation__r0p05__medium,geographic_route_manipulation,0.05,MEDIUM,recall,5,0.14933333333333335,0.17850303452135857,0.0033333333333333335,0.38333333333333336,-0.07230745820213744,0.3709741248688041
decision_tree,none_natural,geographic_route_manipulation__r0p05__medium,geographic_route_manipulation,0.05,MEDIUM,f1,5,0.04995313683609929,0.038646959113317385,0.006349206349206349,0.09225832330525471,0.0019665990650020865,0.09793967460719649
decision_tree,none_natural,geographic_route_manipulation__r0p05__medium,geographic_route_manipulation,0.05,MEDIUM,average_precision,5,0.0498372166259192,0.0015427316803360124,0.04823623929227533,0.051834190437976935,0.04792166223955605,0.05175277101228235
decision_tree,none_natural,geographic_route_manipulation__r0p05__medium,geographic_route_manipulation,0.05,MEDIUM,pr_auc_trapezoidal,5,0.0526569190462298,0.009355947577321102,0.04199791007649802,0.06726326733030769,0.041039975770379225,0.06427386232208038
decision_tree,none_natural,geographic_route_manipulation__r0p05__medium,geographic_route_manipulation,0.05,MEDIUM,roc_auc,5,0.4974829239766082,0.016691041217169123,0.4793763157894737,0.5180008771929825,0.4767582590046977,0.5182075889485187
decision_tree,none_natural,geographic_route_manipulation__r0p05__medium,geographic_route_manipulation,0.05,MEDIUM,TP,5,44.8,53.55091035640757,1.0,115.0,-21.692237460641223,111.29223746064122
decision_tree,none_natural,geographic_route_manipulation__r0p05__medium,geographic_route_manipulation,0.05,MEDIUM,TN,5,4840.0,948.4874801493164,3622.0,5686.0,3662.2972431506505,6017.7027568493495
decision_tree,none_natural,geographic_route_manipulation__r0p05__medium,geographic_route_manipulation,0.05,MEDIUM,FP,5,860.0,948.4874801493164,14.0,2078.0,-317.7027568493495,2037.7027568493495
decision_tree,none_natural,geographic_route_manipulation__r0p05__medium,geographic_route_manipulation,0.05,MEDIUM,FN,5,255.2,53.55091035640757,185.0,299.0,188.70776253935878,321.6922374606412
decision_tree,none_natural,geographic_route_manipulation__r0p05__medium,geographic_route_manipulation,0.05,MEDIUM,attack_prevalence,5,0.05,0.0,0.05,0.05,0.05,0.05
decision_tree,none_natural,geographic_route_manipulation__r0p05__medium,geographic_route_manipulation,0.05,MEDIUM,visible_feature_attack_count,5,0.0,0.0,0.0,0.0,0.0,0.0
decision_tree,none_natural,geographic_route_manipulation__r0p05__medium,geographic_route_manipulation,0.05,MEDIUM,invisible_feature_attack_count,5,300.0,0.0,300.0,300.0,300.0,300.0
decision_tree,none_natural,geographic_route_manipulation__r0p05__medium,geographic_route_manipulation,0.05,MEDIUM,selected_feature_visibility_rate,5,0.0,0.0,0.0,0.0,0.0,0.0
decision_tree,none_natural,geographic_route_manipulation__r0p05__medium,geographic_route_manipulation,0.05,MEDIUM,visible_attack_recall,0,,,,,,
decision_tree,none_natural,geographic_route_manipulation__r0p05__medium,geographic_route_manipulation,0.05,MEDIUM,invisible_attack_recall,5,0.14933333333333335,0.17850303452135857,0.0033333333333333335,0.38333333333333336,-0.07230745820213744,0.3709741248688041
decision_tree,none_natural,geographic_route_manipulation__r0p05__medium,geographic_route_manipulation,0.05,MEDIUM,visible_attack_f1,0,,,,,,
decision_tree,none_natural,geographic_route_manipulation__r0p05__medium,geographic_route_manipulation,0.05,MEDIUM,paired_induced_attack_induced_detection_rate,5,0.0,0.0,0.0,0.0,0.0,0.0
decision_tree,none_natural,geographic_route_manipulation__r0p05__medium,geographic_route_manipulation,0.05,MEDIUM,paired_induced_mean_anomaly_score_delta,5,0.0,0.0,0.0,0.0,0.0,0.0
decision_tree,none_natural,geographic_route_manipulation__r0p05__medium,geographic_route_manipulation,0.05,MEDIUM,paired_induced_median_anomaly_score_delta,5,0.0,0.0,0.0,0.0,0.0,0.0
decision_tree,none_natural,geographic_route_manipulation__r0p05__medium,geographic_route_manipulation,0.05,MEDIUM,selected_feature_count,5,43.0,0.0,43.0,43.0,43.0,43.0
decision_tree,none_natural,geographic_route_manipulation__r0p05__medium,geographic_route_manipulation,0.05,MEDIUM,source_block_count,5,10.0,0.0,10.0,10.0,10.0,10.0
decision_tree,none_natural,geographic_route_manipulation__r0p05__medium,geographic_route_manipulation,0.05,MEDIUM,selected_input_bytes,5,2064132.0,0.0,2064132.0,2064132.0,2064132.0,2064132.0
decision_tree,none_natural,geographic_route_manipulation__r0p05__medium,geographic_route_manipulation,0.05,MEDIUM,model_fit_wall_time_sec,0,,,,,,
decision_tree,none_natural,geographic_route_manipulation__r0p05__medium,geographic_route_manipulation,0.05,MEDIUM,model_fit_cpu_time_sec,0,,,,,,
decision_tree,none_natural,geographic_route_manipulation__r0p05__medium,geographic_route_manipulation,0.05,MEDIUM,model_fit_peak_rss_mib,0,,,,,,
decision_tree,none_natural,geographic_route_manipulation__r0p05__medium,geographic_route_manipulation,0.05,MEDIUM,combined_fit_wall_time_sec,0,,,,,,
decision_tree,none_natural,geographic_route_manipulation__r0p05__medium,geographic_route_manipulation,0.05,MEDIUM,inference_wall_time_sec,5,0.002547894800227368,0.00036028878409580587,0.002137635800318094,0.002964193600200815,0.0021005371880586416,0.0029952524123960946
decision_tree,none_natural,geographic_route_manipulation__r0p05__medium,geographic_route_manipulation,0.05,MEDIUM,per_record_inference_sec,5,4.246491333712281e-07,6.00481306826343e-08,3.56272633386349e-07,4.940322667001358e-07,3.50089531343107e-07,4.992087353993492e-07
decision_tree,none_natural,geographic_route_manipulation__r0p05__medium,geographic_route_manipulation,0.05,MEDIUM,inference_cpu_time_sec,5,0.0026040696600000504,0.0003426031671515639,0.002243624200002614,0.0030064839999965898,0.002178671641677029,0.003029467678323072
decision_tree,none_natural,geographic_route_manipulation__r0p05__medium,geographic_route_manipulation,0.05,MEDIUM,inference_peak_rss_mib,5,803.5203125,0.05429546985591891,803.4296875,803.5625,803.4528957698143,803.5877292301858
decision_tree,none_natural,geographic_route_manipulation__r0p05__medium,geographic_route_manipulation,0.05,MEDIUM,peak_rss_mib,5,803.5203125,0.05429546985591891,803.4296875,803.5625,803.4528957698143,803.5877292301858
decision_tree,none_natural,geographic_route_manipulation__r0p05__medium,geographic_route_manipulation,0.05,MEDIUM,serialized_model_bytes,5,4132.0,327.90242451070714,3780.0,4420.0,3724.8553645610036,4539.144635438996
decision_tree,none_natural,geographic_route_manipulation__r0p05__medium,geographic_route_manipulation,0.05,MEDIUM,serialized_model_kib,5,4.03515625,0.32021721143623744,3.69140625,4.31640625,3.637554066954105,4.432758433045895
logistic_regression,none_natural,geographic_route_manipulation__r0p05__medium,geographic_route_manipulation,0.05,MEDIUM,precision,5,0.050276593647123245,0.004746653166878168,0.04508979747802828,0.05647668393782383,0.04438284529784606,0.05617034199640043
logistic_regression,none_natural,geographic_route_manipulation__r0p05__medium,geographic_route_manipulation,0.05,MEDIUM,recall,5,0.43133333333333335,0.061037329197430934,0.36333333333333334,0.5233333333333333,0.35554547912231166,0.507121187544355
logistic_regression,none_natural,geographic_route_manipulation__r0p05__medium,geographic_route_manipulation,0.05,MEDIUM,f1,5,0.08982694328656964,0.007334652414801644,0.08090503942406582,0.09775784753363229,0.0807197694437649,0.09893411712937437
logistic_regression,none_natural,geographic_route_manipulation__r0p05__medium,geographic_route_manipulation,0.05,MEDIUM,average_precision,5,0.052726927835686666,0.003832699318456843,0.04690785373345814,0.05759008655424181,0.04796800307601492,0.05748585259535841
logistic_regression,none_natural,geographic_route_manipulation__r0p05__medium,geographic_route_manipulation,0.05,MEDIUM,pr_auc_trapezoidal,5,0.05211761410698734,0.0037603105368860523,0.04641712012179537,0.056871772294030745,0.04744857189126595,0.05678665632270873
logistic_regression,none_natural,geographic_route_manipulation__r0p05__medium,geographic_route_manipulation,0.05,MEDIUM,roc_auc,5,0.5053941520467836,0.024614400623762828,0.4776362573099415,0.5311011695906432,0.47483133695486873,0.5359569671386984
logistic_regression,none_natural,geographic_route_manipulation__r0p05__medium,geographic_route_manipulation,0.05,MEDIUM,TP,5,129.4,18.31119875922928,109.0,157.0,106.6636437366935,152.1363562633065
logistic_regression,none_natural,geographic_route_manipulation__r0p05__medium,geographic_route_manipulation,0.05,MEDIUM,TN,5,3234.8,420.4048049202102,2837.0,3879.0,2712.798489058284,3756.8015109417165
logistic_regression,none_natural,geographic_route_manipulation__r0p05__medium,geographic_route_manipulation,0.05,MEDIUM,FP,5,2465.2,420.4048049202102,1821.0,2863.0,1943.1984890582833,2987.201510941716
logistic_regression,none_natural,geographic_route_manipulation__r0p05__medium,geographic_route_manipulation,0.05,MEDIUM,FN,5,170.6,18.31119875922928,143.0,191.0,147.8636437366935,193.3363562633065
logistic_regression,none_natural,geographic_route_manipulation__r0p05__medium,geographic_route_manipulation,0.05,MEDIUM,attack_prevalence,5,0.05,0.0,0.05,0.05,0.05,0.05
logistic_regression,none_natural,geographic_route_manipulation__r0p05__medium,geographic_route_manipulation,0.05,MEDIUM,visible_feature_attack_count,5,0.0,0.0,0.0,0.0,0.0,0.0
logistic_regression,none_natural,geographic_route_manipulation__r0p05__medium,geographic_route_manipulation,0.05,MEDIUM,invisible_feature_attack_count,5,300.0,0.0,300.0,300.0,300.0,300.0
logistic_regression,none_natural,geographic_route_manipulation__r0p05__medium,geographic_route_manipulation,0.05,MEDIUM,selected_feature_visibility_rate,5,0.0,0.0,0.0,0.0,0.0,0.0
logistic_regression,none_natural,geographic_route_manipulation__r0p05__medium,geographic_route_manipulation,0.05,MEDIUM,visible_attack_recall,0,,,,,,
logistic_regression,none_natural,geographic_route_manipulation__r0p05__medium,geographic_route_manipulation,0.05,MEDIUM,invisible_attack_recall,5,0.43133333333333335,0.061037329197430934,0.36333333333333334,0.5233333333333333,0.35554547912231166,0.507121187544355
logistic_regression,none_natural,geographic_route_manipulation__r0p05__medium,geographic_route_manipulation,0.05,MEDIUM,visible_attack_f1,0,,,,,,
logistic_regression,none_natural,geographic_route_manipulation__r0p05__medium,geographic_route_manipulation,0.05,MEDIUM,paired_induced_attack_induced_detection_rate,5,0.0,0.0,0.0,0.0,0.0,0.0
logistic_regression,none_natural,geographic_route_manipulation__r0p05__medium,geographic_route_manipulation,0.05,MEDIUM,paired_induced_mean_anomaly_score_delta,5,0.0,0.0,0.0,0.0,0.0,0.0
logistic_regression,none_natural,geographic_route_manipulation__r0p05__medium,geographic_route_manipulation,0.05,MEDIUM,paired_induced_median_anomaly_score_delta,5,0.0,0.0,0.0,0.0,0.0,0.0
logistic_regression,none_natural,geographic_route_manipulation__r0p05__medium,geographic_route_manipulation,0.05,MEDIUM,selected_feature_count,5,43.0,0.0,43.0,43.0,43.0,43.0
logistic_regression,none_natural,geographic_route_manipulation__r0p05__medium,geographic_route_manipulation,0.05,MEDIUM,source_block_count,5,10.0,0.0,10.0,10.0,10.0,10.0
logistic_regression,none_natural,geographic_route_manipulation__r0p05__medium,geographic_route_manipulation,0.05,MEDIUM,selected_input_bytes,5,2064132.0,0.0,2064132.0,2064132.0,2064132.0,2064132.0
logistic_regression,none_natural,geographic_route_manipulation__r0p05__medium,geographic_route_manipulation,0.05,MEDIUM,model_fit_wall_time_sec,5,0.49001829079934395,0.09719446902817075,0.4144513709979947,0.6605000540002948,0.3693354177824376,0.6107011638162503
logistic_regression,none_natural,geographic_route_manipulation__r0p05__medium,geographic_route_manipulation,0.05,MEDIUM,model_fit_cpu_time_sec,5,0.29261962500000005,0.07522294968955433,0.21856836799999968,0.4180874179999998,0.19921799653171318,0.3860212534682869
logistic_regression,none_natural,geographic_route_manipulation__r0p05__medium,geographic_route_manipulation,0.05,MEDIUM,model_fit_peak_rss_mib,5,182.0546875,0.12530480415894876,181.8984375,182.19140625,181.89910103587374,182.21027396412626
logistic_regression,none_natural,geographic_route_manipulation__r0p05__medium,geographic_route_manipulation,0.05,MEDIUM,combined_fit_wall_time_sec,5,0.49001829079934395,0.09719446902817075,0.4144513709979947,0.6605000540002948,0.3693354177824376,0.6107011638162503
logistic_regression,none_natural,geographic_route_manipulation__r0p05__medium,geographic_route_manipulation,0.05,MEDIUM,inference_wall_time_sec,5,0.002798024339863332,0.0009742166562863472,0.0020261306999600492,0.004483697700197809,0.0015883745913011626,0.004007674088425501
logistic_regression,none_natural,geographic_route_manipulation__r0p05__medium,geographic_route_manipulation,0.05,MEDIUM,per_record_inference_sec,5,4.663373899772221e-07,1.6236944271439122e-07,3.376884499933415e-07,7.472829500329681e-07,2.647290985501938e-07,6.679456814042504e-07
logistic_regression,none_natural,geographic_route_manipulation__r0p05__medium,geographic_route_manipulation,0.05,MEDIUM,inference_cpu_time_sec,5,0.0028857894199995826,0.001030531789132969,0.0020681399000011423,0.0046692253999992776,0.001606215198427645,0.00416536364157152
logistic_regression,none_natural,geographic_route_manipulation__r0p05__medium,geographic_route_manipulation,0.05,MEDIUM,inference_peak_rss_mib,5,803.88984375,0.5735699991677672,803.30859375,804.5078125,803.177662531583,804.6020249684169
logistic_regression,none_natural,geographic_route_manipulation__r0p05__medium,geographic_route_manipulation,0.05,MEDIUM,peak_rss_mib,5,803.88984375,0.5735699991677672,803.30859375,804.5078125,803.177662531583,804.6020249684169
logistic_regression,none_natural,geographic_route_manipulation__r0p05__medium,geographic_route_manipulation,0.05,MEDIUM,serialized_model_bytes,5,2342.0,0.0,2342.0,2342.0,2342.0,2342.0
logistic_regression,none_natural,geographic_route_manipulation__r0p05__medium,geographic_route_manipulation,0.05,MEDIUM,serialized_model_kib,5,2.287109375,0.0,2.287109375,2.287109375,2.287109375,2.287109375
decision_tree,pairwise_correlation_filter_natural,geographic_route_manipulation__r0p05__medium,geographic_route_manipulation,0.05,MEDIUM,precision,5,0.047948805463882235,0.017082003650478725,0.019933554817275746,0.06666666666666667,0.026738696513880673,0.0691589144138838
decision_tree,pairwise_correlation_filter_natural,geographic_route_manipulation__r0p05__medium,geographic_route_manipulation,0.05,MEDIUM,recall,5,0.14933333333333335,0.17850303452135857,0.0033333333333333335,0.38333333333333336,-0.07230745820213744,0.3709741248688041
decision_tree,pairwise_correlation_filter_natural,geographic_route_manipulation__r0p05__medium,geographic_route_manipulation,0.05,MEDIUM,f1,5,0.04995313683609929,0.038646959113317385,0.006349206349206349,0.09225832330525471,0.0019665990650020865,0.09793967460719649
decision_tree,pairwise_correlation_filter_natural,geographic_route_manipulation__r0p05__medium,geographic_route_manipulation,0.05,MEDIUM,average_precision,5,0.0498372166259192,0.0015427316803360124,0.04823623929227533,0.051834190437976935,0.04792166223955605,0.05175277101228235
decision_tree,pairwise_correlation_filter_natural,geographic_route_manipulation__r0p05__medium,geographic_route_manipulation,0.05,MEDIUM,pr_auc_trapezoidal,5,0.0526569190462298,0.009355947577321102,0.04199791007649802,0.06726326733030769,0.041039975770379225,0.06427386232208038
decision_tree,pairwise_correlation_filter_natural,geographic_route_manipulation__r0p05__medium,geographic_route_manipulation,0.05,MEDIUM,roc_auc,5,0.4974829239766082,0.016691041217169123,0.4793763157894737,0.5180008771929825,0.4767582590046977,0.5182075889485187
decision_tree,pairwise_correlation_filter_natural,geographic_route_manipulation__r0p05__medium,geographic_route_manipulation,0.05,MEDIUM,TP,5,44.8,53.55091035640757,1.0,115.0,-21.692237460641223,111.29223746064122
decision_tree,pairwise_correlation_filter_natural,geographic_route_manipulation__r0p05__medium,geographic_route_manipulation,0.05,MEDIUM,TN,5,4840.0,948.4874801493164,3622.0,5686.0,3662.2972431506505,6017.7027568493495
decision_tree,pairwise_correlation_filter_natural,geographic_route_manipulation__r0p05__medium,geographic_route_manipulation,0.05,MEDIUM,FP,5,860.0,948.4874801493164,14.0,2078.0,-317.7027568493495,2037.7027568493495
decision_tree,pairwise_correlation_filter_natural,geographic_route_manipulation__r0p05__medium,geographic_route_manipulation,0.05,MEDIUM,FN,5,255.2,53.55091035640757,185.0,299.0,188.70776253935878,321.6922374606412
decision_tree,pairwise_correlation_filter_natural,geographic_route_manipulation__r0p05__medium,geographic_route_manipulation,0.05,MEDIUM,attack_prevalence,5,0.05,0.0,0.05,0.05,0.05,0.05
decision_tree,pairwise_correlation_filter_natural,geographic_route_manipulation__r0p05__medium,geographic_route_manipulation,0.05,MEDIUM,visible_feature_attack_count,5,0.0,0.0,0.0,0.0,0.0,0.0
decision_tree,pairwise_correlation_filter_natural,geographic_route_manipulation__r0p05__medium,geographic_route_manipulation,0.05,MEDIUM,invisible_feature_attack_count,5,300.0,0.0,300.0,300.0,300.0,300.0
decision_tree,pairwise_correlation_filter_natural,geographic_route_manipulation__r0p05__medium,geographic_route_manipulation,0.05,MEDIUM,selected_feature_visibility_rate,5,0.0,0.0,0.0,0.0,0.0,0.0
decision_tree,pairwise_correlation_filter_natural,geographic_route_manipulation__r0p05__medium,geographic_route_manipulation,0.05,MEDIUM,visible_attack_recall,0,,,,,,
decision_tree,pairwise_correlation_filter_natural,geographic_route_manipulation__r0p05__medium,geographic_route_manipulation,0.05,MEDIUM,invisible_attack_recall,5,0.14933333333333335,0.17850303452135857,0.0033333333333333335,0.38333333333333336,-0.07230745820213744,0.3709741248688041
decision_tree,pairwise_correlation_filter_natural,geographic_route_manipulation__r0p05__medium,geographic_route_manipulation,0.05,MEDIUM,visible_attack_f1,0,,,,,,
decision_tree,pairwise_correlation_filter_natural,geographic_route_manipulation__r0p05__medium,geographic_route_manipulation,0.05,MEDIUM,paired_induced_attack_induced_detection_rate,5,0.0,0.0,0.0,0.0,0.0,0.0
decision_tree,pairwise_correlation_filter_natural,geographic_route_manipulation__r0p05__medium,geographic_route_manipulation,0.05,MEDIUM,paired_induced_mean_anomaly_score_delta,5,0.0,0.0,0.0,0.0,0.0,0.0
decision_tree,pairwise_correlation_filter_natural,geographic_route_manipulation__r0p05__medium,geographic_route_manipulation,0.05,MEDIUM,paired_induced_median_anomaly_score_delta,5,0.0,0.0,0.0,0.0,0.0,0.0
decision_tree,pairwise_correlation_filter_natural,geographic_route_manipulation__r0p05__medium,geographic_route_manipulation,0.05,MEDIUM,selected_feature_count,5,42.0,0.0,42.0,42.0,42.0,42.0
decision_tree,pairwise_correlation_filter_natural,geographic_route_manipulation__r0p05__medium,geographic_route_manipulation,0.05,MEDIUM,source_block_count,5,9.0,0.0,9.0,9.0,9.0,9.0
decision_tree,pairwise_correlation_filter_natural,geographic_route_manipulation__r0p05__medium,geographic_route_manipulation,0.05,MEDIUM,selected_input_bytes,5,2016132.0,0.0,2016132.0,2016132.0,2016132.0,2016132.0
decision_tree,pairwise_correlation_filter_natural,geographic_route_manipulation__r0p05__medium,geographic_route_manipulation,0.05,MEDIUM,model_fit_wall_time_sec,0,,,,,,
decision_tree,pairwise_correlation_filter_natural,geographic_route_manipulation__r0p05__medium,geographic_route_manipulation,0.05,MEDIUM,model_fit_cpu_time_sec,0,,,,,,
decision_tree,pairwise_correlation_filter_natural,geographic_route_manipulation__r0p05__medium,geographic_route_manipulation,0.05,MEDIUM,model_fit_peak_rss_mib,0,,,,,,
decision_tree,pairwise_correlation_filter_natural,geographic_route_manipulation__r0p05__medium,geographic_route_manipulation,0.05,MEDIUM,combined_fit_wall_time_sec,0,,,,,,
decision_tree,pairwise_correlation_filter_natural,geographic_route_manipulation__r0p05__medium,geographic_route_manipulation,0.05,MEDIUM,inference_wall_time_sec,5,0.002928380640078103,0.0004370048795748898,0.002432604900241131,0.003610333400138188,0.0023857674140701597,0.003470993866086046
decision_tree,pairwise_correlation_filter_natural,geographic_route_manipulation__r0p05__medium,geographic_route_manipulation,0.05,MEDIUM,per_record_inference_sec,5,4.880634400130173e-07,7.283414659581498e-08,4.054341500401885e-07,6.017222333563647e-07,3.976279023450267e-07,5.784989776810079e-07
decision_tree,pairwise_correlation_filter_natural,geographic_route_manipulation__r0p05__medium,geographic_route_manipulation,0.05,MEDIUM,inference_cpu_time_sec,5,0.00299747388000128,0.0004334686614059095,0.002487453999998479,0.00366392780000524,0.0024592514487835567,0.003535696311219003
decision_tree,pairwise_correlation_filter_natural,geographic_route_manipulation__r0p05__medium,geographic_route_manipulation,0.05,MEDIUM,inference_peak_rss_mib,5,803.70078125,0.4643478184339569,803.30859375,804.5078125,803.1242172812056,804.2773452187944
decision_tree,pairwise_correlation_filter_natural,geographic_route_manipulation__r0p05__medium,geographic_route_manipulation,0.05,MEDIUM,peak_rss_mib,5,803.70078125,0.4643478184339569,803.30859375,804.5078125,803.1242172812056,804.2773452187944
decision_tree,pairwise_correlation_filter_natural,geographic_route_manipulation__r0p05__medium,geographic_route_manipulation,0.05,MEDIUM,serialized_model_bytes,5,4116.0,327.90242451070714,3764.0,4404.0,3708.8553645610036,4523.144635438996
decision_tree,pairwise_correlation_filter_natural,geographic_route_manipulation__r0p05__medium,geographic_route_manipulation,0.05,MEDIUM,serialized_model_kib,5,4.01953125,0.32021721143623744,3.67578125,4.30078125,3.621929066954105,4.417133433045895
logistic_regression,pairwise_correlation_filter_natural,geographic_route_manipulation__r0p05__medium,geographic_route_manipulation,0.05,MEDIUM,precision,5,0.050276593647123245,0.004746653166878168,0.04508979747802828,0.05647668393782383,0.04438284529784606,0.05617034199640043
logistic_regression,pairwise_correlation_filter_natural,geographic_route_manipulation__r0p05__medium,geographic_route_manipulation,0.05,MEDIUM,recall,5,0.43133333333333335,0.061037329197430934,0.36333333333333334,0.5233333333333333,0.35554547912231166,0.507121187544355
logistic_regression,pairwise_correlation_filter_natural,geographic_route_manipulation__r0p05__medium,geographic_route_manipulation,0.05,MEDIUM,f1,5,0.08982694328656964,0.007334652414801644,0.08090503942406582,0.09775784753363229,0.0807197694437649,0.09893411712937437
logistic_regression,pairwise_correlation_filter_natural,geographic_route_manipulation__r0p05__medium,geographic_route_manipulation,0.05,MEDIUM,average_precision,5,0.05272614987579215,0.0038345650939319454,0.046902518260391914,0.057589503259810146,0.047964908449884235,0.05748739130170006
logistic_regression,pairwise_correlation_filter_natural,geographic_route_manipulation__r0p05__medium,geographic_route_manipulation,0.05,MEDIUM,pr_auc_trapezoidal,5,0.05211696765748545,0.003761878806501215,0.04641255321650849,0.05687119182217816,0.047445978177843434,0.05678795713712746
logistic_regression,pairwise_correlation_filter_natural,geographic_route_manipulation__r0p05__medium,geographic_route_manipulation,0.05,MEDIUM,roc_auc,5,0.5053918128654971,0.024612616258210006,0.4776356725146199,0.5310982456140352,0.4748312133560488,0.5359524123749454
logistic_regression,pairwise_correlation_filter_natural,geographic_route_manipulation__r0p05__medium,geographic_route_manipulation,0.05,MEDIUM,TP,5,129.4,18.31119875922928,109.0,157.0,106.6636437366935,152.1363562633065
logistic_regression,pairwise_correlation_filter_natural,geographic_route_manipulation__r0p05__medium,geographic_route_manipulation,0.05,MEDIUM,TN,5,3234.8,420.4048049202102,2837.0,3879.0,2712.798489058284,3756.8015109417165
logistic_regression,pairwise_correlation_filter_natural,geographic_route_manipulation__r0p05__medium,geographic_route_manipulation,0.05,MEDIUM,FP,5,2465.2,420.4048049202102,1821.0,2863.0,1943.1984890582833,2987.201510941716
logistic_regression,pairwise_correlation_filter_natural,geographic_route_manipulation__r0p05__medium,geographic_route_manipulation,0.05,MEDIUM,FN,5,170.6,18.31119875922928,143.0,191.0,147.8636437366935,193.3363562633065
logistic_regression,pairwise_correlation_filter_natural,geographic_route_manipulation__r0p05__medium,geographic_route_manipulation,0.05,MEDIUM,attack_prevalence,5,0.05,0.0,0.05,0.05,0.05,0.05
logistic_regression,pairwise_correlation_filter_natural,geographic_route_manipulation__r0p05__medium,geographic_route_manipulation,0.05,MEDIUM,visible_feature_attack_count,5,0.0,0.0,0.0,0.0,0.0,0.0
logistic_regression,pairwise_correlation_filter_natural,geographic_route_manipulation__r0p05__medium,geographic_route_manipulation,0.05,MEDIUM,invisible_feature_attack_count,5,300.0,0.0,300.0,300.0,300.0,300.0
logistic_regression,pairwise_correlation_filter_natural,geographic_route_manipulation__r0p05__medium,geographic_route_manipulation,0.05,MEDIUM,selected_feature_visibility_rate,5,0.0,0.0,0.0,0.0,0.0,0.0
logistic_regression,pairwise_correlation_filter_natural,geographic_route_manipulation__r0p05__medium,geographic_route_manipulation,0.05,MEDIUM,visible_attack_recall,0,,,,,,
logistic_regression,pairwise_correlation_filter_natural,geographic_route_manipulation__r0p05__medium,geographic_route_manipulation,0.05,MEDIUM,invisible_attack_recall,5,0.43133333333333335,0.061037329197430934,0.36333333333333334,0.5233333333333333,0.35554547912231166,0.507121187544355
logistic_regression,pairwise_correlation_filter_natural,geographic_route_manipulation__r0p05__medium,geographic_route_manipulation,0.05,MEDIUM,visible_attack_f1,0,,,,,,
logistic_regression,pairwise_correlation_filter_natural,geographic_route_manipulation__r0p05__medium,geographic_route_manipulation,0.05,MEDIUM,paired_induced_attack_induced_detection_rate,5,0.0,0.0,0.0,0.0,0.0,0.0
logistic_regression,pairwise_correlation_filter_natural,geographic_route_manipulation__r0p05__medium,geographic_route_manipulation,0.05,MEDIUM,paired_induced_mean_anomaly_score_delta,5,0.0,0.0,0.0,0.0,0.0,0.0
logistic_regression,pairwise_correlation_filter_natural,geographic_route_manipulation__r0p05__medium,geographic_route_manipulation,0.05,MEDIUM,paired_induced_median_anomaly_score_delta,5,0.0,0.0,0.0,0.0,0.0,0.0
logistic_regression,pairwise_correlation_filter_natural,geographic_route_manipulation__r0p05__medium,geographic_route_manipulation,0.05,MEDIUM,selected_feature_count,5,42.0,0.0,42.0,42.0,42.0,42.0
logistic_regression,pairwise_correlation_filter_natural,geographic_route_manipulation__r0p05__medium,geographic_route_manipulation,0.05,MEDIUM,source_block_count,5,9.0,0.0,9.0,9.0,9.0,9.0
logistic_regression,pairwise_correlation_filter_natural,geographic_route_manipulation__r0p05__medium,geographic_route_manipulation,0.05,MEDIUM,selected_input_bytes,5,2016132.0,0.0,2016132.0,2016132.0,2016132.0,2016132.0
logistic_regression,pairwise_correlation_filter_natural,geographic_route_manipulation__r0p05__medium,geographic_route_manipulation,0.05,MEDIUM,model_fit_wall_time_sec,5,0.5226187851993018,0.1320858923339655,0.33173528499901295,0.6544766820006771,0.358612488017468,0.6866250823811357
logistic_regression,pairwise_correlation_filter_natural,geographic_route_manipulation__r0p05__medium,geographic_route_manipulation,0.05,MEDIUM,model_fit_cpu_time_sec,5,0.32897909459999986,0.11776488132572177,0.18253484599999936,0.47190246899999977,0.18275468120499616,0.47520350799500355
logistic_regression,pairwise_correlation_filter_natural,geographic_route_manipulation__r0p05__medium,geographic_route_manipulation,0.05,MEDIUM,model_fit_peak_rss_mib,5,181.35625,0.274181465592076,181.0546875,181.63671875,181.01580874519928,181.6966912548007
logistic_regression,pairwise_correlation_filter_natural,geographic_route_manipulation__r0p05__medium,geographic_route_manipulation,0.05,MEDIUM,combined_fit_wall_time_sec,5,0.5226187851993018,0.1320858923339655,0.33173528499901295,0.6544766820006771,0.358612488017468,0.6866250823811357
logistic_regression,pairwise_correlation_filter_natural,geographic_route_manipulation__r0p05__medium,geographic_route_manipulation,0.05,MEDIUM,inference_wall_time_sec,5,0.003387935560022015,0.0012219216482819034,0.0022465636997367256,0.00518504200008465,0.0018707194407233676,0.004905151679320663
logistic_regression,pairwise_correlation_filter_natural,geographic_route_manipulation__r0p05__medium,geographic_route_manipulation,0.05,MEDIUM,per_record_inference_sec,5,5.646559266703359e-07,2.036536080469839e-07,3.744272832894543e-07,8.64173666680775e-07,3.1178657345389465e-07,8.175252798867771e-07
logistic_regression,pairwise_correlation_filter_natural,geographic_route_manipulation__r0p05__medium,geographic_route_manipulation,0.05,MEDIUM,inference_cpu_time_sec,5,0.003488163779998104,0.0012732612949344978,0.00225711129999695,0.005331751300002452,0.001907201069770377,0.0050691264902258315
logistic_regression,pairwise_correlation_filter_natural,geographic_route_manipulation__r0p05__medium,geographic_route_manipulation,0.05,MEDIUM,inference_peak_rss_mib,5,803.71875,0.4467834805760224,803.3984375,804.5078125,803.1639950371762,804.2735049628238
logistic_regression,pairwise_correlation_filter_natural,geographic_route_manipulation__r0p05__medium,geographic_route_manipulation,0.05,MEDIUM,peak_rss_mib,5,803.71875,0.4467834805760224,803.3984375,804.5078125,803.1639950371762,804.2735049628238
logistic_regression,pairwise_correlation_filter_natural,geographic_route_manipulation__r0p05__medium,geographic_route_manipulation,0.05,MEDIUM,serialized_model_bytes,5,2310.0,0.0,2310.0,2310.0,2310.0,2310.0
logistic_regression,pairwise_correlation_filter_natural,geographic_route_manipulation__r0p05__medium,geographic_route_manipulation,0.05,MEDIUM,serialized_model_kib,5,2.255859375,0.0,2.255859375,2.255859375,2.255859375,2.255859375
decision_tree,mutual_information_select_k_best_k11,geographic_route_manipulation__r0p05__medium,geographic_route_manipulation,0.05,MEDIUM,precision,5,0.0349799911349024,0.023806697203776126,0.0,0.05303030303030303,0.00542007230081187,0.06453990996899292
decision_tree,mutual_information_select_k_best_k11,geographic_route_manipulation__r0p05__medium,geographic_route_manipulation,0.05,MEDIUM,recall,5,0.142,0.1771628252954515,0.0,0.37333333333333335,-0.0779767019896001,0.3619767019896001
decision_tree,mutual_information_select_k_best_k11,geographic_route_manipulation__r0p05__medium,geographic_route_manipulation,0.05,MEDIUM,f1,5,0.04572577079155481,0.04035924019815068,0.0,0.09035901573215006,-0.004386844757386876,0.09583838634049649
decision_tree,mutual_information_select_k_best_k11,geographic_route_manipulation__r0p05__medium,geographic_route_manipulation,0.05,MEDIUM,average_precision,5,0.04965751847960783,0.0011230480228161179,0.04846461575711224,0.05080137008929517,0.04826307018142203,0.05105196677779363
decision_tree,mutual_information_select_k_best_k11,geographic_route_manipulation__r0p05__medium,geographic_route_manipulation,0.05,MEDIUM,pr_auc_trapezoidal,5,0.049654543650855525,0.004407046621056406,0.04233572895199188,0.05354681608752866,0.044182472523079885,0.055126614778631164
decision_tree,mutual_information_select_k_best_k11,geographic_route_manipulation__r0p05__medium,geographic_route_manipulation,0.05,MEDIUM,roc_auc,5,0.49530239766081874,0.013908674213721278,0.48026959064327485,0.508626023391813,0.47803249762688227,0.5125722976947552
decision_tree,mutual_information_select_k_best_k11,geographic_route_manipulation__r0p05__medium,geographic_route_manipulation,0.05,MEDIUM,TP,5,42.6,53.14884758863545,0.0,112.0,-23.393010596880025,108.59301059688002
decision_tree,mutual_information_select_k_best_k11,geographic_route_manipulation__r0p05__medium,geographic_route_manipulation,0.05,MEDIUM,TN,5,4868.4,960.047811309416,3633.0,5689.0,3676.34319614183,6060.456803858169
decision_tree,mutual_information_select_k_best_k11,geographic_route_manipulation__r0p05__medium,geographic_route_manipulation,0.05,MEDIUM,FP,5,831.6,960.047811309416,11.0,2067.0,-360.4568038581698,2023.65680385817
decision_tree,mutual_information_select_k_best_k11,geographic_route_manipulation__r0p05__medium,geographic_route_manipulation,0.05,MEDIUM,FN,5,257.4,53.14884758863545,188.0,300.0,191.40698940311995,323.39301059688
decision_tree,mutual_information_select_k_best_k11,geographic_route_manipulation__r0p05__medium,geographic_route_manipulation,0.05,MEDIUM,attack_prevalence,5,0.05,0.0,0.05,0.05,0.05,0.05
decision_tree,mutual_information_select_k_best_k11,geographic_route_manipulation__r0p05__medium,geographic_route_manipulation,0.05,MEDIUM,visible_feature_attack_count,5,0.0,0.0,0.0,0.0,0.0,0.0
decision_tree,mutual_information_select_k_best_k11,geographic_route_manipulation__r0p05__medium,geographic_route_manipulation,0.05,MEDIUM,invisible_feature_attack_count,5,300.0,0.0,300.0,300.0,300.0,300.0
decision_tree,mutual_information_select_k_best_k11,geographic_route_manipulation__r0p05__medium,geographic_route_manipulation,0.05,MEDIUM,selected_feature_visibility_rate,5,0.0,0.0,0.0,0.0,0.0,0.0
decision_tree,mutual_information_select_k_best_k11,geographic_route_manipulation__r0p05__medium,geographic_route_manipulation,0.05,MEDIUM,visible_attack_recall,0,,,,,,
decision_tree,mutual_information_select_k_best_k11,geographic_route_manipulation__r0p05__medium,geographic_route_manipulation,0.05,MEDIUM,invisible_attack_recall,5,0.142,0.1771628252954515,0.0,0.37333333333333335,-0.0779767019896001,0.3619767019896001
decision_tree,mutual_information_select_k_best_k11,geographic_route_manipulation__r0p05__medium,geographic_route_manipulation,0.05,MEDIUM,visible_attack_f1,0,,,,,,
decision_tree,mutual_information_select_k_best_k11,geographic_route_manipulation__r0p05__medium,geographic_route_manipulation,0.05,MEDIUM,paired_induced_attack_induced_detection_rate,5,0.0,0.0,0.0,0.0,0.0,0.0
decision_tree,mutual_information_select_k_best_k11,geographic_route_manipulation__r0p05__medium,geographic_route_manipulation,0.05,MEDIUM,paired_induced_mean_anomaly_score_delta,5,0.0,0.0,0.0,0.0,0.0,0.0
decision_tree,mutual_information_select_k_best_k11,geographic_route_manipulation__r0p05__medium,geographic_route_manipulation,0.05,MEDIUM,paired_induced_median_anomaly_score_delta,5,0.0,0.0,0.0,0.0,0.0,0.0
decision_tree,mutual_information_select_k_best_k11,geographic_route_manipulation__r0p05__medium,geographic_route_manipulation,0.05,MEDIUM,selected_feature_count,5,11.0,0.0,11.0,11.0,11.0,11.0
decision_tree,mutual_information_select_k_best_k11,geographic_route_manipulation__r0p05__medium,geographic_route_manipulation,0.05,MEDIUM,source_block_count,5,5.0,0.7071067811865476,4.0,6.0,4.122010966914219,5.877989033085781
decision_tree,mutual_information_select_k_best_k11,geographic_route_manipulation__r0p05__medium,geographic_route_manipulation,0.05,MEDIUM,selected_input_bytes,5,528132.0,0.0,528132.0,528132.0,528132.0,528132.0
decision_tree,mutual_information_select_k_best_k11,geographic_route_manipulation__r0p05__medium,geographic_route_manipulation,0.05,MEDIUM,model_fit_wall_time_sec,0,,,,,,
decision_tree,mutual_information_select_k_best_k11,geographic_route_manipulation__r0p05__medium,geographic_route_manipulation,0.05,MEDIUM,model_fit_cpu_time_sec,0,,,,,,
decision_tree,mutual_information_select_k_best_k11,geographic_route_manipulation__r0p05__medium,geographic_route_manipulation,0.05,MEDIUM,model_fit_peak_rss_mib,0,,,,,,
decision_tree,mutual_information_select_k_best_k11,geographic_route_manipulation__r0p05__medium,geographic_route_manipulation,0.05,MEDIUM,combined_fit_wall_time_sec,0,,,,,,
decision_tree,mutual_information_select_k_best_k11,geographic_route_manipulation__r0p05__medium,geographic_route_manipulation,0.05,MEDIUM,inference_wall_time_sec,5,0.0024740045801445376,0.0009423865567421975,0.0018675405000976753,0.004132375599874649,0.0013038771202456122,0.003644132040043463
decision_tree,mutual_information_select_k_best_k11,geographic_route_manipulation__r0p05__medium,geographic_route_manipulation,0.05,MEDIUM,per_record_inference_sec,5,4.1233409669075624e-07,1.570644261236996e-07,3.112567500162792e-07,6.887292666457748e-07,2.1731285337426866e-07,6.073553400072438e-07
decision_tree,mutual_information_select_k_best_k11,geographic_route_manipulation__r0p05__medium,geographic_route_manipulation,0.05,MEDIUM,inference_cpu_time_sec,5,0.0025487233599994852,0.0009822775722950884,0.0019220685999982833,0.004275985700002138,0.0013290646622367095,0.003768382057762261
decision_tree,mutual_information_select_k_best_k11,geographic_route_manipulation__r0p05__medium,geographic_route_manipulation,0.05,MEDIUM,inference_peak_rss_mib,5,803.71953125,0.44342734198196165,803.44140625,804.5078125,803.1689434836414,804.2701190163586
decision_tree,mutual_information_select_k_best_k11,geographic_route_manipulation__r0p05__medium,geographic_route_manipulation,0.05,MEDIUM,peak_rss_mib,5,803.71953125,0.44342734198196165,803.44140625,804.5078125,803.1689434836414,804.2701190163586
decision_tree,mutual_information_select_k_best_k11,geographic_route_manipulation__r0p05__medium,geographic_route_manipulation,0.05,MEDIUM,serialized_model_bytes,5,3402.4,341.02903102228703,3028.0,3716.0,2978.9565298369753,3825.843470163025
decision_tree,mutual_information_select_k_best_k11,geographic_route_manipulation__r0p05__medium,geographic_route_manipulation,0.05,MEDIUM,serialized_model_kib,5,3.32265625,0.3330361631077022,2.95703125,3.62890625,2.909137236168921,3.736175263831079
logistic_regression,mutual_information_select_k_best_k11,geographic_route_manipulation__r0p05__medium,geographic_route_manipulation,0.05,MEDIUM,precision,5,0.0488825229972648,0.003193525328789384,0.04462531574515857,0.05234159779614325,0.04491723756915204,0.05284780842537757
logistic_regression,mutual_information_select_k_best_k11,geographic_route_manipulation__r0p05__medium,geographic_route_manipulation,0.05,MEDIUM,recall,5,0.4893333333333333,0.06508114592995083,0.41,0.57,0.4085244174702037,0.570142249196463
logistic_regression,mutual_information_select_k_best_k11,geographic_route_manipulation__r0p05__medium,geographic_route_manipulation,0.05,MEDIUM,f1,5,0.08877468608899974,0.00563290817835564,0.08231944084908102,0.095878889823381,0.08178050679874244,0.09576886537925705
logistic_regression,mutual_information_select_k_best_k11,geographic_route_manipulation__r0p05__medium,geographic_route_manipulation,0.05,MEDIUM,average_precision,5,0.049439560355306375,0.004319325905976085,0.04389865595348351,0.055142675460964075,0.04407640888134275,0.05480271182927
logistic_regression,mutual_information_select_k_best_k11,geographic_route_manipulation__r0p05__medium,geographic_route_manipulation,0.05,MEDIUM,pr_auc_trapezoidal,5,0.04896356470227355,0.004214245605095776,0.043536983618996036,0.054527569774445346,0.04373088765483353,0.054196241749713575
logistic_regression,mutual_information_select_k_best_k11,geographic_route_manipulation__r0p05__medium,geographic_route_manipulation,0.05,MEDIUM,roc_auc,5,0.4899480116959064,0.02680424684066545,0.44972280701754386,0.5224347953216374,0.45666614339485867,0.5232298799969541
logistic_regression,mutual_information_select_k_best_k11,geographic_route_manipulation__r0p05__medium,geographic_route_manipulation,0.05,MEDIUM,TP,5,146.8,19.524343778985248,123.0,171.0,122.55732524106114,171.0426747589389
logistic_regression,mutual_information_select_k_best_k11,geographic_route_manipulation__r0p05__medium,geographic_route_manipulation,0.05,MEDIUM,TN,5,2836.8,402.4856519181771,2296.0,3257.0,2337.0480562192306,3336.5519437807698
logistic_regression,mutual_information_select_k_best_k11,geographic_route_manipulation__r0p05__medium,geographic_route_manipulation,0.05,MEDIUM,FP,5,2863.2,402.4856519181771,2443.0,3404.0,2363.4480562192302,3362.9519437807694
logistic_regression,mutual_information_select_k_best_k11,geographic_route_manipulation__r0p05__medium,geographic_route_manipulation,0.05,MEDIUM,FN,5,153.2,19.524343778985248,129.0,177.0,128.9573252410611,177.44267475893886
logistic_regression,mutual_information_select_k_best_k11,geographic_route_manipulation__r0p05__medium,geographic_route_manipulation,0.05,MEDIUM,attack_prevalence,5,0.05,0.0,0.05,0.05,0.05,0.05
logistic_regression,mutual_information_select_k_best_k11,geographic_route_manipulation__r0p05__medium,geographic_route_manipulation,0.05,MEDIUM,visible_feature_attack_count,5,0.0,0.0,0.0,0.0,0.0,0.0
logistic_regression,mutual_information_select_k_best_k11,geographic_route_manipulation__r0p05__medium,geographic_route_manipulation,0.05,MEDIUM,invisible_feature_attack_count,5,300.0,0.0,300.0,300.0,300.0,300.0
logistic_regression,mutual_information_select_k_best_k11,geographic_route_manipulation__r0p05__medium,geographic_route_manipulation,0.05,MEDIUM,selected_feature_visibility_rate,5,0.0,0.0,0.0,0.0,0.0,0.0
logistic_regression,mutual_information_select_k_best_k11,geographic_route_manipulation__r0p05__medium,geographic_route_manipulation,0.05,MEDIUM,visible_attack_recall,0,,,,,,
logistic_regression,mutual_information_select_k_best_k11,geographic_route_manipulation__r0p05__medium,geographic_route_manipulation,0.05,MEDIUM,invisible_attack_recall,5,0.4893333333333333,0.06508114592995083,0.41,0.57,0.4085244174702037,0.570142249196463
logistic_regression,mutual_information_select_k_best_k11,geographic_route_manipulation__r0p05__medium,geographic_route_manipulation,0.05,MEDIUM,visible_attack_f1,0,,,,,,
logistic_regression,mutual_information_select_k_best_k11,geographic_route_manipulation__r0p05__medium,geographic_route_manipulation,0.05,MEDIUM,paired_induced_attack_induced_detection_rate,5,0.0,0.0,0.0,0.0,0.0,0.0
logistic_regression,mutual_information_select_k_best_k11,geographic_route_manipulation__r0p05__medium,geographic_route_manipulation,0.05,MEDIUM,paired_induced_mean_anomaly_score_delta,5,0.0,0.0,0.0,0.0,0.0,0.0
logistic_regression,mutual_information_select_k_best_k11,geographic_route_manipulation__r0p05__medium,geographic_route_manipulation,0.05,MEDIUM,paired_induced_median_anomaly_score_delta,5,0.0,0.0,0.0,0.0,0.0,0.0
logistic_regression,mutual_information_select_k_best_k11,geographic_route_manipulation__r0p05__medium,geographic_route_manipulation,0.05,MEDIUM,selected_feature_count,5,11.0,0.0,11.0,11.0,11.0,11.0
logistic_regression,mutual_information_select_k_best_k11,geographic_route_manipulation__r0p05__medium,geographic_route_manipulation,0.05,MEDIUM,source_block_count,5,5.0,0.7071067811865476,4.0,6.0,4.122010966914219,5.877989033085781
logistic_regression,mutual_information_select_k_best_k11,geographic_route_manipulation__r0p05__medium,geographic_route_manipulation,0.05,MEDIUM,selected_input_bytes,5,528132.0,0.0,528132.0,528132.0,528132.0,528132.0
logistic_regression,mutual_information_select_k_best_k11,geographic_route_manipulation__r0p05__medium,geographic_route_manipulation,0.05,MEDIUM,model_fit_wall_time_sec,5,0.27497685859998455,0.02091021720342391,0.24763035999785643,0.29918557299970416,0.24901339470385145,0.30094032249611763
logistic_regression,mutual_information_select_k_best_k11,geographic_route_manipulation__r0p05__medium,geographic_route_manipulation,0.05,MEDIUM,model_fit_cpu_time_sec,5,0.09213092119999988,0.014315567471356337,0.07548344399999962,0.10902960499999992,0.07435579645694569,0.10990604594305407
logistic_regression,mutual_information_select_k_best_k11,geographic_route_manipulation__r0p05__medium,geographic_route_manipulation,0.05,MEDIUM,model_fit_peak_rss_mib,5,163.92734375,0.3541635550567968,163.37890625,164.25390625,163.48759161420978,164.36709588579023
logistic_regression,mutual_information_select_k_best_k11,geographic_route_manipulation__r0p05__medium,geographic_route_manipulation,0.05,MEDIUM,combined_fit_wall_time_sec,5,0.27497685859998455,0.02091021720342391,0.24763035999785643,0.29918557299970416,0.24901339470385145,0.30094032249611763
logistic_regression,mutual_information_select_k_best_k11,geographic_route_manipulation__r0p05__medium,geographic_route_manipulation,0.05,MEDIUM,inference_wall_time_sec,5,0.0019209903400042097,0.0002424411751948373,0.0015095802998985163,0.002150332999735838,0.0016199598610823296,0.00222202081892609
logistic_regression,mutual_information_select_k_best_k11,geographic_route_manipulation__r0p05__medium,geographic_route_manipulation,0.05,MEDIUM,per_record_inference_sec,5,3.2016505666736826e-07,4.0406862532472884e-08,2.5159671664975273e-07,3.5838883328930635e-07,2.6999331018038825e-07,3.7033680315434827e-07
logistic_regression,mutual_information_select_k_best_k11,geographic_route_manipulation__r0p05__medium,geographic_route_manipulation,0.05,MEDIUM,inference_cpu_time_sec,5,0.001966359799998827,0.00024933266684242726,0.001531435300000794,0.0021663189999969745,0.0016567724040042059,0.0022759471959934484
logistic_regression,mutual_information_select_k_best_k11,geographic_route_manipulation__r0p05__medium,geographic_route_manipulation,0.05,MEDIUM,inference_peak_rss_mib,5,803.52265625,0.04944146041342731,803.44140625,803.5625,803.461266568586,803.5840459314139
logistic_regression,mutual_information_select_k_best_k11,geographic_route_manipulation__r0p05__medium,geographic_route_manipulation,0.05,MEDIUM,peak_rss_mib,5,803.52265625,0.04944146041342731,803.44140625,803.5625,803.461266568586,803.5840459314139
logistic_regression,mutual_information_select_k_best_k11,geographic_route_manipulation__r0p05__medium,geographic_route_manipulation,0.05,MEDIUM,serialized_model_bytes,5,1353.2,13.386560424545209,1334.0,1366.0,1336.5783898610498,1369.8216101389503
logistic_regression,mutual_information_select_k_best_k11,geographic_route_manipulation__r0p05__medium,geographic_route_manipulation,0.05,MEDIUM,serialized_model_kib,5,1.321484375,0.01307281291459493,1.302734375,1.333984375,1.3052523338486814,1.3377164161513186
decision_tree,none_natural,transaction_record_tampering__r0p05__medium,transaction_record_tampering,0.05,MEDIUM,precision,5,0.3656720162926801,0.3289787548021035,0.09848156182212581,0.9047619047619048,-0.04280905971932014,0.7741530923046803
decision_tree,none_natural,transaction_record_tampering__r0p05__medium,transaction_record_tampering,0.05,MEDIUM,recall,5,0.5633333333333334,0.13129694927487423,0.44333333333333336,0.7566666666666667,0.40030663834460667,0.72636002832206
decision_tree,none_natural,transaction_record_tampering__r0p05__medium,transaction_record_tampering,0.05,MEDIUM,f1,5,0.35500787445036647,0.18016864163482602,0.17428023032629558,0.5950782997762863,0.13129895852694945,0.5787167903737835
decision_tree,none_natural,transaction_record_tampering__r0p05__medium,transaction_record_tampering,0.05,MEDIUM,average_precision,5,0.4711506614910322,0.02144326749555617,0.44322092006899927,0.49655996410886705,0.44452532823792595,0.4977759947441384
decision_tree,none_natural,transaction_record_tampering__r0p05__medium,transaction_record_tampering,0.05,MEDIUM,pr_auc_trapezoidal,5,0.534560013869177,0.045657547224573936,0.47475184330343373,0.5993951515733245,0.47786868123409026,0.5912513465042637
decision_tree,none_natural,transaction_record_tampering__r0p05__medium,transaction_record_tampering,0.05,MEDIUM,roc_auc,5,0.7684121052631578,0.016068181965457236,0.7423368421052632,0.7842043859649123,0.7484608222000467,0.788363388326269
decision_tree,none_natural,transaction_record_tampering__r0p05__medium,transaction_record_tampering,0.05,MEDIUM,TP,5,169.0,39.38908478246226,133.0,227.0,120.09199150338199,217.908008496618
decision_tree,none_natural,transaction_record_tampering__r0p05__medium,transaction_record_tampering,0.05,MEDIUM,TN,5,4840.0,948.4874801493164,3622.0,5686.0,3662.2972431506505,6017.7027568493495
decision_tree,none_natural,transaction_record_tampering__r0p05__medium,transaction_record_tampering,0.05,MEDIUM,FP,5,860.0,948.4874801493164,14.0,2078.0,-317.7027568493495,2037.7027568493495
decision_tree,none_natural,transaction_record_tampering__r0p05__medium,transaction_record_tampering,0.05,MEDIUM,FN,5,131.0,39.38908478246226,73.0,167.0,82.09199150338199,179.908008496618
decision_tree,none_natural,transaction_record_tampering__r0p05__medium,transaction_record_tampering,0.05,MEDIUM,attack_prevalence,5,0.05,0.0,0.05,0.05,0.05,0.05
decision_tree,none_natural,transaction_record_tampering__r0p05__medium,transaction_record_tampering,0.05,MEDIUM,visible_feature_attack_count,5,300.0,0.0,300.0,300.0,300.0,300.0
decision_tree,none_natural,transaction_record_tampering__r0p05__medium,transaction_record_tampering,0.05,MEDIUM,invisible_feature_attack_count,5,0.0,0.0,0.0,0.0,0.0,0.0
decision_tree,none_natural,transaction_record_tampering__r0p05__medium,transaction_record_tampering,0.05,MEDIUM,selected_feature_visibility_rate,5,1.0,0.0,1.0,1.0,1.0,1.0
decision_tree,none_natural,transaction_record_tampering__r0p05__medium,transaction_record_tampering,0.05,MEDIUM,visible_attack_recall,5,0.5633333333333334,0.13129694927487423,0.44333333333333336,0.7566666666666667,0.40030663834460667,0.72636002832206
decision_tree,none_natural,transaction_record_tampering__r0p05__medium,transaction_record_tampering,0.05,MEDIUM,invisible_attack_recall,0,,,,,,
decision_tree,none_natural,transaction_record_tampering__r0p05__medium,transaction_record_tampering,0.05,MEDIUM,visible_attack_f1,5,0.35500787445036647,0.18016864163482602,0.17428023032629558,0.5950782997762863,0.13129895852694945,0.5787167903737835
decision_tree,none_natural,transaction_record_tampering__r0p05__medium,transaction_record_tampering,0.05,MEDIUM,paired_induced_attack_induced_detection_rate,5,0.4213333333333334,0.04425933674253252,0.37333333333333335,0.47333333333333333,0.36637810831571005,0.47628855835095674
decision_tree,none_natural,transaction_record_tampering__r0p05__medium,transaction_record_tampering,0.05,MEDIUM,paired_induced_mean_anomaly_score_delta,5,0.2399208374700957,0.015341812160216513,0.2206967691938191,0.2558400742584707,0.220871461643535,0.2589702132966564
decision_tree,none_natural,transaction_record_tampering__r0p05__medium,transaction_record_tampering,0.05,MEDIUM,paired_induced_median_anomaly_score_delta,5,0.0,0.0,0.0,0.0,0.0,0.0
decision_tree,none_natural,transaction_record_tampering__r0p05__medium,transaction_record_tampering,0.05,MEDIUM,selected_feature_count,5,43.0,0.0,43.0,43.0,43.0,43.0
decision_tree,none_natural,transaction_record_tampering__r0p05__medium,transaction_record_tampering,0.05,MEDIUM,source_block_count,5,10.0,0.0,10.0,10.0,10.0,10.0
decision_tree,none_natural,transaction_record_tampering__r0p05__medium,transaction_record_tampering,0.05,MEDIUM,selected_input_bytes,5,2064132.0,0.0,2064132.0,2064132.0,2064132.0,2064132.0
decision_tree,none_natural,transaction_record_tampering__r0p05__medium,transaction_record_tampering,0.05,MEDIUM,model_fit_wall_time_sec,0,,,,,,
decision_tree,none_natural,transaction_record_tampering__r0p05__medium,transaction_record_tampering,0.05,MEDIUM,model_fit_cpu_time_sec,0,,,,,,
decision_tree,none_natural,transaction_record_tampering__r0p05__medium,transaction_record_tampering,0.05,MEDIUM,model_fit_peak_rss_mib,0,,,,,,
decision_tree,none_natural,transaction_record_tampering__r0p05__medium,transaction_record_tampering,0.05,MEDIUM,combined_fit_wall_time_sec,0,,,,,,
decision_tree,none_natural,transaction_record_tampering__r0p05__medium,transaction_record_tampering,0.05,MEDIUM,inference_wall_time_sec,5,0.00343656124008703,0.0009623993338467318,0.0026030189997982233,0.0044919188003405,0.002241584635353308,0.004631537844820751
decision_tree,none_natural,transaction_record_tampering__r0p05__medium,transaction_record_tampering,0.05,MEDIUM,per_record_inference_sec,5,5.727602066811718e-07,1.6039988897445531e-07,4.3383649996637055e-07,7.486531333900833e-07,3.735974392255515e-07,7.719229741367921e-07
decision_tree,none_natural,transaction_record_tampering__r0p05__medium,transaction_record_tampering,0.05,MEDIUM,inference_cpu_time_sec,5,0.0035277764399984333,0.0010346269114742987,0.0026222089999976108,0.004674647199999526,0.0022431174524470228,0.004812435427549844
decision_tree,none_natural,transaction_record_tampering__r0p05__medium,transaction_record_tampering,0.05,MEDIUM,inference_peak_rss_mib,5,803.615625,0.45146855099670286,803.33203125,804.40625,803.0550527539058,804.1761972460943
decision_tree,none_natural,transaction_record_tampering__r0p05__medium,transaction_record_tampering,0.05,MEDIUM,peak_rss_mib,5,803.615625,0.45146855099670286,803.33203125,804.40625,803.0550527539058,804.1761972460943
decision_tree,none_natural,transaction_record_tampering__r0p05__medium,transaction_record_tampering,0.05,MEDIUM,serialized_model_bytes,5,4132.0,327.90242451070714,3780.0,4420.0,3724.8553645610036,4539.144635438996
decision_tree,none_natural,transaction_record_tampering__r0p05__medium,transaction_record_tampering,0.05,MEDIUM,serialized_model_kib,5,4.03515625,0.32021721143623744,3.69140625,4.31640625,3.637554066954105,4.432758433045895
logistic_regression,none_natural,transaction_record_tampering__r0p05__medium,transaction_record_tampering,0.05,MEDIUM,precision,5,0.05194328386361846,0.006802819491125821,0.04557823129251701,0.06278950077200206,0.043496467815201965,0.06039009991203496
logistic_regression,none_natural,transaction_record_tampering__r0p05__medium,transaction_record_tampering,0.05,MEDIUM,recall,5,0.44333333333333336,0.044409708648247455,0.4066666666666667,0.5166666666666667,0.3881913969340423,0.4984752697326244
logistic_regression,none_natural,transaction_record_tampering__r0p05__medium,transaction_record_tampering,0.05,MEDIUM,f1,5,0.09275415946463868,0.010429642161158674,0.08271604938271605,0.10878288007133304,0.07980404827896956,0.1057042706503078
logistic_regression,none_natural,transaction_record_tampering__r0p05__medium,transaction_record_tampering,0.05,MEDIUM,average_precision,5,0.05642133969010308,0.007599203755734201,0.047165628051172956,0.06804777094278888,0.04698568197158559,0.06585699740862057
logistic_regression,none_natural,transaction_record_tampering__r0p05__medium,transaction_record_tampering,0.05,MEDIUM,pr_auc_trapezoidal,5,0.05569634188065666,0.007396062938703789,0.04665604648665084,0.0669746276343916,0.04651291680121174,0.06487976696010159
logistic_regression,none_natural,transaction_record_tampering__r0p05__medium,transaction_record_tampering,0.05,MEDIUM,roc_auc,5,0.5091899415204678,0.02219252177826651,0.47990116959064333,0.5275309941520467,0.48163428619901943,0.5367455968419163
logistic_regression,none_natural,transaction_record_tampering__r0p05__medium,transaction_record_tampering,0.05,MEDIUM,TP,5,133.0,13.322912594474229,122.0,155.0,116.4574190802127,149.5425809197873
logistic_regression,none_natural,transaction_record_tampering__r0p05__medium,transaction_record_tampering,0.05,MEDIUM,TN,5,3234.8,420.4048049202102,2837.0,3879.0,2712.798489058284,3756.8015109417165
logistic_regression,none_natural,transaction_record_tampering__r0p05__medium,transaction_record_tampering,0.05,MEDIUM,FP,5,2465.2,420.4048049202102,1821.0,2863.0,1943.1984890582833,2987.201510941716
logistic_regression,none_natural,transaction_record_tampering__r0p05__medium,transaction_record_tampering,0.05,MEDIUM,FN,5,167.0,13.322912594474229,145.0,178.0,150.4574190802127,183.5425809197873
logistic_regression,none_natural,transaction_record_tampering__r0p05__medium,transaction_record_tampering,0.05,MEDIUM,attack_prevalence,5,0.05,0.0,0.05,0.05,0.05,0.05
logistic_regression,none_natural,transaction_record_tampering__r0p05__medium,transaction_record_tampering,0.05,MEDIUM,visible_feature_attack_count,5,300.0,0.0,300.0,300.0,300.0,300.0
logistic_regression,none_natural,transaction_record_tampering__r0p05__medium,transaction_record_tampering,0.05,MEDIUM,invisible_feature_attack_count,5,0.0,0.0,0.0,0.0,0.0,0.0
logistic_regression,none_natural,transaction_record_tampering__r0p05__medium,transaction_record_tampering,0.05,MEDIUM,selected_feature_visibility_rate,5,1.0,0.0,1.0,1.0,1.0,1.0
logistic_regression,none_natural,transaction_record_tampering__r0p05__medium,transaction_record_tampering,0.05,MEDIUM,visible_attack_recall,5,0.44333333333333336,0.044409708648247455,0.4066666666666667,0.5166666666666667,0.3881913969340423,0.4984752697326244
logistic_regression,none_natural,transaction_record_tampering__r0p05__medium,transaction_record_tampering,0.05,MEDIUM,invisible_attack_recall,0,,,,,,
logistic_regression,none_natural,transaction_record_tampering__r0p05__medium,transaction_record_tampering,0.05,MEDIUM,visible_attack_f1,5,0.09275415946463868,0.010429642161158674,0.08271604938271605,0.10878288007133304,0.07980404827896956,0.1057042706503078
logistic_regression,none_natural,transaction_record_tampering__r0p05__medium,transaction_record_tampering,0.05,MEDIUM,paired_induced_attack_induced_detection_rate,5,0.048,0.03905836089181874,0.013333333333333334,0.11,-0.0004973605482597315,0.09649736054825973
logistic_regression,none_natural,transaction_record_tampering__r0p05__medium,transaction_record_tampering,0.05,MEDIUM,paired_induced_mean_anomaly_score_delta,5,0.001127864646984241,0.0005660051155799733,0.0003647787175391119,0.0016848417822248334,0.00042507647216886925,0.0018306528217996128
logistic_regression,none_natural,transaction_record_tampering__r0p05__medium,transaction_record_tampering,0.05,MEDIUM,paired_induced_median_anomaly_score_delta,5,0.0008461105706914163,0.002394894050192201,-0.0031546342793330184,0.0028733946769468888,-0.0021275431509470014,0.0038197642923298337
logistic_regression,none_natural,transaction_record_tampering__r0p05__medium,transaction_record_tampering,0.05,MEDIUM,selected_feature_count,5,43.0,0.0,43.0,43.0,43.0,43.0
logistic_regression,none_natural,transaction_record_tampering__r0p05__medium,transaction_record_tampering,0.05,MEDIUM,source_block_count,5,10.0,0.0,10.0,10.0,10.0,10.0
logistic_regression,none_natural,transaction_record_tampering__r0p05__medium,transaction_record_tampering,0.05,MEDIUM,selected_input_bytes,5,2064132.0,0.0,2064132.0,2064132.0,2064132.0,2064132.0
logistic_regression,none_natural,transaction_record_tampering__r0p05__medium,transaction_record_tampering,0.05,MEDIUM,model_fit_wall_time_sec,5,0.49001829079934395,0.09719446902817075,0.4144513709979947,0.6605000540002948,0.3693354177824376,0.6107011638162503
logistic_regression,none_natural,transaction_record_tampering__r0p05__medium,transaction_record_tampering,0.05,MEDIUM,model_fit_cpu_time_sec,5,0.29261962500000005,0.07522294968955433,0.21856836799999968,0.4180874179999998,0.19921799653171318,0.3860212534682869
logistic_regression,none_natural,transaction_record_tampering__r0p05__medium,transaction_record_tampering,0.05,MEDIUM,model_fit_peak_rss_mib,5,182.0546875,0.12530480415894876,181.8984375,182.19140625,181.89910103587374,182.21027396412626
logistic_regression,none_natural,transaction_record_tampering__r0p05__medium,transaction_record_tampering,0.05,MEDIUM,combined_fit_wall_time_sec,5,0.49001829079934395,0.09719446902817075,0.4144513709979947,0.6605000540002948,0.3693354177824376,0.6107011638162503
logistic_regression,none_natural,transaction_record_tampering__r0p05__medium,transaction_record_tampering,0.05,MEDIUM,inference_wall_time_sec,5,0.0036630581597273705,0.001571106005265537,0.0024144076996890362,0.006369068299682113,0.0017122723956258692,0.005613843923828871
logistic_regression,none_natural,transaction_record_tampering__r0p05__medium,transaction_record_tampering,0.05,MEDIUM,per_record_inference_sec,5,6.105096932878951e-07,2.618510008775894e-07,4.0240128328150605e-07,1.061511383280352e-06,2.8537873260431167e-07,9.356406539714786e-07
logistic_regression,none_natural,transaction_record_tampering__r0p05__medium,transaction_record_tampering,0.05,MEDIUM,inference_cpu_time_sec,5,0.0037626186199997843,0.001639583914959779,0.0024605053000016142,0.0065783941000006506,0.0017268063007586268,0.005798430939240942
logistic_regression,none_natural,transaction_record_tampering__r0p05__medium,transaction_record_tampering,0.05,MEDIUM,inference_peak_rss_mib,5,803.615625,0.45146855099670286,803.33203125,804.40625,803.0550527539058,804.1761972460943
logistic_regression,none_natural,transaction_record_tampering__r0p05__medium,transaction_record_tampering,0.05,MEDIUM,peak_rss_mib,5,803.615625,0.45146855099670286,803.33203125,804.40625,803.0550527539058,804.1761972460943
logistic_regression,none_natural,transaction_record_tampering__r0p05__medium,transaction_record_tampering,0.05,MEDIUM,serialized_model_bytes,5,2342.0,0.0,2342.0,2342.0,2342.0,2342.0
logistic_regression,none_natural,transaction_record_tampering__r0p05__medium,transaction_record_tampering,0.05,MEDIUM,serialized_model_kib,5,2.287109375,0.0,2.287109375,2.287109375,2.287109375,2.287109375
decision_tree,pairwise_correlation_filter_natural,transaction_record_tampering__r0p05__medium,transaction_record_tampering,0.05,MEDIUM,precision,5,0.3656720162926801,0.3289787548021035,0.09848156182212581,0.9047619047619048,-0.04280905971932014,0.7741530923046803
decision_tree,pairwise_correlation_filter_natural,transaction_record_tampering__r0p05__medium,transaction_record_tampering,0.05,MEDIUM,recall,5,0.5633333333333334,0.13129694927487423,0.44333333333333336,0.7566666666666667,0.40030663834460667,0.72636002832206
decision_tree,pairwise_correlation_filter_natural,transaction_record_tampering__r0p05__medium,transaction_record_tampering,0.05,MEDIUM,f1,5,0.35500787445036647,0.18016864163482602,0.17428023032629558,0.5950782997762863,0.13129895852694945,0.5787167903737835
decision_tree,pairwise_correlation_filter_natural,transaction_record_tampering__r0p05__medium,transaction_record_tampering,0.05,MEDIUM,average_precision,5,0.4711506614910322,0.02144326749555617,0.44322092006899927,0.49655996410886705,0.44452532823792595,0.4977759947441384
decision_tree,pairwise_correlation_filter_natural,transaction_record_tampering__r0p05__medium,transaction_record_tampering,0.05,MEDIUM,pr_auc_trapezoidal,5,0.534560013869177,0.045657547224573936,0.47475184330343373,0.5993951515733245,0.47786868123409026,0.5912513465042637
decision_tree,pairwise_correlation_filter_natural,transaction_record_tampering__r0p05__medium,transaction_record_tampering,0.05,MEDIUM,roc_auc,5,0.7684121052631578,0.016068181965457236,0.7423368421052632,0.7842043859649123,0.7484608222000467,0.788363388326269
decision_tree,pairwise_correlation_filter_natural,transaction_record_tampering__r0p05__medium,transaction_record_tampering,0.05,MEDIUM,TP,5,169.0,39.38908478246226,133.0,227.0,120.09199150338199,217.908008496618
decision_tree,pairwise_correlation_filter_natural,transaction_record_tampering__r0p05__medium,transaction_record_tampering,0.05,MEDIUM,TN,5,4840.0,948.4874801493164,3622.0,5686.0,3662.2972431506505,6017.7027568493495
decision_tree,pairwise_correlation_filter_natural,transaction_record_tampering__r0p05__medium,transaction_record_tampering,0.05,MEDIUM,FP,5,860.0,948.4874801493164,14.0,2078.0,-317.7027568493495,2037.7027568493495
decision_tree,pairwise_correlation_filter_natural,transaction_record_tampering__r0p05__medium,transaction_record_tampering,0.05,MEDIUM,FN,5,131.0,39.38908478246226,73.0,167.0,82.09199150338199,179.908008496618
decision_tree,pairwise_correlation_filter_natural,transaction_record_tampering__r0p05__medium,transaction_record_tampering,0.05,MEDIUM,attack_prevalence,5,0.05,0.0,0.05,0.05,0.05,0.05
decision_tree,pairwise_correlation_filter_natural,transaction_record_tampering__r0p05__medium,transaction_record_tampering,0.05,MEDIUM,visible_feature_attack_count,5,300.0,0.0,300.0,300.0,300.0,300.0
decision_tree,pairwise_correlation_filter_natural,transaction_record_tampering__r0p05__medium,transaction_record_tampering,0.05,MEDIUM,invisible_feature_attack_count,5,0.0,0.0,0.0,0.0,0.0,0.0
decision_tree,pairwise_correlation_filter_natural,transaction_record_tampering__r0p05__medium,transaction_record_tampering,0.05,MEDIUM,selected_feature_visibility_rate,5,1.0,0.0,1.0,1.0,1.0,1.0
decision_tree,pairwise_correlation_filter_natural,transaction_record_tampering__r0p05__medium,transaction_record_tampering,0.05,MEDIUM,visible_attack_recall,5,0.5633333333333334,0.13129694927487423,0.44333333333333336,0.7566666666666667,0.40030663834460667,0.72636002832206
decision_tree,pairwise_correlation_filter_natural,transaction_record_tampering__r0p05__medium,transaction_record_tampering,0.05,MEDIUM,invisible_attack_recall,0,,,,,,
decision_tree,pairwise_correlation_filter_natural,transaction_record_tampering__r0p05__medium,transaction_record_tampering,0.05,MEDIUM,visible_attack_f1,5,0.35500787445036647,0.18016864163482602,0.17428023032629558,0.5950782997762863,0.13129895852694945,0.5787167903737835
decision_tree,pairwise_correlation_filter_natural,transaction_record_tampering__r0p05__medium,transaction_record_tampering,0.05,MEDIUM,paired_induced_attack_induced_detection_rate,5,0.4213333333333334,0.04425933674253252,0.37333333333333335,0.47333333333333333,0.36637810831571005,0.47628855835095674
decision_tree,pairwise_correlation_filter_natural,transaction_record_tampering__r0p05__medium,transaction_record_tampering,0.05,MEDIUM,paired_induced_mean_anomaly_score_delta,5,0.23992083747009577,0.015341812160216909,0.2206967691938191,0.25584007425847083,0.22087146164353458,0.258970213296657
decision_tree,pairwise_correlation_filter_natural,transaction_record_tampering__r0p05__medium,transaction_record_tampering,0.05,MEDIUM,paired_induced_median_anomaly_score_delta,5,0.0,0.0,0.0,0.0,0.0,0.0
decision_tree,pairwise_correlation_filter_natural,transaction_record_tampering__r0p05__medium,transaction_record_tampering,0.05,MEDIUM,selected_feature_count,5,42.0,0.0,42.0,42.0,42.0,42.0
decision_tree,pairwise_correlation_filter_natural,transaction_record_tampering__r0p05__medium,transaction_record_tampering,0.05,MEDIUM,source_block_count,5,9.0,0.0,9.0,9.0,9.0,9.0
decision_tree,pairwise_correlation_filter_natural,transaction_record_tampering__r0p05__medium,transaction_record_tampering,0.05,MEDIUM,selected_input_bytes,5,2016132.0,0.0,2016132.0,2016132.0,2016132.0,2016132.0
decision_tree,pairwise_correlation_filter_natural,transaction_record_tampering__r0p05__medium,transaction_record_tampering,0.05,MEDIUM,model_fit_wall_time_sec,0,,,,,,
decision_tree,pairwise_correlation_filter_natural,transaction_record_tampering__r0p05__medium,transaction_record_tampering,0.05,MEDIUM,model_fit_cpu_time_sec,0,,,,,,
decision_tree,pairwise_correlation_filter_natural,transaction_record_tampering__r0p05__medium,transaction_record_tampering,0.05,MEDIUM,model_fit_peak_rss_mib,0,,,,,,
decision_tree,pairwise_correlation_filter_natural,transaction_record_tampering__r0p05__medium,transaction_record_tampering,0.05,MEDIUM,combined_fit_wall_time_sec,0,,,,,,
decision_tree,pairwise_correlation_filter_natural,transaction_record_tampering__r0p05__medium,transaction_record_tampering,0.05,MEDIUM,inference_wall_time_sec,5,0.0034230804198887204,0.0006749174201628719,0.0023554872997920027,0.004070638100529322,0.002585059757511253,0.0042611010822661876
decision_tree,pairwise_correlation_filter_natural,transaction_record_tampering__r0p05__medium,transaction_record_tampering,0.05,MEDIUM,per_record_inference_sec,5,5.705134033147867e-07,1.1248623669381198e-07,3.9258121663200045e-07,6.784396834215538e-07,4.308432929185421e-07,7.101835137110312e-07
decision_tree,pairwise_correlation_filter_natural,transaction_record_tampering__r0p05__medium,transaction_record_tampering,0.05,MEDIUM,inference_cpu_time_sec,5,0.0035191012200004937,0.0007166426571311847,0.0023977234000028603,0.004201293900001702,0.0026292718330629106,0.004408930606938077
decision_tree,pairwise_correlation_filter_natural,transaction_record_tampering__r0p05__medium,transaction_record_tampering,0.05,MEDIUM,inference_peak_rss_mib,5,803.5296875,0.22876755610567356,803.33203125,803.92578125,803.2456350616263,803.8137399383737
decision_tree,pairwise_correlation_filter_natural,transaction_record_tampering__r0p05__medium,transaction_record_tampering,0.05,MEDIUM,peak_rss_mib,5,803.5296875,0.22876755610567356,803.33203125,803.92578125,803.2456350616263,803.8137399383737
decision_tree,pairwise_correlation_filter_natural,transaction_record_tampering__r0p05__medium,transaction_record_tampering,0.05,MEDIUM,serialized_model_bytes,5,4116.0,327.90242451070714,3764.0,4404.0,3708.8553645610036,4523.144635438996
decision_tree,pairwise_correlation_filter_natural,transaction_record_tampering__r0p05__medium,transaction_record_tampering,0.05,MEDIUM,serialized_model_kib,5,4.01953125,0.32021721143623744,3.67578125,4.30078125,3.621929066954105,4.417133433045895
logistic_regression,pairwise_correlation_filter_natural,transaction_record_tampering__r0p05__medium,transaction_record_tampering,0.05,MEDIUM,precision,5,0.05194328386361846,0.006802819491125821,0.04557823129251701,0.06278950077200206,0.043496467815201965,0.06039009991203496
logistic_regression,pairwise_correlation_filter_natural,transaction_record_tampering__r0p05__medium,transaction_record_tampering,0.05,MEDIUM,recall,5,0.44333333333333336,0.044409708648247455,0.4066666666666667,0.5166666666666667,0.3881913969340423,0.4984752697326244
logistic_regression,pairwise_correlation_filter_natural,transaction_record_tampering__r0p05__medium,transaction_record_tampering,0.05,MEDIUM,f1,5,0.09275415946463868,0.010429642161158674,0.08271604938271605,0.10878288007133304,0.07980404827896956,0.1057042706503078
logistic_regression,pairwise_correlation_filter_natural,transaction_record_tampering__r0p05__medium,transaction_record_tampering,0.05,MEDIUM,average_precision,5,0.056421465638406776,0.007598839008998872,0.04716688504304326,0.06804763200820085,0.04698626081277901,0.06585667046403454
logistic_regression,pairwise_correlation_filter_natural,transaction_record_tampering__r0p05__medium,transaction_record_tampering,0.05,MEDIUM,pr_auc_trapezoidal,5,0.05569645613529748,0.007395725516838912,0.04665723828076915,0.06697448966007953,0.04651345002043438,0.06487946225016059
logistic_regression,pairwise_correlation_filter_natural,transaction_record_tampering__r0p05__medium,transaction_record_tampering,0.05,MEDIUM,roc_auc,5,0.5091893567251462,0.022190963411997857,0.4799029239766082,0.5275228070175438,0.4816356363709896,0.5367430770793028
logistic_regression,pairwise_correlation_filter_natural,transaction_record_tampering__r0p05__medium,transaction_record_tampering,0.05,MEDIUM,TP,5,133.0,13.322912594474229,122.0,155.0,116.4574190802127,149.5425809197873
logistic_regression,pairwise_correlation_filter_natural,transaction_record_tampering__r0p05__medium,transaction_record_tampering,0.05,MEDIUM,TN,5,3234.8,420.4048049202102,2837.0,3879.0,2712.798489058284,3756.8015109417165
logistic_regression,pairwise_correlation_filter_natural,transaction_record_tampering__r0p05__medium,transaction_record_tampering,0.05,MEDIUM,FP,5,2465.2,420.4048049202102,1821.0,2863.0,1943.1984890582833,2987.201510941716
logistic_regression,pairwise_correlation_filter_natural,transaction_record_tampering__r0p05__medium,transaction_record_tampering,0.05,MEDIUM,FN,5,167.0,13.322912594474229,145.0,178.0,150.4574190802127,183.5425809197873
logistic_regression,pairwise_correlation_filter_natural,transaction_record_tampering__r0p05__medium,transaction_record_tampering,0.05,MEDIUM,attack_prevalence,5,0.05,0.0,0.05,0.05,0.05,0.05
logistic_regression,pairwise_correlation_filter_natural,transaction_record_tampering__r0p05__medium,transaction_record_tampering,0.05,MEDIUM,visible_feature_attack_count,5,300.0,0.0,300.0,300.0,300.0,300.0
logistic_regression,pairwise_correlation_filter_natural,transaction_record_tampering__r0p05__medium,transaction_record_tampering,0.05,MEDIUM,invisible_feature_attack_count,5,0.0,0.0,0.0,0.0,0.0,0.0
logistic_regression,pairwise_correlation_filter_natural,transaction_record_tampering__r0p05__medium,transaction_record_tampering,0.05,MEDIUM,selected_feature_visibility_rate,5,1.0,0.0,1.0,1.0,1.0,1.0
logistic_regression,pairwise_correlation_filter_natural,transaction_record_tampering__r0p05__medium,transaction_record_tampering,0.05,MEDIUM,visible_attack_recall,5,0.44333333333333336,0.044409708648247455,0.4066666666666667,0.5166666666666667,0.3881913969340423,0.4984752697326244
logistic_regression,pairwise_correlation_filter_natural,transaction_record_tampering__r0p05__medium,transaction_record_tampering,0.05,MEDIUM,invisible_attack_recall,0,,,,,,
logistic_regression,pairwise_correlation_filter_natural,transaction_record_tampering__r0p05__medium,transaction_record_tampering,0.05,MEDIUM,visible_attack_f1,5,0.09275415946463868,0.010429642161158674,0.08271604938271605,0.10878288007133304,0.07980404827896956,0.1057042706503078
logistic_regression,pairwise_correlation_filter_natural,transaction_record_tampering__r0p05__medium,transaction_record_tampering,0.05,MEDIUM,paired_induced_attack_induced_detection_rate,5,0.048,0.03905836089181874,0.013333333333333334,0.11,-0.0004973605482597315,0.09649736054825973
logistic_regression,pairwise_correlation_filter_natural,transaction_record_tampering__r0p05__medium,transaction_record_tampering,0.05,MEDIUM,paired_induced_mean_anomaly_score_delta,5,0.0011279613749824665,0.0005663523780868854,0.00036467677819735164,0.0016857812141118777,0.0004247420168143357,0.0018311807331505975
logistic_regression,pairwise_correlation_filter_natural,transaction_record_tampering__r0p05__medium,transaction_record_tampering,0.05,MEDIUM,paired_induced_median_anomaly_score_delta,5,0.0008454422180368016,0.002393549066540011,-0.0031520084357370415,0.0028723644244382784,-0.0021265414858225177,0.0038174259218961212
logistic_regression,pairwise_correlation_filter_natural,transaction_record_tampering__r0p05__medium,transaction_record_tampering,0.05,MEDIUM,selected_feature_count,5,42.0,0.0,42.0,42.0,42.0,42.0
logistic_regression,pairwise_correlation_filter_natural,transaction_record_tampering__r0p05__medium,transaction_record_tampering,0.05,MEDIUM,source_block_count,5,9.0,0.0,9.0,9.0,9.0,9.0
logistic_regression,pairwise_correlation_filter_natural,transaction_record_tampering__r0p05__medium,transaction_record_tampering,0.05,MEDIUM,selected_input_bytes,5,2016132.0,0.0,2016132.0,2016132.0,2016132.0,2016132.0
logistic_regression,pairwise_correlation_filter_natural,transaction_record_tampering__r0p05__medium,transaction_record_tampering,0.05,MEDIUM,model_fit_wall_time_sec,5,0.5226187851993018,0.1320858923339655,0.33173528499901295,0.6544766820006771,0.358612488017468,0.6866250823811357
logistic_regression,pairwise_correlation_filter_natural,transaction_record_tampering__r0p05__medium,transaction_record_tampering,0.05,MEDIUM,model_fit_cpu_time_sec,5,0.32897909459999986,0.11776488132572177,0.18253484599999936,0.47190246899999977,0.18275468120499616,0.47520350799500355
logistic_regression,pairwise_correlation_filter_natural,transaction_record_tampering__r0p05__medium,transaction_record_tampering,0.05,MEDIUM,model_fit_peak_rss_mib,5,181.35625,0.274181465592076,181.0546875,181.63671875,181.01580874519928,181.6966912548007
logistic_regression,pairwise_correlation_filter_natural,transaction_record_tampering__r0p05__medium,transaction_record_tampering,0.05,MEDIUM,combined_fit_wall_time_sec,5,0.5226187851993018,0.1320858923339655,0.33173528499901295,0.6544766820006771,0.358612488017468,0.6866250823811357
logistic_regression,pairwise_correlation_filter_natural,transaction_record_tampering__r0p05__medium,transaction_record_tampering,0.05,MEDIUM,inference_wall_time_sec,5,0.002615388759877533,0.0003790342823651362,0.0021378997997089757,0.0031637784995837137,0.0021447555373793692,0.003086021982375697
logistic_regression,pairwise_correlation_filter_natural,transaction_record_tampering__r0p05__medium,transaction_record_tampering,0.05,MEDIUM,per_record_inference_sec,5,4.358981266462555e-07,6.317238039418937e-08,3.563166332848293e-07,5.272964165972856e-07,3.574592562298949e-07,5.143369970626161e-07
logistic_regression,pairwise_correlation_filter_natural,transaction_record_tampering__r0p05__medium,transaction_record_tampering,0.05,MEDIUM,inference_cpu_time_sec,5,0.002664792860000489,0.0004061785342571671,0.0021548455000015565,0.0032520868000005974,0.0021604555971697892,0.0031691301228311884
logistic_regression,pairwise_correlation_filter_natural,transaction_record_tampering__r0p05__medium,transaction_record_tampering,0.05,MEDIUM,inference_peak_rss_mib,5,803.52578125,0.24001355450819076,803.33203125,803.94140625,803.2277650602861,803.823797439714
logistic_regression,pairwise_correlation_filter_natural,transaction_record_tampering__r0p05__medium,transaction_record_tampering,0.05,MEDIUM,peak_rss_mib,5,803.52578125,0.24001355450819076,803.33203125,803.94140625,803.2277650602861,803.823797439714
logistic_regression,pairwise_correlation_filter_natural,transaction_record_tampering__r0p05__medium,transaction_record_tampering,0.05,MEDIUM,serialized_model_bytes,5,2310.0,0.0,2310.0,2310.0,2310.0,2310.0
logistic_regression,pairwise_correlation_filter_natural,transaction_record_tampering__r0p05__medium,transaction_record_tampering,0.05,MEDIUM,serialized_model_kib,5,2.255859375,0.0,2.255859375,2.255859375,2.255859375,2.255859375
decision_tree,mutual_information_select_k_best_k11,transaction_record_tampering__r0p05__medium,transaction_record_tampering,0.05,MEDIUM,precision,5,0.3971405359259182,0.3451287466085947,0.09500875656742556,0.9251700680272109,-0.03139340348350389,0.8256744753353402
decision_tree,mutual_information_select_k_best_k11,transaction_record_tampering__r0p05__medium,transaction_record_tampering,0.05,MEDIUM,recall,5,0.5533333333333333,0.12057731498457283,0.4533333333333333,0.7233333333333334,0.403616822316795,0.7030498443498716
decision_tree,mutual_information_select_k_best_k11,transaction_record_tampering__r0p05__medium,transaction_record_tampering,0.05,MEDIUM,f1,5,0.36899053090215905,0.19384301270436857,0.16795665634674922,0.6085011185682326,0.12830264072359843,0.6096784210807197
decision_tree,mutual_information_select_k_best_k11,transaction_record_tampering__r0p05__medium,transaction_record_tampering,0.05,MEDIUM,average_precision,5,0.4763650266031231,0.02226500442198836,0.4388430024286354,0.4922417171913066,0.44871937219247054,0.5040106810137756
decision_tree,mutual_information_select_k_best_k11,transaction_record_tampering__r0p05__medium,transaction_record_tampering,0.05,MEDIUM,pr_auc_trapezoidal,5,0.5390890260365192,0.04916474391504217,0.46715472814993353,0.6020984097681741,0.47804293353625527,0.6001351185367831
decision_tree,mutual_information_select_k_best_k11,transaction_record_tampering__r0p05__medium,transaction_record_tampering,0.05,MEDIUM,roc_auc,5,0.7632852631578947,0.017401083553922333,0.7392438596491228,0.7850055555555555,0.7416789641792365,0.7848915621365529
decision_tree,mutual_information_select_k_best_k11,transaction_record_tampering__r0p05__medium,transaction_record_tampering,0.05,MEDIUM,TP,5,166.0,36.173194495371845,136.0,217.0,121.0850466950385,210.9149533049615
decision_tree,mutual_information_select_k_best_k11,transaction_record_tampering__r0p05__medium,transaction_record_tampering,0.05,MEDIUM,TN,5,4868.4,960.047811309416,3633.0,5689.0,3676.34319614183,6060.456803858169
decision_tree,mutual_information_select_k_best_k11,transaction_record_tampering__r0p05__medium,transaction_record_tampering,0.05,MEDIUM,FP,5,831.6,960.047811309416,11.0,2067.0,-360.4568038581698,2023.65680385817
decision_tree,mutual_information_select_k_best_k11,transaction_record_tampering__r0p05__medium,transaction_record_tampering,0.05,MEDIUM,FN,5,134.0,36.173194495371845,83.0,164.0,89.0850466950385,178.9149533049615
decision_tree,mutual_information_select_k_best_k11,transaction_record_tampering__r0p05__medium,transaction_record_tampering,0.05,MEDIUM,attack_prevalence,5,0.05,0.0,0.05,0.05,0.05,0.05
decision_tree,mutual_information_select_k_best_k11,transaction_record_tampering__r0p05__medium,transaction_record_tampering,0.05,MEDIUM,visible_feature_attack_count,5,300.0,0.0,300.0,300.0,300.0,300.0
decision_tree,mutual_information_select_k_best_k11,transaction_record_tampering__r0p05__medium,transaction_record_tampering,0.05,MEDIUM,invisible_feature_attack_count,5,0.0,0.0,0.0,0.0,0.0,0.0
decision_tree,mutual_information_select_k_best_k11,transaction_record_tampering__r0p05__medium,transaction_record_tampering,0.05,MEDIUM,selected_feature_visibility_rate,5,1.0,0.0,1.0,1.0,1.0,1.0
decision_tree,mutual_information_select_k_best_k11,transaction_record_tampering__r0p05__medium,transaction_record_tampering,0.05,MEDIUM,visible_attack_recall,5,0.5533333333333333,0.12057731498457283,0.4533333333333333,0.7233333333333334,0.403616822316795,0.7030498443498716
decision_tree,mutual_information_select_k_best_k11,transaction_record_tampering__r0p05__medium,transaction_record_tampering,0.05,MEDIUM,invisible_attack_recall,0,,,,,,
decision_tree,mutual_information_select_k_best_k11,transaction_record_tampering__r0p05__medium,transaction_record_tampering,0.05,MEDIUM,visible_attack_f1,5,0.36899053090215905,0.19384301270436857,0.16795665634674922,0.6085011185682326,0.12830264072359843,0.6096784210807197
decision_tree,mutual_information_select_k_best_k11,transaction_record_tampering__r0p05__medium,transaction_record_tampering,0.05,MEDIUM,paired_induced_attack_induced_detection_rate,5,0.41933333333333334,0.05117508074140077,0.35,0.47333333333333333,0.3557910779715147,0.48287558869515196
decision_tree,mutual_information_select_k_best_k11,transaction_record_tampering__r0p05__medium,transaction_record_tampering,0.05,MEDIUM,paired_induced_mean_anomaly_score_delta,5,0.24203821637929437,0.014799029650277216,0.22068733865234766,0.25816250386835476,0.22366279405418052,0.26041363870440826
decision_tree,mutual_information_select_k_best_k11,transaction_record_tampering__r0p05__medium,transaction_record_tampering,0.05,MEDIUM,paired_induced_median_anomaly_score_delta,5,0.0,0.0,0.0,0.0,0.0,0.0
decision_tree,mutual_information_select_k_best_k11,transaction_record_tampering__r0p05__medium,transaction_record_tampering,0.05,MEDIUM,selected_feature_count,5,11.0,0.0,11.0,11.0,11.0,11.0
decision_tree,mutual_information_select_k_best_k11,transaction_record_tampering__r0p05__medium,transaction_record_tampering,0.05,MEDIUM,source_block_count,5,5.0,0.7071067811865476,4.0,6.0,4.122010966914219,5.877989033085781
decision_tree,mutual_information_select_k_best_k11,transaction_record_tampering__r0p05__medium,transaction_record_tampering,0.05,MEDIUM,selected_input_bytes,5,528132.0,0.0,528132.0,528132.0,528132.0,528132.0
decision_tree,mutual_information_select_k_best_k11,transaction_record_tampering__r0p05__medium,transaction_record_tampering,0.05,MEDIUM,model_fit_wall_time_sec,0,,,,,,
decision_tree,mutual_information_select_k_best_k11,transaction_record_tampering__r0p05__medium,transaction_record_tampering,0.05,MEDIUM,model_fit_cpu_time_sec,0,,,,,,
decision_tree,mutual_information_select_k_best_k11,transaction_record_tampering__r0p05__medium,transaction_record_tampering,0.05,MEDIUM,model_fit_peak_rss_mib,0,,,,,,
decision_tree,mutual_information_select_k_best_k11,transaction_record_tampering__r0p05__medium,transaction_record_tampering,0.05,MEDIUM,combined_fit_wall_time_sec,0,,,,,,
decision_tree,mutual_information_select_k_best_k11,transaction_record_tampering__r0p05__medium,transaction_record_tampering,0.05,MEDIUM,inference_wall_time_sec,5,0.002290004200185649,0.0004642783110168275,0.002007569000124931,0.0031145003005804027,0.0017135265362487459,0.002866481864122552
decision_tree,mutual_information_select_k_best_k11,transaction_record_tampering__r0p05__medium,transaction_record_tampering,0.05,MEDIUM,per_record_inference_sec,5,3.816673666976082e-07,7.737971850280459e-08,3.345948333541552e-07,5.190833834300671e-07,2.8558775604145773e-07,4.777469773537587e-07
decision_tree,mutual_information_select_k_best_k11,transaction_record_tampering__r0p05__medium,transaction_record_tampering,0.05,MEDIUM,inference_cpu_time_sec,5,0.002334722479998845,0.00048677092138769073,0.002049144199997954,0.0031992059999993217,0.0017303165515387944,0.0029391284084588952
decision_tree,mutual_information_select_k_best_k11,transaction_record_tampering__r0p05__medium,transaction_record_tampering,0.05,MEDIUM,inference_peak_rss_mib,5,803.73125,0.445213119393047,803.33203125,804.40625,803.1784448981213,804.2840551018788
decision_tree,mutual_information_select_k_best_k11,transaction_record_tampering__r0p05__medium,transaction_record_tampering,0.05,MEDIUM,peak_rss_mib,5,803.73125,0.445213119393047,803.33203125,804.40625,803.1784448981213,804.2840551018788
decision_tree,mutual_information_select_k_best_k11,transaction_record_tampering__r0p05__medium,transaction_record_tampering,0.05,MEDIUM,serialized_model_bytes,5,3402.4,341.02903102228703,3028.0,3716.0,2978.9565298369753,3825.843470163025
decision_tree,mutual_information_select_k_best_k11,transaction_record_tampering__r0p05__medium,transaction_record_tampering,0.05,MEDIUM,serialized_model_kib,5,3.32265625,0.3330361631077022,2.95703125,3.62890625,2.909137236168921,3.736175263831079
logistic_regression,mutual_information_select_k_best_k11,transaction_record_tampering__r0p05__medium,transaction_record_tampering,0.05,MEDIUM,precision,5,0.0494471659751621,0.0034665905864413264,0.045429052159282106,0.05436774587660354,0.04514282524746241,0.05375150670286179
logistic_regression,mutual_information_select_k_best_k11,transaction_record_tampering__r0p05__medium,transaction_record_tampering,0.05,MEDIUM,recall,5,0.496,0.07376388758133016,0.41333333333333333,0.5933333333333334,0.40441003642263984,0.5875899635773602
logistic_regression,mutual_information_select_k_best_k11,transaction_record_tampering__r0p05__medium,transaction_record_tampering,0.05,MEDIUM,f1,5,0.0898160135727204,0.006360216057151615,0.08380755302638386,0.09960828203693341,0.08191876227375147,0.09771326487168933
logistic_regression,mutual_information_select_k_best_k11,transaction_record_tampering__r0p05__medium,transaction_record_tampering,0.05,MEDIUM,average_precision,5,0.05522472770261968,0.009196459355183876,0.044093843010718184,0.06751716037844051,0.04380581521033458,0.06664364019490478
logistic_regression,mutual_information_select_k_best_k11,transaction_record_tampering__r0p05__medium,transaction_record_tampering,0.05,MEDIUM,pr_auc_trapezoidal,5,0.05453877290529664,0.009002364122287547,0.04369625923706846,0.06664007218145937,0.04336086147592208,0.0657166843346712
logistic_regression,mutual_information_select_k_best_k11,transaction_record_tampering__r0p05__medium,transaction_record_tampering,0.05,MEDIUM,roc_auc,5,0.49421005847953214,0.025825539921949046,0.4525251461988304,0.5185140350877193,0.46214341532424846,0.5262767016348158
logistic_regression,mutual_information_select_k_best_k11,transaction_record_tampering__r0p05__medium,transaction_record_tampering,0.05,MEDIUM,TP,5,148.8,22.129166274399044,124.0,178.0,121.32301092679197,176.27698907320806
logistic_regression,mutual_information_select_k_best_k11,transaction_record_tampering__r0p05__medium,transaction_record_tampering,0.05,MEDIUM,TN,5,2836.8,402.4856519181771,2296.0,3257.0,2337.0480562192306,3336.5519437807698
logistic_regression,mutual_information_select_k_best_k11,transaction_record_tampering__r0p05__medium,transaction_record_tampering,0.05,MEDIUM,FP,5,2863.2,402.4856519181771,2443.0,3404.0,2363.4480562192302,3362.9519437807694
logistic_regression,mutual_information_select_k_best_k11,transaction_record_tampering__r0p05__medium,transaction_record_tampering,0.05,MEDIUM,FN,5,151.2,22.129166274399044,122.0,176.0,123.72301092679194,178.67698907320803
logistic_regression,mutual_information_select_k_best_k11,transaction_record_tampering__r0p05__medium,transaction_record_tampering,0.05,MEDIUM,attack_prevalence,5,0.05,0.0,0.05,0.05,0.05,0.05
logistic_regression,mutual_information_select_k_best_k11,transaction_record_tampering__r0p05__medium,transaction_record_tampering,0.05,MEDIUM,visible_feature_attack_count,5,300.0,0.0,300.0,300.0,300.0,300.0
logistic_regression,mutual_information_select_k_best_k11,transaction_record_tampering__r0p05__medium,transaction_record_tampering,0.05,MEDIUM,invisible_feature_attack_count,5,0.0,0.0,0.0,0.0,0.0,0.0
logistic_regression,mutual_information_select_k_best_k11,transaction_record_tampering__r0p05__medium,transaction_record_tampering,0.05,MEDIUM,selected_feature_visibility_rate,5,1.0,0.0,1.0,1.0,1.0,1.0
logistic_regression,mutual_information_select_k_best_k11,transaction_record_tampering__r0p05__medium,transaction_record_tampering,0.05,MEDIUM,visible_attack_recall,5,0.496,0.07376388758133016,0.41333333333333333,0.5933333333333334,0.40441003642263984,0.5875899635773602
logistic_regression,mutual_information_select_k_best_k11,transaction_record_tampering__r0p05__medium,transaction_record_tampering,0.05,MEDIUM,invisible_attack_recall,0,,,,,,
logistic_regression,mutual_information_select_k_best_k11,transaction_record_tampering__r0p05__medium,transaction_record_tampering,0.05,MEDIUM,visible_attack_f1,5,0.0898160135727204,0.006360216057151615,0.08380755302638386,0.09960828203693341,0.08191876227375147,0.09771326487168933
logistic_regression,mutual_information_select_k_best_k11,transaction_record_tampering__r0p05__medium,transaction_record_tampering,0.05,MEDIUM,paired_induced_attack_induced_detection_rate,5,0.044,0.024540216425741283,0.02,0.07666666666666666,0.013529296756004172,0.07447070324399582
logistic_regression,mutual_information_select_k_best_k11,transaction_record_tampering__r0p05__medium,transaction_record_tampering,0.05,MEDIUM,paired_induced_mean_anomaly_score_delta,5,0.0005850914725203475,0.0005580901032306335,8.630956989352956e-05,0.0014650789954889876,-0.00010786891641550306,0.0012780518614561981
logistic_regression,mutual_information_select_k_best_k11,transaction_record_tampering__r0p05__medium,transaction_record_tampering,0.05,MEDIUM,paired_induced_median_anomaly_score_delta,5,0.0009058741801407033,0.0010969276993132802,-0.00013098346115564263,0.002576438097881495,-0.0004561414527301629,0.0022678898130115695
logistic_regression,mutual_information_select_k_best_k11,transaction_record_tampering__r0p05__medium,transaction_record_tampering,0.05,MEDIUM,selected_feature_count,5,11.0,0.0,11.0,11.0,11.0,11.0
logistic_regression,mutual_information_select_k_best_k11,transaction_record_tampering__r0p05__medium,transaction_record_tampering,0.05,MEDIUM,source_block_count,5,5.0,0.7071067811865476,4.0,6.0,4.122010966914219,5.877989033085781
logistic_regression,mutual_information_select_k_best_k11,transaction_record_tampering__r0p05__medium,transaction_record_tampering,0.05,MEDIUM,selected_input_bytes,5,528132.0,0.0,528132.0,528132.0,528132.0,528132.0
logistic_regression,mutual_information_select_k_best_k11,transaction_record_tampering__r0p05__medium,transaction_record_tampering,0.05,MEDIUM,model_fit_wall_time_sec,5,0.27497685859998455,0.02091021720342391,0.24763035999785643,0.29918557299970416,0.24901339470385145,0.30094032249611763
logistic_regression,mutual_information_select_k_best_k11,transaction_record_tampering__r0p05__medium,transaction_record_tampering,0.05,MEDIUM,model_fit_cpu_time_sec,5,0.09213092119999988,0.014315567471356337,0.07548344399999962,0.10902960499999992,0.07435579645694569,0.10990604594305407
logistic_regression,mutual_information_select_k_best_k11,transaction_record_tampering__r0p05__medium,transaction_record_tampering,0.05,MEDIUM,model_fit_peak_rss_mib,5,163.92734375,0.3541635550567968,163.37890625,164.25390625,163.48759161420978,164.36709588579023
logistic_regression,mutual_information_select_k_best_k11,transaction_record_tampering__r0p05__medium,transaction_record_tampering,0.05,MEDIUM,combined_fit_wall_time_sec,5,0.27497685859998455,0.02091021720342391,0.24763035999785643,0.29918557299970416,0.24901339470385145,0.30094032249611763
logistic_regression,mutual_information_select_k_best_k11,transaction_record_tampering__r0p05__medium,transaction_record_tampering,0.05,MEDIUM,inference_wall_time_sec,5,0.0021488791200681588,0.0007270034152521265,0.0014707119000377134,0.0033709549003106075,0.0012461851527776947,0.003051573087358623
logistic_regression,mutual_information_select_k_best_k11,transaction_record_tampering__r0p05__medium,transaction_record_tampering,0.05,MEDIUM,per_record_inference_sec,5,3.5814652001135987e-07,1.2116723587535444e-07,2.4511865000628555e-07,5.618258167184346e-07,2.0769752546294912e-07,5.085955145597706e-07
logistic_regression,mutual_information_select_k_best_k11,transaction_record_tampering__r0p05__medium,transaction_record_tampering,0.05,MEDIUM,inference_cpu_time_sec,5,0.00219014819999984,0.0007527094333710373,0.0014846487999989222,0.003454260500001283,0.001255535995473925,0.0031247604045257548
logistic_regression,mutual_information_select_k_best_k11,transaction_record_tampering__r0p05__medium,transaction_record_tampering,0.05,MEDIUM,inference_peak_rss_mib,5,803.734375,0.4432690230072619,803.33203125,804.40625,803.1839838126125,804.2847661873875
logistic_regression,mutual_information_select_k_best_k11,transaction_record_tampering__r0p05__medium,transaction_record_tampering,0.05,MEDIUM,peak_rss_mib,5,803.734375,0.4432690230072619,803.33203125,804.40625,803.1839838126125,804.2847661873875
logistic_regression,mutual_information_select_k_best_k11,transaction_record_tampering__r0p05__medium,transaction_record_tampering,0.05,MEDIUM,serialized_model_bytes,5,1353.2,13.386560424545209,1334.0,1366.0,1336.5783898610498,1369.8216101389503
logistic_regression,mutual_information_select_k_best_k11,transaction_record_tampering__r0p05__medium,transaction_record_tampering,0.05,MEDIUM,serialized_model_kib,5,1.321484375,0.01307281291459493,1.302734375,1.333984375,1.3052523338486814,1.3377164161513186
decision_tree,none_natural,mixed__r0p01__medium,mixed,0.01,MEDIUM,precision,5,0.08367657087177718,0.11454386773198394,0.012283894449499545,0.2857142857142857,-0.05854842590615414,0.2259015676497085
decision_tree,none_natural,mixed__r0p01__medium,mixed,0.01,MEDIUM,recall,5,0.31333333333333335,0.18272626764887662,0.1,0.55,0.08644870526739779,0.5402179613992689
decision_tree,none_natural,mixed__r0p01__medium,mixed,0.01,MEDIUM,f1,5,0.074959189664254,0.05003646518619981,0.023914968999114262,0.14814814814814814,0.01283071224512431,0.13708766708338369
decision_tree,none_natural,mixed__r0p01__medium,mixed,0.01,MEDIUM,average_precision,5,0.17556065494328219,0.039168715112355305,0.11023076442411844,0.20686394314981388,0.12692627153233224,0.22419503835423213
decision_tree,none_natural,mixed__r0p01__medium,mixed,0.01,MEDIUM,pr_auc_trapezoidal,5,0.2013510394775715,0.026977904940273,0.15586685336049216,0.2282203094255607,0.16785354616624443,0.23484853278889856
decision_tree,none_natural,mixed__r0p01__medium,mixed,0.01,MEDIUM,roc_auc,5,0.6001164421997756,0.03876695460458936,0.5632379349046015,0.6479868125701459,0.5519809103472191,0.648251974052332
decision_tree,none_natural,mixed__r0p01__medium,mixed,0.01,MEDIUM,TP,5,18.8,10.963576058932597,6.0,33.0,5.186922316043866,32.41307768395613
decision_tree,none_natural,mixed__r0p01__medium,mixed,0.01,MEDIUM,TN,5,5045.6,991.3217439358425,3769.0,5925.0,3814.711479917316,6276.488520082685
decision_tree,none_natural,mixed__r0p01__medium,mixed,0.01,MEDIUM,FP,5,894.4,991.3217439358425,15.0,2171.0,-336.48852008268466,2125.2885200826845
decision_tree,none_natural,mixed__r0p01__medium,mixed,0.01,MEDIUM,FN,5,41.2,10.963576058932597,27.0,54.0,27.586922316043868,54.81307768395614
decision_tree,none_natural,mixed__r0p01__medium,mixed,0.01,MEDIUM,attack_prevalence,5,0.01,0.0,0.01,0.01,0.01,0.01
decision_tree,none_natural,mixed__r0p01__medium,mixed,0.01,MEDIUM,visible_feature_attack_count,5,34.0,0.0,34.0,34.0,34.0,34.0
decision_tree,none_natural,mixed__r0p01__medium,mixed,0.01,MEDIUM,invisible_feature_attack_count,5,26.0,0.0,26.0,26.0,26.0,26.0
decision_tree,none_natural,mixed__r0p01__medium,mixed,0.01,MEDIUM,selected_feature_visibility_rate,5,0.5666666666666667,0.0,0.5666666666666667,0.5666666666666667,0.5666666666666667,0.5666666666666667
decision_tree,none_natural,mixed__r0p01__medium,mixed,0.01,MEDIUM,visible_attack_recall,5,0.4352941176470589,0.22914766095038183,0.17647058823529413,0.7647058823529411,0.15076971677214107,0.7198185185219768
decision_tree,none_natural,mixed__r0p01__medium,mixed,0.01,MEDIUM,invisible_attack_recall,5,0.15384615384615385,0.13598207330510528,0.0,0.3076923076923077,-0.014997890978034695,0.32269019867034243
decision_tree,none_natural,mixed__r0p01__medium,mixed,0.01,MEDIUM,visible_attack_f1,5,0.08247363121416273,0.08025819906614752,0.0170863309352518,0.21818181818181817,-0.017180085127022807,0.18212734755534826
decision_tree,none_natural,mixed__r0p01__medium,mixed,0.01,MEDIUM,paired_induced_attack_induced_detection_rate,5,0.13999999999999999,0.046547466812563124,0.08333333333333333,0.18333333333333332,0.08220368625120991,0.19779631374879006
decision_tree,none_natural,mixed__r0p01__medium,mixed,0.01,MEDIUM,paired_induced_mean_anomaly_score_delta,5,0.08847425503377014,0.018576216703839337,0.058585181693948656,0.1057263762066169,0.0654088355297631,0.11153967453777718
decision_tree,none_natural,mixed__r0p01__medium,mixed,0.01,MEDIUM,paired_induced_median_anomaly_score_delta,5,0.0,0.0,0.0,0.0,0.0,0.0
decision_tree,none_natural,mixed__r0p01__medium,mixed,0.01,MEDIUM,selected_feature_count,5,43.0,0.0,43.0,43.0,43.0,43.0
decision_tree,none_natural,mixed__r0p01__medium,mixed,0.01,MEDIUM,source_block_count,5,10.0,0.0,10.0,10.0,10.0,10.0
decision_tree,none_natural,mixed__r0p01__medium,mixed,0.01,MEDIUM,selected_input_bytes,5,2064132.0,0.0,2064132.0,2064132.0,2064132.0,2064132.0
decision_tree,none_natural,mixed__r0p01__medium,mixed,0.01,MEDIUM,model_fit_wall_time_sec,0,,,,,,
decision_tree,none_natural,mixed__r0p01__medium,mixed,0.01,MEDIUM,model_fit_cpu_time_sec,0,,,,,,
decision_tree,none_natural,mixed__r0p01__medium,mixed,0.01,MEDIUM,model_fit_peak_rss_mib,0,,,,,,
decision_tree,none_natural,mixed__r0p01__medium,mixed,0.01,MEDIUM,combined_fit_wall_time_sec,0,,,,,,
decision_tree,none_natural,mixed__r0p01__medium,mixed,0.01,MEDIUM,inference_wall_time_sec,5,0.003623711640102556,0.0006888704922435553,0.0025911281001754103,0.004300751600385411,0.002768365950458148,0.004479057329746964
decision_tree,none_natural,mixed__r0p01__medium,mixed,0.01,MEDIUM,per_record_inference_sec,5,6.039519400170927e-07,1.1481174870725923e-07,4.3185468336256836e-07,7.167919333975685e-07,4.6139432507635806e-07,7.465095549578273e-07
decision_tree,none_natural,mixed__r0p01__medium,mixed,0.01,MEDIUM,inference_cpu_time_sec,5,0.003691263619998608,0.000722901579713798,0.002614387500000248,0.004429767800002082,0.0027936627542226432,0.004588864485774573
decision_tree,none_natural,mixed__r0p01__medium,mixed,0.01,MEDIUM,inference_peak_rss_mib,5,804.52734375,0.3317783963685324,803.96484375,804.78515625,804.1153864598471,804.9393010401529
decision_tree,none_natural,mixed__r0p01__medium,mixed,0.01,MEDIUM,peak_rss_mib,5,804.52734375,0.3317783963685324,803.96484375,804.78515625,804.1153864598471,804.9393010401529
decision_tree,none_natural,mixed__r0p01__medium,mixed,0.01,MEDIUM,serialized_model_bytes,5,4132.0,327.90242451070714,3780.0,4420.0,3724.8553645610036,4539.144635438996
decision_tree,none_natural,mixed__r0p01__medium,mixed,0.01,MEDIUM,serialized_model_kib,5,4.03515625,0.32021721143623744,3.69140625,4.31640625,3.637554066954105,4.432758433045895
logistic_regression,none_natural,mixed__r0p01__medium,mixed,0.01,MEDIUM,precision,5,0.01001828184692936,0.0016195572654263207,0.007308160779537149,0.011450381679389313,0.008007335897418562,0.012029227796440159
logistic_regression,none_natural,mixed__r0p01__medium,mixed,0.01,MEDIUM,recall,5,0.43666666666666665,0.11808659722612234,0.3,0.5333333333333333,0.2900427902204855,0.5832905431128478
logistic_regression,none_natural,mixed__r0p01__medium,mixed,0.01,MEDIUM,f1,5,0.01957588735482304,0.0031923758470879396,0.014268727705112961,0.022388059701492536,0.015612029196755549,0.02353974551289053
logistic_regression,none_natural,mixed__r0p01__medium,mixed,0.01,MEDIUM,average_precision,5,0.012662535379033748,0.001079467718886025,0.01145109101430531,0.01441931479898153,0.011322199175268765,0.014002871582798731
logistic_regression,none_natural,mixed__r0p01__medium,mixed,0.01,MEDIUM,pr_auc_trapezoidal,5,0.011427301156146047,0.00039210018858886684,0.010926973088772683,0.011927630407693512,0.010940444468285957,0.011914157844006136
logistic_regression,none_natural,mixed__r0p01__medium,mixed,0.01,MEDIUM,roc_auc,5,0.5029500561167228,0.019607642537353056,0.47748877665544337,0.5194556677890011,0.4786039522884235,0.5272961599450222
logistic_regression,none_natural,mixed__r0p01__medium,mixed,0.01,MEDIUM,TP,5,26.2,7.085195833567341,18.0,32.0,17.402567413229132,34.99743258677087
logistic_regression,none_natural,mixed__r0p01__medium,mixed,0.01,MEDIUM,TN,5,3371.8,431.4443185394843,2952.0,4032.0,2836.09112243954,3907.5088775604604
logistic_regression,none_natural,mixed__r0p01__medium,mixed,0.01,MEDIUM,FP,5,2568.2,431.4443185394843,1908.0,2988.0,2032.4911224395396,3103.90887756046
logistic_regression,none_natural,mixed__r0p01__medium,mixed,0.01,MEDIUM,FN,5,33.8,7.08519583356734,28.0,42.0,25.00256741322913,42.597432586770864
logistic_regression,none_natural,mixed__r0p01__medium,mixed,0.01,MEDIUM,attack_prevalence,5,0.01,0.0,0.01,0.01,0.01,0.01
logistic_regression,none_natural,mixed__r0p01__medium,mixed,0.01,MEDIUM,visible_feature_attack_count,5,34.0,0.0,34.0,34.0,34.0,34.0
logistic_regression,none_natural,mixed__r0p01__medium,mixed,0.01,MEDIUM,invisible_feature_attack_count,5,26.0,0.0,26.0,26.0,26.0,26.0
logistic_regression,none_natural,mixed__r0p01__medium,mixed,0.01,MEDIUM,selected_feature_visibility_rate,5,0.5666666666666667,0.0,0.5666666666666667,0.5666666666666667,0.5666666666666667,0.5666666666666667
logistic_regression,none_natural,mixed__r0p01__medium,mixed,0.01,MEDIUM,visible_attack_recall,5,0.4470588235294118,0.14318425228985984,0.29411764705882354,0.5882352941176471,0.2692720923512266,0.624845554707597
logistic_regression,none_natural,mixed__r0p01__medium,mixed,0.01,MEDIUM,invisible_attack_recall,5,0.4230769230769231,0.10533126105868577,0.3076923076923077,0.5769230769230769,0.2922908883348469,0.5538629578189993
logistic_regression,none_natural,mixed__r0p01__medium,mixed,0.01,MEDIUM,visible_attack_f1,5,0.011468405164256418,0.002546107933053235,0.008035355564483728,0.014377601210745366,0.008306994608240704,0.014629815720272133
logistic_regression,none_natural,mixed__r0p01__medium,mixed,0.01,MEDIUM,paired_induced_attack_induced_detection_rate,5,0.023333333333333334,0.02788866755113585,0.0,0.06666666666666667,-0.011295021122813106,0.05796168778947977
logistic_regression,none_natural,mixed__r0p01__medium,mixed,0.01,MEDIUM,paired_induced_mean_anomaly_score_delta,5,-0.0002576109223786298,0.0021604788321851935,-0.00397931274191452,0.0016371273129122945,-0.0029401997071864285,0.002424977862429169
logistic_regression,none_natural,mixed__r0p01__medium,mixed,0.01,MEDIUM,paired_induced_median_anomaly_score_delta,5,0.0,0.0,0.0,0.0,0.0,0.0
logistic_regression,none_natural,mixed__r0p01__medium,mixed,0.01,MEDIUM,selected_feature_count,5,43.0,0.0,43.0,43.0,43.0,43.0
logistic_regression,none_natural,mixed__r0p01__medium,mixed,0.01,MEDIUM,source_block_count,5,10.0,0.0,10.0,10.0,10.0,10.0
logistic_regression,none_natural,mixed__r0p01__medium,mixed,0.01,MEDIUM,selected_input_bytes,5,2064132.0,0.0,2064132.0,2064132.0,2064132.0,2064132.0
logistic_regression,none_natural,mixed__r0p01__medium,mixed,0.01,MEDIUM,model_fit_wall_time_sec,5,0.49001829079934395,0.09719446902817075,0.4144513709979947,0.6605000540002948,0.3693354177824376,0.6107011638162503
logistic_regression,none_natural,mixed__r0p01__medium,mixed,0.01,MEDIUM,model_fit_cpu_time_sec,5,0.29261962500000005,0.07522294968955433,0.21856836799999968,0.4180874179999998,0.19921799653171318,0.3860212534682869
logistic_regression,none_natural,mixed__r0p01__medium,mixed,0.01,MEDIUM,model_fit_peak_rss_mib,5,182.0546875,0.12530480415894876,181.8984375,182.19140625,181.89910103587374,182.21027396412626
logistic_regression,none_natural,mixed__r0p01__medium,mixed,0.01,MEDIUM,combined_fit_wall_time_sec,5,0.49001829079934395,0.09719446902817075,0.4144513709979947,0.6605000540002948,0.3693354177824376,0.6107011638162503
logistic_regression,none_natural,mixed__r0p01__medium,mixed,0.01,MEDIUM,inference_wall_time_sec,5,0.0027963215998897794,0.0002587448364146089,0.002401481999550015,0.0030552791999070906,0.002475047451792382,0.003117595747987177
logistic_regression,none_natural,mixed__r0p01__medium,mixed,0.01,MEDIUM,per_record_inference_sec,5,4.6605359998162987e-07,4.3124139402434834e-08,4.0024699992500246e-07,5.092131999845151e-07,4.1250790863206357e-07,5.195992913311962e-07
logistic_regression,none_natural,mixed__r0p01__medium,mixed,0.01,MEDIUM,inference_cpu_time_sec,5,0.002840417160001607,0.00027241071404835484,0.0024320939999995517,0.0031135384000094747,0.0025021745836425156,0.0031786597363606985
logistic_regression,none_natural,mixed__r0p01__medium,mixed,0.01,MEDIUM,inference_peak_rss_mib,5,804.62890625,0.1786442199574863,804.40625,804.78515625,804.4070901535914,804.8507223464086
logistic_regression,none_natural,mixed__r0p01__medium,mixed,0.01,MEDIUM,peak_rss_mib,5,804.62890625,0.1786442199574863,804.40625,804.78515625,804.4070901535914,804.8507223464086
logistic_regression,none_natural,mixed__r0p01__medium,mixed,0.01,MEDIUM,serialized_model_bytes,5,2342.0,0.0,2342.0,2342.0,2342.0,2342.0
logistic_regression,none_natural,mixed__r0p01__medium,mixed,0.01,MEDIUM,serialized_model_kib,5,2.287109375,0.0,2.287109375,2.287109375,2.287109375,2.287109375
decision_tree,pairwise_correlation_filter_natural,mixed__r0p01__medium,mixed,0.01,MEDIUM,precision,5,0.08367657087177718,0.11454386773198394,0.012283894449499545,0.2857142857142857,-0.05854842590615414,0.2259015676497085
decision_tree,pairwise_correlation_filter_natural,mixed__r0p01__medium,mixed,0.01,MEDIUM,recall,5,0.31333333333333335,0.18272626764887662,0.1,0.55,0.08644870526739779,0.5402179613992689
decision_tree,pairwise_correlation_filter_natural,mixed__r0p01__medium,mixed,0.01,MEDIUM,f1,5,0.074959189664254,0.05003646518619981,0.023914968999114262,0.14814814814814814,0.01283071224512431,0.13708766708338369
decision_tree,pairwise_correlation_filter_natural,mixed__r0p01__medium,mixed,0.01,MEDIUM,average_precision,5,0.17556065494328219,0.039168715112355305,0.11023076442411844,0.20686394314981388,0.12692627153233224,0.22419503835423213
decision_tree,pairwise_correlation_filter_natural,mixed__r0p01__medium,mixed,0.01,MEDIUM,pr_auc_trapezoidal,5,0.2013510394775715,0.026977904940273,0.15586685336049216,0.2282203094255607,0.16785354616624443,0.23484853278889856
decision_tree,pairwise_correlation_filter_natural,mixed__r0p01__medium,mixed,0.01,MEDIUM,roc_auc,5,0.6001164421997756,0.03876695460458936,0.5632379349046015,0.6479868125701459,0.5519809103472191,0.648251974052332
decision_tree,pairwise_correlation_filter_natural,mixed__r0p01__medium,mixed,0.01,MEDIUM,TP,5,18.8,10.963576058932597,6.0,33.0,5.186922316043866,32.41307768395613
decision_tree,pairwise_correlation_filter_natural,mixed__r0p01__medium,mixed,0.01,MEDIUM,TN,5,5045.6,991.3217439358425,3769.0,5925.0,3814.711479917316,6276.488520082685
decision_tree,pairwise_correlation_filter_natural,mixed__r0p01__medium,mixed,0.01,MEDIUM,FP,5,894.4,991.3217439358425,15.0,2171.0,-336.48852008268466,2125.2885200826845
decision_tree,pairwise_correlation_filter_natural,mixed__r0p01__medium,mixed,0.01,MEDIUM,FN,5,41.2,10.963576058932597,27.0,54.0,27.586922316043868,54.81307768395614
decision_tree,pairwise_correlation_filter_natural,mixed__r0p01__medium,mixed,0.01,MEDIUM,attack_prevalence,5,0.01,0.0,0.01,0.01,0.01,0.01
decision_tree,pairwise_correlation_filter_natural,mixed__r0p01__medium,mixed,0.01,MEDIUM,visible_feature_attack_count,5,34.0,0.0,34.0,34.0,34.0,34.0
decision_tree,pairwise_correlation_filter_natural,mixed__r0p01__medium,mixed,0.01,MEDIUM,invisible_feature_attack_count,5,26.0,0.0,26.0,26.0,26.0,26.0
decision_tree,pairwise_correlation_filter_natural,mixed__r0p01__medium,mixed,0.01,MEDIUM,selected_feature_visibility_rate,5,0.5666666666666667,0.0,0.5666666666666667,0.5666666666666667,0.5666666666666667,0.5666666666666667
decision_tree,pairwise_correlation_filter_natural,mixed__r0p01__medium,mixed,0.01,MEDIUM,visible_attack_recall,5,0.4352941176470589,0.22914766095038183,0.17647058823529413,0.7647058823529411,0.15076971677214107,0.7198185185219768
decision_tree,pairwise_correlation_filter_natural,mixed__r0p01__medium,mixed,0.01,MEDIUM,invisible_attack_recall,5,0.15384615384615385,0.13598207330510528,0.0,0.3076923076923077,-0.014997890978034695,0.32269019867034243
decision_tree,pairwise_correlation_filter_natural,mixed__r0p01__medium,mixed,0.01,MEDIUM,visible_attack_f1,5,0.08247363121416273,0.08025819906614752,0.0170863309352518,0.21818181818181817,-0.017180085127022807,0.18212734755534826
decision_tree,pairwise_correlation_filter_natural,mixed__r0p01__medium,mixed,0.01,MEDIUM,paired_induced_attack_induced_detection_rate,5,0.13999999999999999,0.046547466812563124,0.08333333333333333,0.18333333333333332,0.08220368625120991,0.19779631374879006
decision_tree,pairwise_correlation_filter_natural,mixed__r0p01__medium,mixed,0.01,MEDIUM,paired_induced_mean_anomaly_score_delta,5,0.08847425503377036,0.018576216703839504,0.05858518169394871,0.10572637620661725,0.06540883552976312,0.1115396745377776
decision_tree,pairwise_correlation_filter_natural,mixed__r0p01__medium,mixed,0.01,MEDIUM,paired_induced_median_anomaly_score_delta,5,0.0,0.0,0.0,0.0,0.0,0.0
decision_tree,pairwise_correlation_filter_natural,mixed__r0p01__medium,mixed,0.01,MEDIUM,selected_feature_count,5,42.0,0.0,42.0,42.0,42.0,42.0
decision_tree,pairwise_correlation_filter_natural,mixed__r0p01__medium,mixed,0.01,MEDIUM,source_block_count,5,9.0,0.0,9.0,9.0,9.0,9.0
decision_tree,pairwise_correlation_filter_natural,mixed__r0p01__medium,mixed,0.01,MEDIUM,selected_input_bytes,5,2016132.0,0.0,2016132.0,2016132.0,2016132.0,2016132.0
decision_tree,pairwise_correlation_filter_natural,mixed__r0p01__medium,mixed,0.01,MEDIUM,model_fit_wall_time_sec,0,,,,,,
decision_tree,pairwise_correlation_filter_natural,mixed__r0p01__medium,mixed,0.01,MEDIUM,model_fit_cpu_time_sec,0,,,,,,
decision_tree,pairwise_correlation_filter_natural,mixed__r0p01__medium,mixed,0.01,MEDIUM,model_fit_peak_rss_mib,0,,,,,,
decision_tree,pairwise_correlation_filter_natural,mixed__r0p01__medium,mixed,0.01,MEDIUM,combined_fit_wall_time_sec,0,,,,,,
decision_tree,pairwise_correlation_filter_natural,mixed__r0p01__medium,mixed,0.01,MEDIUM,inference_wall_time_sec,5,0.003739202259894228,0.0010550155065502966,0.002645984300033888,0.005221470600372413,0.0024292274878629765,0.00504917703192548
decision_tree,pairwise_correlation_filter_natural,mixed__r0p01__medium,mixed,0.01,MEDIUM,per_record_inference_sec,5,6.232003766490378e-07,1.7583591775838277e-07,4.4099738333898134e-07,8.702451000620688e-07,4.0487124797716254e-07,8.415295053209131e-07
decision_tree,pairwise_correlation_filter_natural,mixed__r0p01__medium,mixed,0.01,MEDIUM,inference_cpu_time_sec,5,0.0038174810799989694,0.0010867317063084235,0.002669325299996217,0.005343456499997501,0.002468125444568181,0.005166836715429758
decision_tree,pairwise_correlation_filter_natural,mixed__r0p01__medium,mixed,0.01,MEDIUM,inference_peak_rss_mib,5,804.6296875,0.17239357139125358,804.40625,804.765625,804.4156326088815,804.8437423911186
decision_tree,pairwise_correlation_filter_natural,mixed__r0p01__medium,mixed,0.01,MEDIUM,peak_rss_mib,5,804.6296875,0.17239357139125358,804.40625,804.765625,804.4156326088815,804.8437423911186
decision_tree,pairwise_correlation_filter_natural,mixed__r0p01__medium,mixed,0.01,MEDIUM,serialized_model_bytes,5,4116.0,327.90242451070714,3764.0,4404.0,3708.8553645610036,4523.144635438996
decision_tree,pairwise_correlation_filter_natural,mixed__r0p01__medium,mixed,0.01,MEDIUM,serialized_model_kib,5,4.01953125,0.32021721143623744,3.67578125,4.30078125,3.621929066954105,4.417133433045895
logistic_regression,pairwise_correlation_filter_natural,mixed__r0p01__medium,mixed,0.01,MEDIUM,precision,5,0.01001828184692936,0.0016195572654263207,0.007308160779537149,0.011450381679389313,0.008007335897418562,0.012029227796440159
logistic_regression,pairwise_correlation_filter_natural,mixed__r0p01__medium,mixed,0.01,MEDIUM,recall,5,0.43666666666666665,0.11808659722612234,0.3,0.5333333333333333,0.2900427902204855,0.5832905431128478
logistic_regression,pairwise_correlation_filter_natural,mixed__r0p01__medium,mixed,0.01,MEDIUM,f1,5,0.01957588735482304,0.0031923758470879396,0.014268727705112961,0.022388059701492536,0.015612029196755549,0.02353974551289053
logistic_regression,pairwise_correlation_filter_natural,mixed__r0p01__medium,mixed,0.01,MEDIUM,average_precision,5,0.012662477648312655,0.001079877282483754,0.01145105730691199,0.014420156145238085,0.011321632904173396,0.014003322392451915
logistic_regression,pairwise_correlation_filter_natural,mixed__r0p01__medium,mixed,0.01,MEDIUM,pr_auc_trapezoidal,5,0.011427250341706541,0.0003922618792642606,0.010926939785138923,0.011928401042849916,0.01094019288835597,0.011914307795057113
logistic_regression,pairwise_correlation_filter_natural,mixed__r0p01__medium,mixed,0.01,MEDIUM,roc_auc,5,0.5029483726150393,0.01960742891138596,0.47748597081930416,0.5194584736251403,0.4786025340384124,0.5272942111916662
logistic_regression,pairwise_correlation_filter_natural,mixed__r0p01__medium,mixed,0.01,MEDIUM,TP,5,26.2,7.085195833567341,18.0,32.0,17.402567413229132,34.99743258677087
logistic_regression,pairwise_correlation_filter_natural,mixed__r0p01__medium,mixed,0.01,MEDIUM,TN,5,3371.8,431.4443185394843,2952.0,4032.0,2836.09112243954,3907.5088775604604
logistic_regression,pairwise_correlation_filter_natural,mixed__r0p01__medium,mixed,0.01,MEDIUM,FP,5,2568.2,431.4443185394843,1908.0,2988.0,2032.4911224395396,3103.90887756046
logistic_regression,pairwise_correlation_filter_natural,mixed__r0p01__medium,mixed,0.01,MEDIUM,FN,5,33.8,7.08519583356734,28.0,42.0,25.00256741322913,42.597432586770864
logistic_regression,pairwise_correlation_filter_natural,mixed__r0p01__medium,mixed,0.01,MEDIUM,attack_prevalence,5,0.01,0.0,0.01,0.01,0.01,0.01
logistic_regression,pairwise_correlation_filter_natural,mixed__r0p01__medium,mixed,0.01,MEDIUM,visible_feature_attack_count,5,34.0,0.0,34.0,34.0,34.0,34.0
logistic_regression,pairwise_correlation_filter_natural,mixed__r0p01__medium,mixed,0.01,MEDIUM,invisible_feature_attack_count,5,26.0,0.0,26.0,26.0,26.0,26.0
logistic_regression,pairwise_correlation_filter_natural,mixed__r0p01__medium,mixed,0.01,MEDIUM,selected_feature_visibility_rate,5,0.5666666666666667,0.0,0.5666666666666667,0.5666666666666667,0.5666666666666667,0.5666666666666667
logistic_regression,pairwise_correlation_filter_natural,mixed__r0p01__medium,mixed,0.01,MEDIUM,visible_attack_recall,5,0.4470588235294118,0.14318425228985984,0.29411764705882354,0.5882352941176471,0.2692720923512266,0.624845554707597
logistic_regression,pairwise_correlation_filter_natural,mixed__r0p01__medium,mixed,0.01,MEDIUM,invisible_attack_recall,5,0.4230769230769231,0.10533126105868577,0.3076923076923077,0.5769230769230769,0.2922908883348469,0.5538629578189993
logistic_regression,pairwise_correlation_filter_natural,mixed__r0p01__medium,mixed,0.01,MEDIUM,visible_attack_f1,5,0.011468405164256418,0.002546107933053235,0.008035355564483728,0.014377601210745366,0.008306994608240704,0.014629815720272133
logistic_regression,pairwise_correlation_filter_natural,mixed__r0p01__medium,mixed,0.01,MEDIUM,paired_induced_attack_induced_detection_rate,5,0.023333333333333334,0.02788866755113585,0.0,0.06666666666666667,-0.011295021122813106,0.05796168778947977
logistic_regression,pairwise_correlation_filter_natural,mixed__r0p01__medium,mixed,0.01,MEDIUM,paired_induced_mean_anomaly_score_delta,5,-0.0002575710629678875,0.0021606041773350043,-0.003979544890981893,0.0016371088316802572,-0.002940315484335556,0.0024251733583997804
logistic_regression,pairwise_correlation_filter_natural,mixed__r0p01__medium,mixed,0.01,MEDIUM,paired_induced_median_anomaly_score_delta,5,0.0,0.0,0.0,0.0,0.0,0.0
logistic_regression,pairwise_correlation_filter_natural,mixed__r0p01__medium,mixed,0.01,MEDIUM,selected_feature_count,5,42.0,0.0,42.0,42.0,42.0,42.0
logistic_regression,pairwise_correlation_filter_natural,mixed__r0p01__medium,mixed,0.01,MEDIUM,source_block_count,5,9.0,0.0,9.0,9.0,9.0,9.0
logistic_regression,pairwise_correlation_filter_natural,mixed__r0p01__medium,mixed,0.01,MEDIUM,selected_input_bytes,5,2016132.0,0.0,2016132.0,2016132.0,2016132.0,2016132.0
logistic_regression,pairwise_correlation_filter_natural,mixed__r0p01__medium,mixed,0.01,MEDIUM,model_fit_wall_time_sec,5,0.5226187851993018,0.1320858923339655,0.33173528499901295,0.6544766820006771,0.358612488017468,0.6866250823811357
logistic_regression,pairwise_correlation_filter_natural,mixed__r0p01__medium,mixed,0.01,MEDIUM,model_fit_cpu_time_sec,5,0.32897909459999986,0.11776488132572177,0.18253484599999936,0.47190246899999977,0.18275468120499616,0.47520350799500355
logistic_regression,pairwise_correlation_filter_natural,mixed__r0p01__medium,mixed,0.01,MEDIUM,model_fit_peak_rss_mib,5,181.35625,0.274181465592076,181.0546875,181.63671875,181.01580874519928,181.6966912548007
logistic_regression,pairwise_correlation_filter_natural,mixed__r0p01__medium,mixed,0.01,MEDIUM,combined_fit_wall_time_sec,5,0.5226187851993018,0.1320858923339655,0.33173528499901295,0.6544766820006771,0.358612488017468,0.6866250823811357
logistic_regression,pairwise_correlation_filter_natural,mixed__r0p01__medium,mixed,0.01,MEDIUM,inference_wall_time_sec,5,0.0031864807198871857,0.0010278879985050704,0.0020115717998123728,0.004651655699854018,0.0019101891979567008,0.00446277224181767
logistic_regression,pairwise_correlation_filter_natural,mixed__r0p01__medium,mixed,0.01,MEDIUM,per_record_inference_sec,5,5.310801199811975e-07,1.7131466641751175e-07,3.3526196663539545e-07,7.752759499756696e-07,3.183648663261167e-07,7.437953736362784e-07
logistic_regression,pairwise_correlation_filter_natural,mixed__r0p01__medium,mixed,0.01,MEDIUM,inference_cpu_time_sec,5,0.0032413857999995348,0.0010736189774798747,0.001981066500002271,0.004761745399991924,0.001908311767873377,0.0045744598321256925
logistic_regression,pairwise_correlation_filter_natural,mixed__r0p01__medium,mixed,0.01,MEDIUM,inference_peak_rss_mib,5,804.665625,0.144995032916002,804.49609375,804.79296875,804.4855898877097,804.8456601122903
logistic_regression,pairwise_correlation_filter_natural,mixed__r0p01__medium,mixed,0.01,MEDIUM,peak_rss_mib,5,804.665625,0.144995032916002,804.49609375,804.79296875,804.4855898877097,804.8456601122903
logistic_regression,pairwise_correlation_filter_natural,mixed__r0p01__medium,mixed,0.01,MEDIUM,serialized_model_bytes,5,2310.0,0.0,2310.0,2310.0,2310.0,2310.0
logistic_regression,pairwise_correlation_filter_natural,mixed__r0p01__medium,mixed,0.01,MEDIUM,serialized_model_kib,5,2.255859375,0.0,2.255859375,2.255859375,2.255859375,2.255859375
decision_tree,mutual_information_select_k_best_k11,mixed__r0p01__medium,mixed,0.01,MEDIUM,precision,5,0.12337760002815219,0.21099525205446784,0.012356979405034324,0.5,-0.13860760824001755,0.3853628082963219
decision_tree,mutual_information_select_k_best_k11,mixed__r0p01__medium,mixed,0.01,MEDIUM,recall,5,0.2966666666666667,0.19343388189938873,0.1,0.55,0.05648677947920605,0.5368465538541274
decision_tree,mutual_information_select_k_best_k11,mixed__r0p01__medium,mixed,0.01,MEDIUM,f1,5,0.08833768197933814,0.0922797371734403,0.024053452115812918,0.25,-0.02624274543271933,0.2029181093913956
decision_tree,mutual_information_select_k_best_k11,mixed__r0p01__medium,mixed,0.01,MEDIUM,average_precision,5,0.1734112916888873,0.03789111290190609,0.10999421152939542,0.20256217397535697,0.12636326094667896,0.22045932243109564
decision_tree,mutual_information_select_k_best_k11,mixed__r0p01__medium,mixed,0.01,MEDIUM,pr_auc_trapezoidal,5,0.1901451195653663,0.04281299092388259,0.11555243994076231,0.22362312391388367,0.13698577007971452,0.2433044690510181
decision_tree,mutual_information_select_k_best_k11,mixed__r0p01__medium,mixed,0.01,MEDIUM,roc_auc,5,0.6002578563411898,0.03603383656207653,0.5632673961840629,0.6479335016835017,0.5555159387648653,0.6449997739175143
decision_tree,mutual_information_select_k_best_k11,mixed__r0p01__medium,mixed,0.01,MEDIUM,TP,5,17.8,11.606032913963324,6.0,33.0,3.3892067687523646,32.210793231247635
decision_tree,mutual_information_select_k_best_k11,mixed__r0p01__medium,mixed,0.01,MEDIUM,TN,5,5075.0,1002.0179639108273,3782.0,5930.0,3830.830368657498,6319.169631342502
decision_tree,mutual_information_select_k_best_k11,mixed__r0p01__medium,mixed,0.01,MEDIUM,FP,5,865.0,1002.0179639108273,10.0,2158.0,-379.1696313425016,2109.169631342502
decision_tree,mutual_information_select_k_best_k11,mixed__r0p01__medium,mixed,0.01,MEDIUM,FN,5,42.2,11.606032913963325,27.0,54.0,27.789206768752365,56.61079323124764
decision_tree,mutual_information_select_k_best_k11,mixed__r0p01__medium,mixed,0.01,MEDIUM,attack_prevalence,5,0.01,0.0,0.01,0.01,0.01,0.01
decision_tree,mutual_information_select_k_best_k11,mixed__r0p01__medium,mixed,0.01,MEDIUM,visible_feature_attack_count,5,34.0,0.0,34.0,34.0,34.0,34.0
decision_tree,mutual_information_select_k_best_k11,mixed__r0p01__medium,mixed,0.01,MEDIUM,invisible_feature_attack_count,5,26.0,0.0,26.0,26.0,26.0,26.0
decision_tree,mutual_information_select_k_best_k11,mixed__r0p01__medium,mixed,0.01,MEDIUM,selected_feature_visibility_rate,5,0.5666666666666667,0.0,0.5666666666666667,0.5666666666666667,0.5666666666666667,0.5666666666666667
decision_tree,mutual_information_select_k_best_k11,mixed__r0p01__medium,mixed,0.01,MEDIUM,visible_attack_recall,5,0.4235294117647059,0.2376718100098461,0.17647058823529413,0.7647058823529411,0.12842088188732043,0.7186379416420914
decision_tree,mutual_information_select_k_best_k11,mixed__r0p01__medium,mixed,0.01,MEDIUM,invisible_attack_recall,5,0.13076923076923078,0.1454436184706849,0.0,0.3076923076923077,-0.049822874054446215,0.3113613355929078
decision_tree,mutual_information_select_k_best_k11,mixed__r0p01__medium,mixed,0.01,MEDIUM,visible_attack_f1,5,0.1052398342310052,0.1331868822778603,0.017186793306196293,0.33962264150943394,-0.060133522526548314,0.27061319098855874
decision_tree,mutual_information_select_k_best_k11,mixed__r0p01__medium,mixed,0.01,MEDIUM,paired_induced_attack_induced_detection_rate,5,0.1433333333333333,0.04183300132670377,0.1,0.18333333333333332,0.09139080164911366,0.19527586501755295
decision_tree,mutual_information_select_k_best_k11,mixed__r0p01__medium,mixed,0.01,MEDIUM,paired_induced_mean_anomaly_score_delta,5,0.08997483778547151,0.018437462228592265,0.05994758470021684,0.10572637620661686,0.06708170471796857,0.11286797085297445
decision_tree,mutual_information_select_k_best_k11,mixed__r0p01__medium,mixed,0.01,MEDIUM,paired_induced_median_anomaly_score_delta,5,0.0,0.0,0.0,0.0,0.0,0.0
decision_tree,mutual_information_select_k_best_k11,mixed__r0p01__medium,mixed,0.01,MEDIUM,selected_feature_count,5,11.0,0.0,11.0,11.0,11.0,11.0
decision_tree,mutual_information_select_k_best_k11,mixed__r0p01__medium,mixed,0.01,MEDIUM,source_block_count,5,5.0,0.7071067811865476,4.0,6.0,4.122010966914219,5.877989033085781
decision_tree,mutual_information_select_k_best_k11,mixed__r0p01__medium,mixed,0.01,MEDIUM,selected_input_bytes,5,528132.0,0.0,528132.0,528132.0,528132.0,528132.0
decision_tree,mutual_information_select_k_best_k11,mixed__r0p01__medium,mixed,0.01,MEDIUM,model_fit_wall_time_sec,0,,,,,,
decision_tree,mutual_information_select_k_best_k11,mixed__r0p01__medium,mixed,0.01,MEDIUM,model_fit_cpu_time_sec,0,,,,,,
decision_tree,mutual_information_select_k_best_k11,mixed__r0p01__medium,mixed,0.01,MEDIUM,model_fit_peak_rss_mib,0,,,,,,
decision_tree,mutual_information_select_k_best_k11,mixed__r0p01__medium,mixed,0.01,MEDIUM,combined_fit_wall_time_sec,0,,,,,,
decision_tree,mutual_information_select_k_best_k11,mixed__r0p01__medium,mixed,0.01,MEDIUM,inference_wall_time_sec,5,0.002503864239843097,0.0008007940351810819,0.001856686099927174,0.003639926199684851,0.0015095471163816389,0.0034981813633045552
decision_tree,mutual_information_select_k_best_k11,mixed__r0p01__medium,mixed,0.01,MEDIUM,per_record_inference_sec,5,4.1731070664051614e-07,1.3346567253018033e-07,3.0944768332119566e-07,6.066543666141419e-07,2.515911860636064e-07,5.830302272174259e-07
decision_tree,mutual_information_select_k_best_k11,mixed__r0p01__medium,mixed,0.01,MEDIUM,inference_cpu_time_sec,5,0.0025323715000001813,0.0008219560575434474,0.0018550068000024566,0.003681556599997293,0.00151177825524217,0.0035529647447581927
decision_tree,mutual_information_select_k_best_k11,mixed__r0p01__medium,mixed,0.01,MEDIUM,inference_peak_rss_mib,5,804.675,0.14648177081018476,804.51171875,804.80859375,804.4931188587917,804.8568811412082
decision_tree,mutual_information_select_k_best_k11,mixed__r0p01__medium,mixed,0.01,MEDIUM,peak_rss_mib,5,804.675,0.14648177081018476,804.51171875,804.80859375,804.4931188587917,804.8568811412082
decision_tree,mutual_information_select_k_best_k11,mixed__r0p01__medium,mixed,0.01,MEDIUM,serialized_model_bytes,5,3402.4,341.02903102228703,3028.0,3716.0,2978.9565298369753,3825.843470163025
decision_tree,mutual_information_select_k_best_k11,mixed__r0p01__medium,mixed,0.01,MEDIUM,serialized_model_kib,5,3.32265625,0.3330361631077022,2.95703125,3.62890625,2.909137236168921,3.736175263831079
logistic_regression,mutual_information_select_k_best_k11,mixed__r0p01__medium,mixed,0.01,MEDIUM,precision,5,0.010465551239345023,0.0013096860097960112,0.008355488036460312,0.011635027556644213,0.00883936127202888,0.012091741206661165
logistic_regression,mutual_information_select_k_best_k11,mixed__r0p01__medium,mixed,0.01,MEDIUM,recall,5,0.53,0.12494443209327541,0.36666666666666664,0.65,0.3748609968936417,0.6851390031063583
logistic_regression,mutual_information_select_k_best_k11,mixed__r0p01__medium,mixed,0.01,MEDIUM,f1,5,0.020519881217517754,0.0026051287682976485,0.016338655774229483,0.022850270595309682,0.01728518661523508,0.02375457581980043
logistic_regression,mutual_information_select_k_best_k11,mixed__r0p01__medium,mixed,0.01,MEDIUM,average_precision,5,0.011845168290626363,0.002147488647183346,0.010173749921821594,0.014260485620468586,0.009178708950865377,0.014511627630387349
logistic_regression,mutual_information_select_k_best_k11,mixed__r0p01__medium,mixed,0.01,MEDIUM,pr_auc_trapezoidal,5,0.011094918587005096,0.0016538145771196457,0.009780437238775112,0.013060039174038918,0.009041436566889417,0.013148400607120775
logistic_regression,mutual_information_select_k_best_k11,mixed__r0p01__medium,mixed,0.01,MEDIUM,roc_auc,5,0.5140375982042649,0.01919282676000081,0.49283950617283945,0.5354517396184063,0.4902065561925911,0.5378686402159386
logistic_regression,mutual_information_select_k_best_k11,mixed__r0p01__medium,mixed,0.01,MEDIUM,TP,5,31.8,7.496665925596525,22.0,39.0,22.491659813618497,41.108340186381504
logistic_regression,mutual_information_select_k_best_k11,mixed__r0p01__medium,mixed,0.01,MEDIUM,TN,5,2962.2,413.6286982306716,2413.0,3393.0,2448.6121367826777,3475.787863217322
logistic_regression,mutual_information_select_k_best_k11,mixed__r0p01__medium,mixed,0.01,MEDIUM,FP,5,2977.8,413.6286982306716,2547.0,3527.0,2464.212136782678,3491.3878632173223
logistic_regression,mutual_information_select_k_best_k11,mixed__r0p01__medium,mixed,0.01,MEDIUM,FN,5,28.2,7.496665925596525,21.0,38.0,18.891659813618496,37.5083401863815
logistic_regression,mutual_information_select_k_best_k11,mixed__r0p01__medium,mixed,0.01,MEDIUM,attack_prevalence,5,0.01,0.0,0.01,0.01,0.01,0.01
logistic_regression,mutual_information_select_k_best_k11,mixed__r0p01__medium,mixed,0.01,MEDIUM,visible_feature_attack_count,5,34.0,0.0,34.0,34.0,34.0,34.0
logistic_regression,mutual_information_select_k_best_k11,mixed__r0p01__medium,mixed,0.01,MEDIUM,invisible_feature_attack_count,5,26.0,0.0,26.0,26.0,26.0,26.0
logistic_regression,mutual_information_select_k_best_k11,mixed__r0p01__medium,mixed,0.01,MEDIUM,selected_feature_visibility_rate,5,0.5666666666666667,0.0,0.5666666666666667,0.5666666666666667,0.5666666666666667,0.5666666666666667
logistic_regression,mutual_information_select_k_best_k11,mixed__r0p01__medium,mixed,0.01,MEDIUM,visible_attack_recall,5,0.5411764705882354,0.1388908112131482,0.38235294117647056,0.7058823529411765,0.3687207506234165,0.7136321905530543
logistic_regression,mutual_information_select_k_best_k11,mixed__r0p01__medium,mixed,0.01,MEDIUM,invisible_attack_recall,5,0.5153846153846153,0.12929027933824314,0.3076923076923077,0.6538461538461539,0.3548495302124833,0.6759197005567474
logistic_regression,mutual_information_select_k_best_k11,mixed__r0p01__medium,mixed,0.01,MEDIUM,visible_attack_f1,5,0.011987404656640237,0.001586605762914185,0.010023130300693909,0.013389121338912133,0.010017373401485511,0.013957435911794963
logistic_regression,mutual_information_select_k_best_k11,mixed__r0p01__medium,mixed,0.01,MEDIUM,paired_induced_attack_induced_detection_rate,5,0.02,0.01825741858350554,0.0,0.05,-0.0026695793552932064,0.04266957935529321
logistic_regression,mutual_information_select_k_best_k11,mixed__r0p01__medium,mixed,0.01,MEDIUM,paired_induced_mean_anomaly_score_delta,5,-0.0001922333324438565,0.0009221423480345923,-0.0016031977823283343,0.0009253340258562486,-0.0013372242872184054,0.0009527576223306924
logistic_regression,mutual_information_select_k_best_k11,mixed__r0p01__medium,mixed,0.01,MEDIUM,paired_induced_median_anomaly_score_delta,5,0.0,0.0,0.0,0.0,0.0,0.0
logistic_regression,mutual_information_select_k_best_k11,mixed__r0p01__medium,mixed,0.01,MEDIUM,selected_feature_count,5,11.0,0.0,11.0,11.0,11.0,11.0
logistic_regression,mutual_information_select_k_best_k11,mixed__r0p01__medium,mixed,0.01,MEDIUM,source_block_count,5,5.0,0.7071067811865476,4.0,6.0,4.122010966914219,5.877989033085781
logistic_regression,mutual_information_select_k_best_k11,mixed__r0p01__medium,mixed,0.01,MEDIUM,selected_input_bytes,5,528132.0,0.0,528132.0,528132.0,528132.0,528132.0
logistic_regression,mutual_information_select_k_best_k11,mixed__r0p01__medium,mixed,0.01,MEDIUM,model_fit_wall_time_sec,5,0.27497685859998455,0.02091021720342391,0.24763035999785643,0.29918557299970416,0.24901339470385145,0.30094032249611763
logistic_regression,mutual_information_select_k_best_k11,mixed__r0p01__medium,mixed,0.01,MEDIUM,model_fit_cpu_time_sec,5,0.09213092119999988,0.014315567471356337,0.07548344399999962,0.10902960499999992,0.07435579645694569,0.10990604594305407
logistic_regression,mutual_information_select_k_best_k11,mixed__r0p01__medium,mixed,0.01,MEDIUM,model_fit_peak_rss_mib,5,163.92734375,0.3541635550567968,163.37890625,164.25390625,163.48759161420978,164.36709588579023
logistic_regression,mutual_information_select_k_best_k11,mixed__r0p01__medium,mixed,0.01,MEDIUM,combined_fit_wall_time_sec,5,0.27497685859998455,0.02091021720342391,0.24763035999785643,0.29918557299970416,0.24901339470385145,0.30094032249611763
logistic_regression,mutual_information_select_k_best_k11,mixed__r0p01__medium,mixed,0.01,MEDIUM,inference_wall_time_sec,5,0.002705611539859092,0.0005756247521991588,0.0018177250000007915,0.0032126095997227822,0.0019908790085778655,0.0034203440711403185
logistic_regression,mutual_information_select_k_best_k11,mixed__r0p01__medium,mixed,0.01,MEDIUM,per_record_inference_sec,5,4.5093525664318196e-07,9.59374586998598e-08,3.029541666667986e-07,5.354349332871304e-07,3.318131680963109e-07,5.70057345190053e-07
logistic_regression,mutual_information_select_k_best_k11,mixed__r0p01__medium,mixed,0.01,MEDIUM,inference_cpu_time_sec,5,0.002754800999999816,0.0005938269942790937,0.0018459903000007216,0.00330485580000186,0.0020174674000413267,0.0034921345999583053
logistic_regression,mutual_information_select_k_best_k11,mixed__r0p01__medium,mixed,0.01,MEDIUM,inference_peak_rss_mib,5,804.671875,0.14660151566246254,804.51171875,804.828125,804.4898451759196,804.8539048240804
logistic_regression,mutual_information_select_k_best_k11,mixed__r0p01__medium,mixed,0.01,MEDIUM,peak_rss_mib,5,804.671875,0.14660151566246254,804.51171875,804.828125,804.4898451759196,804.8539048240804
logistic_regression,mutual_information_select_k_best_k11,mixed__r0p01__medium,mixed,0.01,MEDIUM,serialized_model_bytes,5,1353.2,13.386560424545209,1334.0,1366.0,1336.5783898610498,1369.8216101389503
logistic_regression,mutual_information_select_k_best_k11,mixed__r0p01__medium,mixed,0.01,MEDIUM,serialized_model_kib,5,1.321484375,0.01307281291459493,1.302734375,1.333984375,1.3052523338486814,1.3377164161513186
decision_tree,none_natural,mixed__r0p03__medium,mixed,0.03,MEDIUM,precision,5,0.20550316111846384,0.2628033339976339,0.03742110009017133,0.6666666666666666,-0.12081027731457683,0.5318165995515045
decision_tree,none_natural,mixed__r0p03__medium,mixed,0.03,MEDIUM,recall,5,0.30666666666666664,0.13616212196051486,0.16666666666666666,0.46111111111111114,0.13759906190913082,0.47573427142420244
decision_tree,none_natural,mixed__r0p03__medium,mixed,0.03,MEDIUM,f1,5,0.15272041353575808,0.08145446878284783,0.06922435362802336,0.26666666666666666,0.05158133215520316,0.253859494916313
decision_tree,none_natural,mixed__r0p03__medium,mixed,0.03,MEDIUM,average_precision,5,0.20004804759368197,0.013555037938005847,0.18688787725193473,0.2208843683864258,0.18321724499176054,0.2168788501956034
decision_tree,none_natural,mixed__r0p03__medium,mixed,0.03,MEDIUM,pr_auc_trapezoidal,5,0.24115288398071116,0.034445748566817064,0.2057979730226139,0.29205900076242025,0.19838283809408153,0.2839229298673408
decision_tree,none_natural,mixed__r0p03__medium,mixed,0.03,MEDIUM,roc_auc,5,0.5985439098892706,0.015014099813270782,0.5821506300114547,0.6176617983963345,0.5799014426856797,0.6171863770928616
decision_tree,none_natural,mixed__r0p03__medium,mixed,0.03,MEDIUM,TP,5,55.2,24.509181952892675,30.0,83.0,24.767831143643562,85.63216885635644
decision_tree,none_natural,mixed__r0p03__medium,mixed,0.03,MEDIUM,TN,5,4942.4,974.1903304796245,3685.0,5805.0,3732.7829392442613,6152.0170607557375
decision_tree,none_natural,mixed__r0p03__medium,mixed,0.03,MEDIUM,FP,5,877.6,974.1903304796245,15.0,2135.0,-332.01706075573827,2087.217060755738
decision_tree,none_natural,mixed__r0p03__medium,mixed,0.03,MEDIUM,FN,5,124.8,24.509181952892675,97.0,150.0,94.36783114364356,155.23216885635645
decision_tree,none_natural,mixed__r0p03__medium,mixed,0.03,MEDIUM,attack_prevalence,5,0.03,0.0,0.03,0.03,0.03,0.03
decision_tree,none_natural,mixed__r0p03__medium,mixed,0.03,MEDIUM,visible_feature_attack_count,5,103.0,0.0,103.0,103.0,103.0,103.0
decision_tree,none_natural,mixed__r0p03__medium,mixed,0.03,MEDIUM,invisible_feature_attack_count,5,77.0,0.0,77.0,77.0,77.0,77.0
decision_tree,none_natural,mixed__r0p03__medium,mixed,0.03,MEDIUM,selected_feature_visibility_rate,5,0.5722222222222222,0.0,0.5722222222222222,0.5722222222222222,0.5722222222222222,0.5722222222222222
decision_tree,none_natural,mixed__r0p03__medium,mixed,0.03,MEDIUM,visible_attack_recall,5,0.4233009708737864,0.13927894244993627,0.2912621359223301,0.5922330097087378,0.2503633223256691,0.5962386194219036
decision_tree,none_natural,mixed__r0p03__medium,mixed,0.03,MEDIUM,invisible_attack_recall,5,0.15064935064935064,0.1376255770570281,0.0,0.33766233766233766,-0.020235373614514912,0.3215340749132162
decision_tree,none_natural,mixed__r0p03__medium,mixed,0.03,MEDIUM,visible_attack_f1,5,0.17500240255865193,0.1431799354351734,0.04967320261437908,0.40540540540540543,-0.0027789685364835726,0.35278377365378744
decision_tree,none_natural,mixed__r0p03__medium,mixed,0.03,MEDIUM,paired_induced_attack_induced_detection_rate,5,0.16111111111111112,0.016197088596792503,0.1388888888888889,0.17777777777777778,0.14099976932474118,0.18122245289748107
decision_tree,none_natural,mixed__r0p03__medium,mixed,0.03,MEDIUM,paired_induced_mean_anomaly_score_delta,5,0.0947061495120773,0.007695577637367681,0.083562864826252,0.10467067714075588,0.08515082781436828,0.10426147120978632
decision_tree,none_natural,mixed__r0p03__medium,mixed,0.03,MEDIUM,paired_induced_median_anomaly_score_delta,5,0.0,0.0,0.0,0.0,0.0,0.0
decision_tree,none_natural,mixed__r0p03__medium,mixed,0.03,MEDIUM,selected_feature_count,5,43.0,0.0,43.0,43.0,43.0,43.0
decision_tree,none_natural,mixed__r0p03__medium,mixed,0.03,MEDIUM,source_block_count,5,10.0,0.0,10.0,10.0,10.0,10.0
decision_tree,none_natural,mixed__r0p03__medium,mixed,0.03,MEDIUM,selected_input_bytes,5,2064132.0,0.0,2064132.0,2064132.0,2064132.0,2064132.0
decision_tree,none_natural,mixed__r0p03__medium,mixed,0.03,MEDIUM,model_fit_wall_time_sec,0,,,,,,
decision_tree,none_natural,mixed__r0p03__medium,mixed,0.03,MEDIUM,model_fit_cpu_time_sec,0,,,,,,
decision_tree,none_natural,mixed__r0p03__medium,mixed,0.03,MEDIUM,model_fit_peak_rss_mib,0,,,,,,
decision_tree,none_natural,mixed__r0p03__medium,mixed,0.03,MEDIUM,combined_fit_wall_time_sec,0,,,,,,
decision_tree,none_natural,mixed__r0p03__medium,mixed,0.03,MEDIUM,inference_wall_time_sec,5,0.0048140187402896115,0.0020589864390973154,0.0022620629002631175,0.007788270900346106,0.002257449406070676,0.007370588074508547
decision_tree,none_natural,mixed__r0p03__medium,mixed,0.03,MEDIUM,per_record_inference_sec,5,8.023364567149351e-07,3.431644065162192e-07,3.770104833771863e-07,1.2980451500576842e-06,3.7624156767844587e-07,1.2284313457514244e-06
decision_tree,none_natural,mixed__r0p03__medium,mixed,0.03,MEDIUM,inference_cpu_time_sec,5,0.004943567319999146,0.0021677469848547792,0.0022761827999943306,0.008089893999999731,0.0022519539316880675,0.007635180708310225
decision_tree,none_natural,mixed__r0p03__medium,mixed,0.03,MEDIUM,inference_peak_rss_mib,5,805.0015625,0.44334302695630756,804.75390625,805.79296875,804.4510794245732,805.5520455754267
decision_tree,none_natural,mixed__r0p03__medium,mixed,0.03,MEDIUM,peak_rss_mib,5,805.0015625,0.44334302695630756,804.75390625,805.79296875,804.4510794245732,805.5520455754267
decision_tree,none_natural,mixed__r0p03__medium,mixed,0.03,MEDIUM,serialized_model_bytes,5,4132.0,327.90242451070714,3780.0,4420.0,3724.8553645610036,4539.144635438996
decision_tree,none_natural,mixed__r0p03__medium,mixed,0.03,MEDIUM,serialized_model_kib,5,4.03515625,0.32021721143623744,3.69140625,4.31640625,3.637554066954105,4.432758433045895
logistic_regression,none_natural,mixed__r0p03__medium,mixed,0.03,MEDIUM,precision,5,0.02985289751253336,0.002668621367327925,0.02556818181818182,0.03278688524590164,0.02653936643588234,0.03316642858918438
logistic_regression,none_natural,mixed__r0p03__medium,mixed,0.03,MEDIUM,recall,5,0.4322222222222223,0.09207820079545646,0.31666666666666665,0.5166666666666667,0.31789203527503596,0.5465524091694086
logistic_regression,none_natural,mixed__r0p03__medium,mixed,0.03,MEDIUM,f1,5,0.05576164344995103,0.005224839900315488,0.047655068078668684,0.06136282554405994,0.049274147849345584,0.06224913905055647
logistic_regression,none_natural,mixed__r0p03__medium,mixed,0.03,MEDIUM,average_precision,5,0.03282466955296395,0.0028015601689959633,0.029157188226588325,0.0359636419261172,0.02934607315231725,0.03630326595361066
logistic_regression,none_natural,mixed__r0p03__medium,mixed,0.03,MEDIUM,pr_auc_trapezoidal,5,0.031869324886507844,0.0025030779914787284,0.028599213196543564,0.03446076117936312,0.02876134305979005,0.03497730671322564
logistic_regression,none_natural,mixed__r0p03__medium,mixed,0.03,MEDIUM,roc_auc,5,0.504016418480336,0.01454877612757202,0.49204658266513934,0.5202348224513174,0.48595172694478905,0.5220811100158829
logistic_regression,none_natural,mixed__r0p03__medium,mixed,0.03,MEDIUM,TP,5,77.8,16.574076143182157,57.0,93.0,57.22056634950646,98.37943365049352
logistic_regression,none_natural,mixed__r0p03__medium,mixed,0.03,MEDIUM,TN,5,3301.8,421.1830955772086,2893.0,3947.0,2778.8321135693495,3824.767886430651
logistic_regression,none_natural,mixed__r0p03__medium,mixed,0.03,MEDIUM,FP,5,2518.2,421.1830955772086,1873.0,2927.0,1995.2321135693492,3041.1678864306505
logistic_regression,none_natural,mixed__r0p03__medium,mixed,0.03,MEDIUM,FN,5,102.2,16.574076143182157,87.0,123.0,81.62056634950648,122.77943365049353
logistic_regression,none_natural,mixed__r0p03__medium,mixed,0.03,MEDIUM,attack_prevalence,5,0.03,0.0,0.03,0.03,0.03,0.03
logistic_regression,none_natural,mixed__r0p03__medium,mixed,0.03,MEDIUM,visible_feature_attack_count,5,103.0,0.0,103.0,103.0,103.0,103.0
logistic_regression,none_natural,mixed__r0p03__medium,mixed,0.03,MEDIUM,invisible_feature_attack_count,5,77.0,0.0,77.0,77.0,77.0,77.0
logistic_regression,none_natural,mixed__r0p03__medium,mixed,0.03,MEDIUM,selected_feature_visibility_rate,5,0.5722222222222222,0.0,0.5722222222222222,0.5722222222222222,0.5722222222222222,0.5722222222222222
logistic_regression,none_natural,mixed__r0p03__medium,mixed,0.03,MEDIUM,visible_attack_recall,5,0.4349514563106796,0.12036485834073749,0.2815533980582524,0.5436893203883495,0.285498745059971,0.5844041675613882
logistic_regression,none_natural,mixed__r0p03__medium,mixed,0.03,MEDIUM,invisible_attack_recall,5,0.42857142857142855,0.05880120219569748,0.36363636363636365,0.5064935064935064,0.35556009275387285,0.5015827643889843
logistic_regression,none_natural,mixed__r0p03__medium,mixed,0.03,MEDIUM,visible_attack_f1,5,0.03316572121241893,0.005015373647368023,0.026792750197005517,0.0379041248606466,0.026938312316937208,0.03939313010790066
logistic_regression,none_natural,mixed__r0p03__medium,mixed,0.03,MEDIUM,paired_induced_attack_induced_detection_rate,5,0.026666666666666665,0.017302679447108265,0.005555555555555556,0.044444444444444446,0.005182552524715049,0.04815078080861828
logistic_regression,none_natural,mixed__r0p03__medium,mixed,0.03,MEDIUM,paired_induced_mean_anomaly_score_delta,5,0.0005176063517944397,0.0005029747629524328,-0.0001753601730814233,0.0012036771482725034,-0.00010691930336916477,0.001142132006958044
logistic_regression,none_natural,mixed__r0p03__medium,mixed,0.03,MEDIUM,paired_induced_median_anomaly_score_delta,5,0.0,0.0,0.0,0.0,0.0,0.0
logistic_regression,none_natural,mixed__r0p03__medium,mixed,0.03,MEDIUM,selected_feature_count,5,43.0,0.0,43.0,43.0,43.0,43.0
logistic_regression,none_natural,mixed__r0p03__medium,mixed,0.03,MEDIUM,source_block_count,5,10.0,0.0,10.0,10.0,10.0,10.0
logistic_regression,none_natural,mixed__r0p03__medium,mixed,0.03,MEDIUM,selected_input_bytes,5,2064132.0,0.0,2064132.0,2064132.0,2064132.0,2064132.0
logistic_regression,none_natural,mixed__r0p03__medium,mixed,0.03,MEDIUM,model_fit_wall_time_sec,5,0.49001829079934395,0.09719446902817075,0.4144513709979947,0.6605000540002948,0.3693354177824376,0.6107011638162503
logistic_regression,none_natural,mixed__r0p03__medium,mixed,0.03,MEDIUM,model_fit_cpu_time_sec,5,0.29261962500000005,0.07522294968955433,0.21856836799999968,0.4180874179999998,0.19921799653171318,0.3860212534682869
logistic_regression,none_natural,mixed__r0p03__medium,mixed,0.03,MEDIUM,model_fit_peak_rss_mib,5,182.0546875,0.12530480415894876,181.8984375,182.19140625,181.89910103587374,182.21027396412626
logistic_regression,none_natural,mixed__r0p03__medium,mixed,0.03,MEDIUM,combined_fit_wall_time_sec,5,0.49001829079934395,0.09719446902817075,0.4144513709979947,0.6605000540002948,0.3693354177824376,0.6107011638162503
logistic_regression,none_natural,mixed__r0p03__medium,mixed,0.03,MEDIUM,inference_wall_time_sec,5,0.007244333659764379,0.008795302997656186,0.0022003045000019484,0.022886220299551497,-0.003676477425727633,0.018165144745256392
logistic_regression,none_natural,mixed__r0p03__medium,mixed,0.03,MEDIUM,per_record_inference_sec,5,1.2073889432940633e-06,1.465883832942698e-06,3.667174166669914e-07,3.8143700499252496e-06,-6.127462376212724e-07,3.027524124209399e-06
logistic_regression,none_natural,mixed__r0p03__medium,mixed,0.03,MEDIUM,inference_cpu_time_sec,5,0.0073940848799998096,0.008948593799352695,0.0022219959000040037,0.023303206100001715,-0.0037170618752147,0.01850523163521432
logistic_regression,none_natural,mixed__r0p03__medium,mixed,0.03,MEDIUM,inference_peak_rss_mib,5,805.0015625,0.44334302695630756,804.75390625,805.79296875,804.4510794245732,805.5520455754267
logistic_regression,none_natural,mixed__r0p03__medium,mixed,0.03,MEDIUM,peak_rss_mib,5,805.0015625,0.44334302695630756,804.75390625,805.79296875,804.4510794245732,805.5520455754267
logistic_regression,none_natural,mixed__r0p03__medium,mixed,0.03,MEDIUM,serialized_model_bytes,5,2342.0,0.0,2342.0,2342.0,2342.0,2342.0
logistic_regression,none_natural,mixed__r0p03__medium,mixed,0.03,MEDIUM,serialized_model_kib,5,2.287109375,0.0,2.287109375,2.287109375,2.287109375,2.287109375
decision_tree,pairwise_correlation_filter_natural,mixed__r0p03__medium,mixed,0.03,MEDIUM,precision,5,0.20550316111846384,0.2628033339976339,0.03742110009017133,0.6666666666666666,-0.12081027731457683,0.5318165995515045
decision_tree,pairwise_correlation_filter_natural,mixed__r0p03__medium,mixed,0.03,MEDIUM,recall,5,0.30666666666666664,0.13616212196051486,0.16666666666666666,0.46111111111111114,0.13759906190913082,0.47573427142420244
decision_tree,pairwise_correlation_filter_natural,mixed__r0p03__medium,mixed,0.03,MEDIUM,f1,5,0.15272041353575808,0.08145446878284783,0.06922435362802336,0.26666666666666666,0.05158133215520316,0.253859494916313
decision_tree,pairwise_correlation_filter_natural,mixed__r0p03__medium,mixed,0.03,MEDIUM,average_precision,5,0.20004804759368197,0.013555037938005847,0.18688787725193473,0.2208843683864258,0.18321724499176054,0.2168788501956034
decision_tree,pairwise_correlation_filter_natural,mixed__r0p03__medium,mixed,0.03,MEDIUM,pr_auc_trapezoidal,5,0.24115288398071116,0.034445748566817064,0.2057979730226139,0.29205900076242025,0.19838283809408153,0.2839229298673408
decision_tree,pairwise_correlation_filter_natural,mixed__r0p03__medium,mixed,0.03,MEDIUM,roc_auc,5,0.5985439098892706,0.015014099813270782,0.5821506300114547,0.6176617983963345,0.5799014426856797,0.6171863770928616
decision_tree,pairwise_correlation_filter_natural,mixed__r0p03__medium,mixed,0.03,MEDIUM,TP,5,55.2,24.509181952892675,30.0,83.0,24.767831143643562,85.63216885635644
decision_tree,pairwise_correlation_filter_natural,mixed__r0p03__medium,mixed,0.03,MEDIUM,TN,5,4942.4,974.1903304796245,3685.0,5805.0,3732.7829392442613,6152.0170607557375
decision_tree,pairwise_correlation_filter_natural,mixed__r0p03__medium,mixed,0.03,MEDIUM,FP,5,877.6,974.1903304796245,15.0,2135.0,-332.01706075573827,2087.217060755738
decision_tree,pairwise_correlation_filter_natural,mixed__r0p03__medium,mixed,0.03,MEDIUM,FN,5,124.8,24.509181952892675,97.0,150.0,94.36783114364356,155.23216885635645
decision_tree,pairwise_correlation_filter_natural,mixed__r0p03__medium,mixed,0.03,MEDIUM,attack_prevalence,5,0.03,0.0,0.03,0.03,0.03,0.03
decision_tree,pairwise_correlation_filter_natural,mixed__r0p03__medium,mixed,0.03,MEDIUM,visible_feature_attack_count,5,103.0,0.0,103.0,103.0,103.0,103.0
decision_tree,pairwise_correlation_filter_natural,mixed__r0p03__medium,mixed,0.03,MEDIUM,invisible_feature_attack_count,5,77.0,0.0,77.0,77.0,77.0,77.0
decision_tree,pairwise_correlation_filter_natural,mixed__r0p03__medium,mixed,0.03,MEDIUM,selected_feature_visibility_rate,5,0.5722222222222222,0.0,0.5722222222222222,0.5722222222222222,0.5722222222222222,0.5722222222222222
decision_tree,pairwise_correlation_filter_natural,mixed__r0p03__medium,mixed,0.03,MEDIUM,visible_attack_recall,5,0.4233009708737864,0.13927894244993627,0.2912621359223301,0.5922330097087378,0.2503633223256691,0.5962386194219036
decision_tree,pairwise_correlation_filter_natural,mixed__r0p03__medium,mixed,0.03,MEDIUM,invisible_attack_recall,5,0.15064935064935064,0.1376255770570281,0.0,0.33766233766233766,-0.020235373614514912,0.3215340749132162
decision_tree,pairwise_correlation_filter_natural,mixed__r0p03__medium,mixed,0.03,MEDIUM,visible_attack_f1,5,0.17500240255865193,0.1431799354351734,0.04967320261437908,0.40540540540540543,-0.0027789685364835726,0.35278377365378744
decision_tree,pairwise_correlation_filter_natural,mixed__r0p03__medium,mixed,0.03,MEDIUM,paired_induced_attack_induced_detection_rate,5,0.16111111111111112,0.016197088596792503,0.1388888888888889,0.17777777777777778,0.14099976932474118,0.18122245289748107
decision_tree,pairwise_correlation_filter_natural,mixed__r0p03__medium,mixed,0.03,MEDIUM,paired_induced_mean_anomaly_score_delta,5,0.09470614951207737,0.00769557763736772,0.083562864826252,0.10467067714075592,0.0851508278143683,0.10426147120978645
decision_tree,pairwise_correlation_filter_natural,mixed__r0p03__medium,mixed,0.03,MEDIUM,paired_induced_median_anomaly_score_delta,5,0.0,0.0,0.0,0.0,0.0,0.0
decision_tree,pairwise_correlation_filter_natural,mixed__r0p03__medium,mixed,0.03,MEDIUM,selected_feature_count,5,42.0,0.0,42.0,42.0,42.0,42.0
decision_tree,pairwise_correlation_filter_natural,mixed__r0p03__medium,mixed,0.03,MEDIUM,source_block_count,5,9.0,0.0,9.0,9.0,9.0,9.0
decision_tree,pairwise_correlation_filter_natural,mixed__r0p03__medium,mixed,0.03,MEDIUM,selected_input_bytes,5,2016132.0,0.0,2016132.0,2016132.0,2016132.0,2016132.0
decision_tree,pairwise_correlation_filter_natural,mixed__r0p03__medium,mixed,0.03,MEDIUM,model_fit_wall_time_sec,0,,,,,,
decision_tree,pairwise_correlation_filter_natural,mixed__r0p03__medium,mixed,0.03,MEDIUM,model_fit_cpu_time_sec,0,,,,,,
decision_tree,pairwise_correlation_filter_natural,mixed__r0p03__medium,mixed,0.03,MEDIUM,model_fit_peak_rss_mib,0,,,,,,
decision_tree,pairwise_correlation_filter_natural,mixed__r0p03__medium,mixed,0.03,MEDIUM,combined_fit_wall_time_sec,0,,,,,,
decision_tree,pairwise_correlation_filter_natural,mixed__r0p03__medium,mixed,0.03,MEDIUM,inference_wall_time_sec,5,0.00332038783992175,0.0012296011603964783,0.0018798459001118316,0.0052760284997930285,0.0017936363469066574,0.0048471393329368425
decision_tree,pairwise_correlation_filter_natural,mixed__r0p03__medium,mixed,0.03,MEDIUM,per_record_inference_sec,5,5.533979733202917e-07,2.0493352673274634e-07,3.1330765001863863e-07,8.793380832988381e-07,2.9893939115110964e-07,8.078565554894736e-07
decision_tree,pairwise_correlation_filter_natural,mixed__r0p03__medium,mixed,0.03,MEDIUM,inference_cpu_time_sec,5,0.003413019100000838,0.0012553382226451703,0.001976195600002484,0.005429819400001179,0.00185431082337199,0.004971727376629686
decision_tree,pairwise_correlation_filter_natural,mixed__r0p03__medium,mixed,0.03,MEDIUM,inference_peak_rss_mib,5,805.01640625,0.43412481554127963,804.8203125,805.79296875,804.4773690958151,805.555443404185
decision_tree,pairwise_correlation_filter_natural,mixed__r0p03__medium,mixed,0.03,MEDIUM,peak_rss_mib,5,805.01640625,0.43412481554127963,804.8203125,805.79296875,804.4773690958151,805.555443404185
decision_tree,pairwise_correlation_filter_natural,mixed__r0p03__medium,mixed,0.03,MEDIUM,serialized_model_bytes,5,4116.0,327.90242451070714,3764.0,4404.0,3708.8553645610036,4523.144635438996
decision_tree,pairwise_correlation_filter_natural,mixed__r0p03__medium,mixed,0.03,MEDIUM,serialized_model_kib,5,4.01953125,0.32021721143623744,3.67578125,4.30078125,3.621929066954105,4.417133433045895
logistic_regression,pairwise_correlation_filter_natural,mixed__r0p03__medium,mixed,0.03,MEDIUM,precision,5,0.02985289751253336,0.002668621367327925,0.02556818181818182,0.03278688524590164,0.02653936643588234,0.03316642858918438
logistic_regression,pairwise_correlation_filter_natural,mixed__r0p03__medium,mixed,0.03,MEDIUM,recall,5,0.4322222222222223,0.09207820079545646,0.31666666666666665,0.5166666666666667,0.31789203527503596,0.5465524091694086
logistic_regression,pairwise_correlation_filter_natural,mixed__r0p03__medium,mixed,0.03,MEDIUM,f1,5,0.05576164344995103,0.005224839900315488,0.047655068078668684,0.06136282554405994,0.049274147849345584,0.06224913905055647
logistic_regression,pairwise_correlation_filter_natural,mixed__r0p03__medium,mixed,0.03,MEDIUM,average_precision,5,0.03282474952341385,0.0028010049545078154,0.02915727734192705,0.03596276031054724,0.029346842512608357,0.03630265653421934
logistic_regression,pairwise_correlation_filter_natural,mixed__r0p03__medium,mixed,0.03,MEDIUM,pr_auc_trapezoidal,5,0.031869399836468866,0.0025025146065942843,0.028599302923631574,0.03445990917480707,0.02876211754447922,0.03497668212845852
logistic_regression,pairwise_correlation_filter_natural,mixed__r0p03__medium,mixed,0.03,MEDIUM,roc_auc,5,0.504016036655212,0.014546155182091762,0.4920475372279496,0.5202329133256969,0.4859545994533092,0.5220774738571148
logistic_regression,pairwise_correlation_filter_natural,mixed__r0p03__medium,mixed,0.03,MEDIUM,TP,5,77.8,16.574076143182157,57.0,93.0,57.22056634950646,98.37943365049352
logistic_regression,pairwise_correlation_filter_natural,mixed__r0p03__medium,mixed,0.03,MEDIUM,TN,5,3301.8,421.1830955772086,2893.0,3947.0,2778.8321135693495,3824.767886430651
logistic_regression,pairwise_correlation_filter_natural,mixed__r0p03__medium,mixed,0.03,MEDIUM,FP,5,2518.2,421.1830955772086,1873.0,2927.0,1995.2321135693492,3041.1678864306505
logistic_regression,pairwise_correlation_filter_natural,mixed__r0p03__medium,mixed,0.03,MEDIUM,FN,5,102.2,16.574076143182157,87.0,123.0,81.62056634950648,122.77943365049353
logistic_regression,pairwise_correlation_filter_natural,mixed__r0p03__medium,mixed,0.03,MEDIUM,attack_prevalence,5,0.03,0.0,0.03,0.03,0.03,0.03
logistic_regression,pairwise_correlation_filter_natural,mixed__r0p03__medium,mixed,0.03,MEDIUM,visible_feature_attack_count,5,103.0,0.0,103.0,103.0,103.0,103.0
logistic_regression,pairwise_correlation_filter_natural,mixed__r0p03__medium,mixed,0.03,MEDIUM,invisible_feature_attack_count,5,77.0,0.0,77.0,77.0,77.0,77.0
logistic_regression,pairwise_correlation_filter_natural,mixed__r0p03__medium,mixed,0.03,MEDIUM,selected_feature_visibility_rate,5,0.5722222222222222,0.0,0.5722222222222222,0.5722222222222222,0.5722222222222222,0.5722222222222222
logistic_regression,pairwise_correlation_filter_natural,mixed__r0p03__medium,mixed,0.03,MEDIUM,visible_attack_recall,5,0.4349514563106796,0.12036485834073749,0.2815533980582524,0.5436893203883495,0.285498745059971,0.5844041675613882
logistic_regression,pairwise_correlation_filter_natural,mixed__r0p03__medium,mixed,0.03,MEDIUM,invisible_attack_recall,5,0.42857142857142855,0.05880120219569748,0.36363636363636365,0.5064935064935064,0.35556009275387285,0.5015827643889843
logistic_regression,pairwise_correlation_filter_natural,mixed__r0p03__medium,mixed,0.03,MEDIUM,visible_attack_f1,5,0.03316572121241893,0.005015373647368023,0.026792750197005517,0.0379041248606466,0.026938312316937208,0.03939313010790066
logistic_regression,pairwise_correlation_filter_natural,mixed__r0p03__medium,mixed,0.03,MEDIUM,paired_induced_attack_induced_detection_rate,5,0.026666666666666665,0.017302679447108265,0.005555555555555556,0.044444444444444446,0.005182552524715049,0.04815078080861828
logistic_regression,pairwise_correlation_filter_natural,mixed__r0p03__medium,mixed,0.03,MEDIUM,paired_induced_mean_anomaly_score_delta,5,0.0005177243672524137,0.0005030069646686969,-0.00017538909834921907,0.0012036527003590756,-0.00010684127162295643,0.0011422900061277838
logistic_regression,pairwise_correlation_filter_natural,mixed__r0p03__medium,mixed,0.03,MEDIUM,paired_induced_median_anomaly_score_delta,5,0.0,0.0,0.0,0.0,0.0,0.0
logistic_regression,pairwise_correlation_filter_natural,mixed__r0p03__medium,mixed,0.03,MEDIUM,selected_feature_count,5,42.0,0.0,42.0,42.0,42.0,42.0
logistic_regression,pairwise_correlation_filter_natural,mixed__r0p03__medium,mixed,0.03,MEDIUM,source_block_count,5,9.0,0.0,9.0,9.0,9.0,9.0
logistic_regression,pairwise_correlation_filter_natural,mixed__r0p03__medium,mixed,0.03,MEDIUM,selected_input_bytes,5,2016132.0,0.0,2016132.0,2016132.0,2016132.0,2016132.0
logistic_regression,pairwise_correlation_filter_natural,mixed__r0p03__medium,mixed,0.03,MEDIUM,model_fit_wall_time_sec,5,0.5226187851993018,0.1320858923339655,0.33173528499901295,0.6544766820006771,0.358612488017468,0.6866250823811357
logistic_regression,pairwise_correlation_filter_natural,mixed__r0p03__medium,mixed,0.03,MEDIUM,model_fit_cpu_time_sec,5,0.32897909459999986,0.11776488132572177,0.18253484599999936,0.47190246899999977,0.18275468120499616,0.47520350799500355
logistic_regression,pairwise_correlation_filter_natural,mixed__r0p03__medium,mixed,0.03,MEDIUM,model_fit_peak_rss_mib,5,181.35625,0.274181465592076,181.0546875,181.63671875,181.01580874519928,181.6966912548007
logistic_regression,pairwise_correlation_filter_natural,mixed__r0p03__medium,mixed,0.03,MEDIUM,combined_fit_wall_time_sec,5,0.5226187851993018,0.1320858923339655,0.33173528499901295,0.6544766820006771,0.358612488017468,0.6866250823811357
logistic_regression,pairwise_correlation_filter_natural,mixed__r0p03__medium,mixed,0.03,MEDIUM,inference_wall_time_sec,5,0.0033246581998537294,0.0005630517240818648,0.002669095099554397,0.00393136240018066,0.0026255371449341626,0.004023779254773296
logistic_regression,pairwise_correlation_filter_natural,mixed__r0p03__medium,mixed,0.03,MEDIUM,per_record_inference_sec,5,5.541096999756215e-07,9.384195401364417e-08,4.4484918325906616e-07,6.552270666967767e-07,4.3758952415569367e-07,6.706298757955493e-07
logistic_regression,pairwise_correlation_filter_natural,mixed__r0p03__medium,mixed,0.03,MEDIUM,inference_cpu_time_sec,5,0.003413740400001188,0.0005658400575884829,0.002682382199998301,0.003992050500005462,0.002711157171751466,0.00411632362825091
logistic_regression,pairwise_correlation_filter_natural,mixed__r0p03__medium,mixed,0.03,MEDIUM,inference_peak_rss_mib,5,805.01640625,0.43412481554127963,804.8203125,805.79296875,804.4773690958151,805.555443404185
logistic_regression,pairwise_correlation_filter_natural,mixed__r0p03__medium,mixed,0.03,MEDIUM,peak_rss_mib,5,805.01640625,0.43412481554127963,804.8203125,805.79296875,804.4773690958151,805.555443404185
logistic_regression,pairwise_correlation_filter_natural,mixed__r0p03__medium,mixed,0.03,MEDIUM,serialized_model_bytes,5,2310.0,0.0,2310.0,2310.0,2310.0,2310.0
logistic_regression,pairwise_correlation_filter_natural,mixed__r0p03__medium,mixed,0.03,MEDIUM,serialized_model_kib,5,2.255859375,0.0,2.255859375,2.255859375,2.255859375,2.255859375
decision_tree,mutual_information_select_k_best_k11,mixed__r0p03__medium,mixed,0.03,MEDIUM,precision,5,0.2358768445656727,0.30737284336490744,0.037693006357856496,0.7727272727272727,-0.1457769490663609,0.6175306381977064
decision_tree,mutual_information_select_k_best_k11,mixed__r0p03__medium,mixed,0.03,MEDIUM,recall,5,0.3,0.14038087520548087,0.18333333333333332,0.46111111111111114,0.12569412122088044,0.47430587877911956
decision_tree,mutual_information_select_k_best_k11,mixed__r0p03__medium,mixed,0.03,MEDIUM,f1,5,0.16100471763600543,0.09473346349132865,0.06968933669185558,0.30357142857142855,0.0433775865935785,0.2786318486784324
decision_tree,mutual_information_select_k_best_k11,mixed__r0p03__medium,mixed,0.03,MEDIUM,average_precision,5,0.20306849858788473,0.013821288088322916,0.18377345645852916,0.2179274906867676,0.185907102759798,0.22022989441597146
decision_tree,mutual_information_select_k_best_k11,mixed__r0p03__medium,mixed,0.03,MEDIUM,pr_auc_trapezoidal,5,0.23807607148817828,0.03489021399853645,0.20124558536269713,0.2958488404375838,0.19475414887653614,0.2813979940998204
decision_tree,mutual_information_select_k_best_k11,mixed__r0p03__medium,mixed,0.03,MEDIUM,roc_auc,5,0.6000910652920961,0.011411196316208677,0.5871234249713632,0.6139490263459335,0.5859221936498131,0.6142599369343791
decision_tree,mutual_information_select_k_best_k11,mixed__r0p03__medium,mixed,0.03,MEDIUM,TP,5,54.0,25.268557536986556,33.0,83.0,22.624941819758476,85.37505818024152
decision_tree,mutual_information_select_k_best_k11,mixed__r0p03__medium,mixed,0.03,MEDIUM,TN,5,4971.6,983.1990134250543,3701.0,5810.0,3750.797181959681,6192.40281804032
decision_tree,mutual_information_select_k_best_k11,mixed__r0p03__medium,mixed,0.03,MEDIUM,FP,5,848.4,983.1990134250542,10.0,2119.0,-372.4028180403194,2069.2028180403195
decision_tree,mutual_information_select_k_best_k11,mixed__r0p03__medium,mixed,0.03,MEDIUM,FN,5,126.0,25.268557536986556,97.0,147.0,94.62494181975848,157.37505818024152
decision_tree,mutual_information_select_k_best_k11,mixed__r0p03__medium,mixed,0.03,MEDIUM,attack_prevalence,5,0.03,0.0,0.03,0.03,0.03,0.03
decision_tree,mutual_information_select_k_best_k11,mixed__r0p03__medium,mixed,0.03,MEDIUM,visible_feature_attack_count,5,103.0,0.0,103.0,103.0,103.0,103.0
decision_tree,mutual_information_select_k_best_k11,mixed__r0p03__medium,mixed,0.03,MEDIUM,invisible_feature_attack_count,5,77.0,0.0,77.0,77.0,77.0,77.0
decision_tree,mutual_information_select_k_best_k11,mixed__r0p03__medium,mixed,0.03,MEDIUM,selected_feature_visibility_rate,5,0.5722222222222222,0.0,0.5722222222222222,0.5722222222222222,0.5722222222222222,0.5722222222222222
decision_tree,mutual_information_select_k_best_k11,mixed__r0p03__medium,mixed,0.03,MEDIUM,visible_attack_recall,5,0.41941747572815535,0.14075995883059753,0.3106796116504854,0.5922330097087378,0.2446409024594195,0.5941940489968912
decision_tree,mutual_information_select_k_best_k11,mixed__r0p03__medium,mixed,0.03,MEDIUM,invisible_attack_recall,5,0.14025974025974025,0.14589451085697264,0.012987012987012988,0.33766233766233766,-0.04089222140705484,0.32141170192653534
decision_tree,mutual_information_select_k_best_k11,mixed__r0p03__medium,mixed,0.03,MEDIUM,visible_attack_f1,5,0.19293354796838752,0.16385255881253305,0.050021939447125935,0.4520547945205479,-0.010516275322861368,0.3963833712596364
decision_tree,mutual_information_select_k_best_k11,mixed__r0p03__medium,mixed,0.03,MEDIUM,paired_induced_attack_induced_detection_rate,5,0.1622222222222222,0.02304049039258636,0.12777777777777777,0.18333333333333332,0.13361367480076528,0.19083076964367915
decision_tree,mutual_information_select_k_best_k11,mixed__r0p03__medium,mixed,0.03,MEDIUM,paired_induced_mean_anomaly_score_delta,5,0.09567678495300194,0.00772534666878553,0.08356286482625197,0.10489821565837179,0.08608450012071994,0.10526906978528394
decision_tree,mutual_information_select_k_best_k11,mixed__r0p03__medium,mixed,0.03,MEDIUM,paired_induced_median_anomaly_score_delta,5,0.0,0.0,0.0,0.0,0.0,0.0
decision_tree,mutual_information_select_k_best_k11,mixed__r0p03__medium,mixed,0.03,MEDIUM,selected_feature_count,5,11.0,0.0,11.0,11.0,11.0,11.0
decision_tree,mutual_information_select_k_best_k11,mixed__r0p03__medium,mixed,0.03,MEDIUM,source_block_count,5,5.0,0.7071067811865476,4.0,6.0,4.122010966914219,5.877989033085781
decision_tree,mutual_information_select_k_best_k11,mixed__r0p03__medium,mixed,0.03,MEDIUM,selected_input_bytes,5,528132.0,0.0,528132.0,528132.0,528132.0,528132.0
decision_tree,mutual_information_select_k_best_k11,mixed__r0p03__medium,mixed,0.03,MEDIUM,model_fit_wall_time_sec,0,,,,,,
decision_tree,mutual_information_select_k_best_k11,mixed__r0p03__medium,mixed,0.03,MEDIUM,model_fit_cpu_time_sec,0,,,,,,
decision_tree,mutual_information_select_k_best_k11,mixed__r0p03__medium,mixed,0.03,MEDIUM,model_fit_peak_rss_mib,0,,,,,,
decision_tree,mutual_information_select_k_best_k11,mixed__r0p03__medium,mixed,0.03,MEDIUM,combined_fit_wall_time_sec,0,,,,,,
decision_tree,mutual_information_select_k_best_k11,mixed__r0p03__medium,mixed,0.03,MEDIUM,inference_wall_time_sec,5,0.0025587985801394098,0.0005001335669995888,0.0018613801003084518,0.003186999100580579,0.0019378007357022968,0.0031797964245765227
decision_tree,mutual_information_select_k_best_k11,mixed__r0p03__medium,mixed,0.03,MEDIUM,per_record_inference_sec,5,4.264664300232349e-07,8.335559449993146e-08,3.102300167180753e-07,5.311665167634298e-07,3.2296678928371605e-07,5.299660707627538e-07
decision_tree,mutual_information_select_k_best_k11,mixed__r0p03__medium,mixed,0.03,MEDIUM,inference_cpu_time_sec,5,0.0026079330000015944,0.0005039913084206667,0.001859696899998653,0.00321274610000728,0.0019821451369275455,0.0032337208630756433
decision_tree,mutual_information_select_k_best_k11,mixed__r0p03__medium,mixed,0.03,MEDIUM,inference_peak_rss_mib,5,805.209375,0.5327457688233843,804.8203125,805.79296875,804.5478837586561,805.870866241344
decision_tree,mutual_information_select_k_best_k11,mixed__r0p03__medium,mixed,0.03,MEDIUM,peak_rss_mib,5,805.209375,0.5327457688233843,804.8203125,805.79296875,804.5478837586561,805.870866241344
decision_tree,mutual_information_select_k_best_k11,mixed__r0p03__medium,mixed,0.03,MEDIUM,serialized_model_bytes,5,3402.4,341.02903102228703,3028.0,3716.0,2978.9565298369753,3825.843470163025
decision_tree,mutual_information_select_k_best_k11,mixed__r0p03__medium,mixed,0.03,MEDIUM,serialized_model_kib,5,3.32265625,0.3330361631077022,2.95703125,3.62890625,2.909137236168921,3.736175263831079
logistic_regression,mutual_information_select_k_best_k11,mixed__r0p03__medium,mixed,0.03,MEDIUM,precision,5,0.031281044402164844,0.001957959826256754,0.02974186307519641,0.034292712798530314,0.028849916175970602,0.033712172628359086
logistic_regression,mutual_information_select_k_best_k11,mixed__r0p03__medium,mixed,0.03,MEDIUM,recall,5,0.5233333333333333,0.08083285605051917,0.42777777777777776,0.6222222222222222,0.4229660861033366,0.62370058056333
logistic_regression,mutual_information_select_k_best_k11,mixed__r0p03__medium,mixed,0.03,MEDIUM,f1,5,0.05898575944428887,0.0037699654704691703,0.05591866376180102,0.06500290191526407,0.05430472904513226,0.06366678984344547
logistic_regression,mutual_information_select_k_best_k11,mixed__r0p03__medium,mixed,0.03,MEDIUM,average_precision,5,0.03130427307079961,0.0012951444133893837,0.02970969616861573,0.032748664548867004,0.029696138880218,0.03291240726138122
logistic_regression,mutual_information_select_k_best_k11,mixed__r0p03__medium,mixed,0.03,MEDIUM,pr_auc_trapezoidal,5,0.03073870977063791,0.0011965082849547824,0.029293755924146323,0.03222741532641009,0.029253048509655846,0.03222437103161997
logistic_regression,mutual_information_select_k_best_k11,mixed__r0p03__medium,mixed,0.03,MEDIUM,roc_auc,5,0.5096257159221077,0.015663880257413044,0.4967726231386025,0.5325133638793432,0.49017643973428776,0.5290749921099277
logistic_regression,mutual_information_select_k_best_k11,mixed__r0p03__medium,mixed,0.03,MEDIUM,TP,5,94.2,14.549914089093447,77.0,112.0,76.1338954986006,112.26610450139941
logistic_regression,mutual_information_select_k_best_k11,mixed__r0p03__medium,mixed,0.03,MEDIUM,TN,5,2903.8,405.73414941313484,2362.0,3323.0,2400.0145138314833,3407.585486168517
logistic_regression,mutual_information_select_k_best_k11,mixed__r0p03__medium,mixed,0.03,MEDIUM,FP,5,2916.2,405.73414941313484,2497.0,3458.0,2412.414513831483,3419.9854861685167
logistic_regression,mutual_information_select_k_best_k11,mixed__r0p03__medium,mixed,0.03,MEDIUM,FN,5,85.8,14.549914089093447,68.0,103.0,67.73389549860059,103.8661045013994
logistic_regression,mutual_information_select_k_best_k11,mixed__r0p03__medium,mixed,0.03,MEDIUM,attack_prevalence,5,0.03,0.0,0.03,0.03,0.03,0.03
logistic_regression,mutual_information_select_k_best_k11,mixed__r0p03__medium,mixed,0.03,MEDIUM,visible_feature_attack_count,5,103.0,0.0,103.0,103.0,103.0,103.0
logistic_regression,mutual_information_select_k_best_k11,mixed__r0p03__medium,mixed,0.03,MEDIUM,invisible_feature_attack_count,5,77.0,0.0,77.0,77.0,77.0,77.0
logistic_regression,mutual_information_select_k_best_k11,mixed__r0p03__medium,mixed,0.03,MEDIUM,selected_feature_visibility_rate,5,0.5722222222222222,0.0,0.5722222222222222,0.5722222222222222,0.5722222222222222,0.5722222222222222
logistic_regression,mutual_information_select_k_best_k11,mixed__r0p03__medium,mixed,0.03,MEDIUM,visible_attack_recall,5,0.5184466019417476,0.07476358566282894,0.4077669902912621,0.5922330097087378,0.42561534924751604,0.6112778546359792
logistic_regression,mutual_information_select_k_best_k11,mixed__r0p03__medium,mixed,0.03,MEDIUM,invisible_attack_recall,5,0.5298701298701298,0.10118208405601274,0.4155844155844156,0.6623376623376623,0.40423597883445184,0.6555042809058078
logistic_regression,mutual_information_select_k_best_k11,mixed__r0p03__medium,mixed,0.03,MEDIUM,visible_attack_f1,5,0.03480561032128011,0.003047617854393065,0.03179409538228615,0.03914327917282127,0.03102149295119423,0.03858972769136598
logistic_regression,mutual_information_select_k_best_k11,mixed__r0p03__medium,mixed,0.03,MEDIUM,paired_induced_attack_induced_detection_rate,5,0.02222222222222222,0.005555555555555555,0.016666666666666666,0.027777777777777776,0.015324088898862493,0.029120355545581948
logistic_regression,mutual_information_select_k_best_k11,mixed__r0p03__medium,mixed,0.03,MEDIUM,paired_induced_mean_anomaly_score_delta,5,0.00022736848916310326,0.00040411902928339866,-8.79245554995396e-05,0.0009018295785434567,-0.0002744115604875444,0.000729148538813751
logistic_regression,mutual_information_select_k_best_k11,mixed__r0p03__medium,mixed,0.03,MEDIUM,paired_induced_median_anomaly_score_delta,5,0.0,0.0,0.0,0.0,0.0,0.0
logistic_regression,mutual_information_select_k_best_k11,mixed__r0p03__medium,mixed,0.03,MEDIUM,selected_feature_count,5,11.0,0.0,11.0,11.0,11.0,11.0
logistic_regression,mutual_information_select_k_best_k11,mixed__r0p03__medium,mixed,0.03,MEDIUM,source_block_count,5,5.0,0.7071067811865476,4.0,6.0,4.122010966914219,5.877989033085781
logistic_regression,mutual_information_select_k_best_k11,mixed__r0p03__medium,mixed,0.03,MEDIUM,selected_input_bytes,5,528132.0,0.0,528132.0,528132.0,528132.0,528132.0
logistic_regression,mutual_information_select_k_best_k11,mixed__r0p03__medium,mixed,0.03,MEDIUM,model_fit_wall_time_sec,5,0.27497685859998455,0.02091021720342391,0.24763035999785643,0.29918557299970416,0.24901339470385145,0.30094032249611763
logistic_regression,mutual_information_select_k_best_k11,mixed__r0p03__medium,mixed,0.03,MEDIUM,model_fit_cpu_time_sec,5,0.09213092119999988,0.014315567471356337,0.07548344399999962,0.10902960499999992,0.07435579645694569,0.10990604594305407
logistic_regression,mutual_information_select_k_best_k11,mixed__r0p03__medium,mixed,0.03,MEDIUM,model_fit_peak_rss_mib,5,163.92734375,0.3541635550567968,163.37890625,164.25390625,163.48759161420978,164.36709588579023
logistic_regression,mutual_information_select_k_best_k11,mixed__r0p03__medium,mixed,0.03,MEDIUM,combined_fit_wall_time_sec,5,0.27497685859998455,0.02091021720342391,0.24763035999785643,0.29918557299970416,0.24901339470385145,0.30094032249611763
logistic_regression,mutual_information_select_k_best_k11,mixed__r0p03__medium,mixed,0.03,MEDIUM,inference_wall_time_sec,5,0.004545573199866339,0.0027816762848319482,0.0018496486998628825,0.008583478999935324,0.0010916659023305648,0.007999480497402114
logistic_regression,mutual_information_select_k_best_k11,mixed__r0p03__medium,mixed,0.03,MEDIUM,per_record_inference_sec,5,7.575955333110565e-07,4.636127141386581e-07,3.082747833104804e-07,1.430579833322554e-06,1.8194431705509403e-07,1.333246749567019e-06
logistic_regression,mutual_information_select_k_best_k11,mixed__r0p03__medium,mixed,0.03,MEDIUM,inference_cpu_time_sec,5,0.004708116160002192,0.002944719189126679,0.0018539621000059014,0.008996447000004081,0.0010517643580409074,0.008364467961963476
logistic_regression,mutual_information_select_k_best_k11,mixed__r0p03__medium,mixed,0.03,MEDIUM,inference_peak_rss_mib,5,805.18515625,0.5570523422549436,804.69921875,805.79296875,804.4934844115064,805.8768280884935
logistic_regression,mutual_information_select_k_best_k11,mixed__r0p03__medium,mixed,0.03,MEDIUM,peak_rss_mib,5,805.18515625,0.5570523422549436,804.69921875,805.79296875,804.4934844115064,805.8768280884935
logistic_regression,mutual_information_select_k_best_k11,mixed__r0p03__medium,mixed,0.03,MEDIUM,serialized_model_bytes,5,1353.2,13.386560424545209,1334.0,1366.0,1336.5783898610498,1369.8216101389503
logistic_regression,mutual_information_select_k_best_k11,mixed__r0p03__medium,mixed,0.03,MEDIUM,serialized_model_kib,5,1.321484375,0.01307281291459493,1.302734375,1.333984375,1.3052523338486814,1.3377164161513186
decision_tree,none_natural,mixed__r0p05__medium,mixed,0.05,MEDIUM,precision,5,0.26538479924591335,0.29434746579123955,0.06532438478747203,0.7761194029850746,-0.10009585198987331,0.6308654504817
decision_tree,none_natural,mixed__r0p05__medium,mixed,0.05,MEDIUM,recall,5,0.30533333333333335,0.1423337236528606,0.17333333333333334,0.4866666666666667,0.12860267294315234,0.4820639937235144
decision_tree,none_natural,mixed__r0p05__medium,mixed,0.05,MEDIUM,f1,5,0.18900476213886783,0.07131060379599996,0.11518737672583826,0.28337874659400547,0.10046095271513163,0.27754857156260404
decision_tree,none_natural,mixed__r0p05__medium,mixed,0.05,MEDIUM,average_precision,5,0.22208384690725302,0.004786465708754925,0.2183880606900212,0.22917337773289193,0.21614066475805044,0.2280270290564556
decision_tree,none_natural,mixed__r0p05__medium,mixed,0.05,MEDIUM,pr_auc_trapezoidal,5,0.27016101700336037,0.03266022586731958,0.24223550783747616,0.324556061589544,0.22960799037067411,0.3107140436360466
decision_tree,none_natural,mixed__r0p05__medium,mixed,0.05,MEDIUM,roc_auc,5,0.6035330994152047,0.011182470453636862,0.5873637426900585,0.6154149122807018,0.5896482284419354,0.617417970388474
decision_tree,none_natural,mixed__r0p05__medium,mixed,0.05,MEDIUM,TP,5,91.6,42.70011709585818,52.0,146.0,38.580801882945686,144.6191981170543
decision_tree,none_natural,mixed__r0p05__medium,mixed,0.05,MEDIUM,TN,5,4841.4,952.9204059101684,3611.0,5685.0,3658.1930388266856,6024.606961173314
decision_tree,none_natural,mixed__r0p05__medium,mixed,0.05,MEDIUM,FP,5,858.6,952.9204059101684,15.0,2089.0,-324.60696117331383,2041.806961173314
decision_tree,none_natural,mixed__r0p05__medium,mixed,0.05,MEDIUM,FN,5,208.4,42.70011709585818,154.0,248.0,155.3808018829457,261.4191981170543
decision_tree,none_natural,mixed__r0p05__medium,mixed,0.05,MEDIUM,attack_prevalence,5,0.05,0.0,0.05,0.05,0.05,0.05
decision_tree,none_natural,mixed__r0p05__medium,mixed,0.05,MEDIUM,visible_feature_attack_count,5,171.0,0.0,171.0,171.0,171.0,171.0
decision_tree,none_natural,mixed__r0p05__medium,mixed,0.05,MEDIUM,invisible_feature_attack_count,5,129.0,0.0,129.0,129.0,129.0,129.0
decision_tree,none_natural,mixed__r0p05__medium,mixed,0.05,MEDIUM,selected_feature_visibility_rate,5,0.57,0.0,0.57,0.57,0.57,0.57
decision_tree,none_natural,mixed__r0p05__medium,mixed,0.05,MEDIUM,visible_attack_recall,5,0.4128654970760234,0.12580577131719164,0.30409356725146197,0.5614035087719298,0.2566570000650866,0.5690739940869601
decision_tree,none_natural,mixed__r0p05__medium,mixed,0.05,MEDIUM,invisible_attack_recall,5,0.16279069767441862,0.16562682650559302,0.0,0.3875968992248062,-0.04286216993448061,0.36844356528331784
decision_tree,none_natural,mixed__r0p05__medium,mixed,0.05,MEDIUM,visible_attack_f1,5,0.21695978530616383,0.14433596653451913,0.08149405772495756,0.4369747899159664,0.03774301201416566,0.39617655859816203
decision_tree,none_natural,mixed__r0p05__medium,mixed,0.05,MEDIUM,paired_induced_attack_induced_detection_rate,5,0.15933333333333333,0.0151657508881031,0.14333333333333334,0.17333333333333334,0.14050256644983397,0.17816410021683268
decision_tree,none_natural,mixed__r0p05__medium,mixed,0.05,MEDIUM,paired_induced_mean_anomaly_score_delta,5,0.09451243064263029,0.004343856071366962,0.08675753206877249,0.09676968188856577,0.0891188209454308,0.09990604033982978
decision_tree,none_natural,mixed__r0p05__medium,mixed,0.05,MEDIUM,paired_induced_median_anomaly_score_delta,5,0.0,0.0,0.0,0.0,0.0,0.0
decision_tree,none_natural,mixed__r0p05__medium,mixed,0.05,MEDIUM,selected_feature_count,5,43.0,0.0,43.0,43.0,43.0,43.0
decision_tree,none_natural,mixed__r0p05__medium,mixed,0.05,MEDIUM,source_block_count,5,10.0,0.0,10.0,10.0,10.0,10.0
decision_tree,none_natural,mixed__r0p05__medium,mixed,0.05,MEDIUM,selected_input_bytes,5,2064132.0,0.0,2064132.0,2064132.0,2064132.0,2064132.0
decision_tree,none_natural,mixed__r0p05__medium,mixed,0.05,MEDIUM,model_fit_wall_time_sec,0,,,,,,
decision_tree,none_natural,mixed__r0p05__medium,mixed,0.05,MEDIUM,model_fit_cpu_time_sec,0,,,,,,
decision_tree,none_natural,mixed__r0p05__medium,mixed,0.05,MEDIUM,model_fit_peak_rss_mib,0,,,,,,
decision_tree,none_natural,mixed__r0p05__medium,mixed,0.05,MEDIUM,combined_fit_wall_time_sec,0,,,,,,
decision_tree,none_natural,mixed__r0p05__medium,mixed,0.05,MEDIUM,inference_wall_time_sec,5,0.004544962019863306,0.004141259850231026,0.002444143300090218,0.011935563799488591,-0.0005970912433793576,0.00968701528310597
decision_tree,none_natural,mixed__r0p05__medium,mixed,0.05,MEDIUM,per_record_inference_sec,5,7.574936699772176e-07,6.902099750385043e-07,4.07357216681703e-07,1.9892606332480985e-06,-9.951520722989285e-08,1.6145025471843281e-06
decision_tree,none_natural,mixed__r0p05__medium,mixed,0.05,MEDIUM,inference_cpu_time_sec,5,0.004704133579998597,0.004306144892119569,0.0024886656000035145,0.012386692699999457,-0.0006426515035995528,0.010050918663596746
decision_tree,none_natural,mixed__r0p05__medium,mixed,0.05,MEDIUM,inference_peak_rss_mib,5,805.325,0.5557277327867318,804.69921875,805.80078125,804.6349728813948,806.0150271186053
decision_tree,none_natural,mixed__r0p05__medium,mixed,0.05,MEDIUM,peak_rss_mib,5,805.325,0.5557277327867318,804.69921875,805.80078125,804.6349728813948,806.0150271186053
decision_tree,none_natural,mixed__r0p05__medium,mixed,0.05,MEDIUM,serialized_model_bytes,5,4132.0,327.90242451070714,3780.0,4420.0,3724.8553645610036,4539.144635438996
decision_tree,none_natural,mixed__r0p05__medium,mixed,0.05,MEDIUM,serialized_model_kib,5,4.03515625,0.32021721143623744,3.69140625,4.31640625,3.637554066954105,4.432758433045895
logistic_regression,none_natural,mixed__r0p05__medium,mixed,0.05,MEDIUM,precision,5,0.048824376447069925,0.0025431218874503985,0.046228710462287104,0.05299275638581777,0.04566667355637625,0.0519820793377636
logistic_regression,none_natural,mixed__r0p05__medium,mixed,0.05,MEDIUM,recall,5,0.42333333333333334,0.07824463062870336,0.30666666666666664,0.49333333333333335,0.3261797924288436,0.520486874237823
logistic_regression,none_natural,mixed__r0p05__medium,mixed,0.05,MEDIUM,f1,5,0.0873482710095709,0.005279231126490594,0.0824295010845987,0.09510776599384195,0.08079323978160562,0.0939033022375362
logistic_regression,none_natural,mixed__r0p05__medium,mixed,0.05,MEDIUM,average_precision,5,0.051149797360171737,0.003092591785531444,0.047586258876705076,0.055502056864562326,0.047309837478933595,0.05498975724140988
logistic_regression,none_natural,mixed__r0p05__medium,mixed,0.05,MEDIUM,pr_auc_trapezoidal,5,0.05038061978673021,0.002956490081326287,0.04702662980790401,0.05463989404205821,0.04670965249169792,0.0540515870817625
logistic_regression,none_natural,mixed__r0p05__medium,mixed,0.05,MEDIUM,roc_auc,5,0.49399999999999994,0.015421630169901876,0.4780204678362573,0.5108198830409357,0.4748515170244046,0.5131484829755953
logistic_regression,none_natural,mixed__r0p05__medium,mixed,0.05,MEDIUM,TP,5,127.0,23.473389188611005,92.0,148.0,97.85393772865308,156.14606227134692
logistic_regression,none_natural,mixed__r0p05__medium,mixed,0.05,MEDIUM,TN,5,3230.4,413.3537226153891,2828.0,3861.0,2717.1535641045584,3743.6464358954418
logistic_regression,none_natural,mixed__r0p05__medium,mixed,0.05,MEDIUM,FP,5,2469.6,413.3537226153891,1839.0,2872.0,1956.3535641045582,2982.8464358954416
logistic_regression,none_natural,mixed__r0p05__medium,mixed,0.05,MEDIUM,FN,5,173.0,23.473389188611005,152.0,208.0,143.85393772865308,202.14606227134692
logistic_regression,none_natural,mixed__r0p05__medium,mixed,0.05,MEDIUM,attack_prevalence,5,0.05,0.0,0.05,0.05,0.05,0.05
logistic_regression,none_natural,mixed__r0p05__medium,mixed,0.05,MEDIUM,visible_feature_attack_count,5,171.0,0.0,171.0,171.0,171.0,171.0
logistic_regression,none_natural,mixed__r0p05__medium,mixed,0.05,MEDIUM,invisible_feature_attack_count,5,129.0,0.0,129.0,129.0,129.0,129.0
logistic_regression,none_natural,mixed__r0p05__medium,mixed,0.05,MEDIUM,selected_feature_visibility_rate,5,0.57,0.0,0.57,0.57,0.57,0.57
logistic_regression,none_natural,mixed__r0p05__medium,mixed,0.05,MEDIUM,visible_attack_recall,5,0.43625730994152045,0.0918705819258736,0.30994152046783624,0.52046783625731,0.3221849158700431,0.5503297040129977
logistic_regression,none_natural,mixed__r0p05__medium,mixed,0.05,MEDIUM,invisible_attack_recall,5,0.4062015503875968,0.06793458077583456,0.3023255813953488,0.4883720930232558,0.32184962720511046,0.49055347357008317
logistic_regression,none_natural,mixed__r0p05__medium,mixed,0.05,MEDIUM,visible_attack_f1,5,0.054646466821436014,0.004844803327170564,0.048723897911832945,0.0606281957633309,0.04863084895170573,0.060662084691166296
logistic_regression,none_natural,mixed__r0p05__medium,mixed,0.05,MEDIUM,paired_induced_attack_induced_detection_rate,5,0.026666666666666665,0.01715938356831167,0.006666666666666667,0.043333333333333335,0.005360477858507892,0.04797285547482544
logistic_regression,none_natural,mixed__r0p05__medium,mixed,0.05,MEDIUM,paired_induced_mean_anomaly_score_delta,5,0.00023849492737557494,0.0003211688295723051,-0.00028757439086179635,0.0005721336246787475,-0.00016028884564991361,0.0006372787004010636
logistic_regression,none_natural,mixed__r0p05__medium,mixed,0.05,MEDIUM,paired_induced_median_anomaly_score_delta,5,0.0,0.0,0.0,0.0,0.0,0.0
logistic_regression,none_natural,mixed__r0p05__medium,mixed,0.05,MEDIUM,selected_feature_count,5,43.0,0.0,43.0,43.0,43.0,43.0
logistic_regression,none_natural,mixed__r0p05__medium,mixed,0.05,MEDIUM,source_block_count,5,10.0,0.0,10.0,10.0,10.0,10.0
logistic_regression,none_natural,mixed__r0p05__medium,mixed,0.05,MEDIUM,selected_input_bytes,5,2064132.0,0.0,2064132.0,2064132.0,2064132.0,2064132.0
logistic_regression,none_natural,mixed__r0p05__medium,mixed,0.05,MEDIUM,model_fit_wall_time_sec,5,0.49001829079934395,0.09719446902817075,0.4144513709979947,0.6605000540002948,0.3693354177824376,0.6107011638162503
logistic_regression,none_natural,mixed__r0p05__medium,mixed,0.05,MEDIUM,model_fit_cpu_time_sec,5,0.29261962500000005,0.07522294968955433,0.21856836799999968,0.4180874179999998,0.19921799653171318,0.3860212534682869
logistic_regression,none_natural,mixed__r0p05__medium,mixed,0.05,MEDIUM,model_fit_peak_rss_mib,5,182.0546875,0.12530480415894876,181.8984375,182.19140625,181.89910103587374,182.21027396412626
logistic_regression,none_natural,mixed__r0p05__medium,mixed,0.05,MEDIUM,combined_fit_wall_time_sec,5,0.49001829079934395,0.09719446902817075,0.4144513709979947,0.6605000540002948,0.3693354177824376,0.6107011638162503
logistic_regression,none_natural,mixed__r0p05__medium,mixed,0.05,MEDIUM,inference_wall_time_sec,5,0.0024862504401244223,0.0010192959084854981,0.0016806153005745727,0.003947848299867473,0.0012206274070405748,0.0037518734732082696
logistic_regression,none_natural,mixed__r0p05__medium,mixed,0.05,MEDIUM,per_record_inference_sec,5,4.1437507335407036e-07,1.698826514142497e-07,2.801025500957621e-07,6.579747166445789e-07,2.0343790117342908e-07,6.253122455347116e-07
logistic_regression,none_natural,mixed__r0p05__medium,mixed,0.05,MEDIUM,inference_cpu_time_sec,5,0.002564003120000962,0.0010793615884771685,0.0017311408999944433,0.004135036300010597,0.0012237986945437696,0.003904207545458154
logistic_regression,none_natural,mixed__r0p05__medium,mixed,0.05,MEDIUM,inference_peak_rss_mib,5,805.73046875,0.0900557959640508,805.59375,805.80078125,805.6186497103217,805.8422877896783
logistic_regression,none_natural,mixed__r0p05__medium,mixed,0.05,MEDIUM,peak_rss_mib,5,805.73046875,0.0900557959640508,805.59375,805.80078125,805.6186497103217,805.8422877896783
logistic_regression,none_natural,mixed__r0p05__medium,mixed,0.05,MEDIUM,serialized_model_bytes,5,2342.0,0.0,2342.0,2342.0,2342.0,2342.0
logistic_regression,none_natural,mixed__r0p05__medium,mixed,0.05,MEDIUM,serialized_model_kib,5,2.287109375,0.0,2.287109375,2.287109375,2.287109375,2.287109375
decision_tree,pairwise_correlation_filter_natural,mixed__r0p05__medium,mixed,0.05,MEDIUM,precision,5,0.26538479924591335,0.29434746579123955,0.06532438478747203,0.7761194029850746,-0.10009585198987331,0.6308654504817
decision_tree,pairwise_correlation_filter_natural,mixed__r0p05__medium,mixed,0.05,MEDIUM,recall,5,0.30533333333333335,0.1423337236528606,0.17333333333333334,0.4866666666666667,0.12860267294315234,0.4820639937235144
decision_tree,pairwise_correlation_filter_natural,mixed__r0p05__medium,mixed,0.05,MEDIUM,f1,5,0.18900476213886783,0.07131060379599996,0.11518737672583826,0.28337874659400547,0.10046095271513163,0.27754857156260404
decision_tree,pairwise_correlation_filter_natural,mixed__r0p05__medium,mixed,0.05,MEDIUM,average_precision,5,0.22208384690725302,0.004786465708754925,0.2183880606900212,0.22917337773289193,0.21614066475805044,0.2280270290564556
decision_tree,pairwise_correlation_filter_natural,mixed__r0p05__medium,mixed,0.05,MEDIUM,pr_auc_trapezoidal,5,0.27016101700336037,0.03266022586731958,0.24223550783747616,0.324556061589544,0.22960799037067411,0.3107140436360466
decision_tree,pairwise_correlation_filter_natural,mixed__r0p05__medium,mixed,0.05,MEDIUM,roc_auc,5,0.6035330994152047,0.011182470453636862,0.5873637426900585,0.6154149122807018,0.5896482284419354,0.617417970388474
decision_tree,pairwise_correlation_filter_natural,mixed__r0p05__medium,mixed,0.05,MEDIUM,TP,5,91.6,42.70011709585818,52.0,146.0,38.580801882945686,144.6191981170543
decision_tree,pairwise_correlation_filter_natural,mixed__r0p05__medium,mixed,0.05,MEDIUM,TN,5,4841.4,952.9204059101684,3611.0,5685.0,3658.1930388266856,6024.606961173314
decision_tree,pairwise_correlation_filter_natural,mixed__r0p05__medium,mixed,0.05,MEDIUM,FP,5,858.6,952.9204059101684,15.0,2089.0,-324.60696117331383,2041.806961173314
decision_tree,pairwise_correlation_filter_natural,mixed__r0p05__medium,mixed,0.05,MEDIUM,FN,5,208.4,42.70011709585818,154.0,248.0,155.3808018829457,261.4191981170543
decision_tree,pairwise_correlation_filter_natural,mixed__r0p05__medium,mixed,0.05,MEDIUM,attack_prevalence,5,0.05,0.0,0.05,0.05,0.05,0.05
decision_tree,pairwise_correlation_filter_natural,mixed__r0p05__medium,mixed,0.05,MEDIUM,visible_feature_attack_count,5,171.0,0.0,171.0,171.0,171.0,171.0
decision_tree,pairwise_correlation_filter_natural,mixed__r0p05__medium,mixed,0.05,MEDIUM,invisible_feature_attack_count,5,129.0,0.0,129.0,129.0,129.0,129.0
decision_tree,pairwise_correlation_filter_natural,mixed__r0p05__medium,mixed,0.05,MEDIUM,selected_feature_visibility_rate,5,0.57,0.0,0.57,0.57,0.57,0.57
decision_tree,pairwise_correlation_filter_natural,mixed__r0p05__medium,mixed,0.05,MEDIUM,visible_attack_recall,5,0.4128654970760234,0.12580577131719164,0.30409356725146197,0.5614035087719298,0.2566570000650866,0.5690739940869601
decision_tree,pairwise_correlation_filter_natural,mixed__r0p05__medium,mixed,0.05,MEDIUM,invisible_attack_recall,5,0.16279069767441862,0.16562682650559302,0.0,0.3875968992248062,-0.04286216993448061,0.36844356528331784
decision_tree,pairwise_correlation_filter_natural,mixed__r0p05__medium,mixed,0.05,MEDIUM,visible_attack_f1,5,0.21695978530616383,0.14433596653451913,0.08149405772495756,0.4369747899159664,0.03774301201416566,0.39617655859816203
decision_tree,pairwise_correlation_filter_natural,mixed__r0p05__medium,mixed,0.05,MEDIUM,paired_induced_attack_induced_detection_rate,5,0.15933333333333333,0.0151657508881031,0.14333333333333334,0.17333333333333334,0.14050256644983397,0.17816410021683268
decision_tree,pairwise_correlation_filter_natural,mixed__r0p05__medium,mixed,0.05,MEDIUM,paired_induced_mean_anomaly_score_delta,5,0.09451243064263025,0.004343856071367155,0.08675753206877213,0.09676968188856622,0.08911882094543053,0.09990604033982997
decision_tree,pairwise_correlation_filter_natural,mixed__r0p05__medium,mixed,0.05,MEDIUM,paired_induced_median_anomaly_score_delta,5,0.0,0.0,0.0,0.0,0.0,0.0
decision_tree,pairwise_correlation_filter_natural,mixed__r0p05__medium,mixed,0.05,MEDIUM,selected_feature_count,5,42.0,0.0,42.0,42.0,42.0,42.0
decision_tree,pairwise_correlation_filter_natural,mixed__r0p05__medium,mixed,0.05,MEDIUM,source_block_count,5,9.0,0.0,9.0,9.0,9.0,9.0
decision_tree,pairwise_correlation_filter_natural,mixed__r0p05__medium,mixed,0.05,MEDIUM,selected_input_bytes,5,2016132.0,0.0,2016132.0,2016132.0,2016132.0,2016132.0
decision_tree,pairwise_correlation_filter_natural,mixed__r0p05__medium,mixed,0.05,MEDIUM,model_fit_wall_time_sec,0,,,,,,
decision_tree,pairwise_correlation_filter_natural,mixed__r0p05__medium,mixed,0.05,MEDIUM,model_fit_cpu_time_sec,0,,,,,,
decision_tree,pairwise_correlation_filter_natural,mixed__r0p05__medium,mixed,0.05,MEDIUM,model_fit_peak_rss_mib,0,,,,,,
decision_tree,pairwise_correlation_filter_natural,mixed__r0p05__medium,mixed,0.05,MEDIUM,combined_fit_wall_time_sec,0,,,,,,
decision_tree,pairwise_correlation_filter_natural,mixed__r0p05__medium,mixed,0.05,MEDIUM,inference_wall_time_sec,5,0.0024763071601046245,0.0006723271756326588,0.0017353989998809994,0.0033528658001159783,0.0016415027111068695,0.0033111116091023795
decision_tree,pairwise_correlation_filter_natural,mixed__r0p05__medium,mixed,0.05,MEDIUM,per_record_inference_sec,5,4.1271786001743747e-07,1.1205452927210979e-07,2.892331666468332e-07,5.588109666859963e-07,2.7358378518447833e-07,5.518519348503966e-07
decision_tree,pairwise_correlation_filter_natural,mixed__r0p05__medium,mixed,0.05,MEDIUM,inference_cpu_time_sec,5,0.0025524008000002143,0.0007187034461492706,0.0017765829999916605,0.0034899160000009034,0.001660012605530978,0.0034447889944694506
decision_tree,pairwise_correlation_filter_natural,mixed__r0p05__medium,mixed,0.05,MEDIUM,inference_peak_rss_mib,5,805.55625,0.47949596644386644,804.703125,805.80078125,804.9608771211822,806.1516228788178
decision_tree,pairwise_correlation_filter_natural,mixed__r0p05__medium,mixed,0.05,MEDIUM,peak_rss_mib,5,805.55625,0.47949596644386644,804.703125,805.80078125,804.9608771211822,806.1516228788178
decision_tree,pairwise_correlation_filter_natural,mixed__r0p05__medium,mixed,0.05,MEDIUM,serialized_model_bytes,5,4116.0,327.90242451070714,3764.0,4404.0,3708.8553645610036,4523.144635438996
decision_tree,pairwise_correlation_filter_natural,mixed__r0p05__medium,mixed,0.05,MEDIUM,serialized_model_kib,5,4.01953125,0.32021721143623744,3.67578125,4.30078125,3.621929066954105,4.417133433045895
logistic_regression,pairwise_correlation_filter_natural,mixed__r0p05__medium,mixed,0.05,MEDIUM,precision,5,0.048824376447069925,0.0025431218874503985,0.046228710462287104,0.05299275638581777,0.04566667355637625,0.0519820793377636
logistic_regression,pairwise_correlation_filter_natural,mixed__r0p05__medium,mixed,0.05,MEDIUM,recall,5,0.42333333333333334,0.07824463062870336,0.30666666666666664,0.49333333333333335,0.3261797924288436,0.520486874237823
logistic_regression,pairwise_correlation_filter_natural,mixed__r0p05__medium,mixed,0.05,MEDIUM,f1,5,0.0873482710095709,0.005279231126490594,0.0824295010845987,0.09510776599384195,0.08079323978160562,0.0939033022375362
logistic_regression,pairwise_correlation_filter_natural,mixed__r0p05__medium,mixed,0.05,MEDIUM,average_precision,5,0.05114995951986866,0.0030920143607348345,0.04758644944195165,0.055501364632668505,0.04731071660621214,0.054989202433525175
logistic_regression,pairwise_correlation_filter_natural,mixed__r0p05__medium,mixed,0.05,MEDIUM,pr_auc_trapezoidal,5,0.05038077168126145,0.0029559505591219334,0.04702682016668273,0.054639207130961515,0.04671047429152654,0.054051069070996355
logistic_regression,pairwise_correlation_filter_natural,mixed__r0p05__medium,mixed,0.05,MEDIUM,roc_auc,5,0.493998947368421,0.01541962070029456,0.47802105263157896,0.5108181286549708,0.4748529594788925,0.5131449352579495
logistic_regression,pairwise_correlation_filter_natural,mixed__r0p05__medium,mixed,0.05,MEDIUM,TP,5,127.0,23.473389188611005,92.0,148.0,97.85393772865308,156.14606227134692
logistic_regression,pairwise_correlation_filter_natural,mixed__r0p05__medium,mixed,0.05,MEDIUM,TN,5,3230.4,413.3537226153891,2828.0,3861.0,2717.1535641045584,3743.6464358954418
logistic_regression,pairwise_correlation_filter_natural,mixed__r0p05__medium,mixed,0.05,MEDIUM,FP,5,2469.6,413.3537226153891,1839.0,2872.0,1956.3535641045582,2982.8464358954416
logistic_regression,pairwise_correlation_filter_natural,mixed__r0p05__medium,mixed,0.05,MEDIUM,FN,5,173.0,23.473389188611005,152.0,208.0,143.85393772865308,202.14606227134692
logistic_regression,pairwise_correlation_filter_natural,mixed__r0p05__medium,mixed,0.05,MEDIUM,attack_prevalence,5,0.05,0.0,0.05,0.05,0.05,0.05
logistic_regression,pairwise_correlation_filter_natural,mixed__r0p05__medium,mixed,0.05,MEDIUM,visible_feature_attack_count,5,171.0,0.0,171.0,171.0,171.0,171.0
logistic_regression,pairwise_correlation_filter_natural,mixed__r0p05__medium,mixed,0.05,MEDIUM,invisible_feature_attack_count,5,129.0,0.0,129.0,129.0,129.0,129.0
logistic_regression,pairwise_correlation_filter_natural,mixed__r0p05__medium,mixed,0.05,MEDIUM,selected_feature_visibility_rate,5,0.57,0.0,0.57,0.57,0.57,0.57
logistic_regression,pairwise_correlation_filter_natural,mixed__r0p05__medium,mixed,0.05,MEDIUM,visible_attack_recall,5,0.43625730994152045,0.0918705819258736,0.30994152046783624,0.52046783625731,0.3221849158700431,0.5503297040129977
logistic_regression,pairwise_correlation_filter_natural,mixed__r0p05__medium,mixed,0.05,MEDIUM,invisible_attack_recall,5,0.4062015503875968,0.06793458077583456,0.3023255813953488,0.4883720930232558,0.32184962720511046,0.49055347357008317
logistic_regression,pairwise_correlation_filter_natural,mixed__r0p05__medium,mixed,0.05,MEDIUM,visible_attack_f1,5,0.054646466821436014,0.004844803327170564,0.048723897911832945,0.0606281957633309,0.04863084895170573,0.060662084691166296
logistic_regression,pairwise_correlation_filter_natural,mixed__r0p05__medium,mixed,0.05,MEDIUM,paired_induced_attack_induced_detection_rate,5,0.026666666666666665,0.01715938356831167,0.006666666666666667,0.043333333333333335,0.005360477858507892,0.04797285547482544
logistic_regression,pairwise_correlation_filter_natural,mixed__r0p05__medium,mixed,0.05,MEDIUM,paired_induced_mean_anomaly_score_delta,5,0.00023855154757749185,0.00032120125114161447,-0.00028762831079346036,0.0005721056384112114,-0.0001602724821433735,0.0006373755772983573
logistic_regression,pairwise_correlation_filter_natural,mixed__r0p05__medium,mixed,0.05,MEDIUM,paired_induced_median_anomaly_score_delta,5,0.0,0.0,0.0,0.0,0.0,0.0
logistic_regression,pairwise_correlation_filter_natural,mixed__r0p05__medium,mixed,0.05,MEDIUM,selected_feature_count,5,42.0,0.0,42.0,42.0,42.0,42.0
logistic_regression,pairwise_correlation_filter_natural,mixed__r0p05__medium,mixed,0.05,MEDIUM,source_block_count,5,9.0,0.0,9.0,9.0,9.0,9.0
logistic_regression,pairwise_correlation_filter_natural,mixed__r0p05__medium,mixed,0.05,MEDIUM,selected_input_bytes,5,2016132.0,0.0,2016132.0,2016132.0,2016132.0,2016132.0
logistic_regression,pairwise_correlation_filter_natural,mixed__r0p05__medium,mixed,0.05,MEDIUM,model_fit_wall_time_sec,5,0.5226187851993018,0.1320858923339655,0.33173528499901295,0.6544766820006771,0.358612488017468,0.6866250823811357
logistic_regression,pairwise_correlation_filter_natural,mixed__r0p05__medium,mixed,0.05,MEDIUM,model_fit_cpu_time_sec,5,0.32897909459999986,0.11776488132572177,0.18253484599999936,0.47190246899999977,0.18275468120499616,0.47520350799500355
logistic_regression,pairwise_correlation_filter_natural,mixed__r0p05__medium,mixed,0.05,MEDIUM,model_fit_peak_rss_mib,5,181.35625,0.274181465592076,181.0546875,181.63671875,181.01580874519928,181.6966912548007
logistic_regression,pairwise_correlation_filter_natural,mixed__r0p05__medium,mixed,0.05,MEDIUM,combined_fit_wall_time_sec,5,0.5226187851993018,0.1320858923339655,0.33173528499901295,0.6544766820006771,0.358612488017468,0.6866250823811357
logistic_regression,pairwise_correlation_filter_natural,mixed__r0p05__medium,mixed,0.05,MEDIUM,inference_wall_time_sec,5,0.0021194089400523807,8.669235990489518e-05,0.0020071735998499207,0.00222366950038122,0.0020117661578390633,0.002227051722265698
logistic_regression,pairwise_correlation_filter_natural,mixed__r0p05__medium,mixed,0.05,MEDIUM,per_record_inference_sec,5,3.532348233420634e-07,1.444872665081586e-08,3.345289333083201e-07,3.7061158339687e-07,3.352943596398439e-07,3.7117528704428296e-07
logistic_regression,pairwise_correlation_filter_natural,mixed__r0p05__medium,mixed,0.05,MEDIUM,inference_cpu_time_sec,5,0.0021390213599988784,6.367008582297106e-05,0.002079947800007176,0.0022458961999973328,0.0020599645066698884,0.0022180782133278685
logistic_regression,pairwise_correlation_filter_natural,mixed__r0p05__medium,mixed,0.05,MEDIUM,inference_peak_rss_mib,5,805.54296875,0.4655407720589237,804.71875,805.83203125,804.964923533638,806.121013966362
logistic_regression,pairwise_correlation_filter_natural,mixed__r0p05__medium,mixed,0.05,MEDIUM,peak_rss_mib,5,805.54296875,0.4655407720589237,804.71875,805.83203125,804.964923533638,806.121013966362
logistic_regression,pairwise_correlation_filter_natural,mixed__r0p05__medium,mixed,0.05,MEDIUM,serialized_model_bytes,5,2310.0,0.0,2310.0,2310.0,2310.0,2310.0
logistic_regression,pairwise_correlation_filter_natural,mixed__r0p05__medium,mixed,0.05,MEDIUM,serialized_model_kib,5,2.255859375,0.0,2.255859375,2.255859375,2.255859375,2.255859375
decision_tree,mutual_information_select_k_best_k11,mixed__r0p05__medium,mixed,0.05,MEDIUM,precision,5,0.2934696602397576,0.3199970476565835,0.06666666666666667,0.8387096774193549,-0.10385915336723206,0.6907984738467473
decision_tree,mutual_information_select_k_best_k11,mixed__r0p05__medium,mixed,0.05,MEDIUM,recall,5,0.3,0.14994443415256645,0.17333333333333334,0.49333333333333335,0.11381939438157535,0.48618060561842463
decision_tree,mutual_information_select_k_best_k11,mixed__r0p05__medium,mixed,0.05,MEDIUM,f1,5,0.1921208433666347,0.07266582112113847,0.11746031746031746,0.287292817679558,0.10189430938053069,0.28234737735273874
decision_tree,mutual_information_select_k_best_k11,mixed__r0p05__medium,mixed,0.05,MEDIUM,average_precision,5,0.2249411903498859,0.006803165525792342,0.21636359931502117,0.23491953570092283,0.21649394464268187,0.23338843605708995
decision_tree,mutual_information_select_k_best_k11,mixed__r0p05__medium,mixed,0.05,MEDIUM,pr_auc_trapezoidal,5,0.2708705498427765,0.03079245765071753,0.23938042299937512,0.3218654698963904,0.23263666376163608,0.3091044359239169
decision_tree,mutual_information_select_k_best_k11,mixed__r0p05__medium,mixed,0.05,MEDIUM,roc_auc,5,0.6054946198830409,0.009091297091635784,0.5904052631578948,0.6132549707602339,0.5942062835873732,0.6167829561787086
decision_tree,mutual_information_select_k_best_k11,mixed__r0p05__medium,mixed,0.05,MEDIUM,TP,5,90.0,44.983330245769935,52.0,148.0,34.1458183144726,145.8541816855274
decision_tree,mutual_information_select_k_best_k11,mixed__r0p05__medium,mixed,0.05,MEDIUM,TN,5,4869.6,960.5794084821931,3628.0,5690.0,3676.8831310708456,6062.316868929155
decision_tree,mutual_information_select_k_best_k11,mixed__r0p05__medium,mixed,0.05,MEDIUM,FP,5,830.4,960.5794084821931,10.0,2072.0,-362.31686892915457,2023.1168689291544
decision_tree,mutual_information_select_k_best_k11,mixed__r0p05__medium,mixed,0.05,MEDIUM,FN,5,210.0,44.983330245769935,152.0,248.0,154.1458183144726,265.8541816855274
decision_tree,mutual_information_select_k_best_k11,mixed__r0p05__medium,mixed,0.05,MEDIUM,attack_prevalence,5,0.05,0.0,0.05,0.05,0.05,0.05
decision_tree,mutual_information_select_k_best_k11,mixed__r0p05__medium,mixed,0.05,MEDIUM,visible_feature_attack_count,5,171.0,0.0,171.0,171.0,171.0,171.0
decision_tree,mutual_information_select_k_best_k11,mixed__r0p05__medium,mixed,0.05,MEDIUM,invisible_feature_attack_count,5,129.0,0.0,129.0,129.0,129.0,129.0
decision_tree,mutual_information_select_k_best_k11,mixed__r0p05__medium,mixed,0.05,MEDIUM,selected_feature_visibility_rate,5,0.57,0.0,0.57,0.57,0.57,0.57
decision_tree,mutual_information_select_k_best_k11,mixed__r0p05__medium,mixed,0.05,MEDIUM,visible_attack_recall,5,0.4093567251461988,0.12885417857620293,0.2982456140350877,0.5614035087719298,0.24936313058988172,0.5693503197025159
decision_tree,mutual_information_select_k_best_k11,mixed__r0p05__medium,mixed,0.05,MEDIUM,invisible_attack_recall,5,0.15503875968992248,0.17997188784874263,0.007751937984496124,0.40310077519379844,-0.06842585414080432,0.3785033735206493
decision_tree,mutual_information_select_k_best_k11,mixed__r0p05__medium,mixed,0.05,MEDIUM,visible_attack_f1,5,0.22955718069911607,0.1508625954954502,0.08208636169303121,0.4396551724137931,0.04223652719668933,0.4168778342015428
decision_tree,mutual_information_select_k_best_k11,mixed__r0p05__medium,mixed,0.05,MEDIUM,paired_induced_attack_induced_detection_rate,5,0.16133333333333333,0.020221001184137468,0.13666666666666666,0.18333333333333332,0.1362256441553342,0.18644102251133246
decision_tree,mutual_information_select_k_best_k11,mixed__r0p05__medium,mixed,0.05,MEDIUM,paired_induced_mean_anomaly_score_delta,5,0.09558623023292315,0.00502449403130154,0.08676572469905715,0.09892234637478584,0.08934749688506137,0.10182496358078492
decision_tree,mutual_information_select_k_best_k11,mixed__r0p05__medium,mixed,0.05,MEDIUM,paired_induced_median_anomaly_score_delta,5,0.0,0.0,0.0,0.0,0.0,0.0
decision_tree,mutual_information_select_k_best_k11,mixed__r0p05__medium,mixed,0.05,MEDIUM,selected_feature_count,5,11.0,0.0,11.0,11.0,11.0,11.0
decision_tree,mutual_information_select_k_best_k11,mixed__r0p05__medium,mixed,0.05,MEDIUM,source_block_count,5,5.0,0.7071067811865476,4.0,6.0,4.122010966914219,5.877989033085781
decision_tree,mutual_information_select_k_best_k11,mixed__r0p05__medium,mixed,0.05,MEDIUM,selected_input_bytes,5,528132.0,0.0,528132.0,528132.0,528132.0,528132.0
decision_tree,mutual_information_select_k_best_k11,mixed__r0p05__medium,mixed,0.05,MEDIUM,model_fit_wall_time_sec,0,,,,,,
decision_tree,mutual_information_select_k_best_k11,mixed__r0p05__medium,mixed,0.05,MEDIUM,model_fit_cpu_time_sec,0,,,,,,
decision_tree,mutual_information_select_k_best_k11,mixed__r0p05__medium,mixed,0.05,MEDIUM,model_fit_peak_rss_mib,0,,,,,,
decision_tree,mutual_information_select_k_best_k11,mixed__r0p05__medium,mixed,0.05,MEDIUM,combined_fit_wall_time_sec,0,,,,,,
decision_tree,mutual_information_select_k_best_k11,mixed__r0p05__medium,mixed,0.05,MEDIUM,inference_wall_time_sec,5,0.0018685461800487246,0.0004786866107949765,0.001275028099917108,0.0025984354004322087,0.0012741782490019527,0.0024629141110954966
decision_tree,mutual_information_select_k_best_k11,mixed__r0p05__medium,mixed,0.05,MEDIUM,per_record_inference_sec,5,3.114243633414541e-07,7.978110179916274e-08,2.1250468331951803e-07,4.3307256673870145e-07,2.1236304150032542e-07,4.1048568518258275e-07
decision_tree,mutual_information_select_k_best_k11,mixed__r0p05__medium,mixed,0.05,MEDIUM,inference_cpu_time_sec,5,0.0019160226000008152,0.000513298020426609,0.001302884200003973,0.0027170427999976708,0.0012786789276873279,0.0025533662723143027
decision_tree,mutual_information_select_k_best_k11,mixed__r0p05__medium,mixed,0.05,MEDIUM,inference_peak_rss_mib,5,805.546875,0.45923779573042955,804.734375,805.8359375,804.9766559624267,806.1170940375733
decision_tree,mutual_information_select_k_best_k11,mixed__r0p05__medium,mixed,0.05,MEDIUM,peak_rss_mib,5,805.546875,0.45923779573042955,804.734375,805.8359375,804.9766559624267,806.1170940375733
decision_tree,mutual_information_select_k_best_k11,mixed__r0p05__medium,mixed,0.05,MEDIUM,serialized_model_bytes,5,3402.4,341.02903102228703,3028.0,3716.0,2978.9565298369753,3825.843470163025
decision_tree,mutual_information_select_k_best_k11,mixed__r0p05__medium,mixed,0.05,MEDIUM,serialized_model_kib,5,3.32265625,0.3330361631077022,2.95703125,3.62890625,2.909137236168921,3.736175263831079
logistic_regression,mutual_information_select_k_best_k11,mixed__r0p05__medium,mixed,0.05,MEDIUM,precision,5,0.05090715300634101,0.0019093928694846438,0.04932038834951456,0.053828658074298714,0.048536328621873064,0.05327797739080895
logistic_regression,mutual_information_select_k_best_k11,mixed__r0p05__medium,mixed,0.05,MEDIUM,recall,5,0.51,0.06745368781616021,0.42333333333333334,0.59,0.42624518429253144,0.5937548157074686
logistic_regression,mutual_information_select_k_best_k11,mixed__r0p05__medium,mixed,0.05,MEDIUM,f1,5,0.09245737320194358,0.003344371210291138,0.08834782608695652,0.0966643975493533,0.08830478787349262,0.09660995853039454
logistic_regression,mutual_information_select_k_best_k11,mixed__r0p05__medium,mixed,0.05,MEDIUM,average_precision,5,0.051170517943451344,0.0028387336228927027,0.04706797808848327,0.05344652233903964,0.04764576460341213,0.054695271283490554
logistic_regression,mutual_information_select_k_best_k11,mixed__r0p05__medium,mixed,0.05,MEDIUM,pr_auc_trapezoidal,5,0.050537236693520504,0.0027610497236367267,0.046608194926036996,0.052856844867664586,0.047108940654427604,0.053965532732613404
logistic_regression,mutual_information_select_k_best_k11,mixed__r0p05__medium,mixed,0.05,MEDIUM,roc_auc,5,0.5006446783625731,0.016847902266689904,0.48280789473684216,0.5208152046783626,0.479725244672752,0.5215641120523942
logistic_regression,mutual_information_select_k_best_k11,mixed__r0p05__medium,mixed,0.05,MEDIUM,TP,5,153.0,20.23610634484806,127.0,177.0,127.87355528775943,178.12644471224058
logistic_regression,mutual_information_select_k_best_k11,mixed__r0p05__medium,mixed,0.05,MEDIUM,TN,5,2844.2,397.7388590520167,2313.0,3252.0,2350.341978028077,3338.0580219719227
logistic_regression,mutual_information_select_k_best_k11,mixed__r0p05__medium,mixed,0.05,MEDIUM,FP,5,2855.8,397.7388590520167,2448.0,3387.0,2361.9419780280773,3349.658021971923
logistic_regression,mutual_information_select_k_best_k11,mixed__r0p05__medium,mixed,0.05,MEDIUM,FN,5,147.0,20.23610634484806,123.0,173.0,121.87355528775943,172.12644471224058
logistic_regression,mutual_information_select_k_best_k11,mixed__r0p05__medium,mixed,0.05,MEDIUM,attack_prevalence,5,0.05,0.0,0.05,0.05,0.05,0.05
logistic_regression,mutual_information_select_k_best_k11,mixed__r0p05__medium,mixed,0.05,MEDIUM,visible_feature_attack_count,5,171.0,0.0,171.0,171.0,171.0,171.0
logistic_regression,mutual_information_select_k_best_k11,mixed__r0p05__medium,mixed,0.05,MEDIUM,invisible_feature_attack_count,5,129.0,0.0,129.0,129.0,129.0,129.0
logistic_regression,mutual_information_select_k_best_k11,mixed__r0p05__medium,mixed,0.05,MEDIUM,selected_feature_visibility_rate,5,0.57,0.0,0.57,0.57,0.57,0.57
logistic_regression,mutual_information_select_k_best_k11,mixed__r0p05__medium,mixed,0.05,MEDIUM,visible_attack_recall,5,0.519298245614035,0.056152532791381556,0.43859649122807015,0.5906432748538012,0.4495756672389648,0.5890208239891053
logistic_regression,mutual_information_select_k_best_k11,mixed__r0p05__medium,mixed,0.05,MEDIUM,invisible_attack_recall,5,0.49767441860465117,0.09703865936921609,0.3953488372093023,0.5968992248062015,0.3771850088318414,0.618163828377461
logistic_regression,mutual_information_select_k_best_k11,mixed__r0p05__medium,mixed,0.05,MEDIUM,visible_attack_f1,5,0.05726877404227736,0.004891976364728411,0.054592164418754016,0.06598984771573604,0.051194583110125536,0.06334296497442918
logistic_regression,mutual_information_select_k_best_k11,mixed__r0p05__medium,mixed,0.05,MEDIUM,paired_induced_attack_induced_detection_rate,5,0.024,0.010645812948447542,0.016666666666666666,0.04,0.010781477330290718,0.037218522669709285
logistic_regression,mutual_information_select_k_best_k11,mixed__r0p05__medium,mixed,0.05,MEDIUM,paired_induced_mean_anomaly_score_delta,5,5.924075344295083e-05,0.0002657062972357803,-0.00022460356734832135,0.00037827386570327284,-0.0002706771899310081,0.00038915869681690975
logistic_regression,mutual_information_select_k_best_k11,mixed__r0p05__medium,mixed,0.05,MEDIUM,paired_induced_median_anomaly_score_delta,5,0.0,0.0,0.0,0.0,0.0,0.0
logistic_regression,mutual_information_select_k_best_k11,mixed__r0p05__medium,mixed,0.05,MEDIUM,selected_feature_count,5,11.0,0.0,11.0,11.0,11.0,11.0
logistic_regression,mutual_information_select_k_best_k11,mixed__r0p05__medium,mixed,0.05,MEDIUM,source_block_count,5,5.0,0.7071067811865476,4.0,6.0,4.122010966914219,5.877989033085781
logistic_regression,mutual_information_select_k_best_k11,mixed__r0p05__medium,mixed,0.05,MEDIUM,selected_input_bytes,5,528132.0,0.0,528132.0,528132.0,528132.0,528132.0
logistic_regression,mutual_information_select_k_best_k11,mixed__r0p05__medium,mixed,0.05,MEDIUM,model_fit_wall_time_sec,5,0.27497685859998455,0.02091021720342391,0.24763035999785643,0.29918557299970416,0.24901339470385145,0.30094032249611763
logistic_regression,mutual_information_select_k_best_k11,mixed__r0p05__medium,mixed,0.05,MEDIUM,model_fit_cpu_time_sec,5,0.09213092119999988,0.014315567471356337,0.07548344399999962,0.10902960499999992,0.07435579645694569,0.10990604594305407
logistic_regression,mutual_information_select_k_best_k11,mixed__r0p05__medium,mixed,0.05,MEDIUM,model_fit_peak_rss_mib,5,163.92734375,0.3541635550567968,163.37890625,164.25390625,163.48759161420978,164.36709588579023
logistic_regression,mutual_information_select_k_best_k11,mixed__r0p05__medium,mixed,0.05,MEDIUM,combined_fit_wall_time_sec,5,0.27497685859998455,0.02091021720342391,0.24763035999785643,0.29918557299970416,0.24901339470385145,0.30094032249611763
logistic_regression,mutual_information_select_k_best_k11,mixed__r0p05__medium,mixed,0.05,MEDIUM,inference_wall_time_sec,5,0.0015060915598587598,0.00022832564849192713,0.001156389300012961,0.00179241110017756,0.001222587822259581,0.0017895952974579387
logistic_regression,mutual_information_select_k_best_k11,mixed__r0p05__medium,mixed,0.05,MEDIUM,per_record_inference_sec,5,2.5101525997645994e-07,3.8054274748654517e-08,1.9273155000216016e-07,2.9873518336292666e-07,2.0376463704326348e-07,2.982658829096564e-07
logistic_regression,mutual_information_select_k_best_k11,mixed__r0p05__medium,mixed,0.05,MEDIUM,inference_cpu_time_sec,5,0.0015293003800002224,0.00022512060402327184,0.001177475700001196,0.0018064589000005072,0.0012497762307304182,0.0018088245292700266
logistic_regression,mutual_information_select_k_best_k11,mixed__r0p05__medium,mixed,0.05,MEDIUM,inference_peak_rss_mib,5,805.5703125,0.4708044172651806,804.734375,805.8359375,804.985731604886,806.154893395114
logistic_regression,mutual_information_select_k_best_k11,mixed__r0p05__medium,mixed,0.05,MEDIUM,peak_rss_mib,5,805.5703125,0.4708044172651806,804.734375,805.8359375,804.985731604886,806.154893395114
logistic_regression,mutual_information_select_k_best_k11,mixed__r0p05__medium,mixed,0.05,MEDIUM,serialized_model_bytes,5,1353.2,13.386560424545209,1334.0,1366.0,1336.5783898610498,1369.8216101389503
logistic_regression,mutual_information_select_k_best_k11,mixed__r0p05__medium,mixed,0.05,MEDIUM,serialized_model_kib,5,1.321484375,0.01307281291459493,1.302734375,1.333984375,1.3052523338486814,1.3377164161513186
decision_tree,none_natural,mixed__r0p10__medium,mixed,0.1,MEDIUM,precision,5,0.3810983879099833,0.3098438900926853,0.13817227809357235,0.8984375,-0.00362361548181378,0.7658203913017804
decision_tree,none_natural,mixed__r0p10__medium,mixed,0.1,MEDIUM,recall,5,0.32399999999999995,0.1543381928680577,0.19166666666666668,0.5266666666666666,0.13236382236775146,0.5156361776322484
decision_tree,none_natural,mixed__r0p10__medium,mixed,0.1,MEDIUM,f1,5,0.2616186582530329,0.04152471811323846,0.21891236577762382,0.3159340659340659,0.21005891073622396,0.3131784057698418
decision_tree,none_natural,mixed__r0p10__medium,mixed,0.1,MEDIUM,average_precision,5,0.28681804859786064,0.0022360362587436336,0.28414798841563293,0.2894156094639865,0.28404164287669825,0.28959445431902303
decision_tree,none_natural,mixed__r0p10__medium,mixed,0.1,MEDIUM,pr_auc_trapezoidal,5,0.3515448299319845,0.03443131787731838,0.32295610221015186,0.41119758156482655,0.3087927021129746,0.3942969577509944
decision_tree,none_natural,mixed__r0p10__medium,mixed,0.1,MEDIUM,roc_auc,5,0.6165510185185185,0.004151764501319021,0.6113375000000001,0.6198728395061728,0.6113959220082061,0.6217061150288308
decision_tree,none_natural,mixed__r0p10__medium,mixed,0.1,MEDIUM,TP,5,194.4,92.60291572083462,115.0,316.0,79.41829342065091,309.3817065793491
decision_tree,none_natural,mixed__r0p10__medium,mixed,0.1,MEDIUM,TN,5,4589.0,900.667530224111,3429.0,5387.0,3470.673553368732,5707.3264466312685
decision_tree,none_natural,mixed__r0p10__medium,mixed,0.1,MEDIUM,FP,5,811.0,900.667530224111,13.0,1971.0,-307.326446631268,1929.326446631268
decision_tree,none_natural,mixed__r0p10__medium,mixed,0.1,MEDIUM,FN,5,405.6,92.60291572083462,284.0,485.0,290.61829342065096,520.5817065793491
decision_tree,none_natural,mixed__r0p10__medium,mixed,0.1,MEDIUM,attack_prevalence,5,0.1,0.0,0.1,0.1,0.1,0.1
decision_tree,none_natural,mixed__r0p10__medium,mixed,0.1,MEDIUM,visible_feature_attack_count,5,343.0,0.0,343.0,343.0,343.0,343.0
decision_tree,none_natural,mixed__r0p10__medium,mixed,0.1,MEDIUM,invisible_feature_attack_count,5,257.0,0.0,257.0,257.0,257.0,257.0
decision_tree,none_natural,mixed__r0p10__medium,mixed,0.1,MEDIUM,selected_feature_visibility_rate,5,0.5716666666666667,0.0,0.5716666666666667,0.5716666666666667,0.5716666666666667,0.5716666666666667
decision_tree,none_natural,mixed__r0p10__medium,mixed,0.1,MEDIUM,visible_attack_recall,5,0.44198250728862976,0.14082870005817158,0.3323615160349854,0.6209912536443148,0.2671205805124228,0.6168444340648367
decision_tree,none_natural,mixed__r0p10__medium,mixed,0.1,MEDIUM,invisible_attack_recall,5,0.16653696498054474,0.17319327967864678,0.0038910505836575876,0.40077821011673154,-0.048510895127437476,0.381584825088527
decision_tree,none_natural,mixed__r0p10__medium,mixed,0.1,MEDIUM,visible_attack_f1,5,0.30223023716801223,0.13050115673772592,0.16857934309457856,0.4851063829787234,0.1401916491227026,0.46426882521332186
decision_tree,none_natural,mixed__r0p10__medium,mixed,0.1,MEDIUM,paired_induced_attack_induced_detection_rate,5,0.1746666666666667,0.012438738771363528,0.15833333333333333,0.19,0.159221932551191,0.1901114007821424
decision_tree,none_natural,mixed__r0p10__medium,mixed,0.1,MEDIUM,paired_induced_mean_anomaly_score_delta,5,0.10064611850780318,0.0027061775644555584,0.09788615362991684,0.10490402115309609,0.0972859552532693,0.10400628176233706
decision_tree,none_natural,mixed__r0p10__medium,mixed,0.1,MEDIUM,paired_induced_median_anomaly_score_delta,5,0.0,0.0,0.0,0.0,0.0,0.0
decision_tree,none_natural,mixed__r0p10__medium,mixed,0.1,MEDIUM,selected_feature_count,5,43.0,0.0,43.0,43.0,43.0,43.0
decision_tree,none_natural,mixed__r0p10__medium,mixed,0.1,MEDIUM,source_block_count,5,10.0,0.0,10.0,10.0,10.0,10.0
decision_tree,none_natural,mixed__r0p10__medium,mixed,0.1,MEDIUM,selected_input_bytes,5,2064132.0,0.0,2064132.0,2064132.0,2064132.0,2064132.0
decision_tree,none_natural,mixed__r0p10__medium,mixed,0.1,MEDIUM,model_fit_wall_time_sec,0,,,,,,
decision_tree,none_natural,mixed__r0p10__medium,mixed,0.1,MEDIUM,model_fit_cpu_time_sec,0,,,,,,
decision_tree,none_natural,mixed__r0p10__medium,mixed,0.1,MEDIUM,model_fit_peak_rss_mib,0,,,,,,
decision_tree,none_natural,mixed__r0p10__medium,mixed,0.1,MEDIUM,combined_fit_wall_time_sec,0,,,,,,
decision_tree,none_natural,mixed__r0p10__medium,mixed,0.1,MEDIUM,inference_wall_time_sec,5,0.00338120444008382,0.000128065092800068,0.0033078854001360016,0.003609280800446868,0.003222190624927225,0.003540218255240415
decision_tree,none_natural,mixed__r0p10__medium,mixed,0.1,MEDIUM,per_record_inference_sec,5,5.635340733473034e-07,2.134418213334469e-08,5.513142333560003e-07,6.01546800074478e-07,5.370317708212042e-07,5.900363758734027e-07
decision_tree,none_natural,mixed__r0p10__medium,mixed,0.1,MEDIUM,inference_cpu_time_sec,5,0.003507386439998755,0.00010718457687157074,0.0033862171000009766,0.003672595000000456,0.0033742992097345157,0.003640473670262994
decision_tree,none_natural,mixed__r0p10__medium,mixed,0.1,MEDIUM,inference_peak_rss_mib,5,805.79765625,0.03821342844186124,805.74609375,805.8515625,805.7502080116558,805.8451044883443
decision_tree,none_natural,mixed__r0p10__medium,mixed,0.1,MEDIUM,peak_rss_mib,5,805.79765625,0.03821342844186124,805.74609375,805.8515625,805.7502080116558,805.8451044883443
decision_tree,none_natural,mixed__r0p10__medium,mixed,0.1,MEDIUM,serialized_model_bytes,5,4132.0,327.90242451070714,3780.0,4420.0,3724.8553645610036,4539.144635438996
decision_tree,none_natural,mixed__r0p10__medium,mixed,0.1,MEDIUM,serialized_model_kib,5,4.03515625,0.32021721143623744,3.69140625,4.31640625,3.637554066954105,4.432758433045895
logistic_regression,none_natural,mixed__r0p10__medium,mixed,0.1,MEDIUM,precision,5,0.1003953188518989,0.005711328166014206,0.0930516050386022,0.10865421273351125,0.09330376828622629,0.1074868694175715
logistic_regression,none_natural,mixed__r0p10__medium,mixed,0.1,MEDIUM,recall,5,0.434,0.07488509716744567,0.3283333333333333,0.49333333333333335,0.34101787084511814,0.5269821291548819
logistic_regression,none_natural,mixed__r0p10__medium,mixed,0.1,MEDIUM,f1,5,0.16244186386852213,0.010437087109298027,0.14962430578242406,0.1768538628606888,0.14948250855877987,0.1754012191782644
logistic_regression,none_natural,mixed__r0p10__medium,mixed,0.1,MEDIUM,average_precision,5,0.1025729972901833,0.004131250561984418,0.09666453381870321,0.10640038608365984,0.09744337219980409,0.1077026223805625
logistic_regression,none_natural,mixed__r0p10__medium,mixed,0.1,MEDIUM,pr_auc_trapezoidal,5,0.10190590764047998,0.004093064322895271,0.09598940756162518,0.10570250701435546,0.09682369702840461,0.10698811825255534
logistic_regression,none_natural,mixed__r0p10__medium,mixed,0.1,MEDIUM,roc_auc,5,0.5026233333333333,0.009466412011474067,0.492083024691358,0.5161391975308642,0.4908692303465129,0.5143774363201536
logistic_regression,none_natural,mixed__r0p10__medium,mixed,0.1,MEDIUM,TP,5,260.4,44.9310583004674,197.0,296.0,204.61072250707088,316.1892774929291
logistic_regression,none_natural,mixed__r0p10__medium,mixed,0.1,MEDIUM,TN,5,3064.8,394.05228079532793,2676.0,3666.0,2575.519469525972,3554.0805304740284
logistic_regression,none_natural,mixed__r0p10__medium,mixed,0.1,MEDIUM,FP,5,2335.2,394.05228079532793,1734.0,2724.0,1845.9194695259716,2824.480530474028
logistic_regression,none_natural,mixed__r0p10__medium,mixed,0.1,MEDIUM,FN,5,339.6,44.9310583004674,304.0,403.0,283.8107225070709,395.3892774929291
logistic_regression,none_natural,mixed__r0p10__medium,mixed,0.1,MEDIUM,attack_prevalence,5,0.1,0.0,0.1,0.1,0.1,0.1
logistic_regression,none_natural,mixed__r0p10__medium,mixed,0.1,MEDIUM,visible_feature_attack_count,5,343.0,0.0,343.0,343.0,343.0,343.0
logistic_regression,none_natural,mixed__r0p10__medium,mixed,0.1,MEDIUM,invisible_feature_attack_count,5,257.0,0.0,257.0,257.0,257.0,257.0
logistic_regression,none_natural,mixed__r0p10__medium,mixed,0.1,MEDIUM,selected_feature_visibility_rate,5,0.5716666666666667,0.0,0.5716666666666667,0.5716666666666667,0.5716666666666667,0.5716666666666667
logistic_regression,none_natural,mixed__r0p10__medium,mixed,0.1,MEDIUM,visible_attack_recall,5,0.4384839650145772,0.07750935990534044,0.34110787172011664,0.5102040816326531,0.34224338329622117,0.5347245467329332
logistic_regression,none_natural,mixed__r0p10__medium,mixed,0.1,MEDIUM,invisible_attack_recall,5,0.4280155642023346,0.07428748284839216,0.311284046692607,0.48638132295719844,0.3357754712322331,0.520255657172436
logistic_regression,none_natural,mixed__r0p10__medium,mixed,0.1,MEDIUM,visible_attack_f1,5,0.10615868376114276,0.007557541810127698,0.09400444115470022,0.11396412240590925,0.09677475618058004,0.11554261134170549
logistic_regression,none_natural,mixed__r0p10__medium,mixed,0.1,MEDIUM,paired_induced_attack_induced_detection_rate,5,0.02233333333333333,0.012888409952787469,0.006666666666666667,0.03333333333333333,0.0063302587008533355,0.03833640796581332
logistic_regression,none_natural,mixed__r0p10__medium,mixed,0.1,MEDIUM,paired_induced_mean_anomaly_score_delta,5,0.00021680916628725352,0.0003797419195713384,-0.0003093959233483873,0.0007345726091764712,-0.0002547027038536416,0.0006883210364281486
logistic_regression,none_natural,mixed__r0p10__medium,mixed,0.1,MEDIUM,paired_induced_median_anomaly_score_delta,5,0.0,0.0,0.0,0.0,0.0,0.0
logistic_regression,none_natural,mixed__r0p10__medium,mixed,0.1,MEDIUM,selected_feature_count,5,43.0,0.0,43.0,43.0,43.0,43.0
logistic_regression,none_natural,mixed__r0p10__medium,mixed,0.1,MEDIUM,source_block_count,5,10.0,0.0,10.0,10.0,10.0,10.0
logistic_regression,none_natural,mixed__r0p10__medium,mixed,0.1,MEDIUM,selected_input_bytes,5,2064132.0,0.0,2064132.0,2064132.0,2064132.0,2064132.0
logistic_regression,none_natural,mixed__r0p10__medium,mixed,0.1,MEDIUM,model_fit_wall_time_sec,5,0.49001829079934395,0.09719446902817075,0.4144513709979947,0.6605000540002948,0.3693354177824376,0.6107011638162503
logistic_regression,none_natural,mixed__r0p10__medium,mixed,0.1,MEDIUM,model_fit_cpu_time_sec,5,0.29261962500000005,0.07522294968955433,0.21856836799999968,0.4180874179999998,0.19921799653171318,0.3860212534682869
logistic_regression,none_natural,mixed__r0p10__medium,mixed,0.1,MEDIUM,model_fit_peak_rss_mib,5,182.0546875,0.12530480415894876,181.8984375,182.19140625,181.89910103587374,182.21027396412626
logistic_regression,none_natural,mixed__r0p10__medium,mixed,0.1,MEDIUM,combined_fit_wall_time_sec,5,0.49001829079934395,0.09719446902817075,0.4144513709979947,0.6605000540002948,0.3693354177824376,0.6107011638162503
logistic_regression,none_natural,mixed__r0p10__medium,mixed,0.1,MEDIUM,inference_wall_time_sec,5,0.0024542246398050337,0.0005401650940212135,0.0019836106002912857,0.003330945299967425,0.0017835210894720085,0.003124928190138059
logistic_regression,none_natural,mixed__r0p10__medium,mixed,0.1,MEDIUM,per_record_inference_sec,5,4.090374399675057e-07,9.002751567020226e-08,3.306017667152143e-07,5.551575499945709e-07,2.9725351491200147e-07,5.208213650230099e-07
logistic_regression,none_natural,mixed__r0p10__medium,mixed,0.1,MEDIUM,inference_cpu_time_sec,5,0.0025175659199976512,0.0005117559481682208,0.0020699913999919772,0.003352603799999088,0.0018821369832900349,0.0031529948567052676
logistic_regression,none_natural,mixed__r0p10__medium,mixed,0.1,MEDIUM,inference_peak_rss_mib,5,805.80078125,0.043934460465632784,805.74609375,805.8671875,805.7462294121593,805.8553330878407
logistic_regression,none_natural,mixed__r0p10__medium,mixed,0.1,MEDIUM,peak_rss_mib,5,805.80078125,0.043934460465632784,805.74609375,805.8671875,805.7462294121593,805.8553330878407
logistic_regression,none_natural,mixed__r0p10__medium,mixed,0.1,MEDIUM,serialized_model_bytes,5,2342.0,0.0,2342.0,2342.0,2342.0,2342.0
logistic_regression,none_natural,mixed__r0p10__medium,mixed,0.1,MEDIUM,serialized_model_kib,5,2.287109375,0.0,2.287109375,2.287109375,2.287109375,2.287109375
decision_tree,pairwise_correlation_filter_natural,mixed__r0p10__medium,mixed,0.1,MEDIUM,precision,5,0.3810983879099833,0.3098438900926853,0.13817227809357235,0.8984375,-0.00362361548181378,0.7658203913017804
decision_tree,pairwise_correlation_filter_natural,mixed__r0p10__medium,mixed,0.1,MEDIUM,recall,5,0.32399999999999995,0.1543381928680577,0.19166666666666668,0.5266666666666666,0.13236382236775146,0.5156361776322484
decision_tree,pairwise_correlation_filter_natural,mixed__r0p10__medium,mixed,0.1,MEDIUM,f1,5,0.2616186582530329,0.04152471811323846,0.21891236577762382,0.3159340659340659,0.21005891073622396,0.3131784057698418
decision_tree,pairwise_correlation_filter_natural,mixed__r0p10__medium,mixed,0.1,MEDIUM,average_precision,5,0.28681804859786064,0.0022360362587436336,0.28414798841563293,0.2894156094639865,0.28404164287669825,0.28959445431902303
decision_tree,pairwise_correlation_filter_natural,mixed__r0p10__medium,mixed,0.1,MEDIUM,pr_auc_trapezoidal,5,0.3515448299319845,0.03443131787731838,0.32295610221015186,0.41119758156482655,0.3087927021129746,0.3942969577509944
decision_tree,pairwise_correlation_filter_natural,mixed__r0p10__medium,mixed,0.1,MEDIUM,roc_auc,5,0.6165510185185185,0.004151764501319021,0.6113375000000001,0.6198728395061728,0.6113959220082061,0.6217061150288308
decision_tree,pairwise_correlation_filter_natural,mixed__r0p10__medium,mixed,0.1,MEDIUM,TP,5,194.4,92.60291572083462,115.0,316.0,79.41829342065091,309.3817065793491
decision_tree,pairwise_correlation_filter_natural,mixed__r0p10__medium,mixed,0.1,MEDIUM,TN,5,4589.0,900.667530224111,3429.0,5387.0,3470.673553368732,5707.3264466312685
decision_tree,pairwise_correlation_filter_natural,mixed__r0p10__medium,mixed,0.1,MEDIUM,FP,5,811.0,900.667530224111,13.0,1971.0,-307.326446631268,1929.326446631268
decision_tree,pairwise_correlation_filter_natural,mixed__r0p10__medium,mixed,0.1,MEDIUM,FN,5,405.6,92.60291572083462,284.0,485.0,290.61829342065096,520.5817065793491
decision_tree,pairwise_correlation_filter_natural,mixed__r0p10__medium,mixed,0.1,MEDIUM,attack_prevalence,5,0.1,0.0,0.1,0.1,0.1,0.1
decision_tree,pairwise_correlation_filter_natural,mixed__r0p10__medium,mixed,0.1,MEDIUM,visible_feature_attack_count,5,343.0,0.0,343.0,343.0,343.0,343.0
decision_tree,pairwise_correlation_filter_natural,mixed__r0p10__medium,mixed,0.1,MEDIUM,invisible_feature_attack_count,5,257.0,0.0,257.0,257.0,257.0,257.0
decision_tree,pairwise_correlation_filter_natural,mixed__r0p10__medium,mixed,0.1,MEDIUM,selected_feature_visibility_rate,5,0.5716666666666667,0.0,0.5716666666666667,0.5716666666666667,0.5716666666666667,0.5716666666666667
decision_tree,pairwise_correlation_filter_natural,mixed__r0p10__medium,mixed,0.1,MEDIUM,visible_attack_recall,5,0.44198250728862976,0.14082870005817158,0.3323615160349854,0.6209912536443148,0.2671205805124228,0.6168444340648367
decision_tree,pairwise_correlation_filter_natural,mixed__r0p10__medium,mixed,0.1,MEDIUM,invisible_attack_recall,5,0.16653696498054474,0.17319327967864678,0.0038910505836575876,0.40077821011673154,-0.048510895127437476,0.381584825088527
decision_tree,pairwise_correlation_filter_natural,mixed__r0p10__medium,mixed,0.1,MEDIUM,visible_attack_f1,5,0.30223023716801223,0.13050115673772592,0.16857934309457856,0.4851063829787234,0.1401916491227026,0.46426882521332186
decision_tree,pairwise_correlation_filter_natural,mixed__r0p10__medium,mixed,0.1,MEDIUM,paired_induced_attack_induced_detection_rate,5,0.1746666666666667,0.012438738771363528,0.15833333333333333,0.19,0.159221932551191,0.1901114007821424
decision_tree,pairwise_correlation_filter_natural,mixed__r0p10__medium,mixed,0.1,MEDIUM,paired_induced_mean_anomaly_score_delta,5,0.10064611850780321,0.002706177564455563,0.0978861536299169,0.104904021153096,0.09728595525326932,0.1040062817623371
decision_tree,pairwise_correlation_filter_natural,mixed__r0p10__medium,mixed,0.1,MEDIUM,paired_induced_median_anomaly_score_delta,5,0.0,0.0,0.0,0.0,0.0,0.0
decision_tree,pairwise_correlation_filter_natural,mixed__r0p10__medium,mixed,0.1,MEDIUM,selected_feature_count,5,42.0,0.0,42.0,42.0,42.0,42.0
decision_tree,pairwise_correlation_filter_natural,mixed__r0p10__medium,mixed,0.1,MEDIUM,source_block_count,5,9.0,0.0,9.0,9.0,9.0,9.0
decision_tree,pairwise_correlation_filter_natural,mixed__r0p10__medium,mixed,0.1,MEDIUM,selected_input_bytes,5,2016132.0,0.0,2016132.0,2016132.0,2016132.0,2016132.0
decision_tree,pairwise_correlation_filter_natural,mixed__r0p10__medium,mixed,0.1,MEDIUM,model_fit_wall_time_sec,0,,,,,,
decision_tree,pairwise_correlation_filter_natural,mixed__r0p10__medium,mixed,0.1,MEDIUM,model_fit_cpu_time_sec,0,,,,,,
decision_tree,pairwise_correlation_filter_natural,mixed__r0p10__medium,mixed,0.1,MEDIUM,model_fit_peak_rss_mib,0,,,,,,
decision_tree,pairwise_correlation_filter_natural,mixed__r0p10__medium,mixed,0.1,MEDIUM,combined_fit_wall_time_sec,0,,,,,,
decision_tree,pairwise_correlation_filter_natural,mixed__r0p10__medium,mixed,0.1,MEDIUM,inference_wall_time_sec,5,0.0029791411997575775,0.0005622299497844423,0.0022452539000369144,0.0036454354994930327,0.0022810405123977707,0.0036772418871173843
decision_tree,pairwise_correlation_filter_natural,mixed__r0p10__medium,mixed,0.1,MEDIUM,per_record_inference_sec,5,4.965235332929296e-07,9.370499163074037e-08,3.742089833394857e-07,6.075725832488388e-07,3.8017341873296176e-07,6.128736478528974e-07
decision_tree,pairwise_correlation_filter_natural,mixed__r0p10__medium,mixed,0.1,MEDIUM,inference_cpu_time_sec,5,0.003043488719999914,0.0005908786737408739,0.0022743440999988705,0.003739787699998942,0.0023098159435088997,0.003777161496490928
decision_tree,pairwise_correlation_filter_natural,mixed__r0p10__medium,mixed,0.1,MEDIUM,inference_peak_rss_mib,5,805.77578125,0.030080661419028838,805.7421875,805.80859375,805.7384311756738,805.8131313243263
decision_tree,pairwise_correlation_filter_natural,mixed__r0p10__medium,mixed,0.1,MEDIUM,peak_rss_mib,5,805.77578125,0.030080661419028838,805.7421875,805.80859375,805.7384311756738,805.8131313243263
decision_tree,pairwise_correlation_filter_natural,mixed__r0p10__medium,mixed,0.1,MEDIUM,serialized_model_bytes,5,4116.0,327.90242451070714,3764.0,4404.0,3708.8553645610036,4523.144635438996
decision_tree,pairwise_correlation_filter_natural,mixed__r0p10__medium,mixed,0.1,MEDIUM,serialized_model_kib,5,4.01953125,0.32021721143623744,3.67578125,4.30078125,3.621929066954105,4.417133433045895
logistic_regression,pairwise_correlation_filter_natural,mixed__r0p10__medium,mixed,0.1,MEDIUM,precision,5,0.1003953188518989,0.005711328166014206,0.0930516050386022,0.10865421273351125,0.09330376828622629,0.1074868694175715
logistic_regression,pairwise_correlation_filter_natural,mixed__r0p10__medium,mixed,0.1,MEDIUM,recall,5,0.434,0.07488509716744567,0.3283333333333333,0.49333333333333335,0.34101787084511814,0.5269821291548819
logistic_regression,pairwise_correlation_filter_natural,mixed__r0p10__medium,mixed,0.1,MEDIUM,f1,5,0.16244186386852213,0.010437087109298027,0.14962430578242406,0.1768538628606888,0.14948250855877987,0.1754012191782644
logistic_regression,pairwise_correlation_filter_natural,mixed__r0p10__medium,mixed,0.1,MEDIUM,average_precision,5,0.10257334230315145,0.00413067504623324,0.09666571191930148,0.10640064059618545,0.09744443180996089,0.107702252796342
logistic_regression,pairwise_correlation_filter_natural,mixed__r0p10__medium,mixed,0.1,MEDIUM,pr_auc_trapezoidal,5,0.10190623792599932,0.004092513563653339,0.09599052723661161,0.10570274988617184,0.09682471117184634,0.1069877646801523
logistic_regression,pairwise_correlation_filter_natural,mixed__r0p10__medium,mixed,0.1,MEDIUM,roc_auc,5,0.5026224691358026,0.009465870670079776,0.4920814814814815,0.5161373456790124,0.4908690383131022,0.5143758999585029
logistic_regression,pairwise_correlation_filter_natural,mixed__r0p10__medium,mixed,0.1,MEDIUM,TP,5,260.4,44.9310583004674,197.0,296.0,204.61072250707088,316.1892774929291
logistic_regression,pairwise_correlation_filter_natural,mixed__r0p10__medium,mixed,0.1,MEDIUM,TN,5,3064.8,394.05228079532793,2676.0,3666.0,2575.519469525972,3554.0805304740284
logistic_regression,pairwise_correlation_filter_natural,mixed__r0p10__medium,mixed,0.1,MEDIUM,FP,5,2335.2,394.05228079532793,1734.0,2724.0,1845.9194695259716,2824.480530474028
logistic_regression,pairwise_correlation_filter_natural,mixed__r0p10__medium,mixed,0.1,MEDIUM,FN,5,339.6,44.9310583004674,304.0,403.0,283.8107225070709,395.3892774929291
logistic_regression,pairwise_correlation_filter_natural,mixed__r0p10__medium,mixed,0.1,MEDIUM,attack_prevalence,5,0.1,0.0,0.1,0.1,0.1,0.1
logistic_regression,pairwise_correlation_filter_natural,mixed__r0p10__medium,mixed,0.1,MEDIUM,visible_feature_attack_count,5,343.0,0.0,343.0,343.0,343.0,343.0
logistic_regression,pairwise_correlation_filter_natural,mixed__r0p10__medium,mixed,0.1,MEDIUM,invisible_feature_attack_count,5,257.0,0.0,257.0,257.0,257.0,257.0
logistic_regression,pairwise_correlation_filter_natural,mixed__r0p10__medium,mixed,0.1,MEDIUM,selected_feature_visibility_rate,5,0.5716666666666667,0.0,0.5716666666666667,0.5716666666666667,0.5716666666666667,0.5716666666666667
logistic_regression,pairwise_correlation_filter_natural,mixed__r0p10__medium,mixed,0.1,MEDIUM,visible_attack_recall,5,0.4384839650145772,0.07750935990534044,0.34110787172011664,0.5102040816326531,0.34224338329622117,0.5347245467329332
logistic_regression,pairwise_correlation_filter_natural,mixed__r0p10__medium,mixed,0.1,MEDIUM,invisible_attack_recall,5,0.4280155642023346,0.07428748284839216,0.311284046692607,0.48638132295719844,0.3357754712322331,0.520255657172436
logistic_regression,pairwise_correlation_filter_natural,mixed__r0p10__medium,mixed,0.1,MEDIUM,visible_attack_f1,5,0.10615868376114276,0.007557541810127698,0.09400444115470022,0.11396412240590925,0.09677475618058004,0.11554261134170549
logistic_regression,pairwise_correlation_filter_natural,mixed__r0p10__medium,mixed,0.1,MEDIUM,paired_induced_attack_induced_detection_rate,5,0.02233333333333333,0.012888409952787469,0.006666666666666667,0.03333333333333333,0.0063302587008533355,0.03833640796581332
logistic_regression,pairwise_correlation_filter_natural,mixed__r0p10__medium,mixed,0.1,MEDIUM,paired_induced_mean_anomaly_score_delta,5,0.0002168140194368745,0.00037976030397014716,-0.00030939922322122994,0.0007345615331615834,-0.00025472067795014996,0.0006883487168238989
logistic_regression,pairwise_correlation_filter_natural,mixed__r0p10__medium,mixed,0.1,MEDIUM,paired_induced_median_anomaly_score_delta,5,0.0,0.0,0.0,0.0,0.0,0.0
logistic_regression,pairwise_correlation_filter_natural,mixed__r0p10__medium,mixed,0.1,MEDIUM,selected_feature_count,5,42.0,0.0,42.0,42.0,42.0,42.0
logistic_regression,pairwise_correlation_filter_natural,mixed__r0p10__medium,mixed,0.1,MEDIUM,source_block_count,5,9.0,0.0,9.0,9.0,9.0,9.0
logistic_regression,pairwise_correlation_filter_natural,mixed__r0p10__medium,mixed,0.1,MEDIUM,selected_input_bytes,5,2016132.0,0.0,2016132.0,2016132.0,2016132.0,2016132.0
logistic_regression,pairwise_correlation_filter_natural,mixed__r0p10__medium,mixed,0.1,MEDIUM,model_fit_wall_time_sec,5,0.5226187851993018,0.1320858923339655,0.33173528499901295,0.6544766820006771,0.358612488017468,0.6866250823811357
logistic_regression,pairwise_correlation_filter_natural,mixed__r0p10__medium,mixed,0.1,MEDIUM,model_fit_cpu_time_sec,5,0.32897909459999986,0.11776488132572177,0.18253484599999936,0.47190246899999977,0.18275468120499616,0.47520350799500355
logistic_regression,pairwise_correlation_filter_natural,mixed__r0p10__medium,mixed,0.1,MEDIUM,model_fit_peak_rss_mib,5,181.35625,0.274181465592076,181.0546875,181.63671875,181.01580874519928,181.6966912548007
logistic_regression,pairwise_correlation_filter_natural,mixed__r0p10__medium,mixed,0.1,MEDIUM,combined_fit_wall_time_sec,5,0.5226187851993018,0.1320858923339655,0.33173528499901295,0.6544766820006771,0.358612488017468,0.6866250823811357
logistic_regression,pairwise_correlation_filter_natural,mixed__r0p10__medium,mixed,0.1,MEDIUM,inference_wall_time_sec,5,0.002397543080005562,0.0008377430925743426,0.0018813989998307079,0.003845923700282583,0.001357347642211291,0.0034377385177998326
logistic_regression,pairwise_correlation_filter_natural,mixed__r0p10__medium,mixed,0.1,MEDIUM,per_record_inference_sec,5,3.995905133342604e-07,1.396238487623904e-07,3.135664999717846e-07,6.409872833804305e-07,2.2622460703521522e-07,5.729564196333055e-07
logistic_regression,pairwise_correlation_filter_natural,mixed__r0p10__medium,mixed,0.1,MEDIUM,inference_cpu_time_sec,5,0.002496326699999827,0.0008552438143248083,0.0018902895999985958,0.003982833999998547,0.0014344012460654036,0.0035582521539342504
logistic_regression,pairwise_correlation_filter_natural,mixed__r0p10__medium,mixed,0.1,MEDIUM,inference_peak_rss_mib,5,805.77578125,0.030080661419028838,805.7421875,805.80859375,805.7384311756738,805.8131313243263
logistic_regression,pairwise_correlation_filter_natural,mixed__r0p10__medium,mixed,0.1,MEDIUM,peak_rss_mib,5,805.77578125,0.030080661419028838,805.7421875,805.80859375,805.7384311756738,805.8131313243263
logistic_regression,pairwise_correlation_filter_natural,mixed__r0p10__medium,mixed,0.1,MEDIUM,serialized_model_bytes,5,2310.0,0.0,2310.0,2310.0,2310.0,2310.0
logistic_regression,pairwise_correlation_filter_natural,mixed__r0p10__medium,mixed,0.1,MEDIUM,serialized_model_kib,5,2.255859375,0.0,2.255859375,2.255859375,2.255859375,2.255859375
decision_tree,mutual_information_select_k_best_k11,mixed__r0p10__medium,mixed,0.1,MEDIUM,precision,5,0.4114927032762911,0.32701659553824114,0.13876651982378854,0.9316239316239316,0.005447969780972672,0.8175374367716095
decision_tree,mutual_information_select_k_best_k11,mixed__r0p10__medium,mixed,0.1,MEDIUM,recall,5,0.31866666666666665,0.15790468292260648,0.18166666666666667,0.525,0.12260210673372965,0.5147312265996037
decision_tree,mutual_information_select_k_best_k11,mixed__r0p10__medium,mixed,0.1,MEDIUM,f1,5,0.26222786725768865,0.03946247342661905,0.21951219512195122,0.30404463040446306,0.2132287347237441,0.3112269997916332
decision_tree,mutual_information_select_k_best_k11,mixed__r0p10__medium,mixed,0.1,MEDIUM,average_precision,5,0.2893543046157709,0.007529368356459438,0.27831138105957004,0.29931423783080185,0.2800053589983331,0.29870325023320865
decision_tree,mutual_information_select_k_best_k11,mixed__r0p10__medium,mixed,0.1,MEDIUM,pr_auc_trapezoidal,5,0.35495922155037885,0.029280279204375273,0.3196945627410209,0.39902228183809263,0.3186029530049228,0.3913154900958349
decision_tree,mutual_information_select_k_best_k11,mixed__r0p10__medium,mixed,0.1,MEDIUM,roc_auc,5,0.6171483950617284,0.003725859962451644,0.6117307098765432,0.6206944444444443,0.6125221288839996,0.6217746612394571
decision_tree,mutual_information_select_k_best_k11,mixed__r0p10__medium,mixed,0.1,MEDIUM,TP,5,191.2,94.74280975356389,109.0,315.0,73.56126404023779,308.8387359597622
decision_tree,mutual_information_select_k_best_k11,mixed__r0p10__medium,mixed,0.1,MEDIUM,TN,5,4615.2,907.8417813694191,3445.0,5392.0,3487.9655440075235,5742.434455992476
decision_tree,mutual_information_select_k_best_k11,mixed__r0p10__medium,mixed,0.1,MEDIUM,FP,5,784.8,907.841781369419,8.0,1955.0,-342.43445599247616,1912.034455992476
decision_tree,mutual_information_select_k_best_k11,mixed__r0p10__medium,mixed,0.1,MEDIUM,FN,5,408.8,94.74280975356389,285.0,491.0,291.1612640402378,526.4387359597622
decision_tree,mutual_information_select_k_best_k11,mixed__r0p10__medium,mixed,0.1,MEDIUM,attack_prevalence,5,0.1,0.0,0.1,0.1,0.1,0.1
decision_tree,mutual_information_select_k_best_k11,mixed__r0p10__medium,mixed,0.1,MEDIUM,visible_feature_attack_count,5,343.0,0.0,343.0,343.0,343.0,343.0
decision_tree,mutual_information_select_k_best_k11,mixed__r0p10__medium,mixed,0.1,MEDIUM,invisible_feature_attack_count,5,257.0,0.0,257.0,257.0,257.0,257.0
decision_tree,mutual_information_select_k_best_k11,mixed__r0p10__medium,mixed,0.1,MEDIUM,selected_feature_visibility_rate,5,0.5716666666666667,0.0,0.5716666666666667,0.5716666666666667,0.5716666666666667,0.5716666666666667
decision_tree,mutual_information_select_k_best_k11,mixed__r0p10__medium,mixed,0.1,MEDIUM,visible_attack_recall,5,0.43790087463556854,0.13968939842875497,0.30903790087463556,0.60932944606414,0.2644535776757042,0.6113481715954329
decision_tree,mutual_information_select_k_best_k11,mixed__r0p10__medium,mixed,0.1,MEDIUM,invisible_attack_recall,5,0.1595330739299611,0.18368478991318554,0.011673151750972763,0.41245136186770426,-0.06854171672304454,0.38760786458296675
decision_tree,mutual_information_select_k_best_k11,mixed__r0p10__medium,mixed,0.1,MEDIUM,visible_attack_f1,5,0.31126652221609474,0.13278771183621502,0.16673314718787396,0.4638949671772429,0.14638880102507967,0.4761442434071098
decision_tree,mutual_information_select_k_best_k11,mixed__r0p10__medium,mixed,0.1,MEDIUM,paired_induced_attack_induced_detection_rate,5,0.176,0.015925172247455002,0.15166666666666667,0.195,0.15622628695512566,0.19577371304487431
decision_tree,mutual_information_select_k_best_k11,mixed__r0p10__medium,mixed,0.1,MEDIUM,paired_induced_mean_anomaly_score_delta,5,0.10195353977848323,0.002938988020635266,0.09942293292327226,0.10640326035089781,0.09830430416210538,0.10560277539486108
decision_tree,mutual_information_select_k_best_k11,mixed__r0p10__medium,mixed,0.1,MEDIUM,paired_induced_median_anomaly_score_delta,5,0.0,0.0,0.0,0.0,0.0,0.0
decision_tree,mutual_information_select_k_best_k11,mixed__r0p10__medium,mixed,0.1,MEDIUM,selected_feature_count,5,11.0,0.0,11.0,11.0,11.0,11.0
decision_tree,mutual_information_select_k_best_k11,mixed__r0p10__medium,mixed,0.1,MEDIUM,source_block_count,5,5.0,0.7071067811865476,4.0,6.0,4.122010966914219,5.877989033085781
decision_tree,mutual_information_select_k_best_k11,mixed__r0p10__medium,mixed,0.1,MEDIUM,selected_input_bytes,5,528132.0,0.0,528132.0,528132.0,528132.0,528132.0
decision_tree,mutual_information_select_k_best_k11,mixed__r0p10__medium,mixed,0.1,MEDIUM,model_fit_wall_time_sec,0,,,,,,
decision_tree,mutual_information_select_k_best_k11,mixed__r0p10__medium,mixed,0.1,MEDIUM,model_fit_cpu_time_sec,0,,,,,,
decision_tree,mutual_information_select_k_best_k11,mixed__r0p10__medium,mixed,0.1,MEDIUM,model_fit_peak_rss_mib,0,,,,,,
decision_tree,mutual_information_select_k_best_k11,mixed__r0p10__medium,mixed,0.1,MEDIUM,combined_fit_wall_time_sec,0,,,,,,
decision_tree,mutual_information_select_k_best_k11,mixed__r0p10__medium,mixed,0.1,MEDIUM,inference_wall_time_sec,5,0.0019401100197865163,0.0002511806399863265,0.0016241609999269712,0.0021856843995919917,0.0016282280620694661,0.0022519919775035664
decision_tree,mutual_information_select_k_best_k11,mixed__r0p10__medium,mixed,0.1,MEDIUM,per_record_inference_sec,5,3.233516699644194e-07,4.186343999772108e-08,2.7069349998782855e-07,3.6428073326533195e-07,2.7137134367824435e-07,3.7533199625059443e-07
decision_tree,mutual_information_select_k_best_k11,mixed__r0p10__medium,mixed,0.1,MEDIUM,inference_cpu_time_sec,5,0.002005603240002074,0.0002746497428239223,0.0016327793000073143,0.0022446121000029963,0.0016645805422214161,0.0023466259377827323
decision_tree,mutual_information_select_k_best_k11,mixed__r0p10__medium,mixed,0.1,MEDIUM,inference_peak_rss_mib,5,805.778125,0.03142043367529719,805.7421875,805.80859375,805.7391113786974,805.8171386213027
decision_tree,mutual_information_select_k_best_k11,mixed__r0p10__medium,mixed,0.1,MEDIUM,peak_rss_mib,5,805.778125,0.03142043367529719,805.7421875,805.80859375,805.7391113786974,805.8171386213027
decision_tree,mutual_information_select_k_best_k11,mixed__r0p10__medium,mixed,0.1,MEDIUM,serialized_model_bytes,5,3402.4,341.02903102228703,3028.0,3716.0,2978.9565298369753,3825.843470163025
decision_tree,mutual_information_select_k_best_k11,mixed__r0p10__medium,mixed,0.1,MEDIUM,serialized_model_kib,5,3.32265625,0.3330361631077022,2.95703125,3.62890625,2.909137236168921,3.736175263831079
logistic_regression,mutual_information_select_k_best_k11,mixed__r0p10__medium,mixed,0.1,MEDIUM,precision,5,0.1014100237007443,0.004213542904218515,0.09567901234567901,0.10618436406067679,0.09617821917168508,0.10664182822980352
logistic_regression,mutual_information_select_k_best_k11,mixed__r0p10__medium,mixed,0.1,MEDIUM,recall,5,0.506,0.05040943474302316,0.455,0.5683333333333334,0.4434084197097364,0.5685915802902637
logistic_regression,mutual_information_select_k_best_k11,mixed__r0p10__medium,mixed,0.1,MEDIUM,f1,5,0.16859996471845395,0.003518062199432069,0.1637848222862632,0.17218543046357615,0.16423171354197413,0.17296821589493377
logistic_regression,mutual_information_select_k_best_k11,mixed__r0p10__medium,mixed,0.1,MEDIUM,average_precision,5,0.10315183256070712,0.005057373860380872,0.09461521854329094,0.1074695716708565,0.09687227351281041,0.10943139160860382
logistic_regression,mutual_information_select_k_best_k11,mixed__r0p10__medium,mixed,0.1,MEDIUM,pr_auc_trapezoidal,5,0.10257245493274843,0.0050139403102000685,0.0941328862606512,0.10691784590219906,0.09634682576042544,0.10879808410507141
logistic_regression,mutual_information_select_k_best_k11,mixed__r0p10__medium,mixed,0.1,MEDIUM,roc_auc,5,0.5020767283950618,0.01452264088976143,0.4772027777777778,0.5142033950617284,0.4840444880433888,0.5201089687467347
logistic_regression,mutual_information_select_k_best_k11,mixed__r0p10__medium,mixed,0.1,MEDIUM,TP,5,303.6,30.2456608458139,273.0,341.0,266.0450518258418,341.1549481741582
logistic_regression,mutual_information_select_k_best_k11,mixed__r0p10__medium,mixed,0.1,MEDIUM,TN,5,2696.6,387.3632661985387,2177.0,3102.0,2215.6249781342713,3177.5750218657286
logistic_regression,mutual_information_select_k_best_k11,mixed__r0p10__medium,mixed,0.1,MEDIUM,FP,5,2703.4,387.3632661985387,2298.0,3223.0,2222.4249781342714,3184.3750218657287
logistic_regression,mutual_information_select_k_best_k11,mixed__r0p10__medium,mixed,0.1,MEDIUM,FN,5,296.4,30.2456608458139,259.0,327.0,258.8450518258418,333.9549481741582
logistic_regression,mutual_information_select_k_best_k11,mixed__r0p10__medium,mixed,0.1,MEDIUM,attack_prevalence,5,0.1,0.0,0.1,0.1,0.1,0.1
logistic_regression,mutual_information_select_k_best_k11,mixed__r0p10__medium,mixed,0.1,MEDIUM,visible_feature_attack_count,5,343.0,0.0,343.0,343.0,343.0,343.0
logistic_regression,mutual_information_select_k_best_k11,mixed__r0p10__medium,mixed,0.1,MEDIUM,invisible_feature_attack_count,5,257.0,0.0,257.0,257.0,257.0,257.0
logistic_regression,mutual_information_select_k_best_k11,mixed__r0p10__medium,mixed,0.1,MEDIUM,selected_feature_visibility_rate,5,0.5716666666666667,0.0,0.5716666666666667,0.5716666666666667,0.5716666666666667,0.5716666666666667
logistic_regression,mutual_information_select_k_best_k11,mixed__r0p10__medium,mixed,0.1,MEDIUM,visible_attack_recall,5,0.5067055393586006,0.05101624306197558,0.44314868804664725,0.565597667638484,0.44336050702488267,0.5700505716923187
logistic_regression,mutual_information_select_k_best_k11,mixed__r0p10__medium,mixed,0.1,MEDIUM,invisible_attack_recall,5,0.5050583657587548,0.05186932430967487,0.4474708171206226,0.5719844357976653,0.44065409315222503,0.5694626383652847
logistic_regression,mutual_information_select_k_best_k11,mixed__r0p10__medium,mixed,0.1,MEDIUM,visible_attack_f1,5,0.10822395117338297,0.003468494531690589,0.10319148936170212,0.11289198606271778,0.10391724638541272,0.11253065596135323
logistic_regression,mutual_information_select_k_best_k11,mixed__r0p10__medium,mixed,0.1,MEDIUM,paired_induced_attack_induced_detection_rate,5,0.022333333333333337,0.010178954323068314,0.011666666666666667,0.03666666666666667,0.0096944922110088,0.034972174455657874
logistic_regression,mutual_information_select_k_best_k11,mixed__r0p10__medium,mixed,0.1,MEDIUM,paired_induced_mean_anomaly_score_delta,5,7.206570994838844e-05,0.00034979334646182705,-0.0005140960328325561,0.00041937137901969484,-0.0003622600951648234,0.0005063915150616003
logistic_regression,mutual_information_select_k_best_k11,mixed__r0p10__medium,mixed,0.1,MEDIUM,paired_induced_median_anomaly_score_delta,5,0.0,0.0,0.0,0.0,0.0,0.0
logistic_regression,mutual_information_select_k_best_k11,mixed__r0p10__medium,mixed,0.1,MEDIUM,selected_feature_count,5,11.0,0.0,11.0,11.0,11.0,11.0
logistic_regression,mutual_information_select_k_best_k11,mixed__r0p10__medium,mixed,0.1,MEDIUM,source_block_count,5,5.0,0.7071067811865476,4.0,6.0,4.122010966914219,5.877989033085781
logistic_regression,mutual_information_select_k_best_k11,mixed__r0p10__medium,mixed,0.1,MEDIUM,selected_input_bytes,5,528132.0,0.0,528132.0,528132.0,528132.0,528132.0
logistic_regression,mutual_information_select_k_best_k11,mixed__r0p10__medium,mixed,0.1,MEDIUM,model_fit_wall_time_sec,5,0.27497685859998455,0.02091021720342391,0.24763035999785643,0.29918557299970416,0.24901339470385145,0.30094032249611763
logistic_regression,mutual_information_select_k_best_k11,mixed__r0p10__medium,mixed,0.1,MEDIUM,model_fit_cpu_time_sec,5,0.09213092119999988,0.014315567471356337,0.07548344399999962,0.10902960499999992,0.07435579645694569,0.10990604594305407
logistic_regression,mutual_information_select_k_best_k11,mixed__r0p10__medium,mixed,0.1,MEDIUM,model_fit_peak_rss_mib,5,163.92734375,0.3541635550567968,163.37890625,164.25390625,163.48759161420978,164.36709588579023
logistic_regression,mutual_information_select_k_best_k11,mixed__r0p10__medium,mixed,0.1,MEDIUM,combined_fit_wall_time_sec,5,0.27497685859998455,0.02091021720342391,0.24763035999785643,0.29918557299970416,0.24901339470385145,0.30094032249611763
logistic_regression,mutual_information_select_k_best_k11,mixed__r0p10__medium,mixed,0.1,MEDIUM,inference_wall_time_sec,5,0.0020249053402221764,0.0005754268562514636,0.0015055934003612493,0.0030092402004811445,0.0013104185292145936,0.002739392151229759
logistic_regression,mutual_information_select_k_best_k11,mixed__r0p10__medium,mixed,0.1,MEDIUM,per_record_inference_sec,5,3.3748422337036266e-07,9.59044760419106e-08,2.5093223339354155e-07,5.015400334135241e-07,2.1840308820243222e-07,4.565653585382931e-07
logistic_regression,mutual_information_select_k_best_k11,mixed__r0p10__medium,mixed,0.1,MEDIUM,inference_cpu_time_sec,5,0.002104604279998057,0.0006061085287787178,0.0016728167999985998,0.0031679189999977097,0.0013520211408086747,0.002857187419187439
logistic_regression,mutual_information_select_k_best_k11,mixed__r0p10__medium,mixed,0.1,MEDIUM,inference_peak_rss_mib,5,805.77890625,0.03033323227862059,805.74609375,805.80859375,805.7412425675304,805.8165699324695
logistic_regression,mutual_information_select_k_best_k11,mixed__r0p10__medium,mixed,0.1,MEDIUM,peak_rss_mib,5,805.77890625,0.03033323227862059,805.74609375,805.80859375,805.7412425675304,805.8165699324695
logistic_regression,mutual_information_select_k_best_k11,mixed__r0p10__medium,mixed,0.1,MEDIUM,serialized_model_bytes,5,1353.2,13.386560424545209,1334.0,1366.0,1336.5783898610498,1369.8216101389503
logistic_regression,mutual_information_select_k_best_k11,mixed__r0p10__medium,mixed,0.1,MEDIUM,serialized_model_kib,5,1.321484375,0.01307281291459493,1.302734375,1.333984375,1.3052523338486814,1.3377164161513186
decision_tree,none_natural,mixed__r0p05__low,mixed,0.05,LOW,precision,5,0.10388800133326806,0.08369125195687989,0.05002273760800364,0.25,-2.8413186272613355e-05,0.20780441585280873
decision_tree,none_natural,mixed__r0p05__low,mixed,0.05,LOW,recall,5,0.17333333333333334,0.1648399897543743,0.016666666666666666,0.36666666666666664,-0.03134254740911324,0.3780092140757799
decision_tree,none_natural,mixed__r0p05__low,mixed,0.05,LOW,f1,5,0.07403277545606507,0.02653253170863452,0.03125,0.09706871696299856,0.0410882860522276,0.10697726485990254
decision_tree,none_natural,mixed__r0p05__low,mixed,0.05,LOW,average_precision,5,0.07528984138668714,0.012271776994836387,0.06464470775186132,0.09558494008463428,0.06005241769820151,0.09052726507517277
decision_tree,none_natural,mixed__r0p05__low,mixed,0.05,LOW,pr_auc_trapezoidal,5,0.09115308342544276,0.014330098977155785,0.07647023007302732,0.10974899103916075,0.0733599154347977,0.10894625141608782
decision_tree,none_natural,mixed__r0p05__low,mixed,0.05,LOW,roc_auc,5,0.5133435087719298,0.01648346846989813,0.492366081871345,0.5380412280701754,0.49287657940731416,0.5338104381365455
decision_tree,none_natural,mixed__r0p05__low,mixed,0.05,LOW,TP,5,52.0,49.45199692631229,5.0,110.0,-9.402764222733971,113.40276422273396
decision_tree,none_natural,mixed__r0p05__low,mixed,0.05,LOW,TN,5,4841.4,952.9204059101684,3611.0,5685.0,3658.1930388266856,6024.606961173314
decision_tree,none_natural,mixed__r0p05__low,mixed,0.05,LOW,FP,5,858.6,952.9204059101684,15.0,2089.0,-324.60696117331383,2041.806961173314
decision_tree,none_natural,mixed__r0p05__low,mixed,0.05,LOW,FN,5,248.0,49.45199692631229,190.0,295.0,186.59723577726604,309.402764222734
decision_tree,none_natural,mixed__r0p05__low,mixed,0.05,LOW,attack_prevalence,5,0.05,0.0,0.05,0.05,0.05,0.05
decision_tree,none_natural,mixed__r0p05__low,mixed,0.05,LOW,visible_feature_attack_count,5,171.0,0.0,171.0,171.0,171.0,171.0
decision_tree,none_natural,mixed__r0p05__low,mixed,0.05,LOW,invisible_feature_attack_count,5,129.0,0.0,129.0,129.0,129.0,129.0
decision_tree,none_natural,mixed__r0p05__low,mixed,0.05,LOW,selected_feature_visibility_rate,5,0.57,0.0,0.57,0.57,0.57,0.57
decision_tree,none_natural,mixed__r0p05__low,mixed,0.05,LOW,visible_attack_recall,5,0.18128654970760233,0.16699976972273256,0.029239766081871343,0.3742690058479532,-0.026071052065598482,0.3886441514808031
decision_tree,none_natural,mixed__r0p05__low,mixed,0.05,LOW,invisible_attack_recall,5,0.16279069767441862,0.16562682650559302,0.0,0.3875968992248062,-0.04286216993448061,0.36844356528331784
decision_tree,none_natural,mixed__r0p05__low,mixed,0.05,LOW,visible_attack_f1,5,0.05827172345473536,0.011327161994024346,0.046908315565031986,0.07352941176470588,0.04420719420492219,0.07233625270454852
decision_tree,none_natural,mixed__r0p05__low,mixed,0.05,LOW,paired_induced_attack_induced_detection_rate,5,0.020666666666666667,0.002788866755113586,0.016666666666666666,0.023333333333333334,0.01720383122105202,0.024129502112281313
decision_tree,none_natural,mixed__r0p05__low,mixed,0.05,LOW,paired_induced_mean_anomaly_score_delta,5,0.01276848770697019,0.0045428194797973226,0.008624011695201288,0.020453576539815197,0.007127832308562619,0.018409143105377758
decision_tree,none_natural,mixed__r0p05__low,mixed,0.05,LOW,paired_induced_median_anomaly_score_delta,5,0.0,0.0,0.0,0.0,0.0,0.0
decision_tree,none_natural,mixed__r0p05__low,mixed,0.05,LOW,selected_feature_count,5,43.0,0.0,43.0,43.0,43.0,43.0
decision_tree,none_natural,mixed__r0p05__low,mixed,0.05,LOW,source_block_count,5,10.0,0.0,10.0,10.0,10.0,10.0
decision_tree,none_natural,mixed__r0p05__low,mixed,0.05,LOW,selected_input_bytes,5,2064132.0,0.0,2064132.0,2064132.0,2064132.0,2064132.0
decision_tree,none_natural,mixed__r0p05__low,mixed,0.05,LOW,model_fit_wall_time_sec,0,,,,,,
decision_tree,none_natural,mixed__r0p05__low,mixed,0.05,LOW,model_fit_cpu_time_sec,0,,,,,,
decision_tree,none_natural,mixed__r0p05__low,mixed,0.05,LOW,model_fit_peak_rss_mib,0,,,,,,
decision_tree,none_natural,mixed__r0p05__low,mixed,0.05,LOW,combined_fit_wall_time_sec,0,,,,,,
decision_tree,none_natural,mixed__r0p05__low,mixed,0.05,LOW,inference_wall_time_sec,5,0.0027582856801745947,0.0007566827832944606,0.002277373200195143,0.004087216600601096,0.0018187399100964958,0.0036978314502526936
decision_tree,none_natural,mixed__r0p05__low,mixed,0.05,LOW,per_record_inference_sec,5,4.597142800290991e-07,1.261137972157434e-07,3.7956220003252387e-07,6.812027667668493e-07,3.03123318349416e-07,6.163052417087822e-07
decision_tree,none_natural,mixed__r0p05__low,mixed,0.05,LOW,inference_cpu_time_sec,5,0.0028205970199996953,0.0007408062326041284,0.0023870566000027795,0.00412739700000202,0.0019007645913294543,0.0037404294486699362
decision_tree,none_natural,mixed__r0p05__low,mixed,0.05,LOW,inference_peak_rss_mib,5,806.53515625,0.4460571487830553,805.74609375,806.828125,805.9813031472142,807.0890093527858
decision_tree,none_natural,mixed__r0p05__low,mixed,0.05,LOW,peak_rss_mib,5,806.53515625,0.4460571487830553,805.74609375,806.828125,805.9813031472142,807.0890093527858
decision_tree,none_natural,mixed__r0p05__low,mixed,0.05,LOW,serialized_model_bytes,5,4132.0,327.90242451070714,3780.0,4420.0,3724.8553645610036,4539.144635438996
decision_tree,none_natural,mixed__r0p05__low,mixed,0.05,LOW,serialized_model_kib,5,4.03515625,0.32021721143623744,3.69140625,4.31640625,3.637554066954105,4.432758433045895
logistic_regression,none_natural,mixed__r0p05__low,mixed,0.05,LOW,precision,5,0.04835024313612761,0.002043592939444931,0.046615322253749494,0.05154639175257732,0.04581278735623342,0.0508876989160218
logistic_regression,none_natural,mixed__r0p05__low,mixed,0.05,LOW,recall,5,0.41933333333333334,0.07829431652425353,0.3,0.49333333333333335,0.3221180992411204,0.5165485674255462
logistic_regression,none_natural,mixed__r0p05__low,mixed,0.05,LOW,f1,5,0.08650272346378088,0.0046820875351271255,0.08075370121130551,0.09249743062692703,0.0806891439349703,0.09231630299259146
logistic_regression,none_natural,mixed__r0p05__low,mixed,0.05,LOW,average_precision,5,0.05069493711774509,0.003258423682638624,0.04718047888757912,0.05490655542807772,0.046649069740114964,0.05474080449537521
logistic_regression,none_natural,mixed__r0p05__low,mixed,0.05,LOW,pr_auc_trapezoidal,5,0.04988157449377704,0.0030507066611601425,0.04661865598225744,0.05405153666307124,0.04609362186353107,0.05366952712402301
logistic_regression,none_natural,mixed__r0p05__low,mixed,0.05,LOW,roc_auc,5,0.49269239766081874,0.013429607785590224,0.47612807017543857,0.5059426900584796,0.47601733716344113,0.5093674581581964
logistic_regression,none_natural,mixed__r0p05__low,mixed,0.05,LOW,TP,5,125.8,23.48829495727606,90.0,148.0,96.63542977233612,154.96457022766387
logistic_regression,none_natural,mixed__r0p05__low,mixed,0.05,LOW,TN,5,3230.4,413.3537226153891,2828.0,3861.0,2717.1535641045584,3743.6464358954418
logistic_regression,none_natural,mixed__r0p05__low,mixed,0.05,LOW,FP,5,2469.6,413.3537226153891,1839.0,2872.0,1956.3535641045582,2982.8464358954416
logistic_regression,none_natural,mixed__r0p05__low,mixed,0.05,LOW,FN,5,174.2,23.488294957276057,152.0,210.0,145.0354297723361,203.36457022766388
logistic_regression,none_natural,mixed__r0p05__low,mixed,0.05,LOW,attack_prevalence,5,0.05,0.0,0.05,0.05,0.05,0.05
logistic_regression,none_natural,mixed__r0p05__low,mixed,0.05,LOW,visible_feature_attack_count,5,171.0,0.0,171.0,171.0,171.0,171.0
logistic_regression,none_natural,mixed__r0p05__low,mixed,0.05,LOW,invisible_feature_attack_count,5,129.0,0.0,129.0,129.0,129.0,129.0
logistic_regression,none_natural,mixed__r0p05__low,mixed,0.05,LOW,selected_feature_visibility_rate,5,0.57,0.0,0.57,0.57,0.57,0.57
logistic_regression,none_natural,mixed__r0p05__low,mixed,0.05,LOW,visible_attack_recall,5,0.4292397660818713,0.0910291728936641,0.2982456140350877,0.5146198830409356,0.3162121193134528,0.5422674128502898
logistic_regression,none_natural,mixed__r0p05__low,mixed,0.05,LOW,invisible_attack_recall,5,0.4062015503875968,0.06793458077583456,0.3023255813953488,0.4883720930232558,0.32184962720511046,0.49055347357008317
logistic_regression,none_natural,mixed__r0p05__low,mixed,0.05,LOW,visible_attack_f1,5,0.0537247294593175,0.0041005814381656,0.04947816003092385,0.05779078273591807,0.04863318511584061,0.05881627380279439
logistic_regression,none_natural,mixed__r0p05__low,mixed,0.05,LOW,paired_induced_attack_induced_detection_rate,5,0.008666666666666666,0.005055250296034367,0.0,0.013333333333333334,0.0023897443721668833,0.01494358896116645
logistic_regression,none_natural,mixed__r0p05__low,mixed,0.05,LOW,paired_induced_mean_anomaly_score_delta,5,2.2302645302165333e-06,0.00017573656036709706,-0.00020793880905861742,0.00020772056228895387,-0.00021597549564594378,0.00022043602470637685
logistic_regression,none_natural,mixed__r0p05__low,mixed,0.05,LOW,paired_induced_median_anomaly_score_delta,5,0.0,0.0,0.0,0.0,0.0,0.0
logistic_regression,none_natural,mixed__r0p05__low,mixed,0.05,LOW,selected_feature_count,5,43.0,0.0,43.0,43.0,43.0,43.0
logistic_regression,none_natural,mixed__r0p05__low,mixed,0.05,LOW,source_block_count,5,10.0,0.0,10.0,10.0,10.0,10.0
logistic_regression,none_natural,mixed__r0p05__low,mixed,0.05,LOW,selected_input_bytes,5,2064132.0,0.0,2064132.0,2064132.0,2064132.0,2064132.0
logistic_regression,none_natural,mixed__r0p05__low,mixed,0.05,LOW,model_fit_wall_time_sec,5,0.49001829079934395,0.09719446902817075,0.4144513709979947,0.6605000540002948,0.3693354177824376,0.6107011638162503
logistic_regression,none_natural,mixed__r0p05__low,mixed,0.05,LOW,model_fit_cpu_time_sec,5,0.29261962500000005,0.07522294968955433,0.21856836799999968,0.4180874179999998,0.19921799653171318,0.3860212534682869
logistic_regression,none_natural,mixed__r0p05__low,mixed,0.05,LOW,model_fit_peak_rss_mib,5,182.0546875,0.12530480415894876,181.8984375,182.19140625,181.89910103587374,182.21027396412626
logistic_regression,none_natural,mixed__r0p05__low,mixed,0.05,LOW,combined_fit_wall_time_sec,5,0.49001829079934395,0.09719446902817075,0.4144513709979947,0.6605000540002948,0.3693354177824376,0.6107011638162503
logistic_regression,none_natural,mixed__r0p05__low,mixed,0.05,LOW,inference_wall_time_sec,5,0.0023000371799571442,0.00027227543831204843,0.0019802737995632926,0.0026444891998835375,0.0019619625706096553,0.002638111789304633
logistic_regression,none_natural,mixed__r0p05__low,mixed,0.05,LOW,per_record_inference_sec,5,3.833395299928574e-07,4.5379239718674745e-08,3.3004563326054877e-07,4.407481999805896e-07,3.2699376176827585e-07,4.396852982174389e-07
logistic_regression,none_natural,mixed__r0p05__low,mixed,0.05,LOW,inference_cpu_time_sec,5,0.002358084819998112,0.0002632436013721316,0.0021138186999905884,0.002691134899998815,0.002031224717416573,0.0026849449225796506
logistic_regression,none_natural,mixed__r0p05__low,mixed,0.05,LOW,inference_peak_rss_mib,5,806.36015625,0.560689088013998,805.74609375,806.84375,805.6639687952268,807.0563437047733
logistic_regression,none_natural,mixed__r0p05__low,mixed,0.05,LOW,peak_rss_mib,5,806.36015625,0.560689088013998,805.74609375,806.84375,805.6639687952268,807.0563437047733
logistic_regression,none_natural,mixed__r0p05__low,mixed,0.05,LOW,serialized_model_bytes,5,2342.0,0.0,2342.0,2342.0,2342.0,2342.0
logistic_regression,none_natural,mixed__r0p05__low,mixed,0.05,LOW,serialized_model_kib,5,2.287109375,0.0,2.287109375,2.287109375,2.287109375,2.287109375
decision_tree,pairwise_correlation_filter_natural,mixed__r0p05__low,mixed,0.05,LOW,precision,5,0.10388800133326806,0.08369125195687989,0.05002273760800364,0.25,-2.8413186272613355e-05,0.20780441585280873
decision_tree,pairwise_correlation_filter_natural,mixed__r0p05__low,mixed,0.05,LOW,recall,5,0.17333333333333334,0.1648399897543743,0.016666666666666666,0.36666666666666664,-0.03134254740911324,0.3780092140757799
decision_tree,pairwise_correlation_filter_natural,mixed__r0p05__low,mixed,0.05,LOW,f1,5,0.07403277545606507,0.02653253170863452,0.03125,0.09706871696299856,0.0410882860522276,0.10697726485990254
decision_tree,pairwise_correlation_filter_natural,mixed__r0p05__low,mixed,0.05,LOW,average_precision,5,0.07528984138668714,0.012271776994836387,0.06464470775186132,0.09558494008463428,0.06005241769820151,0.09052726507517277
decision_tree,pairwise_correlation_filter_natural,mixed__r0p05__low,mixed,0.05,LOW,pr_auc_trapezoidal,5,0.09115308342544276,0.014330098977155785,0.07647023007302732,0.10974899103916075,0.0733599154347977,0.10894625141608782
decision_tree,pairwise_correlation_filter_natural,mixed__r0p05__low,mixed,0.05,LOW,roc_auc,5,0.5133435087719298,0.01648346846989813,0.492366081871345,0.5380412280701754,0.49287657940731416,0.5338104381365455
decision_tree,pairwise_correlation_filter_natural,mixed__r0p05__low,mixed,0.05,LOW,TP,5,52.0,49.45199692631229,5.0,110.0,-9.402764222733971,113.40276422273396
decision_tree,pairwise_correlation_filter_natural,mixed__r0p05__low,mixed,0.05,LOW,TN,5,4841.4,952.9204059101684,3611.0,5685.0,3658.1930388266856,6024.606961173314
decision_tree,pairwise_correlation_filter_natural,mixed__r0p05__low,mixed,0.05,LOW,FP,5,858.6,952.9204059101684,15.0,2089.0,-324.60696117331383,2041.806961173314
decision_tree,pairwise_correlation_filter_natural,mixed__r0p05__low,mixed,0.05,LOW,FN,5,248.0,49.45199692631229,190.0,295.0,186.59723577726604,309.402764222734
decision_tree,pairwise_correlation_filter_natural,mixed__r0p05__low,mixed,0.05,LOW,attack_prevalence,5,0.05,0.0,0.05,0.05,0.05,0.05
decision_tree,pairwise_correlation_filter_natural,mixed__r0p05__low,mixed,0.05,LOW,visible_feature_attack_count,5,171.0,0.0,171.0,171.0,171.0,171.0
decision_tree,pairwise_correlation_filter_natural,mixed__r0p05__low,mixed,0.05,LOW,invisible_feature_attack_count,5,129.0,0.0,129.0,129.0,129.0,129.0
decision_tree,pairwise_correlation_filter_natural,mixed__r0p05__low,mixed,0.05,LOW,selected_feature_visibility_rate,5,0.57,0.0,0.57,0.57,0.57,0.57
decision_tree,pairwise_correlation_filter_natural,mixed__r0p05__low,mixed,0.05,LOW,visible_attack_recall,5,0.18128654970760233,0.16699976972273256,0.029239766081871343,0.3742690058479532,-0.026071052065598482,0.3886441514808031
decision_tree,pairwise_correlation_filter_natural,mixed__r0p05__low,mixed,0.05,LOW,invisible_attack_recall,5,0.16279069767441862,0.16562682650559302,0.0,0.3875968992248062,-0.04286216993448061,0.36844356528331784
decision_tree,pairwise_correlation_filter_natural,mixed__r0p05__low,mixed,0.05,LOW,visible_attack_f1,5,0.05827172345473536,0.011327161994024346,0.046908315565031986,0.07352941176470588,0.04420719420492219,0.07233625270454852
decision_tree,pairwise_correlation_filter_natural,mixed__r0p05__low,mixed,0.05,LOW,paired_induced_attack_induced_detection_rate,5,0.020666666666666667,0.002788866755113586,0.016666666666666666,0.023333333333333334,0.01720383122105202,0.024129502112281313
decision_tree,pairwise_correlation_filter_natural,mixed__r0p05__low,mixed,0.05,LOW,paired_induced_mean_anomaly_score_delta,5,0.012768487706970172,0.00454281947979727,0.008624011695201262,0.02045357653981507,0.007127832308562667,0.018409143105377675
decision_tree,pairwise_correlation_filter_natural,mixed__r0p05__low,mixed,0.05,LOW,paired_induced_median_anomaly_score_delta,5,0.0,0.0,0.0,0.0,0.0,0.0
decision_tree,pairwise_correlation_filter_natural,mixed__r0p05__low,mixed,0.05,LOW,selected_feature_count,5,42.0,0.0,42.0,42.0,42.0,42.0
decision_tree,pairwise_correlation_filter_natural,mixed__r0p05__low,mixed,0.05,LOW,source_block_count,5,9.0,0.0,9.0,9.0,9.0,9.0
decision_tree,pairwise_correlation_filter_natural,mixed__r0p05__low,mixed,0.05,LOW,selected_input_bytes,5,2016132.0,0.0,2016132.0,2016132.0,2016132.0,2016132.0
decision_tree,pairwise_correlation_filter_natural,mixed__r0p05__low,mixed,0.05,LOW,model_fit_wall_time_sec,0,,,,,,
decision_tree,pairwise_correlation_filter_natural,mixed__r0p05__low,mixed,0.05,LOW,model_fit_cpu_time_sec,0,,,,,,
decision_tree,pairwise_correlation_filter_natural,mixed__r0p05__low,mixed,0.05,LOW,model_fit_peak_rss_mib,0,,,,,,
decision_tree,pairwise_correlation_filter_natural,mixed__r0p05__low,mixed,0.05,LOW,combined_fit_wall_time_sec,0,,,,,,
decision_tree,pairwise_correlation_filter_natural,mixed__r0p05__low,mixed,0.05,LOW,inference_wall_time_sec,5,0.002686988659988856,0.00046294101210386416,0.0019616434998170006,0.003079831100330921,0.002112171471967018,0.0032618058480106942
decision_tree,pairwise_correlation_filter_natural,mixed__r0p05__low,mixed,0.05,LOW,per_record_inference_sec,5,4.47831443331476e-07,7.715683535064405e-08,3.2694058330283343e-07,5.133051833884869e-07,3.5202857866116966e-07,5.436343080017824e-07
decision_tree,pairwise_correlation_filter_natural,mixed__r0p05__low,mixed,0.05,LOW,inference_cpu_time_sec,5,0.0027552921399956174,0.0005112198095359304,0.001977413199995226,0.003280675499991048,0.0021205289073257627,0.003390055372665472
decision_tree,pairwise_correlation_filter_natural,mixed__r0p05__low,mixed,0.05,LOW,inference_peak_rss_mib,5,806.33125,0.5256512190621863,805.74609375,806.73046875,805.678567805678,806.9839321943219
decision_tree,pairwise_correlation_filter_natural,mixed__r0p05__low,mixed,0.05,LOW,peak_rss_mib,5,806.33125,0.5256512190621863,805.74609375,806.73046875,805.678567805678,806.9839321943219
decision_tree,pairwise_correlation_filter_natural,mixed__r0p05__low,mixed,0.05,LOW,serialized_model_bytes,5,4116.0,327.90242451070714,3764.0,4404.0,3708.8553645610036,4523.144635438996
decision_tree,pairwise_correlation_filter_natural,mixed__r0p05__low,mixed,0.05,LOW,serialized_model_kib,5,4.01953125,0.32021721143623744,3.67578125,4.30078125,3.621929066954105,4.417133433045895
logistic_regression,pairwise_correlation_filter_natural,mixed__r0p05__low,mixed,0.05,LOW,precision,5,0.04835024313612761,0.002043592939444931,0.046615322253749494,0.05154639175257732,0.04581278735623342,0.0508876989160218
logistic_regression,pairwise_correlation_filter_natural,mixed__r0p05__low,mixed,0.05,LOW,recall,5,0.41933333333333334,0.07829431652425353,0.3,0.49333333333333335,0.3221180992411204,0.5165485674255462
logistic_regression,pairwise_correlation_filter_natural,mixed__r0p05__low,mixed,0.05,LOW,f1,5,0.08650272346378088,0.0046820875351271255,0.08075370121130551,0.09249743062692703,0.0806891439349703,0.09231630299259146
logistic_regression,pairwise_correlation_filter_natural,mixed__r0p05__low,mixed,0.05,LOW,average_precision,5,0.050694774904572214,0.0032581701559739372,0.047180210692840535,0.054905702410226576,0.04664922232187422,0.05474032748727021
logistic_regression,pairwise_correlation_filter_natural,mixed__r0p05__low,mixed,0.05,LOW,pr_auc_trapezoidal,5,0.04988141557653488,0.003050433257838928,0.04661839264603808,0.054050695734917886,0.046093802421349854,0.05366902873171991
logistic_regression,pairwise_correlation_filter_natural,mixed__r0p05__low,mixed,0.05,LOW,roc_auc,5,0.4926930994152047,0.013428480632473417,0.47612865497076023,0.5059415204678362,0.4760194384632727,0.5093667603671367
logistic_regression,pairwise_correlation_filter_natural,mixed__r0p05__low,mixed,0.05,LOW,TP,5,125.8,23.48829495727606,90.0,148.0,96.63542977233612,154.96457022766387
logistic_regression,pairwise_correlation_filter_natural,mixed__r0p05__low,mixed,0.05,LOW,TN,5,3230.4,413.3537226153891,2828.0,3861.0,2717.1535641045584,3743.6464358954418
logistic_regression,pairwise_correlation_filter_natural,mixed__r0p05__low,mixed,0.05,LOW,FP,5,2469.6,413.3537226153891,1839.0,2872.0,1956.3535641045582,2982.8464358954416
logistic_regression,pairwise_correlation_filter_natural,mixed__r0p05__low,mixed,0.05,LOW,FN,5,174.2,23.488294957276057,152.0,210.0,145.0354297723361,203.36457022766388
logistic_regression,pairwise_correlation_filter_natural,mixed__r0p05__low,mixed,0.05,LOW,attack_prevalence,5,0.05,0.0,0.05,0.05,0.05,0.05
logistic_regression,pairwise_correlation_filter_natural,mixed__r0p05__low,mixed,0.05,LOW,visible_feature_attack_count,5,171.0,0.0,171.0,171.0,171.0,171.0
logistic_regression,pairwise_correlation_filter_natural,mixed__r0p05__low,mixed,0.05,LOW,invisible_feature_attack_count,5,129.0,0.0,129.0,129.0,129.0,129.0
logistic_regression,pairwise_correlation_filter_natural,mixed__r0p05__low,mixed,0.05,LOW,selected_feature_visibility_rate,5,0.57,0.0,0.57,0.57,0.57,0.57
logistic_regression,pairwise_correlation_filter_natural,mixed__r0p05__low,mixed,0.05,LOW,visible_attack_recall,5,0.4292397660818713,0.0910291728936641,0.2982456140350877,0.5146198830409356,0.3162121193134528,0.5422674128502898
logistic_regression,pairwise_correlation_filter_natural,mixed__r0p05__low,mixed,0.05,LOW,invisible_attack_recall,5,0.4062015503875968,0.06793458077583456,0.3023255813953488,0.4883720930232558,0.32184962720511046,0.49055347357008317
logistic_regression,pairwise_correlation_filter_natural,mixed__r0p05__low,mixed,0.05,LOW,visible_attack_f1,5,0.0537247294593175,0.0041005814381656,0.04947816003092385,0.05779078273591807,0.04863318511584061,0.05881627380279439
logistic_regression,pairwise_correlation_filter_natural,mixed__r0p05__low,mixed,0.05,LOW,paired_induced_attack_induced_detection_rate,5,0.008666666666666666,0.005055250296034367,0.0,0.013333333333333334,0.0023897443721668833,0.01494358896116645
logistic_regression,pairwise_correlation_filter_natural,mixed__r0p05__low,mixed,0.05,LOW,paired_induced_mean_anomaly_score_delta,5,2.2432057386556245e-06,0.00017574220215294957,-0.0002079562094966436,0.00020771490401960932,-0.0002159695596398833,0.00022045597111719457
logistic_regression,pairwise_correlation_filter_natural,mixed__r0p05__low,mixed,0.05,LOW,paired_induced_median_anomaly_score_delta,5,0.0,0.0,0.0,0.0,0.0,0.0
logistic_regression,pairwise_correlation_filter_natural,mixed__r0p05__low,mixed,0.05,LOW,selected_feature_count,5,42.0,0.0,42.0,42.0,42.0,42.0
logistic_regression,pairwise_correlation_filter_natural,mixed__r0p05__low,mixed,0.05,LOW,source_block_count,5,9.0,0.0,9.0,9.0,9.0,9.0
logistic_regression,pairwise_correlation_filter_natural,mixed__r0p05__low,mixed,0.05,LOW,selected_input_bytes,5,2016132.0,0.0,2016132.0,2016132.0,2016132.0,2016132.0
logistic_regression,pairwise_correlation_filter_natural,mixed__r0p05__low,mixed,0.05,LOW,model_fit_wall_time_sec,5,0.5226187851993018,0.1320858923339655,0.33173528499901295,0.6544766820006771,0.358612488017468,0.6866250823811357
logistic_regression,pairwise_correlation_filter_natural,mixed__r0p05__low,mixed,0.05,LOW,model_fit_cpu_time_sec,5,0.32897909459999986,0.11776488132572177,0.18253484599999936,0.47190246899999977,0.18275468120499616,0.47520350799500355
logistic_regression,pairwise_correlation_filter_natural,mixed__r0p05__low,mixed,0.05,LOW,model_fit_peak_rss_mib,5,181.35625,0.274181465592076,181.0546875,181.63671875,181.01580874519928,181.6966912548007
logistic_regression,pairwise_correlation_filter_natural,mixed__r0p05__low,mixed,0.05,LOW,combined_fit_wall_time_sec,5,0.5226187851993018,0.1320858923339655,0.33173528499901295,0.6544766820006771,0.358612488017468,0.6866250823811357
logistic_regression,pairwise_correlation_filter_natural,mixed__r0p05__low,mixed,0.05,LOW,inference_wall_time_sec,5,0.002154619180073496,0.00019889729424054433,0.0018418746003590059,0.0023219308000989257,0.001907655570474675,0.002401582789672317
logistic_regression,pairwise_correlation_filter_natural,mixed__r0p05__low,mixed,0.05,LOW,per_record_inference_sec,5,3.59103196678916e-07,3.3149549040090706e-08,3.0697910005983433e-07,3.869884666831543e-07,3.179425950791125e-07,4.002637982787195e-07
logistic_regression,pairwise_correlation_filter_natural,mixed__r0p05__low,mixed,0.05,LOW,inference_cpu_time_sec,5,0.002215315159999136,0.0002172387061795666,0.0018721184999890284,0.0024036550000005263,0.0019455776795193882,0.002485052640478884
logistic_regression,pairwise_correlation_filter_natural,mixed__r0p05__low,mixed,0.05,LOW,inference_peak_rss_mib,5,806.334375,0.521477791391026,805.74609375,806.73046875,805.6868748005664,806.9818751994336
logistic_regression,pairwise_correlation_filter_natural,mixed__r0p05__low,mixed,0.05,LOW,peak_rss_mib,5,806.334375,0.521477791391026,805.74609375,806.73046875,805.6868748005664,806.9818751994336
logistic_regression,pairwise_correlation_filter_natural,mixed__r0p05__low,mixed,0.05,LOW,serialized_model_bytes,5,2310.0,0.0,2310.0,2310.0,2310.0,2310.0
logistic_regression,pairwise_correlation_filter_natural,mixed__r0p05__low,mixed,0.05,LOW,serialized_model_kib,5,2.255859375,0.0,2.255859375,2.255859375,2.255859375,2.255859375
decision_tree,mutual_information_select_k_best_k11,mixed__r0p05__low,mixed,0.05,LOW,precision,5,0.13417994714385878,0.17354937620043925,0.051094890510948905,0.4444444444444444,-0.08131006519511907,0.34966995948283663
decision_tree,mutual_information_select_k_best_k11,mixed__r0p05__low,mixed,0.05,LOW,recall,5,0.16599999999999998,0.17545813049145245,0.023333333333333334,0.37666666666666665,-0.05186004382354778,0.38386004382354777
decision_tree,mutual_information_select_k_best_k11,mixed__r0p05__low,mixed,0.05,LOW,f1,5,0.06756956241775591,0.02757037431038383,0.032036613272311214,0.09810587663914522,0.03333642121952317,0.10180270361598866
decision_tree,mutual_information_select_k_best_k11,mixed__r0p05__low,mixed,0.05,LOW,average_precision,5,0.07559010192964868,0.01098151697758154,0.06460919655501549,0.09396473511619977,0.06195474765291144,0.08922545620638593
decision_tree,mutual_information_select_k_best_k11,mixed__r0p05__low,mixed,0.05,LOW,pr_auc_trapezoidal,5,0.08662659730387157,0.01800451162785059,0.06462781951681638,0.10864355658633926,0.06427104341031067,0.10898215119743246
decision_tree,mutual_information_select_k_best_k11,mixed__r0p05__low,mixed,0.05,LOW,roc_auc,5,0.5138709356725146,0.020052591487853863,0.48661286549707605,0.5401347953216374,0.48897235475133943,0.5387695165936898
decision_tree,mutual_information_select_k_best_k11,mixed__r0p05__low,mixed,0.05,LOW,TP,5,49.8,52.637439147435735,7.0,113.0,-15.55801314706433,115.15801314706432
decision_tree,mutual_information_select_k_best_k11,mixed__r0p05__low,mixed,0.05,LOW,TN,5,4869.6,960.5794084821931,3628.0,5690.0,3676.8831310708456,6062.316868929155
decision_tree,mutual_information_select_k_best_k11,mixed__r0p05__low,mixed,0.05,LOW,FP,5,830.4,960.5794084821931,10.0,2072.0,-362.31686892915457,2023.1168689291544
decision_tree,mutual_information_select_k_best_k11,mixed__r0p05__low,mixed,0.05,LOW,FN,5,250.2,52.637439147435735,187.0,293.0,184.84198685293566,315.55801314706434
decision_tree,mutual_information_select_k_best_k11,mixed__r0p05__low,mixed,0.05,LOW,attack_prevalence,5,0.05,0.0,0.05,0.05,0.05,0.05
decision_tree,mutual_information_select_k_best_k11,mixed__r0p05__low,mixed,0.05,LOW,visible_feature_attack_count,5,171.0,0.0,171.0,171.0,171.0,171.0
decision_tree,mutual_information_select_k_best_k11,mixed__r0p05__low,mixed,0.05,LOW,invisible_feature_attack_count,5,129.0,0.0,129.0,129.0,129.0,129.0
decision_tree,mutual_information_select_k_best_k11,mixed__r0p05__low,mixed,0.05,LOW,selected_feature_visibility_rate,5,0.57,0.0,0.57,0.57,0.57,0.57
decision_tree,mutual_information_select_k_best_k11,mixed__r0p05__low,mixed,0.05,LOW,visible_attack_recall,5,0.17426900584795318,0.17501899138231272,0.03508771929824561,0.3742690058479532,-0.043045774753572075,0.39158378644947844
decision_tree,mutual_information_select_k_best_k11,mixed__r0p05__low,mixed,0.05,LOW,invisible_attack_recall,5,0.15503875968992248,0.17997188784874263,0.007751937984496124,0.40310077519379844,-0.06842585414080432,0.3785033735206493
decision_tree,mutual_information_select_k_best_k11,mixed__r0p05__low,mixed,0.05,LOW,visible_attack_f1,5,0.05630775065609052,0.014530986689552959,0.03908794788273615,0.07446808510638298,0.038265147625280174,0.07435035368690086
decision_tree,mutual_information_select_k_best_k11,mixed__r0p05__low,mixed,0.05,LOW,paired_induced_attack_induced_detection_rate,5,0.021333333333333333,0.0029814239699997203,0.016666666666666666,0.023333333333333334,0.0176314065264,0.025035260140266666
decision_tree,mutual_information_select_k_best_k11,mixed__r0p05__low,mixed,0.05,LOW,paired_induced_mean_anomaly_score_delta,5,0.012949413947704363,0.004393851611233283,0.008569468528940197,0.020280235523777616,0.007493726588582058,0.01840510130682667
decision_tree,mutual_information_select_k_best_k11,mixed__r0p05__low,mixed,0.05,LOW,paired_induced_median_anomaly_score_delta,5,0.0,0.0,0.0,0.0,0.0,0.0
decision_tree,mutual_information_select_k_best_k11,mixed__r0p05__low,mixed,0.05,LOW,selected_feature_count,5,11.0,0.0,11.0,11.0,11.0,11.0
decision_tree,mutual_information_select_k_best_k11,mixed__r0p05__low,mixed,0.05,LOW,source_block_count,5,5.0,0.7071067811865476,4.0,6.0,4.122010966914219,5.877989033085781
decision_tree,mutual_information_select_k_best_k11,mixed__r0p05__low,mixed,0.05,LOW,selected_input_bytes,5,528132.0,0.0,528132.0,528132.0,528132.0,528132.0
decision_tree,mutual_information_select_k_best_k11,mixed__r0p05__low,mixed,0.05,LOW,model_fit_wall_time_sec,0,,,,,,
decision_tree,mutual_information_select_k_best_k11,mixed__r0p05__low,mixed,0.05,LOW,model_fit_cpu_time_sec,0,,,,,,
decision_tree,mutual_information_select_k_best_k11,mixed__r0p05__low,mixed,0.05,LOW,model_fit_peak_rss_mib,0,,,,,,
decision_tree,mutual_information_select_k_best_k11,mixed__r0p05__low,mixed,0.05,LOW,combined_fit_wall_time_sec,0,,,,,,
decision_tree,mutual_information_select_k_best_k11,mixed__r0p05__low,mixed,0.05,LOW,inference_wall_time_sec,5,0.0022986145000322726,0.00046425634838470647,0.0017674900002020877,0.0028611916000954806,0.0017221641063049802,0.0028750648937595647
decision_tree,mutual_information_select_k_best_k11,mixed__r0p05__low,mixed,0.05,LOW,per_record_inference_sec,5,3.831024166720453e-07,7.737605806411774e-08,2.9458166670034795e-07,4.768652666825801e-07,2.8702735105082994e-07,4.791774822932608e-07
decision_tree,mutual_information_select_k_best_k11,mixed__r0p05__low,mixed,0.05,LOW,inference_cpu_time_sec,5,0.0023611748799976335,0.0005206157735758944,0.0017802243000005547,0.0030321825999976683,0.0017147450170509292,0.0030076047429443377
decision_tree,mutual_information_select_k_best_k11,mixed__r0p05__low,mixed,0.05,LOW,inference_peak_rss_mib,5,806.31640625,0.4991677032782607,805.74609375,806.73046875,805.6966076837729,806.9362048162271
decision_tree,mutual_information_select_k_best_k11,mixed__r0p05__low,mixed,0.05,LOW,peak_rss_mib,5,806.31640625,0.4991677032782607,805.74609375,806.73046875,805.6966076837729,806.9362048162271
decision_tree,mutual_information_select_k_best_k11,mixed__r0p05__low,mixed,0.05,LOW,serialized_model_bytes,5,3402.4,341.02903102228703,3028.0,3716.0,2978.9565298369753,3825.843470163025
decision_tree,mutual_information_select_k_best_k11,mixed__r0p05__low,mixed,0.05,LOW,serialized_model_kib,5,3.32265625,0.3330361631077022,2.95703125,3.62890625,2.909137236168921,3.736175263831079
logistic_regression,mutual_information_select_k_best_k11,mixed__r0p05__low,mixed,0.05,LOW,precision,5,0.0515184106336213,0.0018016450043267206,0.04939657591916924,0.05388854868340478,0.04928137289420337,0.053755448373039236
logistic_regression,mutual_information_select_k_best_k11,mixed__r0p05__low,mixed,0.05,LOW,recall,5,0.5166666666666667,0.06999999999999999,0.43333333333333335,0.5866666666666667,0.4297501867923342,0.6035831465409993
logistic_regression,mutual_information_select_k_best_k11,mixed__r0p05__low,mixed,0.05,LOW,f1,5,0.09357710455956161,0.003335336973384238,0.09034051424600417,0.09871003925967471,0.0894357367178292,0.09771847240129403
logistic_regression,mutual_information_select_k_best_k11,mixed__r0p05__low,mixed,0.05,LOW,average_precision,5,0.050627864814174264,0.0027346449334568097,0.04689161840527607,0.05328742783792477,0.047232354652427914,0.054023374975920614
logistic_regression,mutual_information_select_k_best_k11,mixed__r0p05__low,mixed,0.05,LOW,pr_auc_trapezoidal,5,0.05005528228956522,0.0027071501281649615,0.04642966873307307,0.052721218642305806,0.04669391143768741,0.053416653141443025
logistic_regression,mutual_information_select_k_best_k11,mixed__r0p05__low,mixed,0.05,LOW,roc_auc,5,0.5008300584795322,0.015904506192722948,0.48242660818713445,0.5197333333333334,0.4810820057308036,0.5205781112282608
logistic_regression,mutual_information_select_k_best_k11,mixed__r0p05__low,mixed,0.05,LOW,TP,5,155.0,21.0,130.0,176.0,128.92505603770024,181.07494396229976
logistic_regression,mutual_information_select_k_best_k11,mixed__r0p05__low,mixed,0.05,LOW,TN,5,2844.2,397.7388590520167,2313.0,3252.0,2350.341978028077,3338.0580219719227
logistic_regression,mutual_information_select_k_best_k11,mixed__r0p05__low,mixed,0.05,LOW,FP,5,2855.8,397.7388590520167,2448.0,3387.0,2361.9419780280773,3349.658021971923
logistic_regression,mutual_information_select_k_best_k11,mixed__r0p05__low,mixed,0.05,LOW,FN,5,145.0,21.0,124.0,170.0,118.92505603770023,171.07494396229976
logistic_regression,mutual_information_select_k_best_k11,mixed__r0p05__low,mixed,0.05,LOW,attack_prevalence,5,0.05,0.0,0.05,0.05,0.05,0.05
logistic_regression,mutual_information_select_k_best_k11,mixed__r0p05__low,mixed,0.05,LOW,visible_feature_attack_count,5,171.0,0.0,171.0,171.0,171.0,171.0
logistic_regression,mutual_information_select_k_best_k11,mixed__r0p05__low,mixed,0.05,LOW,invisible_feature_attack_count,5,129.0,0.0,129.0,129.0,129.0,129.0
logistic_regression,mutual_information_select_k_best_k11,mixed__r0p05__low,mixed,0.05,LOW,selected_feature_visibility_rate,5,0.57,0.0,0.57,0.57,0.57,0.57
logistic_regression,mutual_information_select_k_best_k11,mixed__r0p05__low,mixed,0.05,LOW,visible_attack_recall,5,0.5309941520467836,0.05285851012152828,0.45614035087719296,0.5847953216374269,0.4653616430301405,0.5966266610634267
logistic_regression,mutual_information_select_k_best_k11,mixed__r0p05__low,mixed,0.05,LOW,invisible_attack_recall,5,0.49767441860465117,0.09703865936921609,0.3953488372093023,0.5968992248062015,0.3771850088318414,0.618163828377461
logistic_regression,mutual_information_select_k_best_k11,mixed__r0p05__low,mixed,0.05,LOW,visible_attack_f1,5,0.05848340563234907,0.0033995637762185495,0.05467468562055768,0.06388384754990925,0.054262289681817504,0.06270452158288063
logistic_regression,mutual_information_select_k_best_k11,mixed__r0p05__low,mixed,0.05,LOW,paired_induced_attack_induced_detection_rate,5,0.006666666666666666,0.004082482904638631,0.0033333333333333335,0.013333333333333334,0.0015975946206905189,0.011735738712642814
logistic_regression,mutual_information_select_k_best_k11,mixed__r0p05__low,mixed,0.05,LOW,paired_induced_mean_anomaly_score_delta,5,7.709115823912503e-07,0.00013212613368284741,-0.00011444477404734032,0.00021988632949770825,-0.0001632853518335885,0.000164827174998371
logistic_regression,mutual_information_select_k_best_k11,mixed__r0p05__low,mixed,0.05,LOW,paired_induced_median_anomaly_score_delta,5,0.0,0.0,0.0,0.0,0.0,0.0
logistic_regression,mutual_information_select_k_best_k11,mixed__r0p05__low,mixed,0.05,LOW,selected_feature_count,5,11.0,0.0,11.0,11.0,11.0,11.0
logistic_regression,mutual_information_select_k_best_k11,mixed__r0p05__low,mixed,0.05,LOW,source_block_count,5,5.0,0.7071067811865476,4.0,6.0,4.122010966914219,5.877989033085781
logistic_regression,mutual_information_select_k_best_k11,mixed__r0p05__low,mixed,0.05,LOW,selected_input_bytes,5,528132.0,0.0,528132.0,528132.0,528132.0,528132.0
logistic_regression,mutual_information_select_k_best_k11,mixed__r0p05__low,mixed,0.05,LOW,model_fit_wall_time_sec,5,0.27497685859998455,0.02091021720342391,0.24763035999785643,0.29918557299970416,0.24901339470385145,0.30094032249611763
logistic_regression,mutual_information_select_k_best_k11,mixed__r0p05__low,mixed,0.05,LOW,model_fit_cpu_time_sec,5,0.09213092119999988,0.014315567471356337,0.07548344399999962,0.10902960499999992,0.07435579645694569,0.10990604594305407
logistic_regression,mutual_information_select_k_best_k11,mixed__r0p05__low,mixed,0.05,LOW,model_fit_peak_rss_mib,5,163.92734375,0.3541635550567968,163.37890625,164.25390625,163.48759161420978,164.36709588579023
logistic_regression,mutual_information_select_k_best_k11,mixed__r0p05__low,mixed,0.05,LOW,combined_fit_wall_time_sec,5,0.27497685859998455,0.02091021720342391,0.24763035999785643,0.29918557299970416,0.24901339470385145,0.30094032249611763
logistic_regression,mutual_information_select_k_best_k11,mixed__r0p05__low,mixed,0.05,LOW,inference_wall_time_sec,5,0.0018113054800778627,0.0005029742142313575,0.001439387300342787,0.002674235299491556,0.0011867805062414625,0.002435830453914263
logistic_regression,mutual_information_select_k_best_k11,mixed__r0p05__low,mixed,0.05,LOW,per_record_inference_sec,5,3.018842466796438e-07,8.382903570522626e-08,2.398978833904645e-07,4.457058832485927e-07,1.977967510402437e-07,4.0597174231904385e-07
logistic_regression,mutual_information_select_k_best_k11,mixed__r0p05__low,mixed,0.05,LOW,inference_cpu_time_sec,5,0.001856005360000381,0.0005062033144144397,0.001504737400000522,0.00273198739999998,0.0012274709287200514,0.0024845397912807107
logistic_regression,mutual_information_select_k_best_k11,mixed__r0p05__low,mixed,0.05,LOW,inference_peak_rss_mib,5,806.31640625,0.4991677032782607,805.74609375,806.73046875,805.6966076837729,806.9362048162271
logistic_regression,mutual_information_select_k_best_k11,mixed__r0p05__low,mixed,0.05,LOW,peak_rss_mib,5,806.31640625,0.4991677032782607,805.74609375,806.73046875,805.6966076837729,806.9362048162271
logistic_regression,mutual_information_select_k_best_k11,mixed__r0p05__low,mixed,0.05,LOW,serialized_model_bytes,5,1353.2,13.386560424545209,1334.0,1366.0,1336.5783898610498,1369.8216101389503
logistic_regression,mutual_information_select_k_best_k11,mixed__r0p05__low,mixed,0.05,LOW,serialized_model_kib,5,1.321484375,0.01307281291459493,1.302734375,1.333984375,1.3052523338486814,1.3377164161513186
decision_tree,none_natural,mixed__r0p05__high,mixed,0.05,HIGH,precision,5,0.2663086347974086,0.2927554514878138,0.06741071428571428,0.7761194029850746,-0.09719526959318725,0.6298125391880045
decision_tree,none_natural,mixed__r0p05__high,mixed,0.05,HIGH,recall,5,0.316,0.15644310289828836,0.17333333333333334,0.5033333333333333,0.12175023136375401,0.5102497686362459
decision_tree,none_natural,mixed__r0p05__high,mixed,0.05,HIGH,f1,5,0.19126857884446474,0.06717558273573272,0.1188976377952756,0.28337874659400547,0.1078590762030808,0.2746780814858487
decision_tree,none_natural,mixed__r0p05__high,mixed,0.05,HIGH,average_precision,5,0.21405347334546035,0.00894196972691458,0.19852590882421495,0.22097213321876075,0.20295055146251376,0.22515639522840694
decision_tree,none_natural,mixed__r0p05__high,mixed,0.05,HIGH,pr_auc_trapezoidal,5,0.2645108244918305,0.034841623307759084,0.23542754001727947,0.3249189391774351,0.22124923519157452,0.3077724137920865
decision_tree,none_natural,mixed__r0p05__high,mixed,0.05,HIGH,roc_auc,5,0.6101432748538012,0.01326894546911644,0.5900961988304093,0.6238441520467837,0.5936677029706572,0.6266188467369451
decision_tree,none_natural,mixed__r0p05__high,mixed,0.05,HIGH,TP,5,94.8,46.93293086948651,52.0,151.0,36.5250694091262,153.0749305908738
decision_tree,none_natural,mixed__r0p05__high,mixed,0.05,HIGH,TN,5,4841.4,952.9204059101684,3611.0,5685.0,3658.1930388266856,6024.606961173314
decision_tree,none_natural,mixed__r0p05__high,mixed,0.05,HIGH,FP,5,858.6,952.9204059101684,15.0,2089.0,-324.60696117331383,2041.806961173314
decision_tree,none_natural,mixed__r0p05__high,mixed,0.05,HIGH,FN,5,205.2,46.93293086948651,149.0,248.0,146.9250694091262,263.4749305908738
decision_tree,none_natural,mixed__r0p05__high,mixed,0.05,HIGH,attack_prevalence,5,0.05,0.0,0.05,0.05,0.05,0.05
decision_tree,none_natural,mixed__r0p05__high,mixed,0.05,HIGH,visible_feature_attack_count,5,171.0,0.0,171.0,171.0,171.0,171.0
decision_tree,none_natural,mixed__r0p05__high,mixed,0.05,HIGH,invisible_feature_attack_count,5,129.0,0.0,129.0,129.0,129.0,129.0
decision_tree,none_natural,mixed__r0p05__high,mixed,0.05,HIGH,selected_feature_visibility_rate,5,0.57,0.0,0.57,0.57,0.57,0.57
decision_tree,none_natural,mixed__r0p05__high,mixed,0.05,HIGH,visible_attack_recall,5,0.43157894736842106,0.15268646365938604,0.2982456140350877,0.6023391812865497,0.2419936624293634,0.6211642323074787
decision_tree,none_natural,mixed__r0p05__high,mixed,0.05,HIGH,invisible_attack_recall,5,0.16279069767441862,0.16562682650559302,0.0,0.3875968992248062,-0.04286216993448061,0.36844356528331784
decision_tree,none_natural,mixed__r0p05__high,mixed,0.05,HIGH,visible_attack_f1,5,0.2192295590394216,0.14027918593070138,0.08555696738670054,0.4369747899159664,0.04504994417179928,0.3934091739070439
decision_tree,none_natural,mixed__r0p05__high,mixed,0.05,HIGH,paired_induced_attack_induced_detection_rate,5,0.16733333333333333,0.02019350830781461,0.14666666666666667,0.19666666666666666,0.1422597810700714,0.19240688559659527
decision_tree,none_natural,mixed__r0p05__high,mixed,0.05,HIGH,paired_induced_mean_anomaly_score_delta,5,0.09226030425208974,0.004196640181384617,0.08913245719780472,0.09760257903242062,0.087049487225445,0.09747112127873447
decision_tree,none_natural,mixed__r0p05__high,mixed,0.05,HIGH,paired_induced_median_anomaly_score_delta,5,0.0,0.0,0.0,0.0,0.0,0.0
decision_tree,none_natural,mixed__r0p05__high,mixed,0.05,HIGH,selected_feature_count,5,43.0,0.0,43.0,43.0,43.0,43.0
decision_tree,none_natural,mixed__r0p05__high,mixed,0.05,HIGH,source_block_count,5,10.0,0.0,10.0,10.0,10.0,10.0
decision_tree,none_natural,mixed__r0p05__high,mixed,0.05,HIGH,selected_input_bytes,5,2064132.0,0.0,2064132.0,2064132.0,2064132.0,2064132.0
decision_tree,none_natural,mixed__r0p05__high,mixed,0.05,HIGH,model_fit_wall_time_sec,0,,,,,,
decision_tree,none_natural,mixed__r0p05__high,mixed,0.05,HIGH,model_fit_cpu_time_sec,0,,,,,,
decision_tree,none_natural,mixed__r0p05__high,mixed,0.05,HIGH,model_fit_peak_rss_mib,0,,,,,,
decision_tree,none_natural,mixed__r0p05__high,mixed,0.05,HIGH,combined_fit_wall_time_sec,0,,,,,,
decision_tree,none_natural,mixed__r0p05__high,mixed,0.05,HIGH,inference_wall_time_sec,5,0.0030155484600982163,0.0005500815544186753,0.0021316641999874265,0.003540120400430169,0.0023325319979000396,0.003698564922296393
decision_tree,none_natural,mixed__r0p05__high,mixed,0.05,HIGH,per_record_inference_sec,5,5.025914100163695e-07,9.168025906977922e-08,3.5527736666457106e-07,5.900200667383615e-07,3.8875533298334003e-07,6.16427487049399e-07
decision_tree,none_natural,mixed__r0p05__high,mixed,0.05,HIGH,inference_cpu_time_sec,5,0.003069503779995557,0.0005611719049945235,0.0021427020000032828,0.0035674640999900477,0.0023727168287598806,0.003766290731231234
decision_tree,none_natural,mixed__r0p05__high,mixed,0.05,HIGH,inference_peak_rss_mib,5,806.7234375,0.0376097028184716,806.68359375,806.765625,806.6767388860271,806.770136113973
decision_tree,none_natural,mixed__r0p05__high,mixed,0.05,HIGH,peak_rss_mib,5,806.7234375,0.0376097028184716,806.68359375,806.765625,806.6767388860271,806.770136113973
decision_tree,none_natural,mixed__r0p05__high,mixed,0.05,HIGH,serialized_model_bytes,5,4132.0,327.90242451070714,3780.0,4420.0,3724.8553645610036,4539.144635438996
decision_tree,none_natural,mixed__r0p05__high,mixed,0.05,HIGH,serialized_model_kib,5,4.03515625,0.32021721143623744,3.69140625,4.31640625,3.637554066954105,4.432758433045895
logistic_regression,none_natural,mixed__r0p05__high,mixed,0.05,HIGH,precision,5,0.05181366535108598,0.0029313922979817965,0.048896434634974534,0.05623100303951368,0.04817386107006729,0.05545346963210467
logistic_regression,none_natural,mixed__r0p05__high,mixed,0.05,HIGH,recall,5,0.44866666666666666,0.07104771479630981,0.3433333333333333,0.5166666666666667,0.3604492770493698,0.5368840562839635
logistic_regression,none_natural,mixed__r0p05__high,mixed,0.05,HIGH,f1,5,0.09268296771736557,0.005025939077846643,0.08864864864864865,0.1009549795361528,0.08644244010723301,0.09892349532749814
logistic_regression,none_natural,mixed__r0p05__high,mixed,0.05,HIGH,average_precision,5,0.059980322727390775,0.007634387940764769,0.048273655338250496,0.06918447739867681,0.05050097807301466,0.0694596673817669
logistic_regression,none_natural,mixed__r0p05__high,mixed,0.05,HIGH,pr_auc_trapezoidal,5,0.05888370493623842,0.007322155806132375,0.047689603937176445,0.06780193163779014,0.049792047682517965,0.06797536218995888
logistic_regression,none_natural,mixed__r0p05__high,mixed,0.05,HIGH,roc_auc,5,0.5083706432748538,0.022150087858079783,0.48342748538011693,0.5311959064327485,0.480867676624404,0.5358736099253036
logistic_regression,none_natural,mixed__r0p05__high,mixed,0.05,HIGH,TP,5,134.6,21.314314438892936,103.0,155.0,108.13478311481094,161.06521688518905
logistic_regression,none_natural,mixed__r0p05__high,mixed,0.05,HIGH,TN,5,3230.4,413.3537226153891,2828.0,3861.0,2717.1535641045584,3743.6464358954418
logistic_regression,none_natural,mixed__r0p05__high,mixed,0.05,HIGH,FP,5,2469.6,413.3537226153891,1839.0,2872.0,1956.3535641045582,2982.8464358954416
logistic_regression,none_natural,mixed__r0p05__high,mixed,0.05,HIGH,FN,5,165.4,21.314314438892936,145.0,197.0,138.93478311481095,191.86521688518906
logistic_regression,none_natural,mixed__r0p05__high,mixed,0.05,HIGH,attack_prevalence,5,0.05,0.0,0.05,0.05,0.05,0.05
logistic_regression,none_natural,mixed__r0p05__high,mixed,0.05,HIGH,visible_feature_attack_count,5,171.0,0.0,171.0,171.0,171.0,171.0
logistic_regression,none_natural,mixed__r0p05__high,mixed,0.05,HIGH,invisible_feature_attack_count,5,129.0,0.0,129.0,129.0,129.0,129.0
logistic_regression,none_natural,mixed__r0p05__high,mixed,0.05,HIGH,selected_feature_visibility_rate,5,0.57,0.0,0.57,0.57,0.57,0.57
logistic_regression,none_natural,mixed__r0p05__high,mixed,0.05,HIGH,visible_attack_recall,5,0.4807017543859649,0.07762593453120523,0.3742690058479532,0.5380116959064327,0.38431642615156836,0.5770870826203615
logistic_regression,none_natural,mixed__r0p05__high,mixed,0.05,HIGH,invisible_attack_recall,5,0.4062015503875968,0.06793458077583456,0.3023255813953488,0.4883720930232558,0.32184962720511046,0.49055347357008317
logistic_regression,none_natural,mixed__r0p05__high,mixed,0.05,HIGH,visible_attack_f1,5,0.060460207421965326,0.004272416642804593,0.055491329479768786,0.06698216235893702,0.055155301491264054,0.06576511335266659
logistic_regression,none_natural,mixed__r0p05__high,mixed,0.05,HIGH,paired_induced_attack_induced_detection_rate,5,0.06133333333333334,0.02433561633125864,0.03333333333333333,0.08333333333333333,0.0311166746606859,0.09154999200598077
logistic_regression,none_natural,mixed__r0p05__high,mixed,0.05,HIGH,paired_induced_mean_anomaly_score_delta,5,0.0036628894867135587,0.0017751589264371698,0.0009809244566589628,0.00499983814524341,0.0014587385566647289,0.005867040416762389
logistic_regression,none_natural,mixed__r0p05__high,mixed,0.05,HIGH,paired_induced_median_anomaly_score_delta,5,0.0,0.0,0.0,0.0,0.0,0.0
logistic_regression,none_natural,mixed__r0p05__high,mixed,0.05,HIGH,selected_feature_count,5,43.0,0.0,43.0,43.0,43.0,43.0
logistic_regression,none_natural,mixed__r0p05__high,mixed,0.05,HIGH,source_block_count,5,10.0,0.0,10.0,10.0,10.0,10.0
logistic_regression,none_natural,mixed__r0p05__high,mixed,0.05,HIGH,selected_input_bytes,5,2064132.0,0.0,2064132.0,2064132.0,2064132.0,2064132.0
logistic_regression,none_natural,mixed__r0p05__high,mixed,0.05,HIGH,model_fit_wall_time_sec,5,0.49001829079934395,0.09719446902817075,0.4144513709979947,0.6605000540002948,0.3693354177824376,0.6107011638162503
logistic_regression,none_natural,mixed__r0p05__high,mixed,0.05,HIGH,model_fit_cpu_time_sec,5,0.29261962500000005,0.07522294968955433,0.21856836799999968,0.4180874179999998,0.19921799653171318,0.3860212534682869
logistic_regression,none_natural,mixed__r0p05__high,mixed,0.05,HIGH,model_fit_peak_rss_mib,5,182.0546875,0.12530480415894876,181.8984375,182.19140625,181.89910103587374,182.21027396412626
logistic_regression,none_natural,mixed__r0p05__high,mixed,0.05,HIGH,combined_fit_wall_time_sec,5,0.49001829079934395,0.09719446902817075,0.4144513709979947,0.6605000540002948,0.3693354177824376,0.6107011638162503
logistic_regression,none_natural,mixed__r0p05__high,mixed,0.05,HIGH,inference_wall_time_sec,5,0.002310656280023977,0.0005052016472579079,0.0019139185002131852,0.0030725191994861235,0.0016833655827900968,0.0029379469772578574
logistic_regression,none_natural,mixed__r0p05__high,mixed,0.05,HIGH,per_record_inference_sec,5,3.851093800039962e-07,8.420027454298464e-08,3.1898641670219756e-07,5.120865332476873e-07,2.8056093046501617e-07,4.896578295429762e-07
logistic_regression,none_natural,mixed__r0p05__high,mixed,0.05,HIGH,inference_cpu_time_sec,5,0.002345279680000658,0.0005139211770650918,0.0019348953999951846,0.0030911753999930624,0.001707162256523924,0.0029833971034773916
logistic_regression,none_natural,mixed__r0p05__high,mixed,0.05,HIGH,inference_peak_rss_mib,5,806.7265625,0.04234274099351328,806.68359375,806.78125,806.673987042923,806.779137957077
logistic_regression,none_natural,mixed__r0p05__high,mixed,0.05,HIGH,peak_rss_mib,5,806.7265625,0.04234274099351328,806.68359375,806.78125,806.673987042923,806.779137957077
logistic_regression,none_natural,mixed__r0p05__high,mixed,0.05,HIGH,serialized_model_bytes,5,2342.0,0.0,2342.0,2342.0,2342.0,2342.0
logistic_regression,none_natural,mixed__r0p05__high,mixed,0.05,HIGH,serialized_model_kib,5,2.287109375,0.0,2.287109375,2.287109375,2.287109375,2.287109375
decision_tree,pairwise_correlation_filter_natural,mixed__r0p05__high,mixed,0.05,HIGH,precision,5,0.2663086347974086,0.2927554514878138,0.06741071428571428,0.7761194029850746,-0.09719526959318725,0.6298125391880045
decision_tree,pairwise_correlation_filter_natural,mixed__r0p05__high,mixed,0.05,HIGH,recall,5,0.316,0.15644310289828836,0.17333333333333334,0.5033333333333333,0.12175023136375401,0.5102497686362459
decision_tree,pairwise_correlation_filter_natural,mixed__r0p05__high,mixed,0.05,HIGH,f1,5,0.19126857884446474,0.06717558273573272,0.1188976377952756,0.28337874659400547,0.1078590762030808,0.2746780814858487
decision_tree,pairwise_correlation_filter_natural,mixed__r0p05__high,mixed,0.05,HIGH,average_precision,5,0.21405347334546035,0.00894196972691458,0.19852590882421495,0.22097213321876075,0.20295055146251376,0.22515639522840694
decision_tree,pairwise_correlation_filter_natural,mixed__r0p05__high,mixed,0.05,HIGH,pr_auc_trapezoidal,5,0.2645108244918305,0.034841623307759084,0.23542754001727947,0.3249189391774351,0.22124923519157452,0.3077724137920865
decision_tree,pairwise_correlation_filter_natural,mixed__r0p05__high,mixed,0.05,HIGH,roc_auc,5,0.6101432748538012,0.01326894546911644,0.5900961988304093,0.6238441520467837,0.5936677029706572,0.6266188467369451
decision_tree,pairwise_correlation_filter_natural,mixed__r0p05__high,mixed,0.05,HIGH,TP,5,94.8,46.93293086948651,52.0,151.0,36.5250694091262,153.0749305908738
decision_tree,pairwise_correlation_filter_natural,mixed__r0p05__high,mixed,0.05,HIGH,TN,5,4841.4,952.9204059101684,3611.0,5685.0,3658.1930388266856,6024.606961173314
decision_tree,pairwise_correlation_filter_natural,mixed__r0p05__high,mixed,0.05,HIGH,FP,5,858.6,952.9204059101684,15.0,2089.0,-324.60696117331383,2041.806961173314
decision_tree,pairwise_correlation_filter_natural,mixed__r0p05__high,mixed,0.05,HIGH,FN,5,205.2,46.93293086948651,149.0,248.0,146.9250694091262,263.4749305908738
decision_tree,pairwise_correlation_filter_natural,mixed__r0p05__high,mixed,0.05,HIGH,attack_prevalence,5,0.05,0.0,0.05,0.05,0.05,0.05
decision_tree,pairwise_correlation_filter_natural,mixed__r0p05__high,mixed,0.05,HIGH,visible_feature_attack_count,5,171.0,0.0,171.0,171.0,171.0,171.0
decision_tree,pairwise_correlation_filter_natural,mixed__r0p05__high,mixed,0.05,HIGH,invisible_feature_attack_count,5,129.0,0.0,129.0,129.0,129.0,129.0
decision_tree,pairwise_correlation_filter_natural,mixed__r0p05__high,mixed,0.05,HIGH,selected_feature_visibility_rate,5,0.57,0.0,0.57,0.57,0.57,0.57
decision_tree,pairwise_correlation_filter_natural,mixed__r0p05__high,mixed,0.05,HIGH,visible_attack_recall,5,0.43157894736842106,0.15268646365938604,0.2982456140350877,0.6023391812865497,0.2419936624293634,0.6211642323074787
decision_tree,pairwise_correlation_filter_natural,mixed__r0p05__high,mixed,0.05,HIGH,invisible_attack_recall,5,0.16279069767441862,0.16562682650559302,0.0,0.3875968992248062,-0.04286216993448061,0.36844356528331784
decision_tree,pairwise_correlation_filter_natural,mixed__r0p05__high,mixed,0.05,HIGH,visible_attack_f1,5,0.2192295590394216,0.14027918593070138,0.08555696738670054,0.4369747899159664,0.04504994417179928,0.3934091739070439
decision_tree,pairwise_correlation_filter_natural,mixed__r0p05__high,mixed,0.05,HIGH,paired_induced_attack_induced_detection_rate,5,0.16733333333333333,0.02019350830781461,0.14666666666666667,0.19666666666666666,0.1422597810700714,0.19240688559659527
decision_tree,pairwise_correlation_filter_natural,mixed__r0p05__high,mixed,0.05,HIGH,paired_induced_mean_anomaly_score_delta,5,0.09226030425208978,0.00419664018138483,0.08913245719780469,0.09760257903242117,0.08704948722544478,0.09747112127873478
decision_tree,pairwise_correlation_filter_natural,mixed__r0p05__high,mixed,0.05,HIGH,paired_induced_median_anomaly_score_delta,5,0.0,0.0,0.0,0.0,0.0,0.0
decision_tree,pairwise_correlation_filter_natural,mixed__r0p05__high,mixed,0.05,HIGH,selected_feature_count,5,42.0,0.0,42.0,42.0,42.0,42.0
decision_tree,pairwise_correlation_filter_natural,mixed__r0p05__high,mixed,0.05,HIGH,source_block_count,5,9.0,0.0,9.0,9.0,9.0,9.0
decision_tree,pairwise_correlation_filter_natural,mixed__r0p05__high,mixed,0.05,HIGH,selected_input_bytes,5,2016132.0,0.0,2016132.0,2016132.0,2016132.0,2016132.0
decision_tree,pairwise_correlation_filter_natural,mixed__r0p05__high,mixed,0.05,HIGH,model_fit_wall_time_sec,0,,,,,,
decision_tree,pairwise_correlation_filter_natural,mixed__r0p05__high,mixed,0.05,HIGH,model_fit_cpu_time_sec,0,,,,,,
decision_tree,pairwise_correlation_filter_natural,mixed__r0p05__high,mixed,0.05,HIGH,model_fit_peak_rss_mib,0,,,,,,
decision_tree,pairwise_correlation_filter_natural,mixed__r0p05__high,mixed,0.05,HIGH,combined_fit_wall_time_sec,0,,,,,,
decision_tree,pairwise_correlation_filter_natural,mixed__r0p05__high,mixed,0.05,HIGH,inference_wall_time_sec,5,0.003709725060325582,0.0008018314424727073,0.0027388742004404777,0.0048434652999276295,0.0027141198255786377,0.004705330295072526
decision_tree,pairwise_correlation_filter_natural,mixed__r0p05__high,mixed,0.05,HIGH,per_record_inference_sec,5,6.182875100542636e-07,1.3363857374545123e-07,4.564790334067463e-07,8.072442166546049e-07,4.5235330426310613e-07,7.84221715845421e-07
decision_tree,pairwise_correlation_filter_natural,mixed__r0p05__high,mixed,0.05,HIGH,inference_cpu_time_sec,5,0.0038033172000018567,0.0008218525782865249,0.0027886208000040824,0.004953846500006876,0.0027828524417117272,0.004823781958291987
decision_tree,pairwise_correlation_filter_natural,mixed__r0p05__high,mixed,0.05,HIGH,inference_peak_rss_mib,5,806.734375,0.041247484535044676,806.68359375,806.796875,806.6831594834364,806.7855905165636
decision_tree,pairwise_correlation_filter_natural,mixed__r0p05__high,mixed,0.05,HIGH,peak_rss_mib,5,806.734375,0.041247484535044676,806.68359375,806.796875,806.6831594834364,806.7855905165636
decision_tree,pairwise_correlation_filter_natural,mixed__r0p05__high,mixed,0.05,HIGH,serialized_model_bytes,5,4116.0,327.90242451070714,3764.0,4404.0,3708.8553645610036,4523.144635438996
decision_tree,pairwise_correlation_filter_natural,mixed__r0p05__high,mixed,0.05,HIGH,serialized_model_kib,5,4.01953125,0.32021721143623744,3.67578125,4.30078125,3.621929066954105,4.417133433045895
logistic_regression,pairwise_correlation_filter_natural,mixed__r0p05__high,mixed,0.05,HIGH,precision,5,0.05181366535108598,0.0029313922979817965,0.048896434634974534,0.05623100303951368,0.04817386107006729,0.05545346963210467
logistic_regression,pairwise_correlation_filter_natural,mixed__r0p05__high,mixed,0.05,HIGH,recall,5,0.44866666666666666,0.07104771479630981,0.3433333333333333,0.5166666666666667,0.3604492770493698,0.5368840562839635
logistic_regression,pairwise_correlation_filter_natural,mixed__r0p05__high,mixed,0.05,HIGH,f1,5,0.09268296771736557,0.005025939077846643,0.08864864864864865,0.1009549795361528,0.08644244010723301,0.09892349532749814
logistic_regression,pairwise_correlation_filter_natural,mixed__r0p05__high,mixed,0.05,HIGH,average_precision,5,0.059983109605687465,0.007634306024746155,0.048274701458088126,0.06918450673560257,0.050503866663482534,0.06946235254789239
logistic_regression,pairwise_correlation_filter_natural,mixed__r0p05__high,mixed,0.05,HIGH,pr_auc_trapezoidal,5,0.058886382417948656,0.007322161869162028,0.04769064079372612,0.0678019583042496,0.04979471763598256,0.06797804719991475
logistic_regression,pairwise_correlation_filter_natural,mixed__r0p05__high,mixed,0.05,HIGH,roc_auc,5,0.5083711111111111,0.022149950535939576,0.4834315789473685,0.5311976608187134,0.4808683149686189,0.5358739072536033
logistic_regression,pairwise_correlation_filter_natural,mixed__r0p05__high,mixed,0.05,HIGH,TP,5,134.6,21.314314438892936,103.0,155.0,108.13478311481094,161.06521688518905
logistic_regression,pairwise_correlation_filter_natural,mixed__r0p05__high,mixed,0.05,HIGH,TN,5,3230.4,413.3537226153891,2828.0,3861.0,2717.1535641045584,3743.6464358954418
logistic_regression,pairwise_correlation_filter_natural,mixed__r0p05__high,mixed,0.05,HIGH,FP,5,2469.6,413.3537226153891,1839.0,2872.0,1956.3535641045582,2982.8464358954416
logistic_regression,pairwise_correlation_filter_natural,mixed__r0p05__high,mixed,0.05,HIGH,FN,5,165.4,21.314314438892936,145.0,197.0,138.93478311481095,191.86521688518906
logistic_regression,pairwise_correlation_filter_natural,mixed__r0p05__high,mixed,0.05,HIGH,attack_prevalence,5,0.05,0.0,0.05,0.05,0.05,0.05
logistic_regression,pairwise_correlation_filter_natural,mixed__r0p05__high,mixed,0.05,HIGH,visible_feature_attack_count,5,171.0,0.0,171.0,171.0,171.0,171.0
logistic_regression,pairwise_correlation_filter_natural,mixed__r0p05__high,mixed,0.05,HIGH,invisible_feature_attack_count,5,129.0,0.0,129.0,129.0,129.0,129.0
logistic_regression,pairwise_correlation_filter_natural,mixed__r0p05__high,mixed,0.05,HIGH,selected_feature_visibility_rate,5,0.57,0.0,0.57,0.57,0.57,0.57
logistic_regression,pairwise_correlation_filter_natural,mixed__r0p05__high,mixed,0.05,HIGH,visible_attack_recall,5,0.4807017543859649,0.07762593453120523,0.3742690058479532,0.5380116959064327,0.38431642615156836,0.5770870826203615
logistic_regression,pairwise_correlation_filter_natural,mixed__r0p05__high,mixed,0.05,HIGH,invisible_attack_recall,5,0.4062015503875968,0.06793458077583456,0.3023255813953488,0.4883720930232558,0.32184962720511046,0.49055347357008317
logistic_regression,pairwise_correlation_filter_natural,mixed__r0p05__high,mixed,0.05,HIGH,visible_attack_f1,5,0.060460207421965326,0.004272416642804593,0.055491329479768786,0.06698216235893702,0.055155301491264054,0.06576511335266659
logistic_regression,pairwise_correlation_filter_natural,mixed__r0p05__high,mixed,0.05,HIGH,paired_induced_attack_induced_detection_rate,5,0.06133333333333334,0.02433561633125864,0.03333333333333333,0.08333333333333333,0.0311166746606859,0.09154999200598077
logistic_regression,pairwise_correlation_filter_natural,mixed__r0p05__high,mixed,0.05,HIGH,paired_induced_mean_anomaly_score_delta,5,0.0036629541296993528,0.0017748615772868446,0.000981231921819533,0.004999491344507609,0.0014591724073853784,0.005866735852013328
logistic_regression,pairwise_correlation_filter_natural,mixed__r0p05__high,mixed,0.05,HIGH,paired_induced_median_anomaly_score_delta,5,0.0,0.0,0.0,0.0,0.0,0.0
logistic_regression,pairwise_correlation_filter_natural,mixed__r0p05__high,mixed,0.05,HIGH,selected_feature_count,5,42.0,0.0,42.0,42.0,42.0,42.0
logistic_regression,pairwise_correlation_filter_natural,mixed__r0p05__high,mixed,0.05,HIGH,source_block_count,5,9.0,0.0,9.0,9.0,9.0,9.0
logistic_regression,pairwise_correlation_filter_natural,mixed__r0p05__high,mixed,0.05,HIGH,selected_input_bytes,5,2016132.0,0.0,2016132.0,2016132.0,2016132.0,2016132.0
logistic_regression,pairwise_correlation_filter_natural,mixed__r0p05__high,mixed,0.05,HIGH,model_fit_wall_time_sec,5,0.5226187851993018,0.1320858923339655,0.33173528499901295,0.6544766820006771,0.358612488017468,0.6866250823811357
logistic_regression,pairwise_correlation_filter_natural,mixed__r0p05__high,mixed,0.05,HIGH,model_fit_cpu_time_sec,5,0.32897909459999986,0.11776488132572177,0.18253484599999936,0.47190246899999977,0.18275468120499616,0.47520350799500355
logistic_regression,pairwise_correlation_filter_natural,mixed__r0p05__high,mixed,0.05,HIGH,model_fit_peak_rss_mib,5,181.35625,0.274181465592076,181.0546875,181.63671875,181.01580874519928,181.6966912548007
logistic_regression,pairwise_correlation_filter_natural,mixed__r0p05__high,mixed,0.05,HIGH,combined_fit_wall_time_sec,5,0.5226187851993018,0.1320858923339655,0.33173528499901295,0.6544766820006771,0.358612488017468,0.6866250823811357
logistic_regression,pairwise_correlation_filter_natural,mixed__r0p05__high,mixed,0.05,HIGH,inference_wall_time_sec,5,0.0026922296399425247,0.0006632670634794016,0.0016969377000350505,0.003533662499830825,0.0018686748060251666,0.003515784473859883
logistic_regression,pairwise_correlation_filter_natural,mixed__r0p05__high,mixed,0.05,HIGH,per_record_inference_sec,5,4.487049399904208e-07,1.1054451057990022e-07,2.8282295000584177e-07,5.889437499718042e-07,3.114458010041945e-07,5.859640789766471e-07
logistic_regression,pairwise_correlation_filter_natural,mixed__r0p05__high,mixed,0.05,HIGH,inference_cpu_time_sec,5,0.002754121759996906,0.000705350685746746,0.001705416899994816,0.003667314799997712,0.0018783132073961384,0.003629930312597674
logistic_regression,pairwise_correlation_filter_natural,mixed__r0p05__high,mixed,0.05,HIGH,inference_peak_rss_mib,5,806.7171875,0.030832167594798617,806.68359375,806.7421875,806.678904307511,806.7554706924891
logistic_regression,pairwise_correlation_filter_natural,mixed__r0p05__high,mixed,0.05,HIGH,peak_rss_mib,5,806.7171875,0.030832167594798617,806.68359375,806.7421875,806.678904307511,806.7554706924891
logistic_regression,pairwise_correlation_filter_natural,mixed__r0p05__high,mixed,0.05,HIGH,serialized_model_bytes,5,2310.0,0.0,2310.0,2310.0,2310.0,2310.0
logistic_regression,pairwise_correlation_filter_natural,mixed__r0p05__high,mixed,0.05,HIGH,serialized_model_kib,5,2.255859375,0.0,2.255859375,2.255859375,2.255859375,2.255859375
decision_tree,mutual_information_select_k_best_k11,mixed__r0p05__high,mixed,0.05,HIGH,precision,5,0.2995083925294153,0.31844672148818404,0.06876404494382023,0.8412698412698413,-0.09589543688879804,0.6949122219476287
decision_tree,mutual_information_select_k_best_k11,mixed__r0p05__high,mixed,0.05,HIGH,recall,5,0.31666666666666665,0.1589723945288056,0.17666666666666667,0.51,0.11927636767184682,0.5140569656614865
decision_tree,mutual_information_select_k_best_k11,mixed__r0p05__high,mixed,0.05,HIGH,f1,5,0.200364476263632,0.0721640976616694,0.12118811881188118,0.29201101928374656,0.11076091423420545,0.2899680382930585
decision_tree,mutual_information_select_k_best_k11,mixed__r0p05__high,mixed,0.05,HIGH,average_precision,5,0.22484482773768621,0.005759181332389945,0.21819142887785242,0.23234512136683722,0.21769385961812476,0.23199579585724767
decision_tree,mutual_information_select_k_best_k11,mixed__r0p05__high,mixed,0.05,HIGH,pr_auc_trapezoidal,5,0.274559378535968,0.02943217200933712,0.2456706534374931,0.324249358765123,0.2380145101630045,0.3111042469089315
decision_tree,mutual_information_select_k_best_k11,mixed__r0p05__high,mixed,0.05,HIGH,roc_auc,5,0.6136697660818714,0.01194222669863525,0.593916081871345,0.6253883040935673,0.5988415331317765,0.6284979990319663
decision_tree,mutual_information_select_k_best_k11,mixed__r0p05__high,mixed,0.05,HIGH,TP,5,95.0,47.69171835864168,53.0,153.0,35.782910301554054,154.21708969844593
decision_tree,mutual_information_select_k_best_k11,mixed__r0p05__high,mixed,0.05,HIGH,TN,5,4869.6,960.5794084821931,3628.0,5690.0,3676.8831310708456,6062.316868929155
decision_tree,mutual_information_select_k_best_k11,mixed__r0p05__high,mixed,0.05,HIGH,FP,5,830.4,960.5794084821931,10.0,2072.0,-362.31686892915457,2023.1168689291544
decision_tree,mutual_information_select_k_best_k11,mixed__r0p05__high,mixed,0.05,HIGH,FN,5,205.0,47.69171835864168,147.0,247.0,145.78291030155407,264.21708969844593
decision_tree,mutual_information_select_k_best_k11,mixed__r0p05__high,mixed,0.05,HIGH,attack_prevalence,5,0.05,0.0,0.05,0.05,0.05,0.05
decision_tree,mutual_information_select_k_best_k11,mixed__r0p05__high,mixed,0.05,HIGH,visible_feature_attack_count,5,171.0,0.0,171.0,171.0,171.0,171.0
decision_tree,mutual_information_select_k_best_k11,mixed__r0p05__high,mixed,0.05,HIGH,invisible_feature_attack_count,5,129.0,0.0,129.0,129.0,129.0,129.0
decision_tree,mutual_information_select_k_best_k11,mixed__r0p05__high,mixed,0.05,HIGH,selected_feature_visibility_rate,5,0.57,0.0,0.57,0.57,0.57,0.57
decision_tree,mutual_information_select_k_best_k11,mixed__r0p05__high,mixed,0.05,HIGH,visible_attack_recall,5,0.4385964912280702,0.14567156382551055,0.30409356725146197,0.6023391812865497,0.2577213548637482,0.6194716275923922
decision_tree,mutual_information_select_k_best_k11,mixed__r0p05__high,mixed,0.05,HIGH,invisible_attack_recall,5,0.15503875968992248,0.17997188784874263,0.007751937984496124,0.40310077519379844,-0.06842585414080432,0.3785033735206493
decision_tree,mutual_information_select_k_best_k11,mixed__r0p05__high,mixed,0.05,HIGH,visible_attack_f1,5,0.23967342355028895,0.15015287881952688,0.08617747440273038,0.44635193133047213,0.05323399969328174,0.42611284740729616
decision_tree,mutual_information_select_k_best_k11,mixed__r0p05__high,mixed,0.05,HIGH,paired_induced_attack_induced_detection_rate,5,0.174,0.018469193569593426,0.15,0.19666666666666666,0.15106746726876114,0.19693253273123884
decision_tree,mutual_information_select_k_best_k11,mixed__r0p05__high,mixed,0.05,HIGH,paired_induced_mean_anomaly_score_delta,5,0.09589787905077962,0.003863368283605585,0.08903929309289162,0.09825329286953727,0.09110087374122049,0.10069488436033876
decision_tree,mutual_information_select_k_best_k11,mixed__r0p05__high,mixed,0.05,HIGH,paired_induced_median_anomaly_score_delta,5,0.0,0.0,0.0,0.0,0.0,0.0
decision_tree,mutual_information_select_k_best_k11,mixed__r0p05__high,mixed,0.05,HIGH,selected_feature_count,5,11.0,0.0,11.0,11.0,11.0,11.0
decision_tree,mutual_information_select_k_best_k11,mixed__r0p05__high,mixed,0.05,HIGH,source_block_count,5,5.0,0.7071067811865476,4.0,6.0,4.122010966914219,5.877989033085781
decision_tree,mutual_information_select_k_best_k11,mixed__r0p05__high,mixed,0.05,HIGH,selected_input_bytes,5,528132.0,0.0,528132.0,528132.0,528132.0,528132.0
decision_tree,mutual_information_select_k_best_k11,mixed__r0p05__high,mixed,0.05,HIGH,model_fit_wall_time_sec,0,,,,,,
decision_tree,mutual_information_select_k_best_k11,mixed__r0p05__high,mixed,0.05,HIGH,model_fit_cpu_time_sec,0,,,,,,
decision_tree,mutual_information_select_k_best_k11,mixed__r0p05__high,mixed,0.05,HIGH,model_fit_peak_rss_mib,0,,,,,,
decision_tree,mutual_information_select_k_best_k11,mixed__r0p05__high,mixed,0.05,HIGH,combined_fit_wall_time_sec,0,,,,,,
decision_tree,mutual_information_select_k_best_k11,mixed__r0p05__high,mixed,0.05,HIGH,inference_wall_time_sec,5,0.0024009250600647647,0.0005063444417505917,0.0018442004999087657,0.003080698900157586,0.0017722153960519724,0.0030296347240775573
decision_tree,mutual_information_select_k_best_k11,mixed__r0p05__high,mixed,0.05,HIGH,per_record_inference_sec,5,4.001541766774608e-07,8.439074029176528e-08,3.0736674998479427e-07,5.13449816692931e-07,2.953692326753288e-07,5.049391206795929e-07
decision_tree,mutual_information_select_k_best_k11,mixed__r0p05__high,mixed,0.05,HIGH,inference_cpu_time_sec,5,0.0024406200799990075,0.0005208728895211283,0.0018756115999963186,0.0031280254999956013,0.0017938709654397417,0.0030873691945582735
decision_tree,mutual_information_select_k_best_k11,mixed__r0p05__high,mixed,0.05,HIGH,inference_peak_rss_mib,5,806.7203125,0.0336708780304843,806.68359375,806.75,806.6785045829616,806.7621204170383
decision_tree,mutual_information_select_k_best_k11,mixed__r0p05__high,mixed,0.05,HIGH,peak_rss_mib,5,806.7203125,0.0336708780304843,806.68359375,806.75,806.6785045829616,806.7621204170383
decision_tree,mutual_information_select_k_best_k11,mixed__r0p05__high,mixed,0.05,HIGH,serialized_model_bytes,5,3402.4,341.02903102228703,3028.0,3716.0,2978.9565298369753,3825.843470163025
decision_tree,mutual_information_select_k_best_k11,mixed__r0p05__high,mixed,0.05,HIGH,serialized_model_kib,5,3.32265625,0.3330361631077022,2.95703125,3.62890625,2.909137236168921,3.736175263831079
logistic_regression,mutual_information_select_k_best_k11,mixed__r0p05__high,mixed,0.05,HIGH,precision,5,0.0514676984775785,0.001616240410533133,0.049929873772791025,0.054187192118226604,0.04946087094737584,0.05347452600778115
logistic_regression,mutual_information_select_k_best_k11,mixed__r0p05__high,mixed,0.05,HIGH,recall,5,0.5153333333333333,0.061671171006665144,0.43666666666666665,0.5933333333333334,0.43875846056722856,0.5919082060994381
logistic_regression,mutual_information_select_k_best_k11,mixed__r0p05__high,mixed,0.05,HIGH,f1,5,0.09347172210817145,0.002383161474996939,0.09100382077110107,0.09731201088805716,0.09051263630275921,0.09643080791358369
logistic_regression,mutual_information_select_k_best_k11,mixed__r0p05__high,mixed,0.05,HIGH,average_precision,5,0.06873564046503733,0.013948790035124236,0.049986661513486394,0.08921004781569186,0.051415930059906384,0.08605535087016827
logistic_regression,mutual_information_select_k_best_k11,mixed__r0p05__high,mixed,0.05,HIGH,pr_auc_trapezoidal,5,0.06775804257621297,0.013961639696722978,0.049148769843218094,0.08840802881167839,0.05042237720888575,0.08509370794354018
logistic_regression,mutual_information_select_k_best_k11,mixed__r0p05__high,mixed,0.05,HIGH,roc_auc,5,0.5120716959064326,0.016423884871743698,0.49414824561403503,0.535966081871345,0.49167874935052885,0.5324646424623365
logistic_regression,mutual_information_select_k_best_k11,mixed__r0p05__high,mixed,0.05,HIGH,TP,5,154.6,18.501351301999538,131.0,178.0,131.62753817016858,177.5724618298314
logistic_regression,mutual_information_select_k_best_k11,mixed__r0p05__high,mixed,0.05,HIGH,TN,5,2844.2,397.7388590520167,2313.0,3252.0,2350.341978028077,3338.0580219719227
logistic_regression,mutual_information_select_k_best_k11,mixed__r0p05__high,mixed,0.05,HIGH,FP,5,2855.8,397.7388590520167,2448.0,3387.0,2361.9419780280773,3349.658021971923
logistic_regression,mutual_information_select_k_best_k11,mixed__r0p05__high,mixed,0.05,HIGH,FN,5,145.4,18.501351301999538,122.0,169.0,122.42753817016859,168.37246182983142
logistic_regression,mutual_information_select_k_best_k11,mixed__r0p05__high,mixed,0.05,HIGH,attack_prevalence,5,0.05,0.0,0.05,0.05,0.05,0.05
logistic_regression,mutual_information_select_k_best_k11,mixed__r0p05__high,mixed,0.05,HIGH,visible_feature_attack_count,5,171.0,0.0,171.0,171.0,171.0,171.0
logistic_regression,mutual_information_select_k_best_k11,mixed__r0p05__high,mixed,0.05,HIGH,invisible_feature_attack_count,5,129.0,0.0,129.0,129.0,129.0,129.0
logistic_regression,mutual_information_select_k_best_k11,mixed__r0p05__high,mixed,0.05,HIGH,selected_feature_visibility_rate,5,0.57,0.0,0.57,0.57,0.57,0.57
logistic_regression,mutual_information_select_k_best_k11,mixed__r0p05__high,mixed,0.05,HIGH,visible_attack_recall,5,0.5286549707602338,0.047974606554371184,0.4619883040935672,0.5964912280701754,0.46908662897363346,0.5882233125468342
logistic_regression,mutual_information_select_k_best_k11,mixed__r0p05__high,mixed,0.05,HIGH,invisible_attack_recall,5,0.49767441860465117,0.09703865936921609,0.3953488372093023,0.5968992248062015,0.3771850088318414,0.618163828377461
logistic_regression,mutual_information_select_k_best_k11,mixed__r0p05__high,mixed,0.05,HIGH,visible_attack_f1,5,0.058367113146845465,0.005100214908500261,0.05313432835820896,0.0666908300108735,0.05203435991185355,0.06469986638183738
logistic_regression,mutual_information_select_k_best_k11,mixed__r0p05__high,mixed,0.05,HIGH,paired_induced_attack_induced_detection_rate,5,0.04466666666666667,0.026204325342711395,0.02,0.08666666666666667,0.012129699291377555,0.07720363404195578
logistic_regression,mutual_information_select_k_best_k11,mixed__r0p05__high,mixed,0.05,HIGH,paired_induced_mean_anomaly_score_delta,5,0.0019139143636504308,0.0008125038601147836,0.0008364981722029396,0.0027429932232490785,0.000905057572143515,0.0029227711551573464
logistic_regression,mutual_information_select_k_best_k11,mixed__r0p05__high,mixed,0.05,HIGH,paired_induced_median_anomaly_score_delta,5,0.0,0.0,0.0,0.0,0.0,0.0
logistic_regression,mutual_information_select_k_best_k11,mixed__r0p05__high,mixed,0.05,HIGH,selected_feature_count,5,11.0,0.0,11.0,11.0,11.0,11.0
logistic_regression,mutual_information_select_k_best_k11,mixed__r0p05__high,mixed,0.05,HIGH,source_block_count,5,5.0,0.7071067811865476,4.0,6.0,4.122010966914219,5.877989033085781
logistic_regression,mutual_information_select_k_best_k11,mixed__r0p05__high,mixed,0.05,HIGH,selected_input_bytes,5,528132.0,0.0,528132.0,528132.0,528132.0,528132.0
logistic_regression,mutual_information_select_k_best_k11,mixed__r0p05__high,mixed,0.05,HIGH,model_fit_wall_time_sec,5,0.27497685859998455,0.02091021720342391,0.24763035999785643,0.29918557299970416,0.24901339470385145,0.30094032249611763
logistic_regression,mutual_information_select_k_best_k11,mixed__r0p05__high,mixed,0.05,HIGH,model_fit_cpu_time_sec,5,0.09213092119999988,0.014315567471356337,0.07548344399999962,0.10902960499999992,0.07435579645694569,0.10990604594305407
logistic_regression,mutual_information_select_k_best_k11,mixed__r0p05__high,mixed,0.05,HIGH,model_fit_peak_rss_mib,5,163.92734375,0.3541635550567968,163.37890625,164.25390625,163.48759161420978,164.36709588579023
logistic_regression,mutual_information_select_k_best_k11,mixed__r0p05__high,mixed,0.05,HIGH,combined_fit_wall_time_sec,5,0.27497685859998455,0.02091021720342391,0.24763035999785643,0.29918557299970416,0.24901339470385145,0.30094032249611763
logistic_regression,mutual_information_select_k_best_k11,mixed__r0p05__high,mixed,0.05,HIGH,inference_wall_time_sec,5,0.002038827460055472,0.0003379061487542505,0.0017189203994348646,0.0025116212003922556,0.0016192615603752999,0.002458393359735644
logistic_regression,mutual_information_select_k_best_k11,mixed__r0p05__high,mixed,0.05,HIGH,per_record_inference_sec,5,3.3980457667591206e-07,5.631769145904175e-08,2.864867332391441e-07,4.1860353339870927e-07,2.698769267292167e-07,4.097322266226074e-07
logistic_regression,mutual_information_select_k_best_k11,mixed__r0p05__high,mixed,0.05,HIGH,inference_cpu_time_sec,5,0.0020843668000020445,0.0003347203772330846,0.001742008300004727,0.002569855199999438,0.0016687565581262102,0.002499977041877879
logistic_regression,mutual_information_select_k_best_k11,mixed__r0p05__high,mixed,0.05,HIGH,inference_peak_rss_mib,5,806.7203125,0.0336708780304843,806.68359375,806.75,806.6785045829616,806.7621204170383
logistic_regression,mutual_information_select_k_best_k11,mixed__r0p05__high,mixed,0.05,HIGH,peak_rss_mib,5,806.7203125,0.0336708780304843,806.68359375,806.75,806.6785045829616,806.7621204170383
logistic_regression,mutual_information_select_k_best_k11,mixed__r0p05__high,mixed,0.05,HIGH,serialized_model_bytes,5,1353.2,13.386560424545209,1334.0,1366.0,1336.5783898610498,1369.8216101389503
logistic_regression,mutual_information_select_k_best_k11,mixed__r0p05__high,mixed,0.05,HIGH,serialized_model_kib,5,1.321484375,0.01307281291459493,1.302734375,1.333984375,1.3052523338486814,1.3377164161513186
